cycle,date,rel_day,price,log_norm,rel_day_original
2025_actual,2025-04-18,-170.0,85074.99,-0.38253884352206297,
2025_actual,2025-04-19,-169.0,85177.34,-0.3813365103460084,
2025_actual,2025-04-20,-168.0,87522.07,-0.35418095623496226,
2025_actual,2025-04-21,-167.0,93489.1,-0.28822709440683664,
2025_actual,2025-04-22,-166.0,93740.92,-0.2855371395390815,
2025_actual,2025-04-23,-165.0,94021.96,-0.28254357435860794,
2025_actual,2025-04-24,-164.0,94708.79,-0.2752651310513275,
2025_actual,2025-04-25,-163.0,94666.64,-0.27571027856276564,
2025_actual,2025-04-26,-162.0,93780.57,-0.2851142546676901,
2025_actual,2025-04-27,-161.0,95042.57,-0.27174704987116327,
2025_actual,2025-04-28,-160.0,94271.09,-0.27989737849131857,
2025_actual,2025-04-29,-159.0,94182.54,-0.28083713228132867,
2025_actual,2025-04-30,-158.0,96524.98,-0.2562701114156101,
2025_actual,2025-05-01,-157.0,96929.81,-0.2520848380405338,
2025_actual,2025-05-02,-156.0,95861.33,-0.26316927833027787,
2025_actual,2025-05-03,-155.0,94272.55,-0.27988189136059344,
2025_actual,2025-05-04,-154.0,94733.99,-0.2749990876566027,
2025_actual,2025-05-05,-153.0,96839.17,-0.25302038517105,
2025_actual,2025-05-06,-152.0,97058.32,-0.2507599114195161,
2025_actual,2025-05-07,-151.0,103253.49,-0.18888491364301102,
2025_actual,2025-05-08,-150.0,102986.96,-0.19146956809249555,
2025_actual,2025-05-09,-149.0,104821.19,-0.1738160002608356,
2025_actual,2025-05-10,-148.0,104137.62,-0.18035865274266746,
2025_actual,2025-05-11,-147.0,102800.21,-0.19328455054514676,
2025_actual,2025-05-12,-146.0,104131.06,-0.18042164829247526,
2025_actual,2025-05-13,-145.0,103545.38,-0.1860619756468919,
2025_actual,2025-05-14,-144.0,103786.43,-0.18373671635735322,
2025_actual,2025-05-15,-143.0,103500.03,-0.18650004380522725,
2025_actual,2025-05-16,-142.0,103161.07,-0.1897803931690274,
2025_actual,2025-05-17,-141.0,106473.46,-0.1581761941500835,
2025_actual,2025-05-18,-140.0,105616.18,-0.16626036713348957,
2025_actual,2025-05-19,-139.0,106883.24,-0.15433492266555968,
2025_actual,2025-05-20,-138.0,109699.54,-0.12832677234761866,
2025_actual,2025-05-21,-137.0,111722.53,-0.11005355964465455,
2025_actual,2025-05-22,-136.0,107329.61,-0.15016737953206918,
2025_actual,2025-05-23,-135.0,107794.01,-0.1458498552973332,
2025_actual,2025-05-24,-134.0,109048.68,-0.13427755833050622,
2025_actual,2025-05-25,-133.0,109464.32,-0.13047329495691953,
2025_actual,2025-05-26,-132.0,108978.46,-0.13492169834379017,
2025_actual,2025-05-27,-131.0,107819.29,-0.14561536141299636,
2025_actual,2025-05-28,-130.0,105572.58,-0.16667326790168796,
2025_actual,2025-05-29,-129.0,104033.26,-0.18136129065958084,
2025_actual,2025-05-30,-128.0,104645.87,-0.17548996313537493,
2025_actual,2025-05-31,-127.0,105697.94,-0.1654865427995562,
2025_actual,2025-06-01,-126.0,105904.94,-0.16353004706536922,
2025_actual,2025-06-02,-125.0,105447.82,-0.1678557129594774,
2025_actual,2025-06-03,-124.0,104753.38,-0.17446312078090997,
2025_actual,2025-06-04,-123.0,101570.2,-0.2053217613308506,
2025_actual,2025-06-05,-122.0,104397.99,-0.17786152397604527,
2025_actual,2025-06-06,-121.0,105619.02,-0.1662334776756702,
2025_actual,2025-06-07,-120.0,105784.4,-0.16466888582813258,
2025_actual,2025-06-08,-119.0,110301.15,-0.12285759404996881,
2025_actual,2025-06-09,-118.0,110300.24,-0.12286584422463902,
2025_actual,2025-06-10,-117.0,108669.37,-0.13776197667590495,
2025_actual,2025-06-11,-116.0,105721.05,-0.1652679247833407,
2025_actual,2025-06-12,-115.0,106118.7,-0.1615136674538767,
2025_actual,2025-06-13,-114.0,105465.42,-0.16768881969055932,
2025_actual,2025-06-14,-113.0,105599.25,-0.16642067739146893,
2025_actual,2025-06-15,-112.0,106853.38,-0.15461433197028487,
2025_actual,2025-06-16,-111.0,104590.44,-0.17601979470520798,
2025_actual,2025-06-17,-110.0,104915.6,-0.1729157289600636,
2025_actual,2025-06-18,-109.0,104671.9,-0.17524125037549612,
2025_actual,2025-06-19,-108.0,103317.8,-0.18826227143481586,
2025_actual,2025-06-20,-107.0,102160.03,-0.19953144098443215,
2025_actual,2025-06-21,-106.0,100996.87,-0.21098242010363497,
2025_actual,2025-06-22,-105.0,105419.39,-0.16812536133365816,
2025_actual,2025-06-23,-104.0,106141.0,-0.16130354749156603,
2025_actual,2025-06-24,-103.0,107400.22,-0.14950971587588296,
2025_actual,2025-06-25,-102.0,107029.64,-0.15296614091798588,
2025_actual,2025-06-26,-101.0,107113.38,-0.1521840467430886,
2025_actual,2025-06-27,-100.0,107352.2,-0.14995692853872816,
2025_actual,2025-06-28,-99.0,108386.44,-0.14036895743574626,
2025_actual,2025-06-29,-98.0,107173.21,-0.15162563567728463,
2025_actual,2025-06-30,-97.0,105711.78,-0.16535561220639552,
2025_actual,2025-07-01,-96.0,108888.32,-0.13574917654072677,
2025_actual,2025-07-02,-95.0,109628.83,-0.12897155899742413,
2025_actual,2025-07-03,-94.0,108028.6,-0.14367593948390103,
2025_actual,2025-07-04,-93.0,108246.65,-0.14165952684416402,
2025_actual,2025-07-05,-92.0,109217.98,-0.1327262445938801,
2025_actual,2025-07-06,-91.0,108269.84,-0.14144531683098052,
2025_actual,2025-07-07,-90.0,108958.04,-0.13510909237883953,
2025_actual,2025-07-08,-89.0,111282.85,-0.11399678800728,
2025_actual,2025-07-09,-88.0,116031.3,-0.07221196407002599,
2025_actual,2025-07-10,-87.0,117582.16,-0.05893462308913899,
2025_actual,2025-07-11,-86.0,117472.65,-0.059866405833114616,
2025_actual,2025-07-12,-85.0,119130.81,-0.0458498132826389,
2025_actual,2025-07-13,-84.0,119863.71,-0.03971659903642826,
2025_actual,2025-07-14,-83.0,117781.64,-0.05723954468061858,
2025_actual,2025-07-15,-82.0,118681.68,-0.04962699533041041,
2025_actual,2025-07-16,-81.0,119273.69,-0.04465117804625168,
2025_actual,2025-07-17,-80.0,118023.05,-0.05519200199314085,
2025_actual,2025-07-18,-79.0,117914.17,-0.05611495944537432,
2025_actual,2025-07-19,-78.0,117312.7,-0.06122892717224523,
2025_actual,2025-07-20,-77.0,117428.79,-0.060239839052678545,
2025_actual,2025-07-21,-76.0,120026.42,-0.03836006115009256,
2025_actual,2025-07-22,-75.0,118810.44,-0.0485426645103726,
2025_actual,2025-07-23,-74.0,118397.04,-0.05202822422828139,
2025_actual,2025-07-24,-73.0,117633.27,-0.05850004274885785,
2025_actual,2025-07-25,-72.0,117969.63,-0.05564472790745663,
2025_actual,2025-07-26,-71.0,119465.52,-0.04304415219336464,
2025_actual,2025-07-27,-70.0,118070.59,-0.054789280423491495,
2025_actual,2025-07-28,-69.0,117933.39,-0.05595197281076552,
2025_actual,2025-07-29,-68.0,117830.15,-0.05682776562078926,
2025_actual,2025-07-30,-67.0,115761.13,-0.0745431025144231,
2025_actual,2025-07-31,-66.0,113248.73,-0.09648539619345223,
2025_actual,2025-08-01,-65.0,112542.74,-0.10273888575804903,
2025_actual,2025-08-02,-64.0,114215.73,-0.08798291782356127,
2025_actual,2025-08-03,-63.0,115051.85,-0.08068905004835523,
2025_actual,2025-08-04,-62.0,114112.95,-0.08888319900542571,
2025_actual,2025-08-05,-61.0,115028.83,-0.0808891537691616,
2025_actual,2025-08-06,-60.0,117515.49,-0.05950179168301646,
2025_actual,2025-08-07,-59.0,116683.79,-0.06660431989163279,
2025_actual,2025-08-08,-58.0,116492.51,-0.06824496727222905,
2025_actual,2025-08-09,-57.0,119309.37,-0.044352078853995676,
2025_actual,2025-08-10,-56.0,118701.84,-0.049457143606512544,
2025_actual,2025-08-11,-55.0,120113.18,-0.03763748141917831,
2025_actual,2025-08-12,-54.0,123365.63,-0.010919398811275346,
2025_actual,2025-08-13,-53.0,118389.79,-0.0520894607421725,
2025_actual,2025-08-14,-52.0,117436.96,-0.0601702673930959,
2025_actual,2025-08-15,-51.0,117455.68,-0.06001087542543256,
2025_actual,2025-08-16,-50.0,117488.6,-0.05973063876493198,
2025_actual,2025-08-17,-49.0,116286.76,-0.0700127368298954,
2025_actual,2025-08-18,-48.0,112856.19,-0.09995759303354487,
2025_actual,2025-08-19,-47.0,114276.0,-0.08745537136577225,
2025_actual,2025-08-20,-46.0,112480.3,-0.10329385116605848,
2025_actual,2025-08-21,-45.0,116908.68,-0.06467882914715879,
2025_actual,2025-08-22,-44.0,115383.87,-0.07780737675778265,
2025_actual,2025-08-23,-43.0,113478.0,-0.09446296083130917,
2025_actual,2025-08-24,-42.0,110127.74,-0.12443098160160718,
2025_actual,2025-08-25,-41.0,111788.01,-0.10946763647634843,
2025_actual,2025-08-26,-40.0,111253.21,-0.11426317180301426,
2025_actual,2025-08-27,-39.0,112574.85,-0.10245361262397047,
2025_actual,2025-08-28,-38.0,108378.32,-0.14044387736280267,
2025_actual,2025-08-29,-37.0,108827.93,-0.1363039353292766,
2025_actual,2025-08-30,-36.0,108247.95,-0.14164751730674346,
2025_actual,2025-08-31,-35.0,109240.55,-0.13251961498705891,
2025_actual,2025-09-01,-34.0,111247.94,-0.11431054234470352,
2025_actual,2025-09-02,-33.0,111756.41,-0.10975035433806446,
2025_actual,2025-09-03,-32.0,110720.79,-0.11906031940616997,
2025_actual,2025-09-04,-31.0,110670.02,-0.1195189653715556,
2025_actual,2025-09-05,-30.0,110212.6,-0.12366071861485073,
2025_actual,2025-09-06,-29.0,111129.61,-0.11537476857768572,
2025_actual,2025-09-07,-28.0,112072.57,-0.10692533846866986,
2025_actual,2025-09-08,-27.0,111549.32,-0.11160512142683164,
2025_actual,2025-09-09,-26.0,113983.97,-0.09001412189335405,
2025_actual,2025-09-10,-25.0,115540.0,-0.07645515601256198,
2025_actual,2025-09-11,-24.0,116106.03,-0.07156812102606996,
2025_actual,2025-09-12,-23.0,115968.35,-0.07275463731582495,
2025_actual,2025-09-13,-22.0,115314.13,-0.07841197672938541,
2025_actual,2025-09-14,-21.0,115381.08,-0.07783155720633114,
2025_actual,2025-09-15,-20.0,116832.56,-0.06533014769660207,
2025_actual,2025-09-16,-19.0,116484.4,-0.0683145879054779,
2025_actual,2025-09-17,-18.0,117117.99,-0.06289005818519271,
2025_actual,2025-09-18,-17.0,115690.55,-0.07515299225199401,
2025_actual,2025-09-19,-16.0,115752.4,-0.07461851927303881,
2025_actual,2025-09-20,-15.0,115282.27,-0.0786883036816078,
2025_actual,2025-09-21,-14.0,112736.59,-0.10101791075475268,
2025_actual,2025-09-22,-13.0,112017.21,-0.1074194261608995,
2025_actual,2025-09-23,-12.0,113348.17,-0.09560771422707552,
2025_actual,2025-09-24,-11.0,109035.72,-0.1343964113985409,
2025_actual,2025-09-25,-10.0,109697.29,-0.1283472831271051,
2025_actual,2025-09-26,-9.0,109681.16,-0.1284943349458144,
2025_actual,2025-09-27,-8.0,112197.67,-0.1058097199811256,
2025_actual,2025-09-28,-7.0,114365.07,-0.08667624621117304,
2025_actual,2025-09-29,-6.0,114067.71,-0.08927972691969127,
2025_actual,2025-09-30,-5.0,118659.97,-0.04980993835840859,
2025_actual,2025-10-01,-4.0,120621.32,-0.033415894943923725,
2025_actual,2025-10-02,-3.0,122318.4,-0.019444465275159487,
2025_actual,2025-10-03,-2.0,122458.56,-0.018299259326705165,
2025_actual,2025-10-04,-1.0,123520.79,-0.009662464384279437,
2025_actual,2025-10-05,0.0,124720.09,0.0,
2025_actual,2025-10-06,1.0,121393.95,-0.027030904237455366,
2025_actual,2025-10-07,2.0,123343.25,-0.011100827222456923,
2025_actual,2025-10-08,3.0,121714.51,-0.02439372587037225,
2025_actual,2025-10-09,4.0,112980.28,-0.09885865615689049,
2025_actual,2025-10-10,5.0,110768.89,-0.11862598765079287,
2025_actual,2025-10-11,6.0,115067.98,-0.08054886221642091,
2025_actual,2025-10-12,7.0,115274.03,-0.07875978296890992,
2025_actual,2025-10-13,8.0,113068.0,-0.09808253873274335,
2025_actual,2025-10-14,9.0,110804.12,-0.11830798862828665,
2025_actual,2025-10-15,10.0,108198.0,-0.14210906441249177,
2025_actual,2025-10-16,11.0,106463.3,-0.15827162154371627,
2025_actual,2025-10-17,12.0,107208.91,-0.15129258551125405,
2025_actual,2025-10-18,13.0,108676.78,-0.13769379051293068,
2025_actual,2025-10-19,14.0,110568.06,-0.12044068741161777,
2025_actual,2025-10-20,15.0,108362.27,-0.14059198067865444,
2025_actual,2025-10-21,16.0,107585.98,-0.14778160452521033,
2025_actual,2025-10-22,17.0,110116.03,-0.12453731832124315,
2025_actual,2025-10-23,18.0,111042.13,-0.11616226751450753,
2025_actual,2025-10-24,19.0,111666.21,-0.11055779276932573,
2025_actual,2025-10-25,20.0,114548.09,-0.08507721154669892,
2025_actual,2025-10-26,21.0,114087.06,-0.08911010521906769,
2025_actual,2025-10-27,22.0,112906.75,-0.09950968957476412,
2025_actual,2025-10-28,23.0,110032.13,-0.12529953231441884,
2025_actual,2025-10-29,24.0,108308.18,-0.1410912642784592,
2025_actual,2025-10-30,25.0,109555.27,-0.12964277559353454,
2025_actual,2025-10-31,26.0,110052.25,-0.125116693350054,
2025_actual,2025-11-01,27.0,110536.01,-0.12073059614305348,
2025_actual,2025-11-02,28.0,106557.98,-0.15738269620973488,
2025_actual,2025-11-03,29.0,101468.15,-0.20632699023064538,
2025_actual,2025-11-04,30.0,100291.85,-0.21798751093056398,
2025_actual,2025-11-05,31.0,103472.0,-0.1867709016614445,
2025_actual,2025-11-06,32.0,101447.93,-0.2065262844419955,
2025_actual,2025-11-07,33.0,102882.15,-0.19248778796098717,
2025_actual,2025-11-08,34.0,101838.43,-0.20268440857471928,
2025_actual,2025-11-09,35.0,106496.49,-0.157959919505799,
2025_actual,2025-11-10,36.0,106071.01,-0.16196317087987222,
2025_actual,2025-11-11,37.0,102734.93,-0.19391977041261158,
2025_actual,2025-11-12,38.0,101945.44,-0.2016341781532844,
2025_actual,2025-11-13,39.0,98906.39,-0.23189809910630066,
2025_actual,2025-11-14,40.0,94829.23,-0.2739942512963256,
2025_actual,2025-11-15,41.0,95095.36,-0.2711917687512265,
2025_actual,2025-11-16,42.0,95197.96,-0.2701134333693854,
2025_actual,2025-11-17,43.0,91855.7,-0.3058530789272702,
2025_actual,2025-11-18,44.0,92184.51,-0.30227983425583793,
2025_actual,2025-11-19,45.0,91783.66,-0.3066376602250426,
2025_actual,2025-11-20,46.0,87214.0,-0.3577070778788775,
2025_actual,2025-11-21,47.0,84826.0,-0.38546984678757096,
2025_actual,2025-11-22,48.0,85133.92,-0.3818464003079607,
2025_actual,2025-11-23,49.0,86499.25,-0.36593620298566826,
2025_actual,2025-11-24,50.0,87981.12,-0.3489497003601888,
2025_actual,2025-11-25,51.0,87366.12,-0.35596438187776475,
2025_actual,2025-11-26,52.0,90635.53,-0.3192256468372901,
2025_actual,2025-11-27,53.0,91094.0,-0.3141800059591953,
2025_actual,2025-11-28,54.0,90919.78,-0.3160943670939013,
2025_actual,2025-11-29,55.0,90946.75,-0.315797775959758,
2025_actual,2025-11-30,56.0,87446.89,-0.3550403087124147,
2025_actual,2025-12-01,57.0,86628.25,-0.3644459715218801,
2025_actual,2025-12-02,58.0,91532.75,-0.3093751146262727,
2025_actual,2025-12-03,59.0,93150.03,-0.2918605272569443,
2025_actual,2025-12-04,60.0,92353.31,-0.30045039845694516,
2025_actual,2025-12-05,61.0,89347.18,-0.3335422665341935,
2025_actual,2025-12-06,62.0,89480.46,-0.3320516689433768,
2025_actual,2025-12-07,63.0,90435.42,-0.321435941547382,
2025_actual,2025-12-08,64.0,90338.37,-0.3225096592508592,
2025_actual,2025-12-09,65.0,92243.57,-0.301639367771354,
2025_actual,2025-12-10,66.0,91194.97,-0.3130722043151784,
2025_actual,2025-12-11,67.0,91784.59,-0.30662752775387725,
2025_actual,2025-12-12,68.0,90350.0,-0.3223809293274439,
2025_actual,2025-12-13,69.0,90326.01,-0.3226464875511504,
2025_actual,2025-12-14,70.0,88460.01,-0.343521360880063,
2025_actual,2025-12-15,71.0,85950.0,-0.3723062145368233,
2025_actual,2025-12-16,72.0,87599.87,-0.3532924324427018,
2025_actual,2025-12-17,73.0,86064.34,-0.3709767902941691,
2025_actual,2025-12-18,74.0,85352.25,-0.37928513543404,
2025_actual,2025-12-19,75.0,88016.09,-0.34855230769174594,
2025_actual,2025-12-20,76.0,88322.39,-0.3450783035146244,
2025_actual,2025-12-21,77.0,88716.0,-0.3406316900027182,
2025_actual,2025-12-22,78.0,88837.97,-0.3392577976680587,
2025_actual,2025-12-23,79.0,87594.74,-0.353350995888249,
2025_actual,2025-12-24,80.0,87516.0,-0.35425031257558515,
2025_actual,2025-12-25,81.0,87159.35,-0.35833389386640446,
2025_actual,2025-12-26,82.0,87280.65,-0.3569431575725384,
2025_actual,2025-12-27,83.0,87844.66,-0.35050191900979405,
2025_actual,2025-12-28,84.0,88029.48,-0.3484001879874463,
2025_actual,2025-12-29,85.0,87055.23,-0.3595292015426838,
2025_actual,2025-12-30,86.0,88185.26,-0.3466321175004753,
2025_actual,2025-12-31,87.0,87696.0,-0.35219565806192094,
2025_actual,2026-01-01,88.0,88642.88,-0.3414562329197987,
2025_actual,2026-01-02,89.0,90112.01,-0.32501849429715385,
2025_actual,2026-01-03,90.0,91351.98,-0.31135198889971527,
2025_actual,2026-01-04,91.0,92392.38,-0.30002743865114434,
2025_actual,2026-01-05,92.0,93891.94,-0.28392739983132437,
2025_actual,2026-01-06,93.0,92771.99,-0.2959271840304931,
2025_actual,2026-01-07,94.0,91377.92,-0.3110680725819779,
2025_actual,2026-01-08,95.0,91246.53,-0.3125069820234006,
2025_actual,2026-01-09,96.0,90476.01,-0.3209872136734043,
2025_actual,2026-01-10,97.0,90509.91,-0.3206125988923598,
2025_actual,2026-01-11,98.0,91538.05,-0.3093172135300686,
2025_actual,2026-01-12,99.0,91293.98,-0.3119870974118289,
2025_actual,2026-01-13,100.0,95222.7,-0.2698535876137916,
2025_actual,2026-01-14,101.0,96852.91,-0.25287851050045895,
2025_actual,2026-01-15,102.0,95569.99,-0.26621308772294444,
2025_actual,2026-01-16,103.0,95467.76,-0.2672833474989138,
2025_actual,2026-01-17,104.0,95015.57,-0.27203117345757355,
2025_actual,2026-01-18,105.0,92624.74,-0.29751566977091404,
2025_actual,2026-01-19,106.0,92572.21,-0.2980829577463234,
2025_actual,2026-01-20,107.0,88916.02,-0.33837961760564755,
2025_actual,2026-01-21,108.0,89936.47,-0.3269684141811723,
2025_actual,2026-01-22,109.0,89522.33,-0.3315838549974199,
2025_actual,2026-01-23,110.0,89365.99,-0.33333176162211026,
2025_actual,2026-01-24,111.0,89155.13,-0.3356940602460253,
2025_actual,2026-01-25,112.0,86978.89,-0.3604065008319988,
2025_actual,2026-01-26,113.0,88136.48,-0.34718542421403764,
2025_actual,2026-01-27,114.0,89296.0,-0.3341152523196037,
2025_actual,2026-01-28,115.0,88963.96,-0.33784060246565584,
2025_actual,2026-01-29,116.0,83943.96,-0.3959225130183333,
2025_actual,2026-01-30,117.0,83986.02,-0.39542158994456794,
2025_actual,2026-01-31,118.0,78727.3,-0.46008196418135344,
2025_actual,2026-02-01,119.0,77831.33,-0.4715278970141167,
2025_actual,2026-02-02,120.0,78938.16,-0.4574071852447943,
2025_actual,2026-02-03,121.0,76313.98,-0.4912158007434241,
2025_actual,2026-02-04,122.0,72853.79,-0.5376173903694013,
2025_actual,2026-02-05,123.0,63845.99,-0.6695981693049277,
2025_actual,2026-02-06,124.0,69936.2,-0.5784885484913194,
2025_actual,2026-02-07,125.0,69199.99,-0.5890712282507384,
2025_actual,2026-02-08,126.0,70477.92,-0.5707724770915173,
2025_actual,2026-02-09,127.0,69986.8,-0.5777652935267211,
2025_actual,2026-02-10,128.0,69219.0,-0.5887965549545454,
2025_actual,2026-02-11,129.0,67479.13,-0.6142535814799762,
2025_actual,2026-02-12,130.0,66001.99,-0.6363870532786521,
2025_actual,2026-02-13,131.0,68970.18,-0.5923977090955264,
2025_actual,2026-02-14,132.0,69801.43,-0.5804174497011955,
2025_actual,2026-02-15,133.0,68913.72,-0.5932166589969367,
2025_actual,2026-02-16,134.0,68810.28,-0.5947187939835802,
2025_actual,2026-02-17,135.0,67191.37,-0.6185271297025159,
2025_actual,2026-02-18,136.0,66533.36,-0.6283684703549046,
2025_actual,2026-02-19,137.0,67214.29,-0.6181860726336073,
2025_actual,2026-02-20,138.0,67885.32,-0.6082521354702346,
2025_actual,2026-02-21,139.0,67969.48,-0.6070131654704144,
2025_actual,2026-02-22,140.0,66238.9,-0.6328040427067563,
2025_actual,2026-02-23,141.0,64743.99,-0.6556310686267594,
2025_actual,2026-02-24,142.0,64290.01,-0.6626676926669124,
2025_actual,2026-02-25,143.0,68448.27,-0.5999936688731857,
2025_actual,2026-02-26,144.0,67068.86,-0.6203520935656279,
2025_actual,2026-02-27,145.0,65950.0,-0.6371750672023578,
2025_actual,2026-02-28,146.0,66680.36,-0.6261614895774463,
2025_actual,2026-03-01,147.0,66474.29,-0.6292566900006699,
2025_actual,2026-03-02,148.0,69016.92,-0.591720254437988,
2025_actual,2026-03-03,149.0,68222.81,-0.6032929799566935,
2025_actual,2026-03-04,150.0,72776.66,-0.538676646963222,
2025_actual,2026-03-05,151.0,70955.49,-0.5640191673176685,
2025_actual,2026-03-06,152.0,68350.0,-0.6014303831957228,
2025_actual,2026-03-07,153.0,67193.87,-0.6184899232354919,
2025_actual,2026-03-08,154.0,66055.14,-0.6355820985916938,
2025_actual,2026-03-09,155.0,68480.54,-0.5995223290492667,
2025_actual,2026-03-10,156.0,69847.95,-0.5797512096975411,
2025_actual,2026-03-11,157.0,70210.72,-0.5745709404396682,
2025_actual,2026-03-12,158.0,70500.54,-0.570451577002325,
2025_actual,2026-03-13,159.0,70838.78,-0.5656653555078737,
2025_actual,2026-03-14,160.0,71118.53,-0.5617240246649837,
2025_actual,2026-03-15,161.0,72953.27,-0.5362528471787518,
2025_actual,2026-03-16,162.0,74758.54,-0.5118084931289946,
2025_actual,2026-03-17,163.0,73845.35,-0.5240989048412495,
2025_actual,2026-03-18,164.0,71204.95,-0.5605096078924164,
2025_actual,2026-03-19,165.0,69858.95,-0.5795937371600682,
2025_actual,2026-03-20,166.0,70560.99,-0.5695945041533287,
2025_actual,2026-03-21,167.0,68398.68,-0.6007184201690043,
2025_actual,2026-03-22,168.0,67977.71,-0.6068920890434569,
2025_actual,2026-03-23,169.0,70906.0,-0.5647168901740648,
2025_actual,2026-03-24,170.0,70555.44,-0.5696731626058259,
2025_actual,2026-03-25,171.0,71277.56,-0.5594903949899265,
2025_actual,2026-03-26,172.0,68762.2,-0.5954177710167418,
2025_actual,2026-03-27,173.0,66390.02,-0.6305252023844705,
2025_actual,2026-03-28,174.0,66392.04,-0.6304947765874894,
2025_actual,2026-03-29,175.0,65862.79,-0.6384983077274259,
2025_actual,2026-03-30,176.0,66683.77,-0.6261103513890783,
2025_actual,2026-03-31,177.0,68133.96,-0.6045961790948764,
2025_actual,2026-04-01,178.0,68100.65,-0.6050851884686883,
2025_actual,2026-04-02,179.0,66959.99,-0.6219766695273639,
2025_actual,2026-04-03,180.0,66911.51,-0.6227009461974438,
2025_actual,2026-04-04,181.0,67284.16,-0.6171471014590669,
2025_actual,2026-04-05,182.0,69279.05,-0.5879293946766501,
2025_actual,2026-04-06,183.0,68909.06,-0.5932842820705937,
2025_actual,2026-04-07,184.0,71872.04,-0.5511846307048897,
2025_actual,2026-04-08,185.0,71015.98,-0.5631670242263785,
2025_actual,2026-04-09,186.0,71798.73,-0.552205158490222,
2025_actual,2026-04-10,187.0,72905.26,-0.5369111563189009,
2025_actual,2026-04-11,188.0,72997.99,-0.5356400398429401,
2025_actual,2026-04-12,189.0,70661.26,-0.5681744727227371,
2025_actual,2026-04-13,190.0,74505.1,-0.5152043669473594,
2025_actual,2026-04-14,191.0,74386.01,-0.5168040598423365,
2025_actual,2026-04-15,192.0,74725.02,-0.5122569705476728,
2025_actual,2026-04-16,193.0,75124.72,-0.5069222806387198,
2025_actual,2026-04-17,194.0,75736.82,-0.49880751051415034,
2025_actual,2026-04-18,195.0,73823.14,-0.5243997137703241,
2025_actual,2026-04-19,196.0,74201.44,-0.5192883893725739,
2025_actual,2026-04-20,197.0,75854.66,-0.49725280541151534,
2025_actual,2026-04-21,198.0,76434.02,-0.48964406134635324,
2025_actual,2026-04-22,199.0,78416.36,-0.4640393673092116,
2025_actual,2026-04-23,200.0,78281.09,-0.4657658795607073,
2025_actual,2026-04-24,201.0,77490.01,-0.47592292154092153,
2025_actual,2026-04-25,202.0,77650.51,-0.4738538288595214,
2025_actual,2026-04-26,203.0,78818.4,-0.4589254742212516,
2025_actual,2026-04-27,204.0,77302.47,-0.47834603785460317,
2025_actual,2026-04-28,205.0,76361.99,-0.490586887082912,
2025_actual,2026-04-29,206.0,75794.4,-0.4980475350744841,
2025_actual,2026-04-30,207.0,76442.08,-0.48953861647946484,
2025_actual,2026-05-01,208.0,78285.16,-0.4657138887900153,
2025_actual,2026-05-02,209.0,78705.06,-0.46036449821880226,
2025_actual,2026-05-03,210.0,78496.31,-0.4630203290515795,
2025_actual,2026-05-04,211.0,79926.19,-0.44496836257221717,
2025_actual,2026-05-05,212.0,81028.26,-0.43127396365193,
2025_actual,2026-05-06,213.0,81476.51,-0.4257571885213747,
2025_actual,2026-05-07,214.0,80047.2,-0.44345548567337056,
2025_actual,2026-05-08,215.0,80150.27,-0.4421686986320755,
2025_actual,2026-05-09,216.0,80645.62,-0.43600745201071234,
2025_actual,2026-05-10,217.0,82103.78,-0.41808788955426124,
2025_actual,2026-05-11,218.0,81734.25,-0.4225988157002054,
2025_actual,2026-05-12,219.0,80414.77,-0.43887408058506594,
2025_actual,2026-05-13,220.0,79371.63,-0.45193094674705003,
2025_actual,2026-05-14,221.0,79142.38,-0.454823437572751,
2025_actual,2026-05-15,222.0,79026.0,-0.4562950341207169,
2025_actual,2026-05-16,223.0,78183.58,-0.4670122952866843,
2025_actual,2026-05-17,224.0,77269.08,-0.47877807079364487,
2025_actual,2026-05-18,225.0,76952.14,-0.4828882762010848,
2025_actual,2026-05-19,226.0,76799.23,-0.4848773323039828,
2025_actual,2026-05-20,227.0,77494.61,-0.4758635608120781,
2025_actual,2026-05-21,228.0,77451.06,-0.47642569334726675,
2025_actual,2026-05-22,229.0,75478.44,-0.5022248938054624,
2025_actual,2026-05-23,230.0,76627.99,-0.4871095316634357,
2025_actual,2026-05-24,231.0,77078.18,-0.4812517149301426,
2025_actual,2026-05-25,232.0,77196.83,-0.4797135523541911,
2025_actual,2026-05-26,233.0,75834.53,-0.4975182165475122,
2025_actual,2026-05-27,234.0,74422.7,-0.5163109435355896,
2025_actual,2026-05-28,235.0,74025.1,-0.521667721483971,
2025_actual,2026-05-29,236.0,73897.41,-0.5233941663869974,
2025_actual,2026-05-30,237.0,73758.31,-0.5252782795273359,
2025_actual,2026-05-31,238.0,73688.35,-0.5262272329353002,
2021_warped_annealed,2020-05-12,-170.0,8809.14,-0.9461538309438153,-545.0
2021_warped_annealed,2020-05-13,-169.6880733944954,9335.84,-0.9191740143510706,-544.0
2021_warped_annealed,2020-05-14,-169.37614678899084,9815.22,-0.8959098224088651,-543.0
2021_warped_annealed,2020-05-15,-169.06422018348624,9331.18,-0.9194059786133766,-542.0
2021_warped_annealed,2020-05-16,-168.75229357798165,9353.26,-0.918307910367835,-541.0
2021_warped_annealed,2020-05-17,-168.44036697247705,9700.33,-0.9013801911110716,-540.0
2021_warped_annealed,2020-05-18,-168.12844036697248,9733.21,-0.8998080538825565,-539.0
2021_warped_annealed,2020-05-19,-167.8165137614679,9783.91,-0.8973942423874081,-538.0
2021_warped_annealed,2020-05-20,-167.5045871559633,9497.76,-0.9111850956648839,-537.0
2021_warped_annealed,2020-05-21,-167.19266055045873,9039.12,-0.9341801310113326,-536.0
2021_warped_annealed,2020-05-22,-166.88073394495413,9173.23,-0.9273376567594154,-535.0
2021_warped_annealed,2020-05-23,-166.56880733944953,9166.02,-0.9277029686964491,-534.0
2021_warped_annealed,2020-05-24,-166.25688073394497,8673.64,-0.9533557402211223,-533.0
2021_warped_annealed,2020-05-25,-165.94495412844037,8892.39,-0.9417837771200784,-532.0
2021_warped_annealed,2020-05-26,-165.63302752293578,8836.77,-0.9446988834281231,-531.0
2021_warped_annealed,2020-05-27,-165.32110091743118,9200.0,-0.9259837981403365,-530.0
2021_warped_annealed,2020-05-28,-165.0091743119266,9593.72,-0.9065145841502223,-529.0
2021_warped_annealed,2020-05-29,-164.69724770642202,9426.87,-0.9146658210271197,-528.0
2021_warped_annealed,2020-05-30,-164.38532110091742,9684.6,-0.9021341969832742,-527.0
2021_warped_annealed,2020-05-31,-164.07339449541286,9435.8,-0.9142259164591023,-526.0
2021_warped_annealed,2020-06-01,-163.76146788990826,10212.38,-0.8774807413820704,-525.0
2021_warped_annealed,2020-06-02,-163.44954128440367,9509.35,-0.9106184943878979,-524.0
2021_warped_annealed,2020-06-03,-163.13761467889907,9672.67,-0.9027068697596977,-523.0
2021_warped_annealed,2020-06-04,-162.8256880733945,9799.57,-0.8966512024984797,-522.0
2021_warped_annealed,2020-06-05,-162.5137614678899,9568.95,-0.9077156874914555,-521.0
2021_warped_annealed,2020-06-06,-162.2018348623853,9665.36,-0.9030581189366848,-520.0
2021_warped_annealed,2020-06-07,-161.88990825688074,9764.0,-0.8983406565413309,-519.0
2021_warped_annealed,2020-06-08,-161.57798165137615,9833.94,-0.8950245597737199,-518.0
2021_warped_annealed,2020-06-09,-161.26605504587155,9778.6,-0.8976464627247192,-517.0
2021_warped_annealed,2020-06-10,-160.95412844036696,9899.18,-0.8919524981359267,-516.0
2021_warped_annealed,2020-06-11,-160.6422018348624,9258.7,-0.9230288585887724,-515.0
2021_warped_annealed,2020-06-12,-160.3302752293578,9466.77,-0.9127035090591568,-514.0
2021_warped_annealed,2020-06-13,-160.0183486238532,9477.17,-0.9121933880376152,-513.0
2021_warped_annealed,2020-06-14,-159.70642201834863,9315.71,-0.920176871701488,-512.0
2021_warped_annealed,2020-06-15,-159.39449541284404,9437.23,-0.9141555112884717,-511.0
2021_warped_annealed,2020-06-16,-159.08256880733944,9534.8,-0.9093767374389581,-510.0
2021_warped_annealed,2020-06-17,-158.77064220183487,9460.53,-0.9130098507371804,-509.0
2021_warped_annealed,2020-06-18,-158.45871559633028,9368.15,-0.9175688730271094,-508.0
2021_warped_annealed,2020-06-19,-158.14678899082568,9285.54,-0.921683977388449,-507.0
2021_warped_annealed,2020-06-20,-157.8348623853211,9361.81,-0.9178834033870158,-506.0
2021_warped_annealed,2020-06-21,-157.52293577981652,9279.68,-0.9219772744268867,-505.0
2021_warped_annealed,2020-06-22,-157.21100917431193,9700.91,-0.9013524126198863,-504.0
2021_warped_annealed,2020-06-23,-156.89908256880733,9623.74,-0.9050630568691521,-503.0
2021_warped_annealed,2020-06-24,-156.58715596330276,9284.1,-0.9217560332235567,-502.0
2021_warped_annealed,2020-06-25,-156.27522935779817,9232.84,-0.9243283274278457,-501.0
2021_warped_annealed,2020-06-26,-155.96330275229357,9157.22,-0.9281492313903609,-500.0
2021_warped_annealed,2020-06-27,-155.651376146789,9001.24,-0.936131213163437,-499.0
2021_warped_annealed,2020-06-28,-155.3394495412844,9122.56,-0.9299110786752662,-498.0
2021_warped_annealed,2020-06-29,-155.0275229357798,9191.05,-0.9264359941147418,-497.0
2021_warped_annealed,2020-06-30,-154.71559633027522,9129.47,-0.9295592938986955,-496.0
2021_warped_annealed,2020-07-01,-154.40366972477065,9239.09,-0.924013930779837,-495.0
2021_warped_annealed,2020-07-02,-154.09174311926606,9088.54,-0.9316469150411683,-494.0
2021_warped_annealed,2020-07-03,-153.77981651376146,9050.05,-0.9336186801894922,-493.0
2021_warped_annealed,2020-07-04,-153.4678899082569,9138.22,-0.9291142174639915,-492.0
2021_warped_annealed,2020-07-05,-153.1559633027523,9088.52,-0.9316479374309544,-491.0
2021_warped_annealed,2020-07-06,-152.8440366972477,9331.69,-0.9193805863220209,-490.0
2021_warped_annealed,2020-07-07,-152.5321100917431,9263.56,-0.9227850480633656,-489.0
2021_warped_annealed,2020-07-08,-152.22018348623854,9436.01,-0.9142155765698634,-488.0
2021_warped_annealed,2020-07-09,-151.90825688073394,9230.48,-0.9244470989591618,-487.0
2021_warped_annealed,2020-07-10,-151.59633027522935,9298.16,-0.9210529657303395,-486.0
2021_warped_annealed,2020-07-11,-151.28440366972478,9235.0,-0.9242196478864428,-485.0
2021_warped_annealed,2020-07-12,-150.9724770642202,9313.77,-0.9202736351073314,-484.0
2021_warped_annealed,2020-07-13,-150.6605504587156,9230.14,-0.9244642126145177,-483.0
2021_warped_annealed,2020-07-14,-150.348623853211,9258.34,-0.9230469237184493,-482.0
2021_warped_annealed,2020-07-15,-150.03669724770643,9194.51,-0.926261126498936,-481.0
2021_warped_annealed,2020-07-16,-149.72477064220183,9130.91,-0.9294860177172612,-480.0
2021_warped_annealed,2020-07-17,-149.41284403669724,9147.65,-0.9286350291143498,-479.0
2021_warped_annealed,2020-07-18,-149.10091743119267,9174.6,-0.9272682748883263,-478.0
2021_warped_annealed,2020-07-19,-148.78899082568807,9221.71,-0.9248887323028344,-477.0
2021_warped_annealed,2020-07-20,-148.47706422018348,9161.13,-0.9279508958431821,-476.0
2021_warped_annealed,2020-07-21,-148.16513761467888,9396.65,-0.9161575988297428,-475.0
2021_warped_annealed,2020-07-22,-147.85321100917432,9546.31,-0.9088162293449168,-474.0
2021_warped_annealed,2020-07-23,-147.54128440366972,9612.05,-0.9056277528344717,-473.0
2021_warped_annealed,2020-07-24,-147.22935779816513,9553.41,-0.9084708140887101,-472.0
2021_warped_annealed,2020-07-25,-146.91743119266056,9709.02,-0.9009641665594114,-471.0
2021_warped_annealed,2020-07-26,-146.60550458715596,9944.58,-0.889826598330942,-470.0
2021_warped_annealed,2020-07-27,-146.29357798165137,11108.44,-0.8384057195164719,-469.0
2021_warped_annealed,2020-07-28,-145.98165137614677,10952.85,-0.8449591413732105,-468.0
2021_warped_annealed,2020-07-29,-145.6697247706422,11100.39,-0.8387425259409518,-467.0
2021_warped_annealed,2020-07-30,-145.3577981651376,11139.67,-0.8371013840793264,-466.0
2021_warped_annealed,2020-07-31,-145.04587155963304,11372.76,-0.8274802352336105,-465.0
2021_warped_annealed,2020-08-01,-144.73394495412845,11805.82,-0.8101173483989162,-464.0
2021_warped_annealed,2020-08-02,-144.42201834862385,11050.03,-0.8408551131775552,-463.0
2021_warped_annealed,2020-08-03,-144.11009174311926,11235.44,-0.8331241870367625,-462.0
2021_warped_annealed,2020-08-04,-143.7981651376147,11198.04,-0.8346733086135326,-461.0
2021_warped_annealed,2020-08-05,-143.4862385321101,11737.59,-0.8128102306796962,-460.0
2021_warped_annealed,2020-08-06,-143.1743119266055,11766.62,-0.8116625746433811,-459.0
2021_warped_annealed,2020-08-07,-142.86238532110093,11598.96,-0.8183301893684466,-458.0
2021_warped_annealed,2020-08-08,-142.55045871559633,11780.14,-0.811129048470322,-457.0
2021_warped_annealed,2020-08-09,-142.23853211009174,11692.76,-0.8145881032930785,-456.0
2021_warped_annealed,2020-08-10,-141.92660550458714,11896.19,-0.8065745098863188,-455.0
2021_warped_annealed,2020-08-11,-141.61467889908258,11387.01,-0.8268984573607141,-454.0
2021_warped_annealed,2020-08-12,-141.30275229357798,11563.16,-0.8197663903277839,-453.0
2021_warped_annealed,2020-08-13,-140.9908256880734,11824.99,-0.8093635525402195,-452.0
2021_warped_annealed,2020-08-14,-140.67889908256882,11785.29,-0.810925980225781,-451.0
2021_warped_annealed,2020-08-15,-140.36697247706422,11854.27,-0.8082145703025341,-450.0
2021_warped_annealed,2020-08-16,-140.05504587155963,11924.0,-0.8054896688317318,-449.0
2021_warped_annealed,2020-08-17,-139.74311926605503,12325.1,-0.7901185033894775,-448.0
2021_warped_annealed,2020-08-18,-139.43119266055047,11983.52,-0.8031763289805984,-447.0
2021_warped_annealed,2020-08-19,-139.11926605504587,11764.8,-0.8117344422862101,-446.0
2021_warped_annealed,2020-08-20,-138.80733944954127,11856.24,-0.808137367071042,-445.0
2021_warped_annealed,2020-08-21,-138.4954128440367,11526.32,-0.8212489629811283,-444.0
2021_warped_annealed,2020-08-22,-138.1834862385321,11675.78,-0.8152632782570015,-443.0
2021_warped_annealed,2020-08-23,-137.87155963302752,11650.03,-0.8162890502172648,-442.0
2021_warped_annealed,2020-08-24,-137.55963302752292,11762.34,-0.8118315997387694,-441.0
2021_warped_annealed,2020-08-25,-137.24770642201835,11324.86,-0.8294411828151012,-440.0
2021_warped_annealed,2020-08-26,-136.93577981651376,11460.01,-0.8239294934162955,-439.0
2021_warped_annealed,2020-08-27,-136.62385321100916,11341.73,-0.8287496080768451,-438.0
2021_warped_annealed,2020-08-28,-136.3119266055046,11540.0,-0.8206978787516351,-437.0
2021_warped_annealed,2020-08-29,-136.0,11468.56,-0.8235829965489792,-436.0
2021_warped_annealed,2020-08-30,-135.6880733944954,11724.99,-0.8133092357606897,-435.0
2021_warped_annealed,2020-08-31,-135.3761467889908,11665.93,-0.8156553935083624,-434.0
2021_warped_annealed,2020-09-01,-135.06422018348624,11911.74,-0.8059676073318173,-433.0
2021_warped_annealed,2020-09-02,-134.75229357798165,11390.12,-0.8267715836802325,-432.0
2021_warped_annealed,2020-09-03,-134.44036697247708,10225.82,-0.8768697053315208,-431.0
2021_warped_annealed,2020-09-04,-134.12844036697248,10230.37,-0.876663026117022,-430.0
2021_warped_annealed,2020-09-05,-133.8165137614679,10152.97,-0.8801914263871795,-429.0
2021_warped_annealed,2020-09-06,-133.5045871559633,10255.2,-0.8755367651652911,-428.0
2021_warped_annealed,2020-09-07,-133.1926605504587,10389.85,-0.8694762893260266,-427.0
2021_warped_annealed,2020-09-08,-132.88073394495413,10123.21,-0.8815552469936195,-426.0
2021_warped_annealed,2020-09-09,-132.56880733944953,10235.0,-0.8764528073207593,-425.0
2021_warped_annealed,2020-09-10,-132.25688073394497,10345.95,-0.8714435165281432,-424.0
2021_warped_annealed,2020-09-11,-131.94495412844037,10399.99,-0.8690230819288187,-423.0
2021_warped_annealed,2020-09-12,-131.63302752293578,10444.01,-0.8670607170312244,-422.0
2021_warped_annealed,2020-09-13,-131.32110091743118,10336.28,-0.8718779660159837,-421.0
2021_warped_annealed,2020-09-14,-131.00917431192659,10679.33,-0.856708714614945,-420.0
2021_warped_annealed,2020-09-15,-130.69724770642202,10789.8,-0.8519274377966053,-419.0
2021_warped_annealed,2020-09-16,-130.38532110091742,10953.38,-0.8449366602309492,-418.0
2021_warped_annealed,2020-09-17,-130.07339449541286,10947.83,-0.8451721299308393,-417.0
2021_warped_annealed,2020-09-18,-129.76146788990826,10942.2,-0.8454111157848031,-416.0
2021_warped_annealed,2020-09-19,-129.44954128440367,11075.33,-0.8397925848632485,-415.0
2021_warped_annealed,2020-09-20,-129.13761467889907,10911.59,-0.8467126242448043,-414.0
2021_warped_annealed,2020-09-21,-128.8256880733945,10425.85,-0.8678692664427871,-413.0
2021_warped_annealed,2020-09-22,-128.5137614678899,10529.01,-0.8632948023218525,-412.0
2021_warped_annealed,2020-09-23,-128.2018348623853,10230.11,-0.8766748338813737,-411.0
2021_warped_annealed,2020-09-24,-127.88990825688073,10741.0,-0.8540334968580241,-410.0
2021_warped_annealed,2020-09-25,-127.57798165137615,10693.3,-0.8561013511725495,-409.0
2021_warped_annealed,2020-09-26,-127.26605504587155,10730.23,-0.8544995859755236,-408.0
2021_warped_annealed,2020-09-27,-126.95412844036697,10792.18,-0.8518249680126889,-407.0
2021_warped_annealed,2020-09-28,-126.64220183486239,10681.01,-0.8566356324727953,-406.0
2021_warped_annealed,2020-09-29,-126.3302752293578,10845.9,-0.8495180703901682,-405.0
2021_warped_annealed,2020-09-30,-126.0183486238532,10783.24,-0.8522099925718286,-404.0
2021_warped_annealed,2020-10-01,-125.70642201834862,10598.64,-0.8602324375434757,-403.0
2021_warped_annealed,2020-10-02,-125.39449541284404,10577.92,-0.8611416065534546,-402.0
2021_warped_annealed,2020-10-03,-125.08256880733944,10545.21,-0.8625805136904978,-401.0
2021_warped_annealed,2020-10-04,-124.77064220183486,10662.36,-0.8574475765175303,-400.0
2021_warped_annealed,2020-10-05,-124.45871559633028,10800.0,-0.8514884406148683,-399.0
2021_warped_annealed,2020-10-06,-124.14678899082568,10594.15,-0.860429302474996,-398.0
2021_warped_annealed,2020-10-07,-123.83486238532109,10671.23,-0.8570612363642065,-397.0
2021_warped_annealed,2020-10-08,-123.52293577981652,10926.71,-0.8460692803556646,-396.0
2021_warped_annealed,2020-10-09,-123.21100917431193,11059.3,-0.8404655173249838,-395.0
2021_warped_annealed,2020-10-10,-122.89908256880733,11303.56,-0.830315835529062,-394.0
2021_warped_annealed,2020-10-11,-122.58715596330275,11370.45,-0.82757461314613,-393.0
2021_warped_annealed,2020-10-12,-122.27522935779817,11534.83,-0.8209060698649236,-392.0
2021_warped_annealed,2020-10-13,-121.96330275229357,11434.36,-0.8249705372143417,-391.0
2021_warped_annealed,2020-10-14,-121.65137614678899,11426.87,-0.8252749706771054,-390.0
2021_warped_annealed,2020-10-15,-121.33944954128441,11509.25,-0.8219375277294793,-389.0
2021_warped_annealed,2020-10-16,-121.02752293577981,11329.33,-0.82925783778696,-388.0
2021_warped_annealed,2020-10-17,-120.71559633027522,11365.96,-0.8277581125263703,-387.0
2021_warped_annealed,2020-10-18,-120.40366972477064,11516.56,-0.8216425341102875,-386.0
2021_warped_annealed,2020-10-19,-120.09174311926606,11765.09,-0.811722990104024,-385.0
2021_warped_annealed,2020-10-20,-119.77981651376146,11917.34,-0.8057492383711795,-384.0
2021_warped_annealed,2020-10-21,-119.46788990825688,12836.37,-0.7712349278800313,-383.0
2021_warped_annealed,2020-10-22,-119.1559633027523,12977.02,-0.7661719137577598,-382.0
2021_warped_annealed,2020-10-23,-118.8440366972477,12943.03,-0.7673904142974555,-381.0
2021_warped_annealed,2020-10-24,-118.5321100917431,13120.87,-0.7610501562175229,-380.0
2021_warped_annealed,2020-10-25,-118.22018348623854,13050.32,-0.7635550236544727,-379.0
2021_warped_annealed,2020-10-26,-117.90825688073394,13072.95,-0.7627500766829534,-378.0
2021_warped_annealed,2020-10-27,-117.59633027522935,13698.18,-0.7410449546615041,-377.0
2021_warped_annealed,2020-10-28,-117.28440366972477,13280.0,-0.7554493669698003,-376.0
2021_warped_annealed,2020-10-29,-116.97247706422019,13460.0,-0.7491943598360364,-375.0
2021_warped_annealed,2020-10-30,-116.66055045871559,13582.97,-0.7449690561618483,-374.0
2021_warped_annealed,2020-10-31,-116.34862385321101,13745.02,-0.7394589929264327,-373.0
2021_warped_annealed,2020-11-01,-116.03669724770643,13784.52,-0.7381257521548101,-372.0
2021_warped_annealed,2020-11-02,-115.72477064220183,13573.93,-0.7452783693239189,-371.0
2021_warped_annealed,2020-11-03,-115.41284403669724,14050.59,-0.7292434336377601,-370.0
2021_warped_annealed,2020-11-04,-115.10091743119266,14160.0,-0.7256396627410453,-369.0
2021_warped_annealed,2020-11-05,-114.78899082568807,15636.6,-0.6795543867892013,-368.0
2021_warped_annealed,2020-11-06,-114.47706422018348,15596.33,-0.6807524487788601,-367.0
2021_warped_annealed,2020-11-07,-114.1651376146789,14814.62,-0.7046427434933593,-366.0
2021_warped_annealed,2020-11-08,-113.85321100917432,15487.88,-0.6839943638358419,-365.0
2021_warped_annealed,2020-11-09,-113.54128440366972,15334.37,-0.6886222862688636,-364.0
2021_warped_annealed,2020-11-10,-113.22935779816513,15325.25,-0.6888986863910003,-363.0
2021_warped_annealed,2020-11-11,-112.91743119266054,15723.81,-0.6769703670827005,-362.0
2021_warped_annealed,2020-11-12,-112.60550458715596,16319.72,-0.6596881068151894,-361.0
2021_warped_annealed,2020-11-13,-112.29357798165137,16339.59,-0.6591227780772788,-360.0
2021_warped_annealed,2020-11-14,-111.98165137614679,16093.3,-0.6661791201358231,-359.0
2021_warped_annealed,2020-11-15,-111.6697247706422,15946.64,-0.6704324901702957,-358.0
2021_warped_annealed,2020-11-16,-111.35779816513761,16714.58,-0.648580797542984,-357.0
2021_warped_annealed,2020-11-17,-111.04587155963301,17660.9,-0.6229944002073664,-356.0
2021_warped_annealed,2020-11-18,-110.73394495412845,17802.82,-0.6192758660186879,-355.0
2021_warped_annealed,2020-11-19,-110.42201834862385,17804.44,-0.6192335907276207,-354.0
2021_warped_annealed,2020-11-20,-110.11009174311926,18702.87,-0.5963616900614842,-353.0
2021_warped_annealed,2020-11-21,-109.79816513761467,18710.14,-0.5961811299086772,-352.0
2021_warped_annealed,2020-11-22,-109.4862385321101,18477.48,-0.6019946496706486,-351.0
2021_warped_annealed,2020-11-23,-109.1743119266055,18391.21,-0.6041689174558666,-350.0
2021_warped_annealed,2020-11-24,-108.86238532110092,19185.07,-0.5845350927234828,-349.0
2021_warped_annealed,2020-11-25,-108.55045871559633,18706.15,-0.596280218195931,-348.0
2021_warped_annealed,2020-11-26,-108.23853211009174,17173.0,-0.636010092333687,-347.0
2021_warped_annealed,2020-11-27,-107.92660550458714,17156.99,-0.6364434313905721,-346.0
2021_warped_annealed,2020-11-28,-107.61467889908256,17718.3,-0.6214868408787215,-345.0
2021_warped_annealed,2020-11-29,-107.30275229357798,18238.52,-0.6080422924136689,-344.0
2021_warped_annealed,2020-11-30,-106.99082568807339,19727.0,-0.5715932211065087,-343.0
2021_warped_annealed,2020-12-01,-106.6788990825688,18763.35,-0.5948617205622636,-342.0
2021_warped_annealed,2020-12-02,-106.36697247706422,19245.61,-0.5830713159417181,-341.0
2021_warped_annealed,2020-12-03,-106.05504587155963,19430.07,-0.5786395411139174,-340.0
2021_warped_annealed,2020-12-04,-105.74311926605505,18692.32,-0.596623838258023,-339.0
2021_warped_annealed,2020-12-05,-105.43119266055045,19156.82,-0.5852197215182539,-338.0
2021_warped_annealed,2020-12-06,-105.11926605504587,19397.08,-0.5794290500570771,-337.0
2021_warped_annealed,2020-12-07,-104.80733944954127,19202.88,-0.5841039915773594,-336.0
2021_warped_annealed,2020-12-08,-104.4954128440367,18311.76,-0.6061803409496853,-335.0
2021_warped_annealed,2020-12-09,-104.18348623853211,18550.01,-0.6001745125501277,-334.0
2021_warped_annealed,2020-12-10,-103.87155963302752,18286.8,-0.6068140512958122,-333.0
2021_warped_annealed,2020-12-11,-103.55963302752293,18048.14,-0.6129174477624098,-332.0
2021_warped_annealed,2020-12-12,-103.24770642201834,18826.36,-0.5933041380643779,-331.0
2021_warped_annealed,2020-12-13,-102.93577981651376,19133.04,-0.5857968045105041,-330.0
2021_warped_annealed,2020-12-14,-102.62385321100918,19288.43,-0.5820387627222027,-329.0
2021_warped_annealed,2020-12-15,-102.31192660550458,19451.34,-0.5781312228962655,-328.0
2021_warped_annealed,2020-12-16,-102.0,21384.63,-0.5341072675877123,-327.0
2021_warped_annealed,2020-12-17,-101.6880733944954,22830.34,-0.5037140387896741,-326.0
2021_warped_annealed,2020-12-18,-101.37614678899082,23169.26,-0.4968676564524881,-325.0
2021_warped_annealed,2020-12-19,-101.06422018348623,23814.91,-0.48409788622387967,-324.0
2021_warped_annealed,2020-12-20,-100.75229357798165,23451.68,-0.4912386741568066,-323.0
2021_warped_annealed,2020-12-21,-100.44036697247707,22777.26,-0.5047954827973755,-322.0
2021_warped_annealed,2020-12-22,-100.12844036697247,23839.99,-0.4836088622426298,-321.0
2021_warped_annealed,2020-12-23,-99.81651376146789,23196.57,-0.49632034585281576,-320.0
2021_warped_annealed,2020-12-24,-99.50458715596329,23740.01,-0.4855614001816151,-319.0
2021_warped_annealed,2020-12-25,-99.19266055045871,24736.42,-0.46645940336604363,-318.0
2021_warped_annealed,2020-12-26,-98.88073394495413,26519.1,-0.4341284802728688,-317.0
2021_warped_annealed,2020-12-27,-98.56880733944953,26320.06,-0.43762871089210853,-316.0
2021_warped_annealed,2020-12-28,-98.25688073394495,27044.14,-0.4250199226641841,-315.0
2021_warped_annealed,2020-12-29,-97.94495412844036,27407.85,-0.41881326071316427,-314.0
2021_warped_annealed,2020-12-30,-97.63302752293578,28934.56,-0.3936285129870465,-313.0
2021_warped_annealed,2020-12-31,-97.3211009174312,29026.97,-0.3921470539601293,-312.0
2021_warped_annealed,2021-01-01,-97.0091743119266,29391.09,-0.386355259046209,-311.0
2021_warped_annealed,2021-01-02,-96.69724770642202,32244.73,-0.3433039113629843,-310.0
2021_warped_annealed,2021-01-03,-96.38532110091742,33134.1,-0.3306628869567166,-309.0
2021_warped_annealed,2021-01-04,-96.07339449541284,32127.31,-0.34499885566982313,-308.0
2021_warped_annealed,2021-01-05,-95.76146788990825,34131.23,-0.316887542495684,-307.0
2021_warped_annealed,2021-01-06,-95.44954128440367,36979.81,-0.27964545657628,-306.0
2021_warped_annealed,2021-01-07,-95.13761467889908,39573.39,-0.2481525537819932,-305.0
2021_warped_annealed,2021-01-08,-94.82568807339449,40666.72,-0.23549071509919597,-304.0
2021_warped_annealed,2021-01-09,-94.5137614678899,40346.3,-0.23916588317962106,-303.0
2021_warped_annealed,2021-01-10,-94.20183486238531,38242.02,-0.264052135027409,-302.0
2021_warped_annealed,2021-01-11,-93.88990825688073,35474.31,-0.298955815025425,-301.0
2021_warped_annealed,2021-01-12,-93.57798165137615,33968.43,-0.31910891008776454,-300.0
2021_warped_annealed,2021-01-13,-93.26605504587155,37520.66,-0.2728996233757487,-299.0
2021_warped_annealed,2021-01-14,-92.95412844036697,39171.12,-0.2528994669324581,-298.0
2021_warped_annealed,2021-01-15,-92.64220183486238,36868.39,-0.2810474104237752,-297.0
2021_warped_annealed,2021-01-16,-92.3302752293578,35869.47,-0.29380908426746155,-296.0
2021_warped_annealed,2021-01-17,-92.0183486238532,35931.15,-0.29301085724707393,-295.0
2021_warped_annealed,2021-01-18,-91.70642201834862,36765.97,-0.2823398631960269,-294.0
2021_warped_annealed,2021-01-19,-91.39449541284404,35673.03,-0.29636047546014177,-293.0
2021_warped_annealed,2021-01-20,-91.08256880733944,35570.44,-0.2976985195163142,-292.0
2021_warped_annealed,2021-01-21,-90.77064220183486,30647.26,-0.36691091928533626,-291.0
2021_warped_annealed,2021-01-22,-90.45871559633026,32885.51,-0.3341617174244616,-290.0
2021_warped_annealed,2021-01-23,-90.14678899082568,32021.33,-0.3465339921924949,-289.0
2021_warped_annealed,2021-01-24,-89.8348623853211,32250.01,-0.3432278402492795,-288.0
2021_warped_annealed,2021-01-25,-89.5229357798165,31979.0,-0.34714856913966424,-287.0
2021_warped_annealed,2021-01-26,-89.21100917431193,32579.82,-0.33850065272576524,-286.0
2021_warped_annealed,2021-01-27,-88.89908256880733,30552.06,-0.3683563618830167,-285.0
2021_warped_annealed,2021-01-28,-88.58715596330275,33484.8,-0.3257712697091235,-284.0
2021_warped_annealed,2021-01-29,-88.27522935779817,34330.14,-0.31418779963694216,-283.0
2021_warped_annealed,2021-01-30,-87.96330275229357,34229.25,-0.31555518723934717,-282.0
2021_warped_annealed,2021-01-31,-87.65137614678899,33076.09,-0.33147700670519253,-281.0
2021_warped_annealed,2021-02-01,-87.3394495412844,33457.6,-0.3261488225972058,-280.0
2021_warped_annealed,2021-02-02,-87.02752293577981,35511.07,-0.29847462482159587,-279.0
2021_warped_annealed,2021-02-03,-86.71559633027522,37769.41,-0.2698296322787368,-278.0
2021_warped_annealed,2021-02-04,-86.40366972477064,37070.87,-0.2785028177916892,-277.0
2021_warped_annealed,2021-02-05,-86.09174311926606,38376.86,-0.26241684969923235,-276.0
2021_warped_annealed,2021-02-06,-85.77981651376146,38995.52,-0.2549869066634584,-275.0
2021_warped_annealed,2021-02-07,-85.46788990825688,38888.74,-0.25626085154442263,-274.0
2021_warped_annealed,2021-02-08,-85.15596330275228,46674.44,-0.1714749101389457,-273.0
2021_warped_annealed,2021-02-09,-84.8440366972477,46595.44,-0.17226194854280924,-272.0
2021_warped_annealed,2021-02-10,-84.53211009174312,44887.29,-0.18961386765217159,-271.0
2021_warped_annealed,2021-02-11,-84.22018348623853,48121.0,-0.15729436697753243,-270.0
2021_warped_annealed,2021-02-12,-83.90825688073394,47524.18,-0.16309260532125258,-269.0
2021_warped_annealed,2021-02-13,-83.59633027522935,47274.23,-0.16554258928416365,-268.0
2021_warped_annealed,2021-02-14,-83.28440366972477,48703.26,-0.1517064730680947,-267.0
2021_warped_annealed,2021-02-15,-82.97247706422017,47911.87,-0.15931788586800966,-266.0
2021_warped_annealed,2021-02-16,-82.66055045871559,49257.23,-0.14645174707897304,-265.0
2021_warped_annealed,2021-02-17,-82.34862385321101,52269.84,-0.11887146398010325,-264.0
2021_warped_annealed,2021-02-18,-82.03669724770641,51644.16,-0.12446638043622975,-263.0
2021_warped_annealed,2021-02-19,-81.72477064220183,56029.51,-0.086600749458915,-262.0
2021_warped_annealed,2021-02-20,-81.41284403669724,55960.05,-0.08717707443860635,-261.0
2021_warped_annealed,2021-02-21,-81.10091743119266,57538.47,-0.07425386078296958,-260.0
2021_warped_annealed,2021-02-22,-80.78899082568807,54130.33,-0.1026219852548405,-259.0
2021_warped_annealed,2021-02-23,-80.47706422018348,48972.11,-0.1491488518873239,-258.0
2021_warped_annealed,2021-02-24,-80.1651376146789,49789.99,-0.14145366187479008,-257.0
2021_warped_annealed,2021-02-25,-79.8532110091743,46927.73,-0.16896045822780642,-256.0
2021_warped_annealed,2021-02-26,-79.54128440366972,46360.17,-0.17461375740183757,-255.0
2021_warped_annealed,2021-02-27,-79.22935779816514,45973.56,-0.17850443629075338,-254.0
2021_warped_annealed,2021-02-28,-78.91743119266054,45352.29,-0.1848256941507931,-253.0
2021_warped_annealed,2021-03-01,-78.60550458715596,49652.19,-0.1427412857072934,-252.0
2021_warped_annealed,2021-03-02,-78.29357798165137,48368.22,-0.15491360540490876,-251.0
2021_warped_annealed,2021-03-03,-77.98165137614679,50164.67,-0.13797053217190905,-250.0
2021_warped_annealed,2021-03-04,-77.66972477064219,48327.39,-0.155305963661007,-249.0
2021_warped_annealed,2021-03-05,-77.35779816513761,48908.09,-0.14975661037255783,-248.0
2021_warped_annealed,2021-03-06,-77.04587155963303,48986.85,-0.14900903376406757,-247.0
2021_warped_annealed,2021-03-07,-76.73394495412843,50858.34,-0.13159010756854028,-246.0
2021_warped_annealed,2021-03-08,-76.42201834862385,52472.59,-0.11707280468077,-245.0
2021_warped_annealed,2021-03-09,-76.11009174311926,54999.99,-0.09521701348225362,-244.0
2021_warped_annealed,2021-03-10,-75.79816513761467,56046.27,-0.0864617950296406,-243.0
2021_warped_annealed,2021-03-11,-75.4862385321101,57911.02,-0.07125535974323435,-242.0
2021_warped_annealed,2021-03-12,-75.1743119266055,57174.89,-0.07719894410457921,-241.0
2021_warped_annealed,2021-03-13,-74.86238532110092,61130.22,-0.046121072983387315,-240.0
2021_warped_annealed,2021-03-14,-74.55045871559632,59192.98,-0.06108280017639082,-239.0
2021_warped_annealed,2021-03-15,-74.23853211009174,55430.19,-0.09159712684323391,-238.0
2021_warped_annealed,2021-03-16,-73.92660550458714,57126.52,-0.07759216326612951,-237.0
2021_warped_annealed,2021-03-17,-73.61467889908256,59221.23,-0.06086112105791419,-236.0
2021_warped_annealed,2021-03-18,-73.30275229357798,57562.46,-0.0740601911324406,-235.0
2021_warped_annealed,2021-03-19,-72.99082568807339,58001.29,-0.0705317171577147,-234.0
2021_warped_annealed,2021-03-20,-72.6788990825688,58051.01,-0.07013362140708419,-233.0
2021_warped_annealed,2021-03-21,-72.36697247706421,57402.03,-0.07535686958978868,-232.0
2021_warped_annealed,2021-03-22,-72.05504587155963,54230.21,-0.10176550443181534,-231.0
2021_warped_annealed,2021-03-23,-71.74311926605505,54268.81,-0.10143492817724761,-230.0
2021_warped_annealed,2021-03-24,-71.43119266055045,52294.65,-0.11865099235863302,-229.0
2021_warped_annealed,2021-03-25,-71.11926605504587,51386.2,-0.12679285444913924,-228.0
2021_warped_annealed,2021-03-26,-70.80733944954127,55314.11,-0.09257109851036968,-227.0
2021_warped_annealed,2021-03-27,-70.4954128440367,55932.18,-0.08740851911493616,-226.0
2021_warped_annealed,2021-03-28,-70.18348623853211,55821.59,-0.08832804501034504,-225.0
2021_warped_annealed,2021-03-29,-69.87155963302752,57630.72,-0.07350957400726935,-224.0
2021_warped_annealed,2021-03-30,-69.55963302752293,58800.0,-0.06417755345522451,-223.0
2021_warped_annealed,2021-03-31,-69.24770642201834,58837.71,-0.06387968800424657,-222.0
2021_warped_annealed,2021-04-01,-68.93577981651376,58768.84,-0.06442382564570387,-221.0
2021_warped_annealed,2021-04-02,-68.62385321100916,59019.55,-0.06244603656694909,-220.0
2021_warped_annealed,2021-04-03,-68.31192660550458,56731.0,-0.08082005250030404,-219.0
2021_warped_annealed,2021-04-04,-68.0,58266.39,-0.06841305543203331,-218.0
2021_warped_annealed,2021-04-05,-67.6880733944954,59200.0,-0.06102770401934607,-217.0
2021_warped_annealed,2021-04-06,-67.37614678899082,58018.31,-0.07039540382299285,-216.0
2021_warped_annealed,2021-04-07,-67.06422018348623,55962.11,-0.08715997187222879,-215.0
2021_warped_annealed,2021-04-08,-66.75229357798165,58108.65,-0.06967253871208,-214.0
2021_warped_annealed,2021-04-09,-66.44036697247707,58126.14,-0.06953272047409993,-213.0
2021_warped_annealed,2021-04-10,-66.12844036697247,60039.35,-0.05448675422841752,-212.0
2021_warped_annealed,2021-04-11,-65.81651376146789,60133.37,-0.05375977066541382,-211.0
2021_warped_annealed,2021-04-12,-65.50458715596329,59903.04,-0.055542757718741516,-210.0
2021_warped_annealed,2021-04-13,-65.19266055045871,63660.94,-0.02727460504436181,-209.0
2021_warped_annealed,2021-04-14,-64.88073394495412,63283.43,-0.030037894903602497,-208.0
2021_warped_annealed,2021-04-15,-64.56880733944953,63346.93,-0.029571937660043145,-207.0
2021_warped_annealed,2021-04-16,-64.25688073394495,61486.08,-0.04342431275816198,-206.0
2021_warped_annealed,2021-04-17,-63.94495412844036,60199.33,-0.05325043137801026,-205.0
2021_warped_annealed,2021-04-18,-63.63302752293578,56351.2,-0.08394089959973212,-204.0
2021_warped_annealed,2021-04-19,-63.32110091743118,55797.39,-0.08852950437991938,-203.0
2021_warped_annealed,2021-04-20,-63.0091743119266,56514.9,-0.08259319220079252,-202.0
2021_warped_annealed,2021-04-21,-62.69724770642202,53919.48,-0.10443524615314041,-201.0
2021_warped_annealed,2021-04-22,-62.38532110091742,51653.27,-0.12438443231356673,-200.0
2021_warped_annealed,2021-04-23,-62.07339449541284,51231.69,-0.12819193908525067,-199.0
2021_warped_annealed,2021-04-24,-61.761467889908246,50167.5,-0.13794432281423438,-198.0
2021_warped_annealed,2021-04-25,-61.449541284403665,49272.06,-0.1463118895185845,-197.0
2021_warped_annealed,2021-04-26,-61.13761467889907,53969.71,-0.10400263727861875,-196.0
2021_warped_annealed,2021-04-27,-60.82568807339449,55120.81,-0.09419753093547135,-195.0
2021_warped_annealed,2021-04-28,-60.51376146788991,54964.11,-0.0955202012482554,-194.0
2021_warped_annealed,2021-04-29,-60.20183486238531,53562.87,-0.1075182076796543,-193.0
2021_warped_annealed,2021-04-30,-59.88990825688073,57640.17,-0.07343339727999286,-192.0
2021_warped_annealed,2021-05-01,-59.577981651376135,57868.94,-0.07159307641639014,-191.0
2021_warped_annealed,2021-05-02,-59.26605504587155,56631.64,-0.08163447898850586,-190.0
2021_warped_annealed,2021-05-03,-58.95412844036697,57213.29,-0.07688701188327676,-189.0
2021_warped_annealed,2021-05-04,-58.64220183486238,53128.68,-0.11129969228881194,-188.0
2021_warped_annealed,2021-05-05,-58.330275229357795,57518.01,-0.07441909679244993,-187.0
2021_warped_annealed,2021-05-06,-58.0183486238532,56485.77,-0.08283272755550307,-186.0
2021_warped_annealed,2021-05-07,-57.70642201834862,57373.88,-0.07558476617115262,-185.0
2021_warped_annealed,2021-05-08,-57.39449541284404,59045.17,-0.0622444000726658,-184.0
2021_warped_annealed,2021-05-09,-57.08256880733944,58410.34,-0.06726665118088566,-183.0
2021_warped_annealed,2021-05-10,-56.77064220183486,55936.77,-0.08737039381480169,-182.0
2021_warped_annealed,2021-05-11,-56.458715596330265,56719.0,-0.08091833742171999,-181.0
2021_warped_annealed,2021-05-12,-56.146788990825684,49095.57,-0.14797905422777743,-180.0
2021_warped_annealed,2021-05-13,-55.83486238532109,49635.45,-0.14289795014242565,-179.0
2021_warped_annealed,2021-05-14,-55.52293577981651,49923.92,-0.1402056103043833,-178.0
2021_warped_annealed,2021-05-15,-55.211009174311926,46984.74,-0.16839638176469696,-177.0
2021_warped_annealed,2021-05-16,-54.89908256880733,46523.31,-0.1729817107327697,-176.0
2021_warped_annealed,2021-05-17,-54.58715596330275,43768.74,-0.20133798928042745,-175.0
2021_warped_annealed,2021-05-18,-54.27522935779815,42989.8,-0.20968082301080573,-174.0
2021_warped_annealed,2021-05-19,-53.96330275229357,37236.61,-0.2764302646796808,-173.0
2021_warped_annealed,2021-05-20,-53.65137614678899,40749.78,-0.2345427555710403,-172.0
2021_warped_annealed,2021-05-21,-53.339449541284395,37425.0,-0.2740856495436052,-171.0
2021_warped_annealed,2021-05-22,-53.027522935779814,37383.34,-0.27460311270799465,-170.0
2021_warped_annealed,2021-05-23,-52.71559633027522,34927.4,-0.30617439114170497,-169.0
2021_warped_annealed,2021-05-24,-52.40366972477064,38725.06,-0.25822045167780866,-168.0
2021_warped_annealed,2021-05-25,-52.09174311926604,38370.0,-0.26249990620349206,-167.0
2021_warped_annealed,2021-05-26,-51.77981651376146,39213.41,-0.25239814406395894,-166.0
2021_warped_annealed,2021-05-27,-51.46788990825688,38368.17,-0.2625220651851959,-165.0
2021_warped_annealed,2021-05-28,-51.15596330275228,35770.0,-0.29509926389561497,-164.0
2021_warped_annealed,2021-05-29,-50.8440366972477,34621.64,-0.3102594891016382,-163.0
2021_warped_annealed,2021-05-30,-50.53211009174311,35545.27,-0.29802739222153324,-162.0
2021_warped_annealed,2021-05-31,-50.220183486238525,37153.71,-0.2774657606919576,-161.0
2021_warped_annealed,2021-06-01,-49.908256880733944,36764.58,-0.2823574285591869,-160.0
2021_warped_annealed,2021-06-02,-49.59633027522935,37501.36,-0.27313866785185004,-159.0
2021_warped_annealed,2021-06-03,-49.28440366972477,39215.09,-0.25237823982760027,-158.0
2021_warped_annealed,2021-06-04,-48.97247706422017,36895.48,-0.28070615820946926,-157.0
2021_warped_annealed,2021-06-05,-48.66055045871559,35565.0,-0.2977695791600405,-156.0
2021_warped_annealed,2021-06-06,-48.34862385321101,35873.42,-0.2937579245218732,-155.0
2021_warped_annealed,2021-06-07,-48.036697247706414,33816.09,-0.32119721689772823,-154.0
2021_warped_annealed,2021-06-08,-47.72477064220183,33432.26,-0.3265008338052607,-153.0
2021_warped_annealed,2021-06-09,-47.41284403669724,37357.02,-0.2749303334799274,-152.0
2021_warped_annealed,2021-06-10,-47.100917431192656,36717.51,-0.28295264224012157,-151.0
2021_warped_annealed,2021-06-11,-46.78899082568806,37282.15,-0.27586240947838603,-150.0
2021_warped_annealed,2021-06-12,-46.47706422018348,35609.66,-0.29718653221809693,-149.0
2021_warped_annealed,2021-06-13,-46.1651376146789,39122.03,-0.2534820789918318,-148.0
2021_warped_annealed,2021-06-14,-45.8532110091743,40496.92,-0.23743467342749858,-147.0
2021_warped_annealed,2021-06-15,-45.54128440366972,40093.93,-0.24208113447009574,-146.0
2021_warped_annealed,2021-06-16,-45.229357798165125,38394.4,-0.26220455405901577,-145.0
2021_warped_annealed,2021-06-17,-44.917431192660544,38027.63,-0.2666640802337073,-144.0
2021_warped_annealed,2021-06-18,-44.60550458715596,35777.39,-0.2950032883053818,-143.0
2021_warped_annealed,2021-06-19,-44.29357798165137,35498.24,-0.2986425135407378,-142.0
2021_warped_annealed,2021-06-20,-43.981651376146786,35565.82,-0.2977588672680637,-141.0
2021_warped_annealed,2021-06-21,-43.66972477064219,31686.69,-0.3514148694398223,-140.0
2021_warped_annealed,2021-06-22,-43.35779816513761,32508.26,-0.33952224874855624,-139.0
2021_warped_annealed,2021-06-23,-43.045871559633014,33688.35,-0.3229555665452286,-138.0
2021_warped_annealed,2021-06-24,-42.73394495412843,34695.34,-0.30927153182182954,-137.0
2021_warped_annealed,2021-06-25,-42.42201834862385,31704.87,-0.351148384543929,-136.0
2021_warped_annealed,2021-06-26,-42.110091743119256,32265.95,-0.34299826169893843,-135.0
2021_warped_annealed,2021-06-27,-41.79816513761466,34596.99,-0.3105903946811079,-134.0
2021_warped_annealed,2021-06-28,-41.48623853211009,34541.8,-0.3113321298289212,-133.0
2021_warped_annealed,2021-06-29,-41.1743119266055,35928.75,-0.2930418910344776,-132.0
2021_warped_annealed,2021-06-30,-40.8623853211009,34995.83,-0.30526503219431833,-131.0
2021_warped_annealed,2021-07-01,-40.550458715596335,33538.49,-0.3250269184938596,-130.0
2021_warped_annealed,2021-07-02,-40.23853211009174,33832.49,-0.3209719510680678,-129.0
2021_warped_annealed,2021-07-03,-39.926605504587144,34633.93,-0.3100945941625016,-128.0
2021_warped_annealed,2021-07-04,-39.61467889908255,35126.9,-0.3035282108929306,-127.0
2021_warped_annealed,2021-07-05,-39.30275229357798,33673.22,-0.3231642734810365,-126.0
2021_warped_annealed,2021-07-06,-38.990825688073386,34193.9,-0.31603524836611163,-125.0
2021_warped_annealed,2021-07-07,-38.67889908256879,33791.0,-0.32154205765130944,-124.0
2021_warped_annealed,2021-07-08,-38.36697247706422,32878.23,-0.3342645794387786,-123.0
2021_warped_annealed,2021-07-09,-38.05504587155963,33766.87,-0.32187394564308236,-122.0
2021_warped_annealed,2021-07-10,-37.74311926605503,33547.19,-0.3249064150174427,-121.0
2021_warped_annealed,2021-07-11,-37.431192660550465,34236.21,-0.31546072725744906,-120.0
2021_warped_annealed,2021-07-12,-37.11926605504587,33096.86,-0.33118535389719445,-119.0
2021_warped_annealed,2021-07-13,-36.807339449541274,32768.54,-0.33581719603993965,-118.0
2021_warped_annealed,2021-07-14,-36.49541284403668,32817.18,-0.33512807659817745,-117.0
2021_warped_annealed,2021-07-15,-36.18348623853211,31891.09,-0.34842751209324685,-116.0
2021_warped_annealed,2021-07-16,-35.871559633027516,31408.78,-0.3555076546204775,-115.0
2021_warped_annealed,2021-07-17,-35.55963302752292,31503.78,-0.35410452844957746,-114.0
2021_warped_annealed,2021-07-18,-35.247706422018354,31753.02,-0.35044333295677105,-113.0
2021_warped_annealed,2021-07-19,-34.93577981651376,30849.9,-0.36384908391415743,-112.0
2021_warped_annealed,2021-07-20,-34.62385321100916,29788.61,-0.38011355886249387,-111.0
2021_warped_annealed,2021-07-21,-34.31192660550457,32086.04,-0.34559605505013835,-110.0
2021_warped_annealed,2021-07-22,-34.0,32327.95,-0.3421063734059836,-109.0
2021_warped_annealed,2021-07-23,-33.688073394495405,33700.0,-0.32279492744822813,-108.0
2021_warped_annealed,2021-07-24,-33.37614678899081,34275.43,-0.31492879856067985,-107.0
2021_warped_annealed,2021-07-25,-33.06422018348624,35368.57,-0.30034274191246524,-106.0
2021_warped_annealed,2021-07-26,-32.752293577981646,37269.12,-0.27602481452529526,-105.0
2021_warped_annealed,2021-07-27,-32.44036697247705,39381.82,-0.2504070925404697,-104.0
2021_warped_annealed,2021-07-28,-32.128440366972455,40031.56,-0.2428044291665557,-103.0
2021_warped_annealed,2021-07-29,-31.81651376146789,40024.94,-0.2428812663679782,-102.0
2021_warped_annealed,2021-07-30,-31.504587155963293,42188.95,-0.21841743125471338,-101.0
2021_warped_annealed,2021-07-31,-31.192660550458697,41472.42,-0.22637591205431568,-100.0
2021_warped_annealed,2021-08-01,-30.88073394495413,39816.76,-0.24530408196210263,-99.0
2021_warped_annealed,2021-08-02,-30.568807339449535,39146.69,-0.25318931679154993,-98.0
2021_warped_annealed,2021-08-03,-30.25688073394494,38207.27,-0.26447450353563845,-97.0
2021_warped_annealed,2021-08-04,-29.944954128440372,39730.0,-0.24631754372479242,-96.0
2021_warped_annealed,2021-08-05,-29.633027522935777,40893.75,-0.23290420130814352,-95.0
2021_warped_annealed,2021-08-06,-29.32110091743118,42827.76,-0.21143533659725472,-94.0
2021_warped_annealed,2021-08-07,-29.009174311926586,44488.87,-0.19375608099936245,-93.0
2021_warped_annealed,2021-08-08,-28.69724770642202,43933.26,-0.19959489908434236,-92.0
2021_warped_annealed,2021-08-09,-28.385321100917423,46208.5,-0.17613621848026936,-91.0
2021_warped_annealed,2021-08-10,-28.073394495412828,45565.76,-0.18264398083142647,-90.0
2021_warped_annealed,2021-08-11,-27.76146788990826,45482.95,-0.18348910253451947,-89.0
2021_warped_annealed,2021-08-12,-27.449541284403665,44454.37,-0.19411650717059584,-88.0
2021_warped_annealed,2021-08-13,-27.13761467889907,47765.41,-0.16074028243693061,-87.0
2021_warped_annealed,2021-08-14,-26.825688073394474,47134.61,-0.16691677501964558,-86.0
2021_warped_annealed,2021-08-15,-26.513761467889907,47090.0,-0.16735669942375347,-85.0
2021_warped_annealed,2021-08-16,-26.20183486238531,45930.71,-0.17893767306671182,-84.0
2021_warped_annealed,2021-08-17,-25.889908256880716,44718.51,-0.19136409925721007,-83.0
2021_warped_annealed,2021-08-18,-25.57798165137615,44735.2,-0.1911907315794744,-82.0
2021_warped_annealed,2021-08-19,-25.266055045871553,46736.74,-0.17085518459105342,-81.0
2021_warped_annealed,2021-08-20,-24.954128440366958,49350.99,-0.1455682303897462,-80.0
2021_warped_annealed,2021-08-21,-24.64220183486239,48896.95,-0.1498624465400684,-79.0
2021_warped_annealed,2021-08-22,-24.330275229357795,49328.47,-0.14578028698139398,-78.0
2021_warped_annealed,2021-08-23,-24.0183486238532,49464.66,-0.1444993466582308,-77.0
2021_warped_annealed,2021-08-24,-23.706422018348604,47770.4,-0.1606917486137906,-76.0
2021_warped_annealed,2021-08-25,-23.394495412844037,48985.05,-0.149026105635126,-75.0
2021_warped_annealed,2021-08-26,-23.08256880733944,46770.6,-0.1705187106637437,-74.0
2021_warped_annealed,2021-08-27,-22.770642201834846,49082.04,-0.14810710891835308,-73.0
2021_warped_annealed,2021-08-28,-22.45871559633028,48963.41,-0.14923139658238166,-72.0
2021_warped_annealed,2021-08-29,-22.146788990825684,48770.78,-0.15106281727293414,-71.0
2021_warped_annealed,2021-08-30,-21.834862385321088,46924.16,-0.1689958038263744,-70.0
2021_warped_annealed,2021-08-31,-21.522935779816493,47065.73,-0.16759621467823838,-69.0
2021_warped_annealed,2021-09-01,-21.211009174311926,48889.19,-0.14993618508547613,-68.0
2021_warped_annealed,2021-09-02,-20.89908256880733,49273.33,-0.14629991446251045,-67.0
2021_warped_annealed,2021-09-03,-20.587155963302735,49919.31,-0.14024851377751432,-66.0
2021_warped_annealed,2021-09-04,-20.275229357798167,49949.07,-0.13997161879768885,-65.0
2021_warped_annealed,2021-09-05,-19.963302752293572,51782.76,-0.12322117775904239,-64.0
2021_warped_annealed,2021-09-06,-19.651376146788976,52691.2,-0.11514121637310025,-63.0
2021_warped_annealed,2021-09-07,-19.33944954128441,46943.82,-0.16880118887815423,-62.0
2021_warped_annealed,2021-09-08,-19.027522935779814,46022.48,-0.1780103218993155,-61.0
2021_warped_annealed,2021-09-09,-18.71559633027522,46414.58,-0.17406880429826935,-60.0
2021_warped_annealed,2021-09-10,-18.403669724770623,44897.75,-0.18950561517247766,-59.0
2021_warped_annealed,2021-09-11,-18.091743119266056,45127.48,-0.18713443495525633,-58.0
2021_warped_annealed,2021-09-12,-17.77981651376146,46010.13,-0.1781350129742561,-57.0
2021_warped_annealed,2021-09-13,-17.467889908256865,44969.02,-0.18876869937852633,-56.0
2021_warped_annealed,2021-09-14,-17.155963302752298,47096.48,-0.16729277061860268,-55.0
2021_warped_annealed,2021-09-15,-16.844036697247702,48106.71,-0.15743235526621338,-54.0
2021_warped_annealed,2021-09-16,-16.532110091743107,47772.7,-0.16066938002143202,-53.0
2021_warped_annealed,2021-09-17,-16.22018348623851,47337.8,-0.16491825661123127,-52.0
2021_warped_annealed,2021-09-18,-15.908256880733944,48300.04,-0.15556897051161447,-51.0
2021_warped_annealed,2021-09-19,-15.596330275229349,47270.75,-0.1655767912380532,-50.0
2021_warped_annealed,2021-09-20,-15.284403669724753,42991.14,-0.20966634153720448,-49.0
2021_warped_annealed,2021-09-21,-14.972477064220186,40656.13,-0.23561171736970477,-48.0
2021_warped_annealed,2021-09-22,-14.66055045871559,43544.09,-0.20372876845249044,-47.0
2021_warped_annealed,2021-09-23,-14.348623853210995,44892.71,-0.18955777191839476,-46.0
2021_warped_annealed,2021-09-24,-14.0366972477064,42816.65,-0.2115558749318551,-45.0
2021_warped_annealed,2021-09-25,-13.724770642201833,42682.26,-0.21301642645120986,-44.0
2021_warped_annealed,2021-09-26,-13.412844036697237,43142.04,-0.20803843543945646,-43.0
2021_warped_annealed,2021-09-27,-13.100917431192642,42214.52,-0.21813592983668717,-42.0
2021_warped_annealed,2021-09-28,-12.788990825688074,41006.19,-0.23162850389898332,-41.0
2021_warped_annealed,2021-09-29,-12.477064220183479,41522.49,-0.2258153336886401,-40.0
2021_warped_annealed,2021-09-30,-12.165137614678883,43834.03,-0.20064545853730817,-39.0
2021_warped_annealed,2021-10-01,-11.853211009174316,48145.34,-0.1570594273531906,-38.0
2021_warped_annealed,2021-10-02,-11.54128440366972,47692.85,-0.16144659021875454,-37.0
2021_warped_annealed,2021-10-03,-11.229357798165125,48179.83,-0.15672671909851651,-36.0
2021_warped_annealed,2021-10-04,-10.91743119266053,49248.68,-0.14653239886249306,-35.0
2021_warped_annealed,2021-10-05,-10.605504587155963,51441.74,-0.1262909686245766,-34.0
2021_warped_annealed,2021-10-06,-10.293577981651367,55278.64,-0.09286911801830611,-33.0
2021_warped_annealed,2021-10-07,-9.981651376146772,53844.74,-0.10507969540021408,-32.0
2021_warped_annealed,2021-10-08,-9.669724770642205,53983.21,-0.10388643636997191,-31.0
2021_warped_annealed,2021-10-09,-9.35779816513761,54951.3,-0.09562849432551111,-30.0
2021_warped_annealed,2021-10-10,-9.045871559633014,54655.3,-0.09813787302961254,-29.0
2021_warped_annealed,2021-10-11,-8.733944954128418,57440.05,-0.07504924487366375,-28.0
2021_warped_annealed,2021-10-12,-8.422018348623851,56019.29,-0.08668550221589162,-27.0
2021_warped_annealed,2021-10-13,-8.110091743119256,57372.59,-0.07559521242376109,-26.0
2021_warped_annealed,2021-10-14,-7.79816513761466,57327.09,-0.07596381584383036,-25.0
2021_warped_annealed,2021-10-15,-7.486238532110093,61682.48,-0.04194264055001676,-24.0
2021_warped_annealed,2021-10-16,-7.1743119266054975,60880.85,-0.04802020747564562,-23.0
2021_warped_annealed,2021-10-17,-6.862385321100902,61541.01,-0.04300943607861803,-22.0
2021_warped_annealed,2021-10-18,-6.550458715596335,62036.95,-0.03928036557134909,-21.0
2021_warped_annealed,2021-10-19,-6.2385321100917395,64353.53,-0.022247342818978888,-20.0
2021_warped_annealed,2021-10-20,-5.926605504587144,66005.17,-0.010473756854430595,-19.0
2021_warped_annealed,2021-10-21,-5.6146788990825485,62152.09,-0.03841886964749895,-18.0
2021_warped_annealed,2021-10-22,-5.302752293577981,60671.75,-0.0496186622595241,-17.0
2021_warped_annealed,2021-10-23,-4.990825688073386,61308.09,-0.04477119090520002,-16.0
2021_warped_annealed,2021-10-24,-4.67889908256879,60889.41,-0.04795488800156265,-15.0
2021_warped_annealed,2021-10-25,-4.366972477064223,63102.83,-0.031365681641106216,-14.0
2021_warped_annealed,2021-10-26,-4.055045871559628,60341.21,-0.05215673091751321,-13.0
2021_warped_annealed,2021-10-27,-3.7431192660550323,58517.61,-0.06641419863106414,-12.0
2021_warped_annealed,2021-10-28,-3.431192660550437,60577.62,-0.05034003346442603,-11.0
2021_warped_annealed,2021-10-29,-3.1192660550458697,62316.4,-0.03719223571532713,-10.0
2021_warped_annealed,2021-10-30,-2.8073394495412742,62062.88,-0.039086213743390254,-9.0
2021_warped_annealed,2021-10-31,-2.4954128440366787,61333.45,-0.04457904912619768,-8.0
2021_warped_annealed,2021-11-01,-2.1834862385321117,60950.0,-0.0474928014295681,-7.0
2021_warped_annealed,2021-11-02,-1.8715596330275162,63357.2,-0.02949662121367553,-6.0
2021_warped_annealed,2021-11-03,-1.5596330275229207,62944.4,-0.03253360539677185,-5.0
2021_warped_annealed,2021-11-04,-1.2477064220183252,61499.24,-0.043324883828855194,-4.0
2021_warped_annealed,2021-11-05,-0.9357798165137581,61000.01,-0.04711174860434703,-3.0
2021_warped_annealed,2021-11-06,-0.6238532110091626,61539.3,-0.04302234582398562,-2.0
2021_warped_annealed,2021-11-07,-0.3119266055045671,63433.66,-0.02893627486537017,-1.0
2021_warped_annealed,2021-11-08,0.0,67510.06,0.0,0.0
2021_warped_annealed,2021-11-09,0.2553191489361702,66967.98,-0.0037456268817238417,1.0
2021_warped_annealed,2021-11-10,0.5106382978723404,64896.86,-0.01834123228584272,2.0
2021_warped_annealed,2021-11-11,0.7659574468085106,64793.69,-0.019080421016879377,3.0
2021_warped_annealed,2021-11-12,1.0212765957446808,64158.51,-0.023657429515186852,4.0
2021_warped_annealed,2021-11-13,1.276595744680851,64482.54,-0.021316886051418626,5.0
2021_warped_annealed,2021-11-14,1.5319148936170213,65714.05,-0.012527441455744451,6.0
2021_warped_annealed,2021-11-15,1.7872340425531914,63441.68,-0.028877538469110786,7.0
2021_warped_annealed,2021-11-16,2.0425531914893615,60147.32,-0.05365200300712395,8.0
2021_warped_annealed,2021-11-17,2.2978723404255317,60314.28,-0.05236412646108275,9.0
2021_warped_annealed,2021-11-18,2.553191489361702,57017.38,-0.0784806307168722,10.0
2021_warped_annealed,2021-11-19,2.808510638297872,58187.85,-0.06903973538858141,11.0
2021_warped_annealed,2021-11-20,3.0638297872340425,59771.71,-0.05656245611672191,12.0
2021_warped_annealed,2021-11-21,3.3191489361702127,58742.9,-0.06462894132950692,13.0
2021_warped_annealed,2021-11-22,3.574468085106383,56254.57,-0.08473827271533212,14.0
2021_warped_annealed,2021-11-23,3.829787234042553,57599.99,-0.07375737582058277,15.0
2021_warped_annealed,2021-11-24,4.085106382978723,57255.24,-0.07654648137528883,16.0
2021_warped_annealed,2021-11-25,4.340425531914893,59022.44,-0.06242328708728413,17.0
2021_warped_annealed,2021-11-26,4.595744680851063,53839.39,-0.10512586033496114,18.0
2021_warped_annealed,2021-11-27,4.8510638297872335,54665.93,-0.09804752079381415,19.0
2021_warped_annealed,2021-11-28,5.106382978723404,57471.87,-0.0747919416350371,20.0
2021_warped_annealed,2021-11-29,5.361702127659574,57828.33,-0.07191922841428455,21.0
2021_warped_annealed,2021-11-30,5.617021276595744,56879.47,-0.07960573921472547,22.0
2021_warped_annealed,2021-12-01,5.872340425531914,57228.47,-0.07676375891326444,23.0
2021_warped_annealed,2021-12-02,6.127659574468085,56566.29,-0.08217091423111118,24.0
2021_warped_annealed,2021-12-03,6.382978723404255,53681.96,-0.10648637505357134,25.0
2021_warped_annealed,2021-12-04,6.638297872340425,49335.0,-0.14571878813862746,26.0
2021_warped_annealed,2021-12-05,6.8936170212765955,49511.76,-0.1440571664030362,27.0
2021_warped_annealed,2021-12-06,7.148936170212766,50588.91,-0.13405794666794876,28.0
2021_warped_annealed,2021-12-07,7.404255319148936,50676.09,-0.13325798762481988,29.0
2021_warped_annealed,2021-12-08,7.659574468085106,50531.51,-0.13458539900576905,30.0
2021_warped_annealed,2021-12-09,7.914893617021276,47639.07,-0.1619707849499063,31.0
2021_warped_annealed,2021-12-10,8.170212765957446,47268.48,-0.16559910249017404,32.0
2021_warped_annealed,2021-12-11,8.425531914893616,49432.46,-0.14480188637064764,33.0
2021_warped_annealed,2021-12-12,8.680851063829786,50065.39,-0.13889092678361312,34.0
2021_warped_annealed,2021-12-13,8.936170212765957,46639.86,-0.1718192497254328,35.0
2021_warped_annealed,2021-12-14,9.191489361702127,48343.16,-0.1551543816533003,36.0
2021_warped_annealed,2021-12-15,9.446808510638297,48885.97,-0.14996678621688542,37.0
2021_warped_annealed,2021-12-16,9.702127659574467,47605.48,-0.16229848766144547,38.0
2021_warped_annealed,2021-12-17,9.957446808510637,46240.15,-0.17581810409761578,39.0
2021_warped_annealed,2021-12-18,10.212765957446807,46813.13,-0.17009642609761988,40.0
2021_warped_annealed,2021-12-19,10.468085106382977,46683.77,-0.17138204787309128,41.0
2021_warped_annealed,2021-12-20,10.723404255319148,46963.71,-0.16860438007547235,42.0
2021_warped_annealed,2021-12-21,10.978723404255318,48954.47,-0.14931623365321503,43.0
2021_warped_annealed,2021-12-22,11.234042553191488,48646.94,-0.15224404426829705,44.0
2021_warped_annealed,2021-12-23,11.489361702127658,50840.46,-0.1317534736295738,45.0
2021_warped_annealed,2021-12-24,11.744680851063828,50815.7,-0.13197979579814317,46.0
2021_warped_annealed,2021-12-25,11.999999999999998,50395.07,-0.13584156364986114,47.0
2021_warped_annealed,2021-12-26,12.25531914893617,50841.73,-0.13174186799272547,48.0
2021_warped_annealed,2021-12-27,12.51063829787234,50663.26,-0.13337562862051416,49.0
2021_warped_annealed,2021-12-28,12.76595744680851,47594.55,-0.1624051701716458,50.0
2021_warped_annealed,2021-12-29,13.02127659574468,46518.8,-0.17302675164095008,51.0
2021_warped_annealed,2021-12-30,13.27659574468085,47097.85,-0.16727925593280857,52.0
2021_warped_annealed,2021-12-31,13.53191489361702,46244.63,-0.17577309317719556,53.0
2021_warped_annealed,2022-01-01,13.787234042553191,47748.83,-0.1609015795348256,54.0
2021_warped_annealed,2022-01-02,14.042553191489361,47258.52,-0.16569700946064272,55.0
2021_warped_annealed,2022-01-03,14.297872340425531,46519.76,-0.1730171638534405,56.0
2021_warped_annealed,2022-01-04,14.553191489361701,45889.4,-0.179355722426691,57.0
2021_warped_annealed,2022-01-05,14.808510638297872,43422.85,-0.20502416330510168,58.0
2021_warped_annealed,2022-01-06,15.063829787234042,43133.33,-0.20813224378429698,59.0
2021_warped_annealed,2022-01-07,15.319148936170212,41656.16,-0.22432208341917131,60.0
2021_warped_annealed,2022-01-08,15.574468085106382,41667.48,-0.2241958459314528,61.0
2021_warped_annealed,2022-01-09,15.829787234042552,41838.78,-0.22228973098809288,62.0
2021_warped_annealed,2022-01-10,16.085106382978722,41872.47,-0.2219157690905833,63.0
2021_warped_annealed,2022-01-11,16.340425531914892,42771.24,-0.21204887771400427,64.0
2021_warped_annealed,2022-01-12,16.595744680851062,43884.25,-0.2001134767113433,65.0
2021_warped_annealed,2022-01-13,16.851063829787233,42617.64,-0.21372035513465204,66.0
2021_warped_annealed,2022-01-14,17.106382978723403,43158.68,-0.20785927213840885,67.0
2021_warped_annealed,2022-01-15,17.361702127659573,43082.34,-0.20868179604955783,68.0
2021_warped_annealed,2022-01-16,17.617021276595743,43137.67,-0.2080854987971126,69.0
2021_warped_annealed,2022-01-17,17.872340425531913,42285.47,-0.21735572975470369,70.0
2021_warped_annealed,2022-01-18,18.127659574468083,42411.61,-0.21597186114885583,71.0
2021_warped_annealed,2022-01-19,18.382978723404253,41723.49,-0.2235717422279706,72.0
2021_warped_annealed,2022-01-20,18.638297872340424,40696.22,-0.23515381157872836,73.0
2021_warped_annealed,2022-01-21,18.893617021276594,36513.29,-0.2855439307328257,74.0
2021_warped_annealed,2022-01-22,19.148936170212764,35108.16,-0.3037761390124606,75.0
2021_warped_annealed,2022-01-23,19.404255319148934,36233.04,-0.28912363235647753,76.0
2021_warped_annealed,2022-01-24,19.659574468085104,36643.49,-0.2838901915808877,77.0
2021_warped_annealed,2022-01-25,19.914893617021274,36976.64,-0.27968528502152334,78.0
2021_warped_annealed,2022-01-26,20.170212765957444,36838.9,-0.2814191805588912,79.0
2021_warped_annealed,2022-01-27,20.425531914893615,37139.68,-0.27764123666037954,80.0
2021_warped_annealed,2022-01-28,20.680851063829785,37677.8,-0.2709578945337817,81.0
2021_warped_annealed,2022-01-29,20.936170212765955,38166.62,-0.26496907132391706,82.0
2021_warped_annealed,2022-01-30,21.191489361702125,37918.6,-0.26799806305712837,83.0
2021_warped_annealed,2022-01-31,21.446808510638295,38430.3,-0.2617703401264544,84.0
2021_warped_annealed,2022-02-01,21.702127659574465,38745.11,-0.2579799655525604,85.0
2021_warped_annealed,2022-02-02,21.957446808510635,36905.98,-0.2805739572838744,86.0
2021_warped_annealed,2022-02-03,22.212765957446805,37238.31,-0.27640905427164303,87.0
2021_warped_annealed,2022-02-04,22.468085106382976,41545.39,-0.225559172981297,88.0
2021_warped_annealed,2022-02-05,22.723404255319146,41447.5,-0.22665516600373714,89.0
2021_warped_annealed,2022-02-06,22.978723404255316,42496.61,-0.21504165440962414,90.0
2021_warped_annealed,2022-02-07,23.234042553191486,43897.96,-0.19996835209146416,91.0
2021_warped_annealed,2022-02-08,23.489361702127656,44147.59,-0.1973338370831237,92.0
2021_warped_annealed,2022-02-09,23.744680851063826,44402.94,-0.19465432297272217,93.0
2021_warped_annealed,2022-02-10,23.999999999999996,43477.29,-0.2044420495728669,94.0
2021_warped_annealed,2022-02-11,24.255319148936167,42391.54,-0.21619177143495155,95.0
2021_warped_annealed,2022-02-12,24.51063829787234,42217.48,-0.2181033540598085,96.0
2021_warped_annealed,2022-02-13,24.76595744680851,42097.33,-0.21942748322293956,97.0
2021_warped_annealed,2022-02-14,25.02127659574468,42572.56,-0.21421205994542572,98.0
2021_warped_annealed,2022-02-15,25.27659574468085,44469.73,-0.19395600463824458,99.0
2021_warped_annealed,2022-02-16,25.53191489361702,43897.22,-0.19997618406467824,100.0
2021_warped_annealed,2022-02-17,25.78723404255319,40553.82,-0.23678234620784064,101.0
2021_warped_annealed,2022-02-18,26.04255319148936,39993.11,-0.24325088924678276,102.0
2021_warped_annealed,2022-02-19,26.29787234042553,40089.18,-0.24213617984837008,103.0
2021_warped_annealed,2022-02-20,26.5531914893617,38426.4,-0.2618174913559289,104.0
2021_warped_annealed,2022-02-21,26.80851063829787,37075.4,-0.2784460477724304,105.0
2021_warped_annealed,2022-02-22,27.06382978723404,38261.46,-0.26381601913119695,106.0
2021_warped_annealed,2022-02-23,27.319148936170212,37225.0,-0.2765751451837547,107.0
2021_warped_annealed,2022-02-24,27.574468085106382,38367.61,-0.26252884628696727,108.0
2021_warped_annealed,2022-02-25,27.829787234042552,39212.8,-0.2524053714084259,109.0
2021_warped_annealed,2022-02-26,28.085106382978722,39138.21,-0.25328997008736964,110.0
2021_warped_annealed,2022-02-27,28.340425531914892,37700.0,-0.27068422926975716,111.0
2021_warped_annealed,2022-02-28,28.595744680851062,43206.02,-0.20734993871582236,112.0
2021_warped_annealed,2022-03-01,28.851063829787233,44412.2,-0.19455744297256325,113.0
2021_warped_annealed,2022-03-02,29.106382978723403,43862.75,-0.20034115223215712,114.0
2021_warped_annealed,2022-03-03,29.361702127659573,42432.0,-0.21574855111239338,115.0
2021_warped_annealed,2022-03-04,29.617021276595743,39205.77,-0.2524886717064189,116.0
2021_warped_annealed,2022-03-05,29.872340425531913,39390.89,-0.2503001029193338,117.0
2021_warped_annealed,2022-03-06,30.127659574468083,38432.11,-0.2617484587456271,118.0
2021_warped_annealed,2022-03-07,30.382978723404253,38004.69,-0.2669444333136478,119.0
2021_warped_annealed,2022-03-08,30.638297872340424,38724.21,-0.25823064960118214,120.0
2021_warped_annealed,2022-03-09,30.893617021276594,41985.86,-0.2206593371802188,121.0
2021_warped_annealed,2022-03-10,31.148936170212764,39454.87,-0.24954609460523913,122.0
2021_warped_annealed,2022-03-11,31.404255319148934,38670.76,-0.2588723690320613,123.0
2021_warped_annealed,2022-03-12,31.659574468085104,38767.98,-0.25770580733083087,124.0
2021_warped_annealed,2022-03-13,31.914893617021274,37780.14,-0.26969766143590473,125.0
2021_warped_annealed,2022-03-14,32.170212765957444,39644.88,-0.247314001377868,126.0
2021_warped_annealed,2022-03-15,32.42553191489361,39361.36,-0.25064852899055334,127.0
2021_warped_annealed,2022-03-16,32.680851063829785,41109.85,-0.2304555158565034,128.0
2021_warped_annealed,2022-03-17,32.93617021276596,40964.07,-0.23210596966172756,129.0
2021_warped_annealed,2022-03-18,33.191489361702125,41806.03,-0.22265354755788186,130.0
2021_warped_annealed,2022-03-19,33.4468085106383,42219.55,-0.21808057438374776,131.0
2021_warped_annealed,2022-03-20,33.702127659574465,41271.13,-0.22863638364954936,132.0
2021_warped_annealed,2022-03-21,33.95744680851064,41009.98,-0.23158556510197453,133.0
2021_warped_annealed,2022-03-22,34.212765957446805,42359.88,-0.2165388870049518,134.0
2021_warped_annealed,2022-03-23,34.46808510638298,42940.28,-0.21021630592136664,135.0
2021_warped_annealed,2022-03-24,34.723404255319146,43979.48,-0.1991063723756328,136.0
2021_warped_annealed,2022-03-25,34.97872340425532,44355.11,-0.19515505205735295,137.0
2021_warped_annealed,2022-03-26,35.234042553191486,44548.42,-0.19313461117694336,138.0
2021_warped_annealed,2022-03-27,35.48936170212766,46819.78,-0.17003043227693446,139.0
2021_warped_annealed,2022-03-28,35.744680851063826,47191.31,-0.1663582248233651,140.0
2021_warped_annealed,2022-03-29,36.0,47430.74,-0.16400698306163075,141.0
2021_warped_annealed,2022-03-30,36.36864406779661,47022.82,-0.1680199863447404,142.0
2021_warped_annealed,2022-03-31,36.73728813559322,45475.83,-0.18356183788153477,143.0
2021_warped_annealed,2022-04-01,37.10593220338983,46222.43,-0.17599618111076343,144.0
2021_warped_annealed,2022-04-02,37.47457627118644,45871.46,-0.1795373890384742,145.0
2021_warped_annealed,2022-04-03,37.84322033898305,46358.05,-0.17463500358508086,146.0
2021_warped_annealed,2022-04-04,38.21186440677966,46568.89,-0.17252675283449734,147.0
2021_warped_annealed,2022-04-05,38.58050847457627,45449.25,-0.1838334702024814,148.0
2021_warped_annealed,2022-04-06,38.94915254237288,43206.04,-0.20734972365278034,149.0
2021_warped_annealed,2022-04-07,39.317796610169495,43432.08,-0.2049254177909703,150.0
2021_warped_annealed,2022-04-08,39.686440677966104,42281.5,-0.21739935118325512,151.0
2021_warped_annealed,2022-04-09,40.05508474576271,42773.37,-0.21202574124389315,152.0
2021_warped_annealed,2022-04-10,40.42372881355932,42177.2,-0.2185468448152177,153.0
2021_warped_annealed,2022-04-11,40.79237288135593,39615.2,-0.24766195355472523,154.0
2021_warped_annealed,2022-04-12,41.16101694915254,40105.2,-0.2419505581548145,155.0
2021_warped_annealed,2022-04-13,41.529661016949156,41101.04,-0.2305550923221819,156.0
2021_warped_annealed,2022-04-14,41.898305084745765,39910.05,-0.24421680283452998,157.0
2021_warped_annealed,2022-04-15,42.266949152542374,40566.6,-0.23663595640894228,158.0
2021_warped_annealed,2022-04-16,42.63559322033898,40378.25,-0.23879811394175643,159.0
2021_warped_annealed,2022-04-17,43.00423728813559,39670.73,-0.24701116221188596,160.0
2021_warped_annealed,2022-04-18,43.37288135593221,40817.48,-0.2337715271210651,161.0
2021_warped_annealed,2022-04-19,43.74152542372882,41480.25,-0.22628820358305338,162.0
2021_warped_annealed,2022-04-20,44.110169491525426,41350.25,-0.2277465596518707,163.0
2021_warped_annealed,2022-04-21,44.478813559322035,40464.52,-0.23780653127980997,164.0
2021_warped_annealed,2022-04-22,44.847457627118644,39708.2,-0.24657254200824927,165.0
2021_warped_annealed,2022-04-23,45.21610169491525,39468.1,-0.24939033079024028,166.0
2021_warped_annealed,2022-04-24,45.58474576271186,39489.71,-0.2491360170466205,167.0
2021_warped_annealed,2022-04-25,45.95338983050848,40490.41,-0.23750936542181428,168.0
2021_warped_annealed,2022-04-26,46.32203389830509,38102.78,-0.26574684420652533,169.0
2021_warped_annealed,2022-04-27,46.690677966101696,39188.42,-0.2526943203059762,170.0
2021_warped_annealed,2022-04-28,47.059322033898304,39737.71,-0.2462273920439303,171.0
2021_warped_annealed,2022-04-29,47.42796610169491,38597.17,-0.259757341589916,172.0
2021_warped_annealed,2022-04-30,47.79661016949153,37658.53,-0.27119557167309954,173.0
2021_warped_annealed,2022-05-01,48.16525423728814,38496.42,-0.2609716728625371,174.0
2021_warped_annealed,2022-05-02,48.53389830508475,38488.36,-0.26106895661582175,175.0
2021_warped_annealed,2022-05-03,48.902542372881356,37708.41,-0.2705805990638188,176.0
2021_warped_annealed,2022-05-04,49.271186440677965,39671.83,-0.2469982798165243,177.0
2021_warped_annealed,2022-05-05,49.639830508474574,36516.79,-0.28549939830060095,178.0
2021_warped_annealed,2022-05-06,50.00847457627118,36013.22,-0.29195087655333807,179.0
2021_warped_annealed,2022-05-07,50.3771186440678,35445.54,-0.2993327637035323,180.0
2021_warped_annealed,2022-05-08,50.74576271186441,34089.76,-0.3174523835028147,181.0
2021_warped_annealed,2022-05-09,51.11440677966102,30176.73,-0.3740993025295457,182.0
2021_warped_annealed,2022-05-10,51.483050847457626,30961.83,-0.3621664632162031,183.0
2021_warped_annealed,2022-05-11,51.85169491525424,29027.82,-0.3921334491960639,184.0
2021_warped_annealed,2022-05-12,52.22033898305085,28959.93,-0.3932213264504949,185.0
2021_warped_annealed,2022-05-13,52.58898305084746,29292.4,-0.38791793083417814,186.0
2021_warped_annealed,2022-05-14,52.95762711864407,30012.62,-0.3766328358225648,187.0
2021_warped_annealed,2022-05-15,53.32627118644068,31258.75,-0.3577322268361986,188.0
2021_warped_annealed,2022-05-16,53.69491525423729,29854.67,-0.3790843882529341,189.0
2021_warped_annealed,2022-05-17,54.063559322033896,30391.04,-0.37081144634924995,190.0
2021_warped_annealed,2022-05-18,54.432203389830505,28762.93,-0.3963925745405079,191.0
2021_warped_annealed,2022-05-19,54.80084745762712,30258.84,-0.37283685352524976,192.0
2021_warped_annealed,2022-05-20,55.16949152542373,29138.15,-0.39037092409237195,193.0
2021_warped_annealed,2022-05-21,55.53813559322034,29426.6,-0.3857942719027816,194.0
2021_warped_annealed,2022-05-22,55.906779661016955,30221.12,-0.37341637614572815,195.0
2021_warped_annealed,2022-05-23,56.275423728813564,29095.68,-0.391048592330469,196.0
2021_warped_annealed,2022-05-24,56.64406779661017,29605.66,-0.3829757549635269,197.0
2021_warped_annealed,2022-05-25,57.01271186440678,29487.83,-0.38482854821776175,198.0
2021_warped_annealed,2022-05-26,57.38135593220339,29160.96,-0.39000736623945476,199.0
2021_warped_annealed,2022-05-27,57.75,28608.55,-0.39889295547482956,200.0
2021_warped_annealed,2022-05-28,58.11864406779661,28974.3,-0.39299084727842737,201.0
2021_warped_annealed,2022-05-29,58.48728813559322,29441.17,-0.38556429081512933,202.0
2021_warped_annealed,2022-05-30,58.85593220338983,31691.54,-0.3513437625340719,203.0
2021_warped_annealed,2022-05-31,59.22457627118644,31804.27,-0.34969406227400546,204.0
2021_warped_annealed,2022-06-01,59.59322033898305,29779.16,-0.38026097010861654,205.0
2021_warped_annealed,2022-06-02,59.96186440677966,30428.98,-0.370231802847334,206.0
2021_warped_annealed,2022-06-03,60.33050847457628,29684.67,-0.38173750421661196,207.0
2021_warped_annealed,2022-06-04,60.699152542372886,29832.02,-0.3794370033311603,208.0
2021_warped_annealed,2022-06-05,61.067796610169495,29893.98,-0.37847304495312095,209.0
2021_warped_annealed,2022-06-06,61.436440677966104,31324.88,-0.35675037019501576,210.0
2021_warped_annealed,2022-06-07,61.80508474576271,31073.76,-0.3604899143922877,211.0
2021_warped_annealed,2022-06-08,62.17372881355932,30195.33,-0.37381302509920666,212.0
2021_warped_annealed,2022-06-09,62.54237288135593,30070.71,-0.37573446080877876,213.0
2021_warped_annealed,2022-06-10,62.91101694915254,29061.88,-0.39158862585253484,214.0
2021_warped_annealed,2022-06-11,63.27966101694915,28381.45,-0.40259576117285567,215.0
2021_warped_annealed,2022-06-12,63.648305084745765,26633.35,-0.43213117827102265,216.0
2021_warped_annealed,2022-06-13,64.01694915254237,22333.0,-0.513946851867464,217.0
2021_warped_annealed,2022-06-14,64.38559322033899,22122.57,-0.5183452532911135,218.0
2021_warped_annealed,2022-06-15,64.7542372881356,22544.07,-0.5095765104551551,219.0
2021_warped_annealed,2022-06-16,65.12288135593221,20336.62,-0.557453114376484,220.0
2021_warped_annealed,2022-06-17,65.49152542372882,20421.22,-0.5555243908680226,221.0
2021_warped_annealed,2022-06-18,65.86016949152543,18989.21,-0.5893025724363435,222.0
2021_warped_annealed,2022-06-19,66.22881355932203,20520.28,-0.5532761358661176,223.0
2021_warped_annealed,2022-06-20,66.59745762711864,20534.33,-0.5529581377423309,224.0
2021_warped_annealed,2022-06-21,66.96610169491525,20675.12,-0.5497835537084863,225.0
2021_warped_annealed,2022-06-22,67.33474576271186,19997.23,-0.5652720882250327,226.0
2021_warped_annealed,2022-06-23,67.70338983050848,21121.55,-0.5398583746043384,227.0
2021_warped_annealed,2022-06-24,68.07203389830508,21206.32,-0.5379974597763834,228.0
2021_warped_annealed,2022-06-25,68.4406779661017,21474.76,-0.5321532243333548,229.0
2021_warped_annealed,2022-06-26,68.8093220338983,21025.22,-0.5419821479534395,230.0
2021_warped_annealed,2022-06-27,69.17796610169492,20718.74,-0.5488043793259056,231.0
2021_warped_annealed,2022-06-28,69.54661016949153,20251.34,-0.5594054782117943,232.0
2021_warped_annealed,2022-06-29,69.91525423728814,20094.43,-0.5630192851798056,233.0
2021_warped_annealed,2022-06-30,70.28389830508475,19837.58,-0.5689961651687957,234.0
2021_warped_annealed,2022-07-01,70.65254237288136,19270.3,-0.5824756659590113,235.0
2021_warped_annealed,2022-07-02,71.02118644067797,19210.52,-0.5839191835791039,236.0
2021_warped_annealed,2022-07-03,71.38983050847457,19283.07,-0.5821678871504193,237.0
2021_warped_annealed,2022-07-04,71.7584745762712,20205.89,-0.5604493521936836,238.0
2021_warped_annealed,2022-07-05,72.12711864406779,20171.1,-0.5612499801362203,239.0
2021_warped_annealed,2022-07-06,72.49576271186442,20556.8,-0.5524500190420204,240.0
2021_warped_annealed,2022-07-07,72.86440677966101,21657.39,-0.5282187768299741,241.0
2021_warped_annealed,2022-07-08,73.23305084745763,21582.54,-0.5298272632682636,242.0
2021_warped_annealed,2022-07-09,73.60169491525424,21573.37,-0.5300247051178778,243.0
2021_warped_annealed,2022-07-10,73.97033898305085,20806.95,-0.5468305401468556,244.0
2021_warped_annealed,2022-07-11,74.33898305084746,19942.91,-0.5665358365515851,245.0
2021_warped_annealed,2022-07-12,74.70762711864407,19302.71,-0.5816949271808233,246.0
2021_warped_annealed,2022-07-13,75.07627118644068,20206.62,-0.5604325673545856,247.0
2021_warped_annealed,2022-07-14,75.44491525423729,20583.48,-0.5518474195097125,248.0
2021_warped_annealed,2022-07-15,75.81355932203391,20838.39,-0.5461290422794365,249.0
2021_warped_annealed,2022-07-16,76.1822033898305,21195.28,-0.5382393938208869,250.0
2021_warped_annealed,2022-07-17,76.55084745762713,20762.12,-0.54783263480291,251.0
2021_warped_annealed,2022-07-18,76.91949152542372,22368.75,-0.513203727057915,252.0
2021_warped_annealed,2022-07-19,77.28813559322035,23410.92,-0.4920468726790012,253.0
2021_warped_annealed,2022-07-20,77.65677966101694,23237.11,-0.49550908429350327,254.0
2021_warped_annealed,2022-07-21,78.02542372881356,23140.92,-0.49743629144072116,255.0
2021_warped_annealed,2022-07-22,78.39406779661017,22706.35,-0.5062441314190353,256.0
2021_warped_annealed,2022-07-23,78.76271186440678,22457.13,-0.5113716831285766,257.0
2021_warped_annealed,2022-07-24,79.13135593220339,22592.39,-0.5085817700840217,258.0
2021_warped_annealed,2022-07-25,79.5,21248.31,-0.5370784267821475,259.0
2021_warped_annealed,2022-07-26,79.86864406779661,21277.3,-0.5364449832910179,260.0
2021_warped_annealed,2022-07-27,80.23728813559322,22986.74,-0.5005421264570259,261.0
2021_warped_annealed,2022-07-28,80.60593220338984,23875.62,-0.48291501227857125,262.0
2021_warped_annealed,2022-07-29,80.97457627118644,23817.5,-0.48404736110357555,263.0
2021_warped_annealed,2022-07-30,81.34322033898306,23643.31,-0.4874577206696093,264.0
2021_warped_annealed,2022-07-31,81.71186440677965,23296.14,-0.4943303395266069,265.0
2021_warped_annealed,2022-08-01,82.08050847457628,23250.19,-0.49524763734347255,266.0
2021_warped_annealed,2022-08-02,82.44915254237289,23005.22,-0.5001687643664467,267.0
2021_warped_annealed,2022-08-03,82.8177966101695,22820.48,-0.5039147346830506,268.0
2021_warped_annealed,2022-08-04,83.1864406779661,22604.63,-0.5083301288683627,269.0
2021_warped_annealed,2022-08-05,83.55508474576271,23285.14,-0.4945497672121199,270.0
2021_warped_annealed,2022-08-06,83.92372881355932,22960.16,-0.5010796641921993,271.0
2021_warped_annealed,2022-08-07,84.29237288135593,23187.41,-0.49650384650658336,272.0
2021_warped_annealed,2022-08-08,84.66101694915255,23824.9,-0.4839030338858868,273.0
2021_warped_annealed,2022-08-09,85.02966101694915,23138.91,-0.49747664802954744,274.0
2021_warped_annealed,2022-08-10,85.39830508474577,23982.75,-0.48083500873595386,275.0
2021_warped_annealed,2022-08-11,85.76694915254237,23956.28,-0.48134807669093854,276.0
2021_warped_annealed,2022-08-12,86.13559322033899,24398.29,-0.47285398757031877,277.0
2021_warped_annealed,2022-08-13,86.5042372881356,24447.08,-0.47192583855948717,278.0
2021_warped_annealed,2022-08-14,86.87288135593221,24301.71,-0.47469674833354386,279.0
2021_warped_annealed,2022-08-15,87.24152542372882,24092.27,-0.47871818420290474,280.0
2021_warped_annealed,2022-08-16,87.61016949152543,23861.8,-0.483184016601307,281.0
2021_warped_annealed,2022-08-17,87.97881355932203,23357.89,-0.493100472385141,282.0
2021_warped_annealed,2022-08-18,88.34745762711864,23175.9,-0.4967345270926072,283.0
2021_warped_annealed,2022-08-19,88.71610169491527,20850.04,-0.5458693730170943,284.0
2021_warped_annealed,2022-08-20,89.08474576271186,21151.45,-0.5392011431525051,285.0
2021_warped_annealed,2022-08-21,89.45338983050848,21513.86,-0.5313080748688315,286.0
2021_warped_annealed,2022-08-22,89.82203389830508,21403.82,-0.5336905339120552,287.0
2021_warped_annealed,2022-08-23,90.1906779661017,21529.34,-0.5309738978569414,288.0
2021_warped_annealed,2022-08-24,90.5593220338983,21358.67,-0.5346716153923964,289.0
2021_warped_annealed,2022-08-25,90.92796610169492,21518.35,-0.5312111215144768,290.0
2021_warped_annealed,2022-08-26,91.29661016949153,20230.18,-0.559891179258283,291.0
2021_warped_annealed,2022-08-27,91.66525423728814,20018.43,-0.5647798038353516,292.0
2021_warped_annealed,2022-08-28,92.03389830508475,19582.83,-0.5750011131401684,293.0
2021_warped_annealed,2022-08-29,92.40254237288136,20291.07,-0.5584948957316763,294.0
2021_warped_annealed,2022-08-30,92.77118644067797,19835.7,-0.5690401973185755,295.0
2021_warped_annealed,2022-08-31,93.13983050847457,20025.48,-0.5646162115602754,296.0
2021_warped_annealed,2022-09-01,93.5084745762712,20112.51,-0.5626014475195934,297.0
2021_warped_annealed,2022-09-02,93.87711864406779,19946.87,-0.5664435913692656,298.0
2021_warped_annealed,2022-09-03,94.24576271186442,19840.11,-0.5689369157234531,299.0
2021_warped_annealed,2022-09-04,94.61440677966101,20006.54,-0.5650558368316377,300.0
2021_warped_annealed,2022-09-05,94.98305084745763,19807.74,-0.5696955514682316,301.0
2021_warped_annealed,2022-09-06,95.35169491525424,18777.0,-0.5945238545542929,302.0
2021_warped_annealed,2022-09-07,95.72033898305085,19286.23,-0.5820917572127813,303.0
2021_warped_annealed,2022-09-08,96.08898305084746,19320.01,-0.5812787163055257,304.0
2021_warped_annealed,2022-09-09,96.45762711864407,21355.55,-0.5347394876448067,305.0
2021_warped_annealed,2022-09-10,96.82627118644068,21660.39,-0.5281544243613637,306.0
2021_warped_annealed,2022-09-11,97.19491525423729,21818.08,-0.5247843308482741,307.0
2021_warped_annealed,2022-09-12,97.56355932203391,22412.6,-0.5122938500266586,308.0
2021_warped_annealed,2022-09-13,97.9322033898305,20164.09,-0.5614114695517101,309.0
2021_warped_annealed,2022-09-14,98.30084745762713,20216.63,-0.5602024692685935,310.0
2021_warped_annealed,2022-09-15,98.66949152542372,19690.75,-0.5724477494060951,311.0
2021_warped_annealed,2022-09-16,99.03813559322035,19784.17,-0.570248727465625,312.0
2021_warped_annealed,2022-09-17,99.40677966101696,20117.18,-0.5624935825702602,313.0
2021_warped_annealed,2022-09-18,99.77542372881356,19425.05,-0.5787595920670106,314.0
2021_warped_annealed,2022-09-19,100.14406779661017,19553.1,-0.5757069908719628,315.0
2021_warped_annealed,2022-09-20,100.51271186440678,18869.22,-0.5922476318127543,316.0
2021_warped_annealed,2022-09-21,100.88135593220339,18488.54,-0.6017166382781116,317.0
2021_warped_annealed,2022-09-22,101.25,19402.35,-0.579302839576696,318.0
2021_warped_annealed,2022-09-23,101.61864406779661,19304.43,-0.5816535299811585,319.0
2021_warped_annealed,2022-09-24,101.98728813559322,18944.06,-0.5904085538403808,320.0
2021_warped_annealed,2022-09-25,102.35593220338983,18788.61,-0.5942366760458908,321.0
2021_warped_annealed,2022-09-26,102.72457627118645,19224.81,-0.5835737124320941,322.0
2021_warped_annealed,2022-09-27,103.09322033898306,19072.97,-0.5872577582086463,323.0
2021_warped_annealed,2022-09-28,103.46186440677967,19407.62,-0.5791766633725197,324.0
2021_warped_annealed,2022-09-29,103.83050847457628,19610.61,-0.5743425019909262,325.0
2021_warped_annealed,2022-09-30,104.19915254237289,19415.8,-0.5789808827670954,326.0
2021_warped_annealed,2022-10-01,104.5677966101695,19308.76,-0.5815493312660922,327.0
2021_warped_annealed,2022-10-02,104.9364406779661,19072.29,-0.5872743227143458,328.0
2021_warped_annealed,2022-10-03,105.30508474576271,19640.84,-0.5736268651736346,329.0
2021_warped_annealed,2022-10-04,105.67372881355932,20344.37,-0.5572760951894784,330.0
2021_warped_annealed,2022-10-05,106.04237288135593,20152.33,-0.561682510882193,331.0
2021_warped_annealed,2022-10-06,106.41101694915254,19962.19,-0.5660868960295765,332.0
2021_warped_annealed,2022-10-07,106.77966101694915,19524.22,-0.5763937155335065,333.0
2021_warped_annealed,2022-10-08,107.14830508474577,19409.72,-0.57912639397608,334.0
2021_warped_annealed,2022-10-09,107.51694915254238,19437.02,-0.5784733862991741,335.0
2021_warped_annealed,2022-10-10,107.88559322033899,19104.67,-0.5864862146836006,336.0
2021_warped_annealed,2022-10-11,108.2542372881356,19069.69,-0.5873376630356201,337.0
2021_warped_annealed,2022-10-12,108.62288135593221,19157.32,-0.5852075954203632,338.0
2021_warped_annealed,2022-10-13,108.99152542372882,19382.53,-0.579777684045138,339.0
2021_warped_annealed,2022-10-14,109.36016949152543,19187.64,-0.5844728597144946,340.0
2021_warped_annealed,2022-10-15,109.72881355932203,19074.41,-0.5872226823812684,341.0
2021_warped_annealed,2022-10-16,110.09745762711864,19270.79,-0.5824638523597594,342.0
2021_warped_annealed,2022-10-17,110.46610169491525,19565.96,-0.5754015249823294,343.0
2021_warped_annealed,2022-10-18,110.83474576271186,19334.77,-0.5809239083736988,344.0
2021_warped_annealed,2022-10-19,111.20338983050848,19122.17,-0.5860608319796329,345.0
2021_warped_annealed,2022-10-20,111.5720338983051,19046.77,-0.5878964062391241,346.0
2021_warped_annealed,2022-10-21,111.9406779661017,19172.57,-0.5848379013873221,347.0
2021_warped_annealed,2022-10-22,112.30932203389831,19210.62,-0.583916765113581,348.0
2021_warped_annealed,2022-10-23,112.67796610169492,19563.5,-0.5754599422715811,349.0
2021_warped_annealed,2022-10-24,113.04661016949153,19332.45,-0.5809796596974103,350.0
2021_warped_annealed,2022-10-25,113.41525423728814,20113.74,-0.5625730352641533,351.0
2021_warped_annealed,2022-10-26,113.78389830508475,20760.56,-0.5478675447643763,352.0
2021_warped_annealed,2022-10-27,114.15254237288136,20287.17,-0.5585842019190911,353.0
2021_warped_annealed,2022-10-28,114.52118644067797,20594.01,-0.5516098018809925,354.0
2021_warped_annealed,2022-10-29,114.88983050847457,20831.19,-0.5462895971648569,355.0
2021_warped_annealed,2022-10-30,115.25847457627118,20634.95,-0.5506871120197104,356.0
2021_warped_annealed,2022-10-31,115.6271186440678,20472.79,-0.5543526062032021,357.0
2021_warped_annealed,2022-11-01,115.99576271186442,20479.49,-0.5542005840540283,358.0
2021_warped_annealed,2022-11-02,116.36440677966102,20148.56,-0.5617694343134694,359.0
2021_warped_annealed,2022-11-03,116.73305084745763,20205.32,-0.5604624585855477,360.0
2021_warped_annealed,2022-11-04,117.10169491525424,21157.96,-0.5390581701063974,361.0
2021_warped_annealed,2022-11-05,117.47033898305085,21304.72,-0.535846638660321,362.0
2021_warped_annealed,2022-11-06,117.83898305084746,20912.34,-0.5444832132947908,363.0
2021_warped_annealed,2022-11-07,118.20762711864407,20578.77,-0.5519537436672628,364.0
2021_warped_annealed,2022-11-08,118.57627118644068,18561.6,-0.5998843216418602,365.0
2021_warped_annealed,2022-11-09,118.94491525423729,15850.62,-0.6732384630619691,366.0
2021_warped_annealed,2022-11-10,119.3135593220339,17573.15,-0.6253085720446444,367.0
2021_warped_annealed,2022-11-11,119.68220338983052,16997.14,-0.6407923645399448,368.0
2021_warped_annealed,2022-11-12,120.05084745762713,16777.73,-0.6468287781277869,369.0
2021_warped_annealed,2022-11-13,120.41949152542374,16290.62,-0.6605172851091876,370.0
2021_warped_annealed,2022-11-14,120.78813559322035,16576.49,-0.6524351117318067,371.0
2021_warped_annealed,2022-11-15,121.15677966101696,16869.14,-0.644304366019864,372.0
2021_warped_annealed,2022-11-16,121.52542372881356,16660.48,-0.6500870082748909,373.0
2021_warped_annealed,2022-11-17,121.89406779661017,16677.36,-0.6496165239389944,374.0
2021_warped_annealed,2022-11-18,122.26271186440678,16673.07,-0.6497360509348009,375.0
2021_warped_annealed,2022-11-19,122.63135593220339,16667.74,-0.6498845970208844,376.0
2021_warped_annealed,2022-11-20,123.0,16261.22,-0.6613565171447999,377.0
2021_warped_annealed,2022-11-21,123.15072083879423,15755.75,-0.6760275736369077,378.0
2021_warped_annealed,2022-11-22,123.30144167758847,16206.32,-0.6629277245648859,379.0
2021_warped_annealed,2022-11-23,123.4521625163827,16597.46,-0.6518477421527417,380.0
2021_warped_annealed,2022-11-24,123.60288335517693,16579.3,-0.652356360548533,381.0
2021_warped_annealed,2022-11-25,123.75360419397117,16508.49,-0.6543449157163636,382.0
2021_warped_annealed,2022-11-26,123.9043250327654,16452.39,-0.6559264355030399,383.0
2021_warped_annealed,2022-11-27,124.05504587155963,16428.77,-0.6565939227690603,384.0
2021_warped_annealed,2022-11-28,124.20576671035387,16193.89,-0.6632842031719751,385.0
2021_warped_annealed,2022-11-29,124.3564875491481,16441.63,-0.6562303878366063,386.0
2021_warped_annealed,2022-11-30,124.50720838794233,17179.78,-0.6358267013590009,387.0
2021_warped_annealed,2022-12-01,124.65792922673657,16980.55,-0.6412460582080594,388.0
2021_warped_annealed,2022-12-02,124.8086500655308,17099.27,-0.6380090895098692,389.0
2021_warped_annealed,2022-12-03,124.95937090432503,16883.68,-0.6439040854426913,390.0
2021_warped_annealed,2022-12-04,125.11009174311927,17102.35,-0.6379254109518666,391.0
2021_warped_annealed,2022-12-05,125.2608125819135,16970.79,-0.6415131761482694,392.0
2021_warped_annealed,2022-12-06,125.41153342070773,17089.95,-0.6382623904942766,393.0
2021_warped_annealed,2022-12-07,125.56225425950197,16844.05,-0.6449958960440747,394.0
2021_warped_annealed,2022-12-08,125.7129750982962,17228.23,-0.6345182889330093,395.0
2021_warped_annealed,2022-12-09,125.86369593709043,17129.01,-0.6372017315251733,396.0
2021_warped_annealed,2022-12-10,126.01441677588467,17131.03,-0.6371469450132047,397.0
2021_warped_annealed,2022-12-11,126.1651376146789,17087.42,-0.6383311752230629,398.0
2021_warped_annealed,2022-12-12,126.31585845347313,17209.62,-0.6350204239779601,399.0
2021_warped_annealed,2022-12-13,126.46657929226737,17763.65,-0.6202992135145696,400.0
2021_warped_annealed,2022-12-14,126.6173001310616,17815.79,-0.618937510569404,401.0
2021_warped_annealed,2022-12-15,126.76802096985583,17358.0,-0.6310318403501718,402.0
2021_warped_annealed,2022-12-16,126.91874180865007,16627.33,-0.6510123637516378,403.0
2021_warped_annealed,2022-12-17,127.0694626474443,16785.87,-0.6466034237371052,404.0
2021_warped_annealed,2022-12-18,127.22018348623853,16754.6,-0.6474697251253132,405.0
2021_warped_annealed,2022-12-19,127.37090432503277,16453.07,-0.6559072332983997,406.0
2021_warped_annealed,2022-12-20,127.521625163827,16893.02,-0.64364714065148,407.0
2021_warped_annealed,2022-12-21,127.67234600262123,16821.03,-0.6456312794721261,408.0
2021_warped_annealed,2022-12-22,127.82306684141547,16819.21,-0.645681551042308,409.0
2021_warped_annealed,2022-12-23,127.9737876802097,16776.77,-0.6468553627570821,410.0
2021_warped_annealed,2022-12-24,128.12450851900394,16833.61,-0.6452839466225799,411.0
2021_warped_annealed,2022-12-25,128.27522935779817,16831.17,-0.6453512945435691,412.0
2021_warped_annealed,2022-12-26,128.4259501965924,16940.82,-0.6423343754933358,413.0
2021_warped_annealed,2022-12-27,128.57667103538662,16693.38,-0.6491704499959308,414.0
2021_warped_annealed,2022-12-28,128.72739187418085,16539.02,-0.6534864986714508,415.0
2021_warped_annealed,2022-12-29,128.8781127129751,16626.11,-0.6510464542538628,416.0
2021_warped_annealed,2022-12-30,129.02883355176934,16606.43,-0.6515967190840041,417.0
2021_warped_annealed,2022-12-31,129.17955439056357,16531.0,-0.653711844781975,418.0
2021_warped_annealed,2023-01-01,129.3302752293578,16615.18,-0.6513519832659118,419.0
2021_warped_annealed,2023-01-02,129.48099606815202,16660.83,-0.6500772481331509,420.0
2021_warped_annealed,2023-01-03,129.63171690694625,16670.38,-0.6498110147868053,421.0
2021_warped_annealed,2023-01-04,129.7824377457405,16850.4,-0.6448207801741039,422.0
2021_warped_annealed,2023-01-05,129.93315858453474,16824.98,-0.6455221923021072,423.0
2021_warped_annealed,2023-01-06,130.08387942332897,16950.6,-0.6420662369482089,424.0
2021_warped_annealed,2023-01-07,130.2346002621232,16945.34,-0.6422104312879348,425.0
2021_warped_annealed,2023-01-08,130.38532110091742,17134.34,-0.6370571850394936,426.0
2021_warped_annealed,2023-01-09,130.53604193971165,17181.15,-0.6357896532705432,427.0
2021_warped_annealed,2023-01-10,130.6867627785059,17444.75,-0.6287156888229809,428.0
2021_warped_annealed,2023-01-11,130.83748361730014,17942.22,-0.6156521067816579,429.0
2021_warped_annealed,2023-01-12,130.98820445609437,18863.74,-0.5923825808633887,430.0
2021_warped_annealed,2023-01-13,131.1389252948886,19909.21,-0.5673215943904925,431.0
2021_warped_annealed,2023-01-14,131.28964613368282,20970.85,-0.5431851353352073,432.0
2021_warped_annealed,2023-01-15,131.44036697247705,20871.25,-0.5453969912514343,433.0
2021_warped_annealed,2023-01-16,131.5910878112713,21186.93,-0.538422462070615,434.0
2021_warped_annealed,2023-01-17,131.74180865006554,21153.37,-0.539158971412072,435.0
2021_warped_annealed,2023-01-18,131.89252948885976,20710.89,-0.548980442592196,436.0
2021_warped_annealed,2023-01-19,132.043250327654,21088.14,-0.5405938608426687,437.0
2021_warped_annealed,2023-01-20,132.19397116644822,22686.85,-0.5066432978270169,438.0
2021_warped_annealed,2023-01-21,132.34469200524245,22785.59,-0.5046256020074409,439.0
2021_warped_annealed,2023-01-22,132.4954128440367,22706.71,-0.5062367654161981,440.0
2021_warped_annealed,2023-01-23,132.64613368283094,22915.32,-0.5019878929898847,441.0
2021_warped_annealed,2023-01-24,132.79685452162516,22612.34,-0.5081716895108004,442.0
2021_warped_annealed,2023-01-25,132.9475753604194,23072.42,-0.4988136077153714,443.0
2021_warped_annealed,2023-01-26,133.09829619921362,23028.35,-0.4997018780347204,444.0
2021_warped_annealed,2023-01-27,133.24901703800788,23072.62,-0.4988095804048547,445.0
2021_warped_annealed,2023-01-28,133.3997378768021,23034.71,-0.4995735816316401,446.0
2021_warped_annealed,2023-01-29,133.55045871559633,23736.52,-0.4856297058280275,447.0
2021_warped_annealed,2023-01-30,133.70117955439056,22832.32,-0.5036737472251989,448.0
2021_warped_annealed,2023-01-31,133.8519003931848,23134.74,-0.49756038407484154,449.0
2021_warped_annealed,2023-02-01,134.00262123197902,23740.02,-0.4855612044778583,450.0
2021_warped_annealed,2023-02-02,134.15334207077325,23548.98,-0.489315052528217,451.0
2021_warped_annealed,2023-02-03,134.3040629095675,23426.4,-0.4917397661267521,452.0
2021_warped_annealed,2023-02-04,134.45478374836173,23318.95,-0.49387565629272917,453.0
2021_warped_annealed,2023-02-05,134.60550458715596,22938.03,-0.5015276827827779,454.0
2021_warped_annealed,2023-02-06,134.7562254259502,22751.79,-0.5053152998818716,455.0
2021_warped_annealed,2023-02-07,134.90694626474442,23260.42,-0.495043259528107,456.0
2021_warped_annealed,2023-02-08,135.05766710353868,22973.38,-0.5008122332234122,457.0
2021_warped_annealed,2023-02-09,135.2083879423329,21804.16,-0.5250808422749907,458.0
2021_warped_annealed,2023-02-10,135.35910878112713,21629.58,-0.5288157488946501,459.0
2021_warped_annealed,2023-02-11,135.50982961992136,21857.51,-0.5239454538971718,460.0
2021_warped_annealed,2023-02-12,135.6605504587156,21784.08,-0.5255089021822107,461.0
2021_warped_annealed,2023-02-13,135.81127129750982,21786.33,-0.5254609176772036,462.0
2021_warped_annealed,2023-02-14,135.96199213630405,22193.69,-0.5168540420582562,463.0
2021_warped_annealed,2023-02-15,136.1127129750983,24340.76,-0.4739507881294519,464.0
2021_warped_annealed,2023-02-16,136.26343381389253,23468.21,-0.4909113138390575,465.0
2021_warped_annealed,2023-02-17,136.41415465268676,24562.04,-0.4697462185082277,466.0
2021_warped_annealed,2023-02-18,136.564875491481,24626.23,-0.46853362225700446,467.0
2021_warped_annealed,2023-02-19,136.71559633027522,24316.05,-0.47442267652487535,468.0
2021_warped_annealed,2023-02-20,136.86631716906948,24835.63,-0.4645997615735126,469.0
2021_warped_annealed,2023-02-21,137.0170380078637,24447.91,-0.47191006521174034,470.0
2021_warped_annealed,2023-02-22,137.16775884665793,24187.63,-0.47688286929387935,471.0
2021_warped_annealed,2023-02-23,137.31847968545216,23938.48,-0.4816934129405868,472.0
2021_warped_annealed,2023-02-24,137.4692005242464,23181.45,-0.4966232810602051,473.0
2021_warped_annealed,2023-02-25,137.61992136304062,23157.01,-0.4971133642347996,474.0
2021_warped_annealed,2023-02-26,137.77064220183487,23551.19,-0.48927145318504106,475.0
2021_warped_annealed,2023-02-27,137.9213630406291,23479.61,-0.49068568241918326,476.0
2021_warped_annealed,2023-02-28,138.07208387942333,23146.93,-0.4973156441391473,477.0
2021_warped_annealed,2023-03-01,138.22280471821756,23634.46,-0.48763165945758896,478.0
2021_warped_annealed,2023-03-02,138.3735255570118,23469.09,-0.49089389277347456,479.0
2021_warped_annealed,2023-03-03,138.52424639580602,22343.55,-0.5137274284442171,480.0
2021_warped_annealed,2023-03-04,138.67496723460027,22345.17,-0.5136937441659424,481.0
2021_warped_annealed,2023-03-05,138.8256880733945,22429.5,-0.5119436542294901,482.0
2021_warped_annealed,2023-03-06,138.97640891218873,22419.33,-0.5121543617273298,483.0
2021_warped_annealed,2023-03-07,139.12712975098296,22198.95,-0.5167439426663001,484.0
2021_warped_annealed,2023-03-08,139.2778505897772,21712.64,-0.5270350460458071,485.0
2021_warped_annealed,2023-03-09,139.42857142857142,20364.09,-0.5568259709314028,486.0
2021_warped_annealed,2023-03-10,139.57929226736567,20227.02,-0.5599637566586751,487.0
2021_warped_annealed,2023-03-11,139.7300131061599,20607.79,-0.5512990289445201,488.0
2021_warped_annealed,2023-03-12,139.88073394495413,22284.36,-0.5149598298736112,489.0
2021_warped_annealed,2023-03-13,140.03145478374836,24239.87,-0.47588051458665265,490.0
2021_warped_annealed,2023-03-14,140.1821756225426,24786.83,-0.46551356297332025,491.0
2021_warped_annealed,2023-03-15,140.33289646133682,24350.57,-0.4737635787847305,492.0
2021_warped_annealed,2023-03-16,140.48361730013107,25040.11,-0.46079020818129923,493.0
2021_warped_annealed,2023-03-17,140.6343381389253,27442.51,-0.4182260969014214,494.0
2021_warped_annealed,2023-03-18,140.78505897771953,26991.27,-0.42592908439180033,495.0
2021_warped_annealed,2023-03-19,140.93577981651376,28050.01,-0.4080533243890854,496.0
2021_warped_annealed,2023-03-20,141.086500655308,27818.07,-0.4119109897276853,497.0
2021_warped_annealed,2023-03-21,141.23722149410224,28195.56,-0.4056487677894129,498.0
2021_warped_annealed,2023-03-22,141.38794233289647,27324.09,-0.4202352827048118,499.0
2021_warped_annealed,2023-03-23,141.5386631716907,28361.31,-0.40292556764609927,500.0
2021_warped_annealed,2023-03-24,141.68938401048493,27488.93,-0.41744087138683283,501.0
2021_warped_annealed,2023-03-25,141.84010484927916,27485.45,-0.4174996919328637,502.0
2021_warped_annealed,2023-03-26,141.9908256880734,27987.14,-0.40909582843839437,503.0
2021_warped_annealed,2023-03-27,142.14154652686761,27139.64,-0.4233821837463613,504.0
2021_warped_annealed,2023-03-28,142.29226736566187,27273.12,-0.42110275268988834,505.0
2021_warped_annealed,2023-03-29,142.4429882044561,28366.67,-0.40283777106201996,506.0
2021_warped_annealed,2023-03-30,142.59370904325033,28036.88,-0.4082708515652851,507.0
2021_warped_annealed,2023-03-31,142.74442988204456,28492.72,-0.40077784556771706,508.0
2021_warped_annealed,2023-04-01,142.89515072083879,28471.82,-0.40111876507978206,509.0
2021_warped_annealed,2023-04-02,143.04587155963304,28179.21,-0.4059182580866727,510.0
2021_warped_annealed,2023-04-03,143.19659239842727,27807.81,-0.41208237780961177,511.0
2021_warped_annealed,2023-04-04,143.3473132372215,28172.02,-0.40603681739037983,512.0
2021_warped_annealed,2023-04-05,143.49803407601573,28187.68,-0.4057786310608409,513.0
2021_warped_annealed,2023-04-06,143.64875491480996,28053.47,-0.40799601887062953,514.0
2021_warped_annealed,2023-04-07,143.79947575360418,27927.15,-0.4100927623319219,515.0
2021_warped_annealed,2023-04-08,143.9501965923984,27959.5,-0.4095548934697272,516.0
2021_warped_annealed,2023-04-09,144.10091743119267,28337.04,-0.4033233170428647,517.0
2021_warped_annealed,2023-04-10,144.2516382699869,29678.68,-0.38183126442632337,518.0
2021_warped_annealed,2023-04-11,144.40235910878113,30243.93,-0.37306584142885457,519.0
2021_warped_annealed,2023-04-12,144.55307994757536,29913.06,-0.3781766053495652,520.0
2021_warped_annealed,2023-04-13,144.70380078636958,30412.73,-0.3704799801792315,521.0
2021_warped_annealed,2023-04-14,144.85452162516384,30493.72,-0.3692443784274573,522.0
2021_warped_annealed,2023-04-15,145.00524246395807,30319.72,-0.3719030274605246,523.0
2021_warped_annealed,2023-04-16,145.1559633027523,30328.02,-0.37177586069634105,524.0
2021_warped_annealed,2023-04-17,145.30668414154653,29449.98,-0.38542528402215237,525.0
2021_warped_annealed,2023-04-18,145.45740498034075,30382.37,-0.3709440073098146,526.0
2021_warped_annealed,2023-04-19,145.60812581913498,28814.51,-0.39556016078191003,527.0
2021_warped_annealed,2023-04-20,145.7588466579292,28235.24,-0.40499538803215634,528.0
2021_warped_annealed,2023-04-21,145.90956749672347,27259.0,-0.42134335094423914,529.0
2021_warped_annealed,2023-04-22,146.0602883355177,27812.19,-0.41200920440300665,530.0
2021_warped_annealed,2023-04-23,146.21100917431193,27582.31,-0.41586529458489435,531.0
2021_warped_annealed,2023-04-24,146.36173001310615,27518.81,-0.4169361322497501,532.0
2021_warped_annealed,2023-04-25,146.51245085190038,28321.6,-0.4035765331386306,533.0
2021_warped_annealed,2023-04-26,146.66317169069464,28406.04,-0.40219340003295284,534.0
2021_warped_annealed,2023-04-27,146.81389252948887,29502.8,-0.3845927454368085,535.0
2021_warped_annealed,2023-04-28,146.9646133682831,29344.36,-0.3870945335348339,536.0
2021_warped_annealed,2023-04-29,147.11533420707732,29249.66,-0.3885963166234677,537.0
2021_warped_annealed,2023-04-30,147.26605504587155,29271.16,-0.3882549365056926,538.0
2021_warped_annealed,2023-05-01,147.41677588466578,28056.44,-0.40794683451059216,539.0
2021_warped_annealed,2023-05-02,147.56749672346,28682.78,-0.3976890262787458,540.0
2021_warped_annealed,2023-05-03,147.71821756225427,29047.44,-0.3918195299055995,541.0
2021_warped_annealed,2023-05-04,147.8689384010485,28861.56,-0.39480215204541147,542.0
2021_warped_annealed,2023-05-05,148.01965923984272,29514.95,-0.384401450364458,543.0
2021_warped_annealed,2023-05-06,148.17038007863695,28907.66,-0.39406064605972146,544.0
2021_warped_annealed,2023-05-07,148.32110091743118,28425.0,-0.40188339917714133,545.0
2021_warped_annealed,2023-05-08,148.47182175622544,27682.7,-0.4141773785990874,546.0
2021_warped_annealed,2023-05-09,148.62254259501967,27647.15,-0.4147744005775267,547.0
2021_warped_annealed,2023-05-10,148.7732634338139,27620.2,-0.4152275070959866,548.0
2021_warped_annealed,2023-05-11,148.92398427260812,27007.95,-0.4256420600558878,549.0
2021_warped_annealed,2023-05-12,149.07470511140235,26811.54,-0.42903312488832157,550.0
2021_warped_annealed,2023-05-13,149.22542595019658,26790.49,-0.4293980309118354,551.0
2021_warped_annealed,2023-05-14,149.37614678899084,26931.38,-0.4269611169815455,552.0
2021_warped_annealed,2023-05-15,149.52686762778507,27178.3,-0.42272083767303953,553.0
2021_warped_annealed,2023-05-16,149.6775884665793,27041.08,-0.4250724944795111,554.0
2021_warped_annealed,2023-05-17,149.82830930537352,27417.13,-0.4186559784876352,555.0
2021_warped_annealed,2023-05-18,149.97903014416775,26829.49,-0.4287221842341072,556.0
2021_warped_annealed,2023-05-19,150.12975098296198,26877.99,-0.4278830774572731,557.0
2021_warped_annealed,2023-05-20,150.28047182175624,27116.58,-0.4237771135806436,558.0
2021_warped_annealed,2023-05-21,150.43119266055047,26749.85,-0.4301033454004059,559.0
2021_warped_annealed,2023-05-22,150.5819134993447,26854.54,-0.42828860068233005,560.0
2021_warped_annealed,2023-05-23,150.73263433813892,27223.75,-0.4219445389520249,561.0
2021_warped_annealed,2023-05-24,150.88335517693315,26321.63,-0.43760099811961256,562.0
2021_warped_annealed,2023-05-25,151.03407601572738,26488.5,-0.43466488609214304,563.0
2021_warped_annealed,2023-05-26,151.18479685452164,26728.06,-0.430481956180682,564.0
2021_warped_annealed,2023-05-27,151.33551769331586,26883.76,-0.42778335050081256,565.0
2021_warped_annealed,2023-05-28,151.4862385321101,28099.42,-0.4072356511931629,566.0
2021_warped_annealed,2023-05-29,151.63695937090432,27755.32,-0.4129601870469809,567.0
2021_warped_annealed,2023-05-30,151.78768020969855,27696.65,-0.41394331358180475,568.0
2021_warped_annealed,2023-05-31,151.93840104849278,27222.9,-0.42195904529393613,569.0
2021_warped_annealed,2023-06-01,152.08912188728704,26837.1,-0.4285904220436413,570.0
2021_warped_annealed,2023-06-02,152.23984272608126,27250.49,-0.4214884175976249,571.0
2021_warped_annealed,2023-06-03,152.3905635648755,27073.69,-0.42451254972350067,572.0
2021_warped_annealed,2023-06-04,152.54128440366972,27107.67,-0.42392979785220314,573.0
2021_warped_annealed,2023-06-05,152.69200524246395,25751.24,-0.4477795947974197,574.0
2021_warped_annealed,2023-06-06,152.8427260812582,27245.8,-0.4215683855643489,575.0
2021_warped_annealed,2023-06-07,152.99344692005243,26347.69,-0.4371412426731313,576.0
2021_warped_annealed,2023-06-08,153.14416775884666,26504.81,-0.43437890121033734,577.0
2021_warped_annealed,2023-06-09,153.2948885976409,26483.2,-0.43475785593728417,578.0
2021_warped_annealed,2023-06-10,153.44560943643512,25831.06,-0.4463417185338656,579.0
2021_warped_annealed,2023-06-11,153.59633027522935,25946.74,-0.4442657271045178,580.0
2021_warped_annealed,2023-06-12,153.74705111402358,25906.91,-0.444979469028404,581.0
2021_warped_annealed,2023-06-13,153.89777195281783,25933.04,-0.4445111033962152,582.0
2021_warped_annealed,2023-06-14,154.04849279161206,25103.81,-0.4596098018469821,583.0
2021_warped_annealed,2023-06-15,154.1992136304063,25542.36,-0.45156355208949195,584.0
2021_warped_annealed,2023-06-16,154.34993446920052,26341.33,-0.4372534050345497,585.0
2021_warped_annealed,2023-06-17,154.50065530799475,26511.06,-0.4342693583002703,586.0
2021_warped_annealed,2023-06-18,154.651376146789,26326.27,-0.437519105063964,587.0
2021_warped_annealed,2023-06-19,154.80209698558323,26822.19,-0.4288486141021027,588.0
2021_warped_annealed,2023-06-20,154.95281782437746,28315.01,-0.4036846512157644,589.0
2021_warped_annealed,2023-06-21,155.1035386631717,29998.22,-0.3768558040297833,590.0
2021_warped_annealed,2023-06-22,155.25425950196592,29885.29,-0.378608121303988,591.0
2021_warped_annealed,2023-06-23,155.40498034076015,30692.18,-0.36623044743234,592.0
2021_warped_annealed,2023-06-24,155.55570117955438,30556.69,-0.36828595943850095,593.0
2021_warped_annealed,2023-06-25,155.70642201834863,30488.37,-0.3693258979497204,594.0
2021_warped_annealed,2023-06-26,155.85714285714286,30279.98,-0.3725123785586962,595.0
2021_warped_annealed,2023-06-27,156.0078636959371,30702.1,-0.3660803082962108,596.0
2021_warped_annealed,2023-06-28,156.15858453473132,30102.6,-0.3752420123240097,597.0
2021_warped_annealed,2023-06-29,156.30930537352555,30441.4,-0.37004220834663476,598.0
2021_warped_annealed,2023-06-30,156.4600262123198,30475.82,-0.3695171821375562,599.0
2021_warped_annealed,2023-07-01,156.61074705111403,30585.0,-0.3678557176314579,600.0
2021_warped_annealed,2023-07-02,156.76146788990826,30616.01,-0.36738489930275364,601.0
2021_warped_annealed,2023-07-03,156.9121887287025,31163.19,-0.359154717307004,602.0
2021_warped_annealed,2023-07-04,157.06290956749672,30766.91,-0.36510060152172313,603.0
2021_warped_annealed,2023-07-05,157.21363040629095,30492.71,-0.3692597669990584,604.0
2021_warped_annealed,2023-07-06,157.36435124508517,29910.89,-0.3782103103856566,605.0
2021_warped_annealed,2023-07-07,157.51507208387943,30337.33,-0.3716332608281251,606.0
2021_warped_annealed,2023-07-08,157.66579292267366,30301.5,-0.3721823036181925,607.0
2021_warped_annealed,2023-07-09,157.8165137614679,30171.1,-0.3741859901107341,608.0
2021_warped_annealed,2023-07-10,157.96723460026212,30427.52,-0.3702540952065053,609.0
2021_warped_annealed,2023-07-11,158.11795543905635,30636.22,-0.36707831171247285,610.0
2021_warped_annealed,2023-07-12,158.2686762778506,30379.01,-0.3709953905865809,611.0
2021_warped_annealed,2023-07-13,158.41939711664483,31471.53,-0.3545803779199049,612.0
2021_warped_annealed,2023-07-14,158.57011795543906,30312.82,-0.37200877091109075,613.0
2021_warped_annealed,2023-07-15,158.7208387942333,30300.67,-0.3721950298568787,614.0
2021_warped_annealed,2023-07-16,158.87155963302752,30236.12,-0.3731858325308968,615.0
2021_warped_annealed,2023-07-17,159.02228047182177,30150.4,-0.37450485623078306,616.0
2021_warped_annealed,2023-07-18,159.17300131061597,29860.85,-0.3789882244996682,617.0
2021_warped_annealed,2023-07-19,159.32372214941023,29918.57,-0.3780910335012129,618.0
2021_warped_annealed,2023-07-20,159.47444298820446,29807.9,-0.3798127978334161,619.0
2021_warped_annealed,2023-07-21,159.6251638269987,29907.14,-0.3782685621802434,620.0
2021_warped_annealed,2023-07-22,159.77588466579292,29806.09,-0.37984101026584544,621.0
2021_warped_annealed,2023-07-23,159.92660550458714,30082.77,-0.37554816773704514,622.0
2021_warped_annealed,2023-07-24,160.0773263433814,29171.26,-0.389843292577403,623.0
2021_warped_annealed,2023-07-25,160.22804718217563,29221.74,-0.389040009137989,624.0
2021_warped_annealed,2023-07-26,160.37876802096986,29351.49,-0.3869816599591601,625.0
2021_warped_annealed,2023-07-27,160.5294888597641,29213.16,-0.3891764439299853,626.0
2021_warped_annealed,2023-07-28,160.68020969855831,29311.22,-0.38761952635505587,627.0
2021_warped_annealed,2023-07-29,160.83093053735257,29357.88,-0.38688052446818993,628.0
2021_warped_annealed,2023-07-30,160.98165137614677,29277.85,-0.38814876286466204,629.0
2021_warped_annealed,2023-07-31,161.13237221494103,29223.31,-0.38901504813310156,630.0
2021_warped_annealed,2023-08-01,161.28309305373526,29728.88,-0.381046078959552,631.0
2021_warped_annealed,2023-08-02,161.43381389252949,29155.83,-0.390089106101981,632.0
2021_warped_annealed,2023-08-03,161.5845347313237,29168.14,-0.3898929864432802,633.0
2021_warped_annealed,2023-08-04,161.73525557011794,29073.7,-0.3913997025102374,634.0
2021_warped_annealed,2023-08-05,161.8859764089122,29045.71,-0.39184720131785244,635.0
2021_warped_annealed,2023-08-06,162.03669724770643,29040.44,-0.3919315053160024,636.0
2021_warped_annealed,2023-08-07,162.18741808650066,29179.01,-0.3897198772833245,637.0
2021_warped_annealed,2023-08-08,162.33813892529488,29774.42,-0.38033492733511837,638.0
2021_warped_annealed,2023-08-09,162.4888597640891,29561.54,-0.3836686456346431,639.0
2021_warped_annealed,2023-08-10,162.63958060288337,29418.09,-0.38592865122031994,640.0
2021_warped_annealed,2023-08-11,162.79030144167757,29400.05,-0.38621364501723676,641.0
2021_warped_annealed,2023-08-12,162.94102228047183,29416.98,-0.38594618182319385,642.0
2021_warped_annealed,2023-08-13,163.09174311926606,29267.56,-0.38831208034642106,643.0
2021_warped_annealed,2023-08-14,163.24246395806028,29397.35,-0.38625631434390256,644.0
2021_warped_annealed,2023-08-15,163.3931847968545,29165.96,-0.3899277115939928,645.0
2021_warped_annealed,2023-08-16,163.54390563564874,28694.33,-0.3975019781069743,646.0
2021_warped_annealed,2023-08-17,163.694626474443,26600.98,-0.43269619474136445,647.0
2021_warped_annealed,2023-08-18,163.84534731323723,26043.99,-0.4425276287499309,648.0
2021_warped_annealed,2023-08-19,163.99606815203146,26081.24,-0.44186359750629284,649.0
2021_warped_annealed,2023-08-20,164.14678899082568,26187.2,-0.43997989136575527,650.0
2021_warped_annealed,2023-08-21,164.2975098296199,26128.18,-0.44102817825094437,651.0
2021_warped_annealed,2023-08-22,164.44823066841417,26038.42,-0.4426270030933179,652.0
2021_warped_annealed,2023-08-23,164.5989515072084,26429.54,-0.43570018093734164,653.0
2021_warped_annealed,2023-08-24,164.74967234600263,26168.12,-0.44031852314970465,654.0
2021_warped_annealed,2023-08-25,164.90039318479685,26054.38,-0.4423423175940976,655.0
2021_warped_annealed,2023-08-26,165.05111402359108,26004.15,-0.4432388821373318,656.0
2021_warped_annealed,2023-08-27,165.2018348623853,26089.28,-0.4417203981604652,657.0
2021_warped_annealed,2023-08-28,165.35255570117954,26102.51,-0.4414848564584772,658.0
2021_warped_annealed,2023-08-29,165.5032765399738,27713.68,-0.4136577294502151,659.0
2021_warped_annealed,2023-08-30,165.65399737876803,27297.11,-0.42069425967085744,660.0
2021_warped_annealed,2023-08-31,165.80471821756225,25922.51,-0.4446997909610303,661.0
2021_warped_annealed,2023-09-01,165.95543905635648,25802.02,-0.4468643298062217,662.0
2021_warped_annealed,2023-09-02,166.1061598951507,25871.43,-0.44561618494062516,663.0
2021_warped_annealed,2023-09-03,166.25688073394497,25972.64,-0.4438021943267992,664.0
2021_warped_annealed,2023-09-04,166.4076015727392,25814.79,-0.44663444519897927,665.0
2021_warped_annealed,2023-09-05,166.55832241153342,25778.03,-0.4472965038381049,666.0
2021_warped_annealed,2023-09-06,166.70904325032765,25748.1,-0.44783624978290687,667.0
2021_warped_annealed,2023-09-07,166.85976408912188,26267.36,-0.438559902478993,668.0
2021_warped_annealed,2023-09-08,167.0104849279161,25906.35,-0.44498951188487934,669.0
2021_warped_annealed,2023-09-09,167.16120576671034,25898.48,-0.44513067285362407,670.0
2021_warped_annealed,2023-09-10,167.3119266055046,25835.33,-0.4462649240712892,671.0
2021_warped_annealed,2023-09-11,167.46264744429882,25161.68,-0.45854002325910287,672.0
2021_warped_annealed,2023-09-12,167.61336828309305,25852.36,-0.44595877165765835,673.0
2021_warped_annealed,2023-09-13,167.76408912188728,26216.13,-0.43946691218490025,674.0
2021_warped_annealed,2023-09-14,167.9148099606815,26531.31,-0.4339146165738225,675.0
2021_warped_annealed,2023-09-15,168.06553079947577,26620.02,-0.4323637694336895,676.0
2021_warped_annealed,2023-09-16,168.21625163827,26569.87,-0.4332398662884328,677.0
2021_warped_annealed,2023-09-17,168.36697247706422,26533.6,-0.4338745171439498,678.0
2021_warped_annealed,2023-09-18,168.51769331585845,26767.54,-0.42979620066837243,679.0
2021_warped_annealed,2023-09-19,168.66841415465268,27199.35,-0.42236113651657015,680.0
2021_warped_annealed,2023-09-20,168.8191349934469,27119.41,-0.4237286284007567,681.0
2021_warped_annealed,2023-09-21,168.96985583224114,26567.29,-0.43328498238468055,682.0
2021_warped_annealed,2023-09-22,169.1205766710354,26582.63,-0.4330167983601249,683.0
2021_warped_annealed,2023-09-23,169.27129750982962,26580.31,-0.43305734819988223,684.0
2021_warped_annealed,2023-09-24,169.42201834862385,26229.29,-0.43923374980583957,685.0
2021_warped_annealed,2023-09-25,169.57273918741808,26296.86,-0.43803841728244064,686.0
2021_warped_annealed,2023-09-26,169.7234600262123,26200.13,-0.43975054998837004,687.0
2021_warped_annealed,2023-09-27,169.87418086500656,26351.82,-0.43706842217880953,688.0
2021_warped_annealed,2023-09-28,170.0249017038008,27035.82,-0.42516287692865057,689.0
2021_warped_annealed,2023-09-29,170.17562254259502,26900.3,-0.4274975966553716,690.0
2021_warped_annealed,2023-09-30,170.32634338138925,26959.4,-0.42647798715728835,691.0
2021_warped_annealed,2023-10-01,170.47706422018348,27994.89,-0.4089671922361118,692.0
2021_warped_annealed,2023-10-02,170.62778505897774,27517.12,-0.41696466545381833,693.0
2021_warped_annealed,2023-10-03,170.77850589777194,27421.92,-0.41857481592722806,694.0
2021_warped_annealed,2023-10-04,170.9292267365662,27782.29,-0.4125089508384259,695.0
2021_warped_annealed,2023-10-05,171.07994757536042,27419.39,-0.41861768290329876,696.0
2021_warped_annealed,2023-10-06,171.23066841415465,27949.12,-0.409727409212815,697.0
2021_warped_annealed,2023-10-07,171.38138925294888,27974.08,-0.40931268179969094,698.0
2021_warped_annealed,2023-10-08,171.5321100917431,27937.62,-0.409918614200468,699.0
2021_warped_annealed,2023-10-09,171.68283093053736,27587.43,-0.4157790604576591,700.0
2021_warped_annealed,2023-10-10,171.8335517693316,27391.73,-0.41908659742606813,701.0
2021_warped_annealed,2023-10-11,171.98427260812582,26851.85,-0.42833514176334075,702.0
2021_warped_annealed,2023-10-12,172.13499344692005,26745.5,-0.4301789039081106,703.0
2021_warped_annealed,2023-10-13,172.28571428571428,26859.1,-0.42820971641305433,704.0
2021_warped_annealed,2023-10-14,172.43643512450853,26857.29,-0.4282410263291681,705.0
2021_warped_annealed,2023-10-15,172.58715596330273,27155.34,-0.42311349459333064,706.0
2021_warped_annealed,2023-10-16,172.737876802097,28534.29,-0.4001005010077102,707.0
2021_warped_annealed,2023-10-17,172.88859764089122,28408.19,-0.40215823658264366,708.0
2021_warped_annealed,2023-10-18,173.03931847968545,28309.35,-0.403777531443916,709.0
2021_warped_annealed,2023-10-19,173.19003931847968,28734.51,-0.39685186322683336,710.0
2021_warped_annealed,2023-10-20,173.3407601572739,29686.66,-0.3817063593520908,711.0
2021_warped_annealed,2023-10-21,173.49148099606816,29929.08,-0.37792785393815465,712.0
2021_warped_annealed,2023-10-22,173.6422018348624,29988.13,-0.37701210039578714,713.0
2021_warped_annealed,2023-10-23,173.79292267365662,33106.86,-0.3310449989395745,714.0
2021_warped_annealed,2023-10-24,173.94364351245085,33919.92,-0.31977287670171806,715.0
2021_warped_annealed,2023-10-25,174.09436435124508,34489.91,-0.31203059582561193,716.0
2021_warped_annealed,2023-10-26,174.24508519003933,34140.0,-0.31676817886624603,717.0
2021_warped_annealed,2023-10-27,174.39580602883353,33905.16,-0.3199750883629053,718.0
2021_warped_annealed,2023-10-28,174.5465268676278,34071.32,-0.3177037657542162,719.0
2021_warped_annealed,2023-10-29,174.69724770642202,34557.72,-0.31111804879781535,720.0
2021_warped_annealed,2023-10-30,174.84796854521625,34485.49,-0.3120901398507799,721.0
2021_warped_annealed,2023-10-31,174.99868938401048,34667.88,-0.30963939088205783,722.0
2021_warped_annealed,2023-11-01,175.1494102228047,35469.43,-0.2990197319529273,723.0
2021_warped_annealed,2023-11-02,175.30013106159896,34935.25,-0.30606998290751397,724.0
2021_warped_annealed,2023-11-03,175.4508519003932,34735.91,-0.30872858134317405,725.0
2021_warped_annealed,2023-11-04,175.60157273918742,35095.0,-0.3039503234620583,726.0
2021_warped_annealed,2023-11-05,175.75229357798165,35015.86,-0.3049991920602357,727.0
2021_warped_annealed,2023-11-06,175.90301441677587,35063.96,-0.30436142466310095,728.0
2021_warped_annealed,2023-11-07,176.05373525557013,35420.95,-0.29965518800728363,729.0
2021_warped_annealed,2023-11-08,176.20445609436436,35581.68,-0.29755173217053493,730.0
2021_warped_annealed,2023-11-09,176.3551769331586,36669.3,-0.283563063050639,731.0
2021_warped_annealed,2023-11-10,176.50589777195282,37305.81,-0.2755676578772537,732.0
2021_warped_annealed,2023-11-11,176.65661861074705,37156.47,-0.27743124862929563,733.0
2021_warped_annealed,2023-11-12,176.80733944954127,37093.34,-0.27822129156593134,734.0
2021_warped_annealed,2023-11-13,176.9580602883355,36470.45,-0.28608935385444134,735.0
2021_warped_annealed,2023-11-14,177.10878112712976,35552.8,-0.2979289803902408,736.0
2021_warped_annealed,2023-11-15,177.259501965924,37876.32,-0.26851639153702384,737.0
2021_warped_annealed,2023-11-16,177.41022280471822,36150.03,-0.29018925576623333,738.0
2021_warped_annealed,2023-11-17,177.56094364351245,36626.6,-0.2841043884307955,739.0
2021_warped_annealed,2023-11-18,177.71166448230667,36595.55,-0.2844984184420374,740.0
2021_warped_annealed,2023-11-19,177.86238532110093,37392.52,-0.2744890374619588,741.0
2021_warped_annealed,2023-11-20,178.01310615989516,37476.08,-0.2734519651325722,742.0
2021_warped_annealed,2023-11-21,178.1638269986894,35734.18,-0.2955647474421571,743.0
2021_warped_annealed,2023-11-22,178.31454783748362,37443.86,-0.27385157691913525,744.0
2021_warped_annealed,2023-11-23,178.46526867627784,37298.0,-0.27566493263892117,745.0
2021_warped_annealed,2023-11-24,178.61598951507207,37745.94,-0.27011842617581017,746.0
2021_warped_annealed,2023-11-25,178.7667103538663,37801.75,-0.2694319885836526,747.0
2021_warped_annealed,2023-11-26,178.91743119266056,37470.52,-0.2735208990570632,748.0
2021_warped_annealed,2023-11-27,179.0681520314548,37244.39,-0.2763332037946727,749.0
2021_warped_annealed,2023-11-28,179.21887287024902,37840.46,-0.26895646818961133,750.0
2021_warped_annealed,2023-11-29,179.36959370904324,37864.76,-0.26865821121381894,751.0
2021_warped_annealed,2023-11-30,179.52031454783747,37743.0,-0.2701546149731781,752.0
2021_warped_annealed,2023-12-01,179.67103538663173,38714.0,-0.25835316215311627,753.0
2021_warped_annealed,2023-12-02,179.82175622542596,39467.65,-0.24939562802135534,754.0
2021_warped_annealed,2023-12-03,179.9724770642202,40028.84,-0.24283599820077734,755.0
2021_warped_annealed,2023-12-04,180.12319790301441,41856.31,-0.2220951089173561,756.0
2021_warped_annealed,2023-12-05,180.27391874180864,44060.06,-0.19825590087117015,757.0
2021_warped_annealed,2023-12-06,180.42463958060287,43778.51,-0.20123429323267847,758.0
2021_warped_annealed,2023-12-07,180.5753604193971,43305.91,-0.20627704586199871,759.0
2021_warped_annealed,2023-12-08,180.72608125819136,44223.94,-0.1965310378986299,760.0
2021_warped_annealed,2023-12-09,180.87680209698559,43734.7,-0.20169946122378005,761.0
2021_warped_annealed,2023-12-10,181.0275229357798,43773.63,-0.20128608529491568,762.0
2021_warped_annealed,2023-12-11,181.17824377457404,41205.53,-0.22937544929134474,763.0
2021_warped_annealed,2023-12-12,181.32896461336827,41452.65,-0.22659744125375864,764.0
2021_warped_annealed,2023-12-13,181.47968545216253,42927.11,-0.2103588232467167,765.0
2021_warped_annealed,2023-12-14,181.63040629095676,43031.34,-0.20923210708940732,766.0
2021_warped_annealed,2023-12-15,181.78112712975098,41939.81,-0.22116919021468204,767.0
2021_warped_annealed,2023-12-16,181.9318479685452,42230.0,-0.2179655925844988,768.0
2021_warped_annealed,2023-12-17,182.08256880733944,41387.55,-0.22732765513834766,769.0
2021_warped_annealed,2023-12-18,182.2332896461337,42638.28,-0.21349540031440326,770.0
2021_warped_annealed,2023-12-19,182.3840104849279,42252.2,-0.21772141942829595,771.0
2021_warped_annealed,2023-12-20,182.53473132372216,43647.01,-0.2026319418638829,772.0
2021_warped_annealed,2023-12-21,182.68545216251638,43876.98,-0.20019045032182017,773.0
2021_warped_annealed,2023-12-22,182.8361730013106,44015.6,-0.19872495583499092,774.0
2021_warped_annealed,2023-12-23,182.98689384010484,43715.59,-0.201902514306501,775.0
2021_warped_annealed,2023-12-24,183.13761467889907,43006.55,-0.20949983702586708,776.0
2021_warped_annealed,2023-12-25,183.28833551769333,43603.68,-0.2030933975501141,777.0
2021_warped_annealed,2023-12-26,183.43905635648755,42520.26,-0.2147831689061656,778.0
2021_warped_annealed,2023-12-27,183.58977719528178,43444.45,-0.20479311244774628,779.0
2021_warped_annealed,2023-12-28,183.740498034076,42613.04,-0.21377050526036362,780.0
2021_warped_annealed,2023-12-29,183.89121887287024,42056.3,-0.2198805256179376,781.0
2021_warped_annealed,2023-12-30,184.0419397116645,42164.76,-0.21868389727721438,782.0
2021_warped_annealed,2023-12-31,184.1926605504587,42300.78,-0.21718754540855711,783.0
2021_warped_annealed,2024-01-01,184.34338138925295,44229.57,-0.1964718948820944,784.0
2021_warped_annealed,2024-01-02,184.49410222804718,45030.04,-0.1881386937293741,785.0
2021_warped_annealed,2024-01-03,184.6448230668414,42836.3,-0.21134270282161013,786.0
2021_warped_annealed,2024-01-04,184.79554390563564,44230.11,-0.19646622259056912,787.0
2021_warped_annealed,2024-01-05,184.94626474442987,44174.5,-0.19705072753203734,788.0
2021_warped_annealed,2024-01-06,185.09698558322413,44000.0,-0.198889648818198,789.0
2021_warped_annealed,2024-01-07,185.24770642201835,43923.68,-0.1996962201117904,790.0
2021_warped_annealed,2024-01-08,185.39842726081258,47000.31,-0.1682424458392217,791.0
2021_warped_annealed,2024-01-09,185.5491480996068,46103.0,-0.1771981756173269,792.0
2021_warped_annealed,2024-01-10,185.69986893840104,46590.34,-0.17231280319390815,793.0
2021_warped_annealed,2024-01-11,185.8505897771953,46324.98,-0.17496654984820637,794.0
2021_warped_annealed,2024-01-12,186.0013106159895,42797.41,-0.21176469398857106,795.0
2021_warped_annealed,2024-01-13,186.15203145478375,42829.8,-0.21141320694366456,796.0
2021_warped_annealed,2024-01-14,186.30275229357798,41715.82,-0.2236571573584095,797.0
2021_warped_annealed,2024-01-15,186.4534731323722,42500.0,-0.2150045941684632,798.0
2021_warped_annealed,2024-01-16,186.60419397116644,43152.59,-0.20792483530690495,799.0
2021_warped_annealed,2024-01-17,186.75491480996067,42705.07,-0.2127682034574564,800.0
2021_warped_annealed,2024-01-18,186.90563564875492,41234.95,-0.2290438509707267,801.0
2021_warped_annealed,2024-01-19,187.05635648754915,41633.68,-0.224572875856955,802.0
2021_warped_annealed,2024-01-20,187.20707732634338,41664.79,-0.22422584095554812,803.0
2021_warped_annealed,2024-01-21,187.3577981651376,41565.85,-0.22533042565658243,804.0
2021_warped_annealed,2024-01-22,187.50851900393184,39547.64,-0.2484549633053983,805.0
2021_warped_annealed,2024-01-23,187.6592398427261,39866.78,-0.244720790966666,806.0
2021_warped_annealed,2024-01-24,187.8099606815203,40051.8,-0.2425695857562051,807.0
2021_warped_annealed,2024-01-25,187.96068152031455,39944.5,-0.24381593636258553,808.0
2021_warped_annealed,2024-01-26,188.11140235910878,41792.29,-0.2228062687600604,809.0
2021_warped_annealed,2024-01-27,188.262123197903,42144.13,-0.21891126876966802,810.0
2021_warped_annealed,2024-01-28,188.41284403669727,41991.74,-0.220594275688672,811.0
2021_warped_annealed,2024-01-29,188.56356487549147,43272.35,-0.20663722890912198,812.0
2021_warped_annealed,2024-01-30,188.71428571428572,42985.96,-0.20972232465936527,813.0
2021_warped_annealed,2024-01-31,188.86500655307995,42599.49,-0.21391826155321206,814.0
2021_warped_annealed,2024-02-01,189.01572739187418,43090.14,-0.2085976882716421,815.0
2021_warped_annealed,2024-02-02,189.1664482306684,43187.41,-0.20755009803282062,816.0
2021_warped_annealed,2024-02-03,189.31716906946264,42987.78,-0.20970265414503492,817.0
2021_warped_annealed,2024-02-04,189.4678899082569,42566.63,-0.21427677947134238,818.0
2021_warped_annealed,2024-02-05,189.6186107470511,42654.6,-0.21331760613951292,819.0
2021_warped_annealed,2024-02-06,189.76933158584535,43093.37,-0.2085628634827667,820.0
2021_warped_annealed,2024-02-07,189.92005242463958,44393.14,-0.1947568745704538,821.0
2021_warped_annealed,2024-02-08,190.0707732634338,45345.8,-0.1848921842075163,822.0
2021_warped_annealed,2024-02-09,190.22149410222806,47154.45,-0.16672125532269882,823.0
2021_warped_annealed,2024-02-10,190.37221494102226,47798.39,-0.16041960573736413,824.0
2021_warped_annealed,2024-02-11,190.52293577981652,48312.28,-0.1554512481254864,825.0
2021_warped_annealed,2024-02-12,190.67365661861075,49961.0,-0.13986066521509172,826.0
2021_warped_annealed,2024-02-13,190.82437745740498,49691.47,-0.14237388372692222,827.0
2021_warped_annealed,2024-02-14,190.9750982961992,51833.46,-0.1227665139390546,828.0
2021_warped_annealed,2024-02-15,191.12581913499344,51935.86,-0.12184957318830096,829.0
2021_warped_annealed,2024-02-16,191.2765399737877,52181.12,-0.11966072262772472,830.0
2021_warped_annealed,2024-02-17,191.4272608125819,51677.7,-0.1241647459419051,831.0
2021_warped_annealed,2024-02-18,191.57798165137615,52160.7,-0.11984257018971788,832.0
2021_warped_annealed,2024-02-19,191.72870249017038,51766.22,-0.12336960028927527,833.0
2021_warped_annealed,2024-02-20,191.8794233289646,52284.38,-0.11874224301205258,834.0
2021_warped_annealed,2024-02-21,192.03014416775886,51833.99,-0.12276176339225377,835.0
2021_warped_annealed,2024-02-22,192.18086500655306,51262.51,-0.12791252808193718,836.0
2021_warped_annealed,2024-02-23,192.33158584534732,50751.19,-0.13256997662041692,837.0
2021_warped_annealed,2024-02-24,192.48230668414155,51553.18,-0.12528557618375744,838.0
2021_warped_annealed,2024-02-25,192.63302752293578,51729.95,-0.1236952370621671,839.0
2021_warped_annealed,2024-02-26,192.78374836173,54559.0,-0.09895719960261816,840.0
2021_warped_annealed,2024-02-27,192.93446920052423,57064.29,-0.07809854594004247,841.0
2021_warped_annealed,2024-02-28,193.0851900393185,62479.39,-0.03597864730762403,842.0
2021_warped_annealed,2024-02-29,193.2359108781127,61240.13,-0.0452864866479951,843.0
2021_warped_annealed,2024-03-01,193.38663171690695,62468.47,-0.03605985627056677,844.0
2021_warped_annealed,2024-03-02,193.53735255570118,62026.06,-0.03936192904519947,845.0
2021_warped_annealed,2024-03-03,193.6880733944954,63209.21,-0.03058310751175908,846.0
2021_warped_annealed,2024-03-04,193.83879423328966,68277.61,0.00525244015195048,847.0
2021_warped_annealed,2024-03-05,193.98951507208386,63893.71,-0.025578935029063887,848.0
2021_warped_annealed,2024-03-06,194.14023591087812,66092.71,-0.009857983481494942,849.0
2021_warped_annealed,2024-03-07,194.29095674967235,66914.79,-0.004114787590598552,850.0
2021_warped_annealed,2024-03-08,194.44167758846658,68313.7,0.005497952855809416,851.0
2021_warped_annealed,2024-03-09,194.5923984272608,68503.25,0.006785295954876566,852.0
2021_warped_annealed,2024-03-10,194.74311926605503,68997.88,0.01012790979285414,853.0
2021_warped_annealed,2024-03-11,194.8938401048493,72202.19,0.03121828614034906,854.0
2021_warped_annealed,2024-03-12,195.04456094364352,71471.62,0.026493326358707967,855.0
2021_warped_annealed,2024-03-13,195.19528178243775,73098.48,0.03695015954466574,856.0
2021_warped_annealed,2024-03-14,195.34600262123197,71456.55,0.026395353547890372,857.0
2021_warped_annealed,2024-03-15,195.4967234600262,69492.42,0.01344604487095756,858.0
2021_warped_annealed,2024-03-16,195.64744429882046,65521.12,-0.01389347066666237,859.0
2021_warped_annealed,2024-03-17,195.79816513761466,68360.1,0.0058134118215335435,860.0
2021_warped_annealed,2024-03-18,195.94888597640892,67566.95,0.00039134939613284884,861.0
2021_warped_annealed,2024-03-19,196.09960681520315,61977.96,-0.03972235784110654,862.0
2021_warped_annealed,2024-03-20,196.25032765399737,67862.33,0.002418002193762625,863.0
2021_warped_annealed,2024-03-21,196.40104849279163,65505.11,-0.01400700918856768,864.0
2021_warped_annealed,2024-03-22,196.55176933158583,63712.44,-0.0268989071798208,865.0
2021_warped_annealed,2024-03-23,196.7024901703801,64032.45,-0.024571185406837226,866.0
2021_warped_annealed,2024-03-24,196.85321100917432,67297.56,-0.0014647213097790746,867.0
2021_warped_annealed,2024-03-25,197.00393184796854,69914.45,0.016259050631403323,868.0
2021_warped_annealed,2024-03-26,197.15465268676277,69976.26,0.016669613855130213,869.0
2021_warped_annealed,2024-03-27,197.305373525557,69372.26,0.01264200353286387,870.0
2021_warped_annealed,2024-03-28,197.45609436435126,70770.78,0.021915034537208812,871.0
2021_warped_annealed,2024-03-29,197.60681520314546,69933.54,0.01638589168758428,872.0
2021_warped_annealed,2024-03-30,197.75753604193972,69654.17,0.014526189883122993,873.0
2021_warped_annealed,2024-03-31,197.90825688073394,71213.11,0.024809836624675268,874.0
2021_warped_annealed,2024-04-01,198.05897771952817,69702.13,0.01484597830209428,875.0
2021_warped_annealed,2024-04-02,198.20969855832243,65478.7,-0.014194362311045369,876.0
2021_warped_annealed,2024-04-03,198.36041939711663,65982.23,-0.010635256320704384,877.0
2021_warped_annealed,2024-04-04,198.5111402359109,68415.92,0.0061926307802576104,878.0
2021_warped_annealed,2024-04-05,198.66186107470512,67878.68,0.002529924546283452,879.0
2021_warped_annealed,2024-04-06,198.81258191349934,68946.12,0.009779250198807031,880.0
2021_warped_annealed,2024-04-07,198.96330275229357,69344.77,0.012457860576618877,881.0
2021_warped_annealed,2024-04-08,199.1140235910878,71607.88,0.027378240732358946,882.0
2021_warped_annealed,2024-04-09,199.26474442988206,69100.81,0.010820478144403204,883.0
2021_warped_annealed,2024-04-10,199.41546526867626,70554.77,0.02049478826469043,884.0
2021_warped_annealed,2024-04-11,199.56618610747051,70001.36,0.01683623314086279,885.0
2021_warped_annealed,2024-04-12,199.71690694626474,67107.27,-0.0027802839377739845,886.0
2021_warped_annealed,2024-04-13,199.86762778505897,64034.0,-0.02455993918944054,887.0
2021_warped_annealed,2024-04-14,200.01834862385323,65643.19,-0.01302869484563992,888.0
2021_warped_annealed,2024-04-15,200.16906946264743,63359.28,-0.029481368736563075,889.0
2021_warped_annealed,2024-04-16,200.31979030144169,63840.0,-0.025969649772047472,890.0
2021_warped_annealed,2024-04-17,200.4705111402359,61267.8,-0.04507661435276529,891.0
2021_warped_annealed,2024-04-18,200.62123197903014,63447.36,-0.028835944116263272,892.0
2021_warped_annealed,2024-04-19,200.77195281782437,63836.5,-0.025995122017028294,893.0
2021_warped_annealed,2024-04-20,200.9226736566186,64905.95,-0.018276160917851593,894.0
2021_warped_annealed,2024-04-21,201.07339449541286,64950.7,-0.017955947881099988,895.0
2021_warped_annealed,2024-04-22,201.22411533420706,66828.83,-0.0047120064861070916,896.0
2021_warped_annealed,2024-04-23,201.3748361730013,66472.3,-0.007197275648778628,897.0
2021_warped_annealed,2024-04-24,201.52555701179554,64198.5,-0.023367933911020915,898.0
2021_warped_annealed,2024-04-25,201.67627785058977,64510.14,-0.021118068752131614,899.0
2021_warped_annealed,2024-04-26,201.82699868938403,63747.32,-0.02664462639802066,900.0
2021_warped_annealed,2024-04-27,201.97771952817823,63445.48,-0.02884971084893348,901.0
2021_warped_annealed,2024-04-28,202.12844036697248,62991.27,-0.0321877804141005,902.0
2021_warped_annealed,2024-04-29,202.2791612057667,63804.4,-0.02622880405478215,903.0
2021_warped_annealed,2024-04-30,202.42988204456094,60690.8,-0.049472807556317805,904.0
2021_warped_annealed,2024-05-01,202.58060288335517,58278.09,-0.06831977204596261,905.0
2021_warped_annealed,2024-05-02,202.7313237221494,59071.21,-0.06203954769649295,906.0
2021_warped_annealed,2024-05-03,202.88204456094365,62855.86,-0.033187591015138594,907.0
2021_warped_annealed,2024-05-04,203.03276539973785,63994.27,-0.024848291110584963,908.0
2021_warped_annealed,2024-05-05,203.1834862385321,64058.54,-0.02438192243719037,909.0
2021_warped_annealed,2024-05-06,203.33420707732634,63145.67,-0.031050374795844153,910.0
2021_warped_annealed,2024-05-07,203.48492791612057,62344.02,-0.03698635994229129,911.0
2021_warped_annealed,2024-05-08,203.63564875491483,61156.89,-0.04591842023949449,912.0
2021_warped_annealed,2024-05-09,203.78636959370903,63088.62,-0.031470315994882474,913.0
2021_warped_annealed,2024-05-10,203.93709043250328,60801.1,-0.0486292038967083,914.0
2021_warped_annealed,2024-05-11,204.0878112712975,60790.01,-0.04871395392883982,915.0
2021_warped_annealed,2024-05-12,204.23853211009174,61493.64,-0.04336719141072788,916.0
2021_warped_annealed,2024-05-13,204.38925294888597,62909.03,-0.03279474946308044,917.0
2021_warped_annealed,2024-05-14,204.5399737876802,61558.14,-0.042880131930042906,918.0
2021_warped_annealed,2024-05-15,204.69069462647445,66293.39,-0.008449433753917367,919.0
2021_warped_annealed,2024-05-16,204.84141546526865,65282.62,-0.015587725956432355,920.0
2021_warped_annealed,2024-05-17,204.9921363040629,66941.22,-0.003931315740327336,921.0
2021_warped_annealed,2024-05-18,205.14285714285714,66982.74,-0.0036432383172131434,922.0
2021_warped_annealed,2024-05-19,205.29357798165137,66267.1,-0.008633717333001209,923.0
2021_warped_annealed,2024-05-20,205.44429882044562,71466.21,0.026458157341838817,924.0
2021_warped_annealed,2024-05-21,205.59501965923982,70191.19,0.01809443500750759,925.0
2021_warped_annealed,2024-05-22,205.74574049803408,69145.91,0.011123610202712094,926.0
2021_warped_annealed,2024-05-23,205.8964613368283,67903.82,0.002701965414295809,927.0
2021_warped_annealed,2024-05-24,206.04718217562254,68567.61,0.007221591799862332,928.0
2021_warped_annealed,2024-05-25,206.1979030144168,69304.6,0.012188648777348694,929.0
2021_warped_annealed,2024-05-26,206.348623853211,68474.6,0.0065909460042248924,930.0
2021_warped_annealed,2024-05-27,206.49934469200525,69363.83,0.012585542571080162,931.0
2021_warped_annealed,2024-05-28,206.65006553079948,68350.32,0.005746938499204907,932.0
2021_warped_annealed,2024-05-29,206.8007863695937,67573.57,0.00043686733114303033,933.0
2021_warped_annealed,2024-05-30,206.95150720838794,68356.11,0.0057862934858328476,934.0
2021_warped_annealed,2024-05-31,207.10222804718217,67506.03,-2.7735095569202726e-05,935.0
2021_warped_annealed,2024-06-01,207.25294888597642,67719.96,0.0014422808009500075,936.0
2021_warped_annealed,2024-06-02,207.40366972477062,67721.84,0.001455178590303174,937.0
2021_warped_annealed,2024-06-03,207.55439056356488,68794.57,0.008756889822761807,938.0
2021_warped_annealed,2024-06-04,207.7051114023591,70596.56,0.020769892677345584,939.0
2021_warped_annealed,2024-06-05,207.85583224115334,71164.39,0.024491873994366593,940.0
2021_warped_annealed,2024-06-06,208.0065530799476,70770.7,0.021914509347264813,941.0
2021_warped_annealed,2024-06-07,208.1572739187418,69283.58,0.01204771448769194,942.0
2021_warped_annealed,2024-06-08,208.30799475753605,69305.9,0.012197363576240294,943.0
2021_warped_annealed,2024-06-09,208.45871559633028,69654.99,0.014531659341556548,944.0
2021_warped_annealed,2024-06-10,208.6094364351245,69490.62,0.013434010570628154,945.0
2021_warped_annealed,2024-06-11,208.76015727391874,67316.44,-0.0013343980571002589,946.0
2021_warped_annealed,2024-06-12,208.91087811271296,68270.98,0.005207323542348243,947.0
2021_warped_annealed,2024-06-13,209.06159895150722,66764.3,-0.005160842525051166,948.0
2021_warped_annealed,2024-06-14,209.21231979030142,66022.42,-0.010352352419096471,949.0
2021_warped_annealed,2024-06-15,209.36304062909568,66154.97,-0.009420530648186095,950.0
2021_warped_annealed,2024-06-16,209.5137614678899,66613.62,-0.006210583146320436,951.0
2021_warped_annealed,2024-06-17,209.66448230668414,66517.55,-0.006881113225648921,952.0
2021_warped_annealed,2024-06-18,209.8152031454784,65126.6,-0.016699412453901868,953.0
2021_warped_annealed,2024-06-19,209.9659239842726,64903.53,-0.018293483758212385,954.0
2021_warped_annealed,2024-06-20,210.11664482306685,64842.53,-0.01873034733361487,955.0
2021_warped_annealed,2024-06-21,210.26736566186108,64136.38,-0.023817710575518965,956.0
2021_warped_annealed,2024-06-22,210.4180865006553,64258.23,-0.022935872150468394,957.0
2021_warped_annealed,2024-06-23,210.56880733944953,63214.36,-0.03054525546859641,958.0
2021_warped_annealed,2024-06-24,210.71952817824376,60236.01,-0.05296743195849103,959.0
2021_warped_annealed,2024-06-25,210.87024901703802,61820.98,-0.040900608737054076,960.0
2021_warped_annealed,2024-06-26,211.02096985583222,60794.33,-0.04868093855245835,961.0
2021_warped_annealed,2024-06-27,211.17169069462648,61622.64,-0.04239358251825417,962.0
2021_warped_annealed,2024-06-28,211.3224115334207,60322.28,-0.052302506532544764,963.0
2021_warped_annealed,2024-06-29,211.47313237221493,60890.24,-0.04794855494279396,964.0
2021_warped_annealed,2024-06-30,211.6238532110092,62678.1,-0.03450337092251294,965.0
2021_warped_annealed,2024-07-01,211.7745740498034,62870.34,-0.03308057397833073,966.0
2021_warped_annealed,2024-07-02,211.92529488859765,62056.54,-0.03913367723330951,967.0
2021_warped_annealed,2024-07-03,212.07601572739188,60187.34,-0.05334297594552468,968.0
2021_warped_annealed,2024-07-04,212.2267365661861,57171.19,-0.07722901113872287,969.0
2021_warped_annealed,2024-07-05,212.37745740498033,56624.69,-0.08169149967845608,970.0
2021_warped_annealed,2024-07-06,212.52817824377456,58219.33,-0.06878845122860208,971.0
2021_warped_annealed,2024-07-07,212.67889908256882,55913.47,-0.08756395984990523,972.0
2021_warped_annealed,2024-07-08,212.82961992136302,56684.73,-0.08119913730675253,973.0
2021_warped_annealed,2024-07-09,212.98034076015728,57995.57,-0.07057753767030446,974.0
2021_warped_annealed,2024-07-10,213.1310615989515,57653.32,-0.07332741552270429,975.0
2021_warped_annealed,2024-07-11,213.28178243774573,57384.82,-0.07549618491171026,976.0
2021_warped_annealed,2024-07-12,213.43250327654,57910.59,-0.07125880950421166,977.0
2021_warped_annealed,2024-07-13,213.5832241153342,59251.21,-0.06062598217424822,978.0
2021_warped_annealed,2024-07-14,213.73394495412845,60798.13,-0.04865189918855417,979.0
2021_warped_annealed,2024-07-15,213.88466579292268,64772.57,-0.019231885965621413,980.0
2021_warped_annealed,2024-07-16,214.0353866317169,65045.81,-0.01727611101231242,981.0
2021_warped_annealed,2024-07-17,214.18610747051113,64157.33,-0.02366597451157115,982.0
2021_warped_annealed,2024-07-18,214.33682830930536,63999.59,-0.024809669298782703,983.0
2021_warped_annealed,2024-07-19,214.48754914809962,66771.26,-0.0051124116344642406,984.0
2021_warped_annealed,2024-07-20,214.63826998689382,67216.19,-0.0020268138687156564,985.0
2021_warped_annealed,2024-07-21,214.78899082568807,68239.64,0.0049939980739195575,986.0
2021_warped_annealed,2024-07-22,214.9397116644823,67585.54,0.000519159588478745,987.0
2021_warped_annealed,2024-07-23,215.09043250327653,65923.74,-0.011047284904175492,988.0
2021_warped_annealed,2024-07-24,215.2411533420708,65430.69,-0.01453513993740599,989.0
2021_warped_annealed,2024-07-25,215.391874180865,65816.21,-0.011805726939983906,990.0
2021_warped_annealed,2024-07-26,215.54259501965925,67929.7,0.0028790038116147973,991.0
2021_warped_annealed,2024-07-27,215.69331585845347,67805.48,0.002028630992294378,992.0
2021_warped_annealed,2024-07-28,215.8440366972477,68274.59,0.005231889841415614,993.0
2021_warped_annealed,2024-07-29,215.99475753604193,66827.89,-0.004718541510331628,994.0
2021_warped_annealed,2024-07-30,216.14547837483616,66200.81,-0.009098711514162942,995.0
2021_warped_annealed,2024-07-31,216.29619921363042,64607.71,-0.020415902020112803,996.0
2021_warped_annealed,2024-08-01,216.44692005242462,65342.4,-0.015162480464428817,997.0
2021_warped_annealed,2024-08-02,216.59764089121887,61466.66,-0.04357107730740521,998.0
2021_warped_annealed,2024-08-03,216.7483617300131,60631.11,-0.04992997208095267,999.0
2021_warped_annealed,2024-08-04,216.89908256880733,58181.05,-0.06909403317581884,1000.0
2021_warped_annealed,2024-08-05,217.0498034076016,54025.9,-0.10351917441875177,1001.0
2021_warped_annealed,2024-08-06,217.2005242463958,56096.88,-0.08604244781450865,1002.0
2021_warped_annealed,2024-08-07,217.35124508519004,55100.98,-0.09436470365461401,1003.0
2021_warped_annealed,2024-08-08,217.50196592398427,61644.69,-0.04222736731056674,1004.0
2021_warped_annealed,2024-08-09,217.6526867627785,60818.65,-0.048495117980220326,1005.0
2021_warped_annealed,2024-08-10,217.80340760157276,60941.77,-0.04755554014172733,1006.0
2021_warped_annealed,2024-08-11,217.95412844036696,58732.95,-0.06470764312366378,1007.0
2021_warped_annealed,2024-08-12,218.10484927916121,59337.91,-0.05994664641502518,1008.0
2021_warped_annealed,2024-08-13,218.25557011795544,60596.01,-0.050199012473635354,1009.0
2021_warped_annealed,2024-08-14,218.40629095674967,58779.3,-0.06434114077122513,1010.0
2021_warped_annealed,2024-08-15,218.5570117955439,57502.3,-0.07454601145555967,1011.0
2021_warped_annealed,2024-08-16,218.70773263433813,58879.72,-0.06354808223691792,1012.0
2021_warped_annealed,2024-08-17,218.85845347313239,59477.15,-0.05885770912786685,1013.0
2021_warped_annealed,2024-08-18,219.00917431192659,58448.05,-0.06696679928700604,1014.0
2021_warped_annealed,2024-08-19,219.15989515072084,59469.51,-0.058917392211665386,1015.0
2021_warped_annealed,2024-08-20,219.31061598951507,59062.49,-0.06210813643677343,1016.0
2021_warped_annealed,2024-08-21,219.4613368283093,61193.87,-0.04563757284705123,1017.0
2021_warped_annealed,2024-08-22,219.61205766710356,60378.7,-0.05186816389476241,1018.0
2021_warped_annealed,2024-08-23,219.76277850589776,64130.87,-0.02385762647889809,1019.0
2021_warped_annealed,2024-08-24,219.913499344692,64157.87,-0.02366206406999298,1020.0
2021_warped_annealed,2024-08-25,220.06422018348624,64286.9,-0.022728628029420068,1021.0
2021_warped_annealed,2024-08-26,220.21494102228047,62838.55,-0.03331555603080169,1022.0
2021_warped_annealed,2024-08-27,220.3656618610747,59398.77,-0.059470372022321354,1023.0
2021_warped_annealed,2024-08-28,220.51638269986893,59024.0,-0.06241100755426155,1024.0
2021_warped_annealed,2024-08-29,220.66710353866318,59371.27,-0.05968551934506558,1025.0
2021_warped_annealed,2024-08-30,220.81782437745738,59113.86,-0.061704222193348285,1026.0
2021_warped_annealed,2024-08-31,220.96854521625164,58956.52,-0.0629424729135039,1027.0
2021_warped_annealed,2024-09-01,221.11926605504587,57347.49,-0.07579851572676728,1028.0
2021_warped_annealed,2024-09-02,221.2699868938401,59140.6,-0.06149410865888618,1029.0
2021_warped_annealed,2024-09-03,221.42070773263436,57474.64,-0.07476954957104023,1030.0
2021_warped_annealed,2024-09-04,221.57142857142856,57994.01,-0.07059003495806239,1031.0
2021_warped_annealed,2024-09-05,221.7221494102228,56152.01,-0.08558607883192608,1032.0
2021_warped_annealed,2024-09-06,221.87287024901704,53930.39,-0.10434124887599008,1033.0
2021_warped_annealed,2024-09-07,222.02359108781127,54178.64,-0.10220752509723081,1034.0
2021_warped_annealed,2024-09-08,222.1743119266055,57053.9,-0.07818314602930442,1035.0
2021_warped_annealed,2024-09-09,222.32503276539973,57645.59,-0.07338971213643239,1036.0
2021_warped_annealed,2024-09-10,222.47575360419398,57352.79,-0.07575557973103181,1037.0
2021_warped_annealed,2024-09-11,222.62647444298818,58137.54,-0.06944160944860732,1038.0
2021_warped_annealed,2024-09-12,222.77719528178244,60543.35,-0.05060294214346545,1039.0
2021_warped_annealed,2024-09-13,222.92791612057667,60012.35,-0.054695734651704964,1040.0
2021_warped_annealed,2024-09-14,223.0786369593709,59122.33,-0.06163765762322546,1041.0
2021_warped_annealed,2024-09-15,223.22935779816515,58208.75,-0.06887288925631362,1042.0
2021_warped_annealed,2024-09-16,223.38007863695935,60312.6,-0.05237706768447449,1043.0
2021_warped_annealed,2024-09-17,223.5307994757536,61769.18,-0.04129006261981849,1044.0
2021_warped_annealed,2024-09-18,223.68152031454784,62960.14,-0.032417440880857004,1045.0
2021_warped_annealed,2024-09-19,223.83224115334207,63210.69,-0.030572229327262744,1046.0
2021_warped_annealed,2024-09-20,223.9829619921363,63362.74,-0.029455997936718655,1047.0
2021_warped_annealed,2024-09-21,224.13368283093052,63577.66,-0.027882784917797155,1048.0
2021_warped_annealed,2024-09-22,224.28440366972478,63338.87,-0.029631055322219494,1049.0
2021_warped_annealed,2024-09-23,224.43512450851898,64272.93,-0.02282960010080709,1050.0
2021_warped_annealed,2024-09-24,224.58584534731324,63130.89,-0.031159132953206523,1051.0
2021_warped_annealed,2024-09-25,224.73656618610747,65177.21,-0.01633851036807106,1052.0
2021_warped_annealed,2024-09-26,224.8872870249017,65789.0,-0.011997843858795671,1053.0
2021_warped_annealed,2024-09-27,225.03800786369595,65858.99,-0.01150383817123035,1054.0
2021_warped_annealed,2024-09-28,225.18872870249015,65600.01,-0.013334409312082613,1055.0
2021_warped_annealed,2024-09-29,225.3394495412844,63301.25,-0.029907086181847477,1056.0
2021_warped_annealed,2024-09-30,225.49017038007864,60790.0,-0.048714030356043964,1057.0
2021_warped_annealed,2024-10-01,225.64089121887287,60631.37,-0.04992797977033564,1058.0
2021_warped_annealed,2024-10-02,225.7916120576671,60744.99,-0.04905815664454175,1059.0
2021_warped_annealed,2024-10-03,225.94233289646132,62090.71,-0.038877925825394774,1060.0
2021_warped_annealed,2024-10-04,226.09305373525558,62051.29,-0.0391729842668071,1061.0
2021_warped_annealed,2024-10-05,226.24377457404978,62810.86,-0.033520329013601566,1062.0
2021_warped_annealed,2024-10-06,226.39449541284404,62200.28,-0.03805877801596482,1063.0
2021_warped_annealed,2024-10-07,226.54521625163827,62122.02,-0.03864370413168588,1064.0
2021_warped_annealed,2024-10-08,226.6959370904325,60578.28,-0.05033497161158909,1065.0
2021_warped_annealed,2024-10-09,226.84665792922675,60279.53,-0.05263188291759045,1066.0
2021_warped_annealed,2024-10-10,226.99737876802095,62518.75,-0.035686055810742544,1067.0
2021_warped_annealed,2024-10-11,227.1480996068152,63187.47,-0.030742928578341863,1068.0
2021_warped_annealed,2024-10-12,227.29882044560944,62845.3,-0.033265652135664216,1069.0
2021_warped_annealed,2024-10-13,227.44954128440367,66065.65,-0.010048241647018757,1070.0
2021_warped_annealed,2024-10-14,227.6002621231979,67056.6,-0.003131217976990342,1071.0
2021_warped_annealed,2024-10-15,227.75098296199212,67608.44,0.0006765536274941813,1072.0
2021_warped_annealed,2024-10-16,227.90170380078638,67402.33,-0.0007419848938052825,1073.0
2021_warped_annealed,2024-10-17,228.0524246395806,68426.11,0.006261824204575866,1074.0
2021_warped_annealed,2024-10-18,228.20314547837484,68363.73,0.005838082015086686,1075.0
2021_warped_annealed,2024-10-19,228.35386631716906,69014.86,0.010242231488476418,1076.0
2021_warped_annealed,2024-10-20,228.5045871559633,67346.15,-0.0011293924011606786,1077.0
2021_warped_annealed,2024-10-21,228.65530799475755,67380.08,-0.0008953783910070797,1078.0
2021_warped_annealed,2024-10-22,228.80602883355175,66601.11,-0.006297843146469669,1079.0
2021_warped_annealed,2024-10-23,228.956749672346,68156.84,0.004429922394891815,1080.0
2021_warped_annealed,2024-10-24,229.10747051114024,66564.51,-0.006553230347386613,1081.0
2021_warped_annealed,2024-10-25,229.25819134993446,67012.56,-0.0034364489385881316,1082.0
2021_warped_annealed,2024-10-26,229.40891218872872,67943.19,0.002971258678281955,1083.0
2021_warped_annealed,2024-10-27,229.55963302752292,69924.5,0.016325830883697212,1084.0
2021_warped_annealed,2024-10-28,229.71035386631718,72724.35,0.034566149330417684,1085.0
2021_warped_annealed,2024-10-29,229.8610747051114,72322.91,0.03199443709596928,1086.0
2021_warped_annealed,2024-10-30,230.01179554390563,70197.83,0.018138383611513473,1087.0
2021_warped_annealed,2024-10-31,230.16251638269986,69467.29,0.013278004457457313,1088.0
2021_warped_annealed,2024-11-01,230.3132372214941,69358.94,0.012552788049949259,1089.0
2021_warped_annealed,2024-11-02,230.46395806028835,68738.18,0.008375906347238197,1090.0
2021_warped_annealed,2024-11-03,230.61467889908255,67807.48,0.002042334727165855,1091.0
2021_warped_annealed,2024-11-04,230.7653997378768,69380.73,0.012698725490038493,1092.0
2021_warped_annealed,2024-11-05,230.91612057667103,75646.55,0.052869370041134574,1093.0
2021_warped_annealed,2024-11-06,231.06684141546526,75920.0,0.05454579910325501,1094.0
2021_warped_annealed,2024-11-07,231.21756225425952,76566.73,0.058486774350989944,1095.0
2021_warped_annealed,2024-11-08,231.36828309305372,76716.06,0.059392014803650715,1096.0
2021_warped_annealed,2024-11-09,231.51900393184798,80428.92,0.0813503313328133,1097.0
2021_warped_annealed,2024-11-10,231.6697247706422,88770.73,0.12719862993315378,1098.0
2021_warped_annealed,2024-11-11,231.82044560943643,88035.43,0.12333424993861948,1099.0
2021_warped_annealed,2024-11-12,231.97116644823066,90493.82,0.13613039043872283,1100.0
2021_warped_annealed,2024-11-13,232.1218872870249,87340.4,0.11965172045789585,1101.0
2021_warped_annealed,2024-11-14,232.27260812581915,91058.36,0.13901977134062377,1102.0
2021_warped_annealed,2024-11-15,232.42332896461335,90636.24,0.1368610089765312,1103.0
2021_warped_annealed,2024-11-16,232.5740498034076,89886.69,0.13300284325820988,1104.0
2021_warped_annealed,2024-11-17,232.72477064220183,90520.3,0.1362663205517007,1105.0
2021_warped_annealed,2024-11-18,232.87549148099606,92435.89,0.14599561778678694,1106.0
2021_warped_annealed,2024-11-19,233.02621231979032,94393.15,0.15573048819566734,1107.0
2021_warped_annealed,2024-11-20,233.17693315858452,98439.09,0.1752295484425936,1108.0
2021_warped_annealed,2024-11-21,233.32765399737877,99024.03,0.17798210812059337,1109.0
2021_warped_annealed,2024-11-22,233.478374836173,97778.77,0.1721025497230228,1110.0
2021_warped_annealed,2024-11-23,233.62909567496723,98028.18,0.1732861257005179,1111.0
2021_warped_annealed,2024-11-24,233.77981651376146,93000.01,0.1488223792879141,1112.0
2021_warped_annealed,2024-11-25,233.9305373525557,91929.54,0.14344360666374403,1113.0
2021_warped_annealed,2024-11-26,234.08125819134995,95951.19,0.16333652605493518,1114.0
2021_warped_annealed,2024-11-27,234.23197903014415,95665.53,0.1619512813490672,1115.0
2021_warped_annealed,2024-11-28,234.3826998689384,97490.56,0.1707310823762221,1116.0
2021_warped_annealed,2024-11-29,234.53342070773263,96465.42,0.16581980800542517,1117.0
2021_warped_annealed,2024-11-30,234.68414154652686,97263.18,0.1696462146231632,1118.0
2021_warped_annealed,2024-12-01,234.83486238532112,95862.89,0.1629087756804467,1119.0
2021_warped_annealed,2024-12-02,234.98558322411532,95924.52,0.16320737047734318,1120.0
2021_warped_annealed,2024-12-03,235.13630406290957,98746.24,0.176676941271618,1121.0
2021_warped_annealed,2024-12-04,235.2870249017038,97044.23,0.16859916824775514,1122.0
2021_warped_annealed,2024-12-05,235.43774574049803,99891.35,0.18203368325352773,1123.0
2021_warped_annealed,2024-12-06,235.58846657929226,99929.32,0.18221025057907986,1124.0
2021_warped_annealed,2024-12-07,235.7391874180865,101174.99,0.1879659397002438,1125.0
2021_warped_annealed,2024-12-08,235.88990825688074,97324.81,0.1699405119365787,1126.0
2021_warped_annealed,2024-12-09,236.04062909567494,96660.76,0.16675966186340024,1127.0
2021_warped_annealed,2024-12-10,236.1913499344692,101202.11,0.1880904595152483,1128.0
2021_warped_annealed,2024-12-11,236.34207077326343,100030.47,0.18268028904424832,1129.0
2021_warped_annealed,2024-12-12,236.49279161205766,101428.75,0.18912976041262242,1130.0
2021_warped_annealed,2024-12-13,236.64351245085192,101399.99,0.18899800467425196,1131.0
2021_warped_annealed,2024-12-14,236.79423328964612,104447.76,0.20275672207877443,1132.0
2021_warped_annealed,2024-12-15,236.94495412844037,106099.81,0.21004780460729594,1133.0
2021_warped_annealed,2024-12-16,237.0956749672346,106136.99,0.21021058378424076,1134.0
2021_warped_annealed,2024-12-17,237.24639580602883,100150.73,0.18323851253826381,1135.0
2021_warped_annealed,2024-12-18,237.39711664482306,97372.21,0.17016673099646853,1136.0
2021_warped_annealed,2024-12-19,237.5478374836173,97765.0,0.17203711623006393,1137.0
2021_warped_annealed,2024-12-20,237.69855832241154,97230.08,0.1694880775889787,1138.0
2021_warped_annealed,2024-12-21,237.84927916120574,95087.75,0.1591367767307192,1139.0
2021_warped_annealed,2024-12-22,238.0,94764.56,0.15755497299937676,1140.0
