cycle,source_date,model_date,rel_day,model_rel_day,source_price,projected_price,projected_return_from_right_anchor_pct
left_projected,2021-02-21,2024-11-20,-260,-319.0,57538.47,115141.3516362313,-7.6801887841555505
left_projected,2021-02-22,2024-11-21,-259,-318.0,54130.33,111679.25443336685,-10.456082549838719
left_projected,2021-02-23,2024-11-22,-258,-317.0,48972.11,106224.960128966,-14.829310876085799
left_projected,2021-02-24,2024-11-23,-257,-316.0,49789.99,107108.31523604921,-14.121040775348048
left_projected,2021-02-25,2024-11-24,-256,-315.0,46927.73,103984.10114219767,-16.626021403450174
left_projected,2021-02-26,2024-11-25,-255,-314.0,46360.17,103353.37867443218,-17.131731804850215
left_projected,2021-02-27,2024-11-26,-254,-313.0,45973.56,102921.53057191777,-17.477985646163518
left_projected,2021-02-28,2024-11-27,-253,-312.0,45352.29,102223.74304129375,-18.03746850944883
left_projected,2021-03-01,2024-11-28,-252,-311.0,49652.19,106959.99473827034,-14.23996347479356
left_projected,2021-03-02,2024-11-29,-251,-310.0,48368.22,105567.98233409224,-15.356072679155176
left_projected,2021-03-03,2024-11-30,-250,-309.0,50164.67,107510.56604114479,-13.798517912274766
left_projected,2021-03-04,2024-12-01,-249,-308.0,48327.39,105523.41535658474,-15.391806278695963
left_projected,2021-03-05,2024-12-02,-248,-307.0,48908.09,106155.5048212517,-14.884999825407675
left_projected,2021-03-06,2024-12-03,-247,-306.0,48986.85,106240.94512646491,-14.816494177910776
left_projected,2021-03-07,2024-12-04,-246,-305.0,50858.34,108251.33451428403,-13.20457312508031
left_projected,2021-03-08,2024-12-05,-245,-304.0,52472.59,109955.86999903823,-11.837884338410731
left_projected,2021-03-09,2024-12-06,-244,-303.0,54999.99,112572.80142945409,-9.73964063892666
left_projected,2021-03-10,2024-12-07,-243,-302.0,56046.27,113638.50874202639,-8.88516137053269
left_projected,2021-03-11,2024-12-08,-242,-301.0,57911.02,115513.50872385272,-7.3817949266612
left_projected,2021-03-12,2024-12-09,-241,-300.0,57174.89,114776.9916297723,-7.972330977493447
left_projected,2021-03-13,2024-12-10,-240,-299.0,61130.22,118680.71332812292,-4.842344703148527
left_projected,2021-03-14,2024-12-11,-239,-298.0,59192.98,116785.05533972193,-6.362274642584098
left_projected,2021-03-15,2024-12-12,-238,-297.0,55430.19,113012.20593995524,-9.387328104112779
left_projected,2021-03-16,2024-12-13,-237,-296.0,57126.52,114728.43064626171,-8.011266952852814
left_projected,2021-03-17,2024-12-14,-236,-295.0,59221.23,116812.91999759187,-6.339932886841348
left_projected,2021-03-18,2024-12-15,-235,-294.0,57562.46,115165.35256260839,-7.660944950722537
left_projected,2021-03-19,2024-12-16,-234,-293.0,58001.29,115603.50320256648,-7.309637763598076
left_projected,2021-03-20,2024-12-17,-233,-292.0,58051.01,115653.04153973088,-7.269918150531418
left_projected,2021-03-21,2024-12-18,-232,-291.0,57402.03,115004.75424128496,-7.789711953154487
left_projected,2021-03-22,2024-12-19,-231,-290.0,54230.21,111782.24090286402,-10.373508467750437
left_projected,2021-03-23,2024-12-20,-230,-289.0,54268.81,111822.01602982235,-10.341616952150734
left_projected,2021-03-24,2024-12-21,-229,-288.0,52294.65,109769.27578963742,-11.987494725478932
left_projected,2021-03-25,2024-12-22,-228,-287.0,51386.2,108811.65604192964,-12.755309876757103
left_projected,2021-03-26,2024-12-23,-227,-286.0,55314.11,112893.81078271508,-9.482256801839151
left_projected,2021-03-27,2024-12-24,-226,-285.0,55932.18,113522.78630222898,-8.977947095589023
left_projected,2021-03-28,2024-12-25,-225,-284.0,55821.59,113410.501238319,-9.067976748317763
left_projected,2021-03-29,2024-12-26,-224,-283.0,57630.72,115233.61630441784,-7.606211393514995
left_projected,2021-03-30,2024-12-27,-223,-282.0,58800.0,116396.74394356631,-6.673620951070259
left_projected,2021-03-31,2024-12-28,-222,-281.0,58837.71,116434.06212122491,-6.643699406226444
left_projected,2021-04-01,2024-12-29,-221,-280.0,58768.84,116365.89867847961,-6.69835254410126
left_projected,2021-04-02,2024-12-30,-220,-279.0,59019.55,116613.84509202978,-6.499550239235896
left_projected,2021-04-03,2024-12-31,-219,-278.0,56731.0,114330.57510157001,-8.33026571615687
left_projected,2021-04-04,2025-01-01,-218,-277.0,58266.39,115867.39000904487,-7.098054524299268
left_projected,2021-04-05,2025-01-02,-217,-276.0,59200.0,116791.98020465464,-6.356722317427255
left_projected,2021-04-06,2025-01-03,-216,-275.0,58018.31,115620.46340555306,-7.296039150105593
left_projected,2021-04-07,2025-01-04,-215,-274.0,55962.11,113553.15596217113,-8.953596840596301
left_projected,2021-04-08,2025-01-05,-214,-273.0,58108.65,115710.44439434561,-7.223892803199861
left_projected,2021-04-09,2025-01-06,-213,-272.0,58126.14,115727.85680551312,-7.209931611247933
left_projected,2021-04-10,2025-01-07,-212,-271.0,60039.35,117617.01669168433,-5.695211820578116
left_projected,2021-04-11,2025-01-08,-211,-270.0,60133.37,117709.07320150429,-5.621401330367637
left_projected,2021-04-12,2025-01-09,-210,-269.0,59903.04,117483.42525837364,-5.8023248232312525
left_projected,2021-04-13,2025-01-10,-209,-268.0,63660.94,121112.42280216147,-2.892611124509714
left_projected,2021-04-14,2025-01-11,-208,-267.0,63283.43,120752.78992388904,-3.1809631280020345
left_projected,2021-04-15,2025-01-12,-207,-266.0,63346.93,120813.35775036302,-3.132400120651757
left_projected,2021-04-16,2025-01-13,-206,-265.0,61486.08,119025.65264499898,-4.565773930247341
left_projected,2021-04-17,2025-01-14,-205,-264.0,60199.33,117773.61276195996,-5.569653804804053
left_projected,2021-04-18,2025-01-15,-204,-263.0,56351.2,113947.22496791303,-8.637634106972635
left_projected,2021-04-19,2025-01-16,-203,-262.0,55797.39,113385.91548529919,-9.087689493088725
left_projected,2021-04-20,2025-01-17,-202,-261.0,56514.9,114112.61304775783,-8.50502669797798
left_projected,2021-04-21,2025-01-18,-201,-260.0,53919.48,111461.53410579445,-10.630649716661967
left_projected,2021-04-22,2025-01-19,-200,-259.0,51653.27,109094.05353289821,-12.528884854959443
left_projected,2021-04-23,2025-01-20,-199,-258.0,51231.69,108647.943351357,-12.88657396626558
left_projected,2021-04-24,2025-01-21,-198,-257.0,50167.5,107513.59855995675,-13.796086452505962
left_projected,2021-04-25,2025-01-22,-197,-256.0,49272.06,106549.77293929682,-14.568877444446349
left_projected,2021-04-26,2025-01-23,-196,-255.0,53969.71,111513.43936861336,-10.589032313388035
left_projected,2021-04-27,2025-01-24,-195,-254.0,55120.81,112696.37949386078,-9.640556309844882
left_projected,2021-04-28,2025-01-25,-194,-253.0,54964.11,112536.07623120559,-9.769086735580778
left_projected,2021-04-29,2025-01-26,-193,-252.0,53562.87,111092.33324141831,-10.926673287825306
left_projected,2021-04-30,2025-01-27,-192,-251.0,57640.17,115243.06363595616,-7.598636566124862
left_projected,2021-05-01,2025-01-28,-191,-250.0,57868.94,115471.53319162423,-7.415450717182592
left_projected,2021-05-02,2025-01-29,-190,-249.0,56631.64,114230.41060336692,-8.410577154517028
left_projected,2021-05-03,2025-01-30,-189,-248.0,57213.29,114815.5286229568,-7.941432191913266
left_projected,2021-05-04,2025-01-31,-188,-247.0,53128.68,110641.1500889437,-11.288429884115935
left_projected,2021-05-05,2025-02-01,-187,-246.0,57518.01,115120.8783640477,-7.696604160526421
left_projected,2021-05-06,2025-02-02,-186,-245.0,56485.77,114083.20019493937,-8.52860978937765
left_projected,2021-05-07,2025-02-03,-185,-244.0,57373.88,114976.5515729026,-7.812324724186304
left_projected,2021-05-08,2025-02-04,-184,-243.0,59045.17,116639.15299891948,-6.479258474781824
left_projected,2021-05-09,2025-02-05,-183,-242.0,58410.34,116010.42977738637,-6.983365889660309
left_projected,2021-05-10,2025-02-06,-182,-241.0,55936.77,113527.44425494371,-8.974212370321643
left_projected,2021-05-11,2025-02-07,-181,-240.0,56719.0,114318.48259958636,-8.339961429159992
left_projected,2021-05-12,2025-02-08,-180,-239.0,49095.57,106358.77382881883,-14.722019661131714
left_projected,2021-05-13,2025-02-09,-179,-238.0,49635.45,106941.96269121586,-14.25442148797691
left_projected,2021-05-14,2025-02-10,-178,-237.0,49923.92,107252.27372001112,-14.005615518709845
left_projected,2021-05-15,2025-02-11,-177,-236.0,46984.74,104047.24434404726,-16.575393471855847
left_projected,2021-05-16,2025-02-12,-176,-235.0,46523.31,103535.06764195627,-16.986054418372966
left_projected,2021-05-17,2025-02-13,-175,-234.0,43768.74,100423.23114861948,-19.481110742768482
left_projected,2021-05-18,2025-02-14,-174,-233.0,42989.8,99525.61752471594,-20.200813257338133
left_projected,2021-05-19,2025-02-15,-173,-232.0,37236.61,92626.92285957972,-25.732155212861286
left_projected,2021-05-20,2025-02-16,-172,-231.0,40749.78,96897.99768037722,-22.30762687841452
left_projected,2021-05-21,2025-02-17,-171,-230.0,37425.0,92860.9394713641,-25.544521759594552
left_projected,2021-05-22,2025-02-18,-170,-229.0,37383.34,92809.24055450811,-25.585973715615406
left_projected,2021-05-23,2025-02-19,-169,-228.0,34927.4,89708.85168540633,-28.07185138704892
left_projected,2021-05-24,2025-02-20,-168,-227.0,38725.06,94460.06025006674,-24.262354004020725
left_projected,2021-05-25,2025-02-21,-167,-226.0,38370.0,94026.02320756369,-24.610362927445216
left_projected,2021-05-26,2025-02-22,-166,-225.0,39213.41,95053.79785493758,-23.786297897205188
left_projected,2021-05-27,2025-02-23,-165,-224.0,38368.17,94023.78096526311,-24.612160747107293
left_projected,2021-05-28,2025-02-24,-164,-223.0,35770.0,90784.48591988254,-27.20941275789446
left_projected,2021-05-29,2025-02-25,-163,-222.0,34621.64,89315.32578628809,-28.38737866025587
left_projected,2021-05-30,2025-02-26,-162,-221.0,35545.27,90498.85350197852,-27.438431529372277
left_projected,2021-05-31,2025-02-27,-161,-220.0,37153.71,92523.75758099313,-25.81487266326289
left_projected,2021-06-01,2025-02-28,-160,-219.0,36764.58,92037.95766705938,-26.204384821194893
left_projected,2021-06-02,2025-03-01,-159,-218.0,37501.36,92955.62548429931,-25.46860294576494
left_projected,2021-06-03,2025-03-02,-158,-217.0,39215.09,95055.83400366895,-23.784665322428044
left_projected,2021-06-04,2025-03-03,-157,-216.0,36895.48,92201.66229405413,-26.07312719702646
left_projected,2021-06-05,2025-03-04,-156,-215.0,35565.0,90523.96647305037,-27.418296063568924
left_projected,2021-06-06,2025-03-05,-155,-214.0,35873.42,90915.63150124301,-27.10426082819294
left_projected,2021-06-07,2025-03-06,-154,-213.0,33816.09,88270.14986402632,-29.225395953429544
left_projected,2021-06-08,2025-03-07,-153,-212.0,33432.26,87767.76443038495,-29.62820630550783
left_projected,2021-06-09,2025-03-08,-152,-211.0,37357.02,92776.56330683987,-25.612174183934698
left_projected,2021-06-10,2025-03-09,-151,-210.0,36717.51,91979.02031210664,-26.25164052390706
left_projected,2021-06-11,2025-03-10,-150,-209.0,37282.15,92683.54645047354,-25.686754675631207
left_projected,2021-06-12,2025-03-11,-149,-208.0,35609.66,90580.78542389491,-27.37273888762034
left_projected,2021-06-13,2025-03-12,-148,-207.0,39122.03,94942.98012366491,-23.87515104930977
left_projected,2021-06-14,2025-03-13,-147,-206.0,40496.92,96596.8947618481,-22.549049826817715
left_projected,2021-06-15,2025-03-14,-146,-205.0,40093.93,96115.06909684502,-22.93537545006179
left_projected,2021-06-16,2025-03-15,-145,-204.0,38394.4,94055.91466375937,-24.586396094037966
left_projected,2021-06-17,2025-03-16,-144,-203.0,38027.63,93605.59289486524,-24.947462036897782
left_projected,2021-06-18,2025-03-17,-143,-202.0,35777.39,90793.86336890497,-27.201893961987224
left_projected,2021-06-19,2025-03-18,-142,-201.0,35498.24,90438.96410114407,-27.486450578135347
left_projected,2021-06-20,2025-03-19,-141,-200.0,35565.82,90525.01004432334,-27.41745933287625
left_projected,2021-06-21,2025-03-20,-140,-199.0,31686.69,85445.77753669726,-31.489964819062223
left_projected,2021-06-22,2025-03-21,-139,-198.0,32508.26,86546.40463909667,-30.60748702226187
left_projected,2021-06-23,2025-03-22,-138,-197.0,33688.35,88103.27224005938,-29.359197672115712
left_projected,2021-06-24,2025-03-23,-137,-196.0,34695.34,89410.33919593044,-28.311197341237925
left_projected,2021-06-25,2025-03-24,-136,-195.0,31704.87,85470.28595783582,-31.47031407864136
left_projected,2021-06-26,2025-03-25,-135,-194.0,32265.95,86223.25162904256,-30.866589633600682
left_projected,2021-06-27,2025-03-26,-134,-193.0,34596.99,89283.52465267059,-28.412876664320407
left_projected,2021-06-28,2025-03-27,-133,-192.0,34541.8,89212.2825527657,-28.469998255480977
left_projected,2021-06-29,2025-03-28,-132,-191.0,35928.75,90985.71714847973,-27.0480664755135
left_projected,2021-06-30,2025-03-29,-131,-190.0,34995.83,89796.68778084134,-28.001424805866204
left_projected,2021-07-01,2025-03-30,-130,-189.0,33538.49,87907.09355468543,-29.516492848357125
left_projected,2021-07-02,2025-03-31,-129,-188.0,33832.49,88291.55173194963,-29.20823603322478
left_projected,2021-07-03,2025-04-01,-128,-187.0,34633.93,89331.17697007129,-28.374669253308515
left_projected,2021-07-04,2025-04-02,-127,-186.0,35126.9,89964.68854303367,-27.86672256006737
left_projected,2021-07-05,2025-04-03,-126,-185.0,33673.22,88083.48569350803,-29.37506243500303
left_projected,2021-07-06,2025-04-04,-125,-184.0,34193.9,88761.87899714553,-28.831129774565166
left_projected,2021-07-07,2025-04-05,-124,-183.0,33791.0,88237.39757046055,-29.2516565932076
left_projected,2021-07-08,2025-04-06,-123,-182.0,32878.23,87037.49499558838,-30.213733011587486
left_projected,2021-07-09,2025-04-07,-122,-181.0,33766.87,88205.88698115379,-29.276921640167362
left_projected,2021-07-10,2025-04-08,-121,-180.0,33547.19,87918.49451702685,-29.507351608688825
left_projected,2021-07-11,2025-04-09,-120,-179.0,34236.21,88816.77700661523,-28.787112800660076
left_projected,2021-07-12,2025-04-10,-119,-178.0,33096.86,87326.40163730604,-29.982088982371614
left_projected,2021-07-13,2025-04-11,-118,-177.0,32768.54,86892.18426792521,-30.330242491065217
left_projected,2021-07-14,2025-04-12,-117,-176.0,32817.18,86956.64958477553,-30.278554493686194
left_projected,2021-07-15,2025-04-13,-116,-175.0,31891.09,85720.92527274172,-31.269352617736466
left_projected,2021-07-16,2025-04-14,-115,-174.0,31408.78,85070.2486858345,-31.791062140963422
left_projected,2021-07-17,2025-04-15,-114,-173.0,31503.78,85198.80464737488,-31.687986556636638
left_projected,2021-07-18,2025-04-16,-113,-172.0,31753.02,85535.16294594441,-31.418296005122826
left_projected,2021-07-19,2025-04-17,-112,-171.0,30849.9,84309.99215523504,-32.40063236385169
left_projected,2021-07-20,2025-04-18,-111,-170.0,29788.61,82847.09561405118,-33.57357614635206
left_projected,2021-07-21,2025-04-19,-110,-169.0,32086.04,85982.53177693672,-31.059597714420562
left_projected,2021-07-22,2025-04-20,-109,-168.0,32327.95,86306.05216670228,-30.800200539702715
left_projected,2021-07-23,2025-04-21,-108,-167.0,33700.0,88118.50472250591,-29.346984337081604
left_projected,2021-07-24,2025-04-22,-107,-166.0,34275.43,88867.6353952433,-28.74633477634333
left_projected,2021-07-25,2025-04-23,-106,-165.0,35368.57,90273.63267140069,-27.619012565336753
left_projected,2021-07-26,2025-04-24,-105,-164.0,37269.12,92667.34872384484,-25.69974193905341
left_projected,2021-07-27,2025-04-25,-104,-163.0,39381.82,95257.69314851219,-23.62281557966147
left_projected,2021-07-28,2025-04-26,-103,-162.0,40031.56,96040.2818409205,-22.995339531168945
left_projected,2021-07-29,2025-04-27,-102,-161.0,40024.94,96032.34044477089,-23.0017069064247
left_projected,2021-07-30,2025-04-28,-101,-160.0,42188.95,98594.23621539238,-20.947590548248986
left_projected,2021-07-31,2025-04-29,-100,-159.0,41472.42,97753.39683159541,-21.621771735736072
left_projected,2021-08-01,2025-04-30,-99,-158.0,39816.76,95782.27040895024,-23.202211921952397
left_projected,2021-08-02,2025-05-01,-98,-157.0,39146.69,94972.8983699316,-23.85116273574561
left_projected,2021-08-03,2025-05-02,-97,-156.0,38207.27,93826.42570609234,-24.770399294859114
left_projected,2021-08-04,2025-05-03,-96,-155.0,39730.0,95677.85958305257,-23.285928046513938
left_projected,2021-08-05,2025-05-04,-95,-154.0,40893.75,97069.0182927804,-22.170503330473544
left_projected,2021-08-06,2025-05-05,-94,-153.0,42827.76,99337.8711682039,-20.35134743071152
left_projected,2021-08-07,2025-05-06,-93,-152.0,44488.87,101245.99576706934,-18.82142181979716
left_projected,2021-08-08,2025-05-07,-92,-151.0,43933.26,100611.79190601408,-19.32992358647746
left_projected,2021-08-09,2025-05-08,-91,-150.0,46208.5,103184.17686958217,-17.267397041180644
left_projected,2021-08-10,2025-05-09,-90,-149.0,45565.76,102464.04054758152,-17.844799063581885
left_projected,2021-08-11,2025-05-10,-89,-148.0,45482.95,102370.89049555134,-17.919486350954895
left_projected,2021-08-12,2025-05-11,-88,-147.0,44454.37,101206.73129151031,-18.852903897431194
left_projected,2021-08-13,2025-05-12,-87,-146.0,47765.41,104908.07632546008,-15.885182310676594
left_projected,2021-08-14,2025-05-13,-86,-145.0,47134.61,104213.05504532366,-16.442447206922584
left_projected,2021-08-15,2025-05-14,-85,-144.0,47090.0,104163.72775810133,-16.481997601107135
left_projected,2021-08-16,2025-05-15,-84,-143.0,45930.71,102873.55499964031,-17.51645224146301
left_projected,2021-08-17,2025-05-16,-83,-142.0,44718.51,101506.96221629127,-18.612180109642907
left_projected,2021-08-18,2025-05-17,-82,-141.0,44735.2,101525.90284238334,-18.596993601926247
left_projected,2021-08-19,2025-05-18,-81,-140.0,46736.74,103772.28425318818,-16.79585522012679
left_projected,2021-08-20,2025-05-19,-80,-139.0,49350.99,106635.08100478571,-14.500477826157987
left_projected,2021-08-21,2025-05-20,-79,-138.0,48896.95,106143.41439131221,-14.894693877055243
left_projected,2021-08-22,2025-05-21,-78,-137.0,49328.47,106610.74819968012,-14.51998775844363
left_projected,2021-08-23,2025-05-22,-77,-136.0,49464.66,106757.81651624317,-14.402069052192656
left_projected,2021-08-24,2025-05-23,-76,-135.0,47770.4,104913.55599819226,-15.88078873404256
left_projected,2021-08-25,2025-05-24,-75,-134.0,48985.05,106238.99322041299,-14.818059207291313
left_projected,2021-08-26,2025-05-25,-74,-133.0,46770.6,103809.86810440903,-16.765720659431025
left_projected,2021-08-27,2025-05-26,-73,-132.0,49082.04,106344.1173805119,-14.733771134616802
left_projected,2021-08-28,2025-05-27,-72,-131.0,48963.41,106215.5241642772,-14.836876589587767
left_projected,2021-08-29,2025-05-28,-71,-130.0,48770.78,106006.38370986938,-15.004564453193247
left_projected,2021-08-30,2025-05-29,-70,-129.0,46924.16,103980.14580170394,-16.629192777439506
left_projected,2021-08-31,2025-05-30,-69,-128.0,47065.73,104136.88151161719,-16.503522799240134
left_projected,2021-09-01,2025-05-31,-68,-127.0,48889.19,106134.99151853878,-14.901447298074611
left_projected,2021-09-02,2025-06-01,-67,-126.0,49273.33,106551.14610432867,-14.567776446979252
left_projected,2021-09-03,2025-06-02,-66,-125.0,49919.31,107247.3217411158,-14.009585992829388
left_projected,2021-09-04,2025-06-03,-65,-124.0,49949.07,107279.2853714931,-13.983957699603089
left_projected,2021-09-05,2025-06-04,-64,-123.0,51782.76,109230.71232097752,-12.419312461226163
left_projected,2021-09-06,2025-06-05,-63,-122.0,52691.2,110184.67963753598,-11.654425812604863
left_projected,2021-09-07,2025-06-06,-62,-121.0,46943.82,104001.92600607492,-16.611729508794514
left_projected,2021-09-08,2025-06-07,-61,-120.0,46022.48,102976.27489219156,-17.434091899555582
left_projected,2021-09-09,2025-06-08,-60,-119.0,46414.58,103414.01055226105,-17.083117441415364
left_projected,2021-09-10,2025-06-09,-59,-118.0,44897.75,101710.18805076384,-18.449234561357486
left_projected,2021-09-11,2025-06-10,-58,-117.0,45127.48,101970.0682057229,-18.24086383699458
left_projected,2021-09-12,2025-06-11,-57,-116.0,46010.13,102962.45727171077,-17.445170804710962
left_projected,2021-09-13,2025-06-12,-56,-115.0,44969.02,101790.88263669581,-18.384534009961172
left_projected,2021-09-14,2025-06-13,-55,-114.0,47096.48,104170.89443612889,-16.476251391312424
left_projected,2021-09-15,2025-06-14,-54,-113.0,48106.71,105282.21101842447,-15.585202818227229
left_projected,2021-09-16,2025-06-15,-53,-112.0,47772.7,104916.08160269196,-15.878763715860078
left_projected,2021-09-17,2025-06-16,-52,-111.0,47337.8,104437.43665280906,-16.262539056210535
left_projected,2021-09-18,2025-06-17,-51,-110.0,48300.04,105493.55161001645,-15.415750894650204
left_projected,2021-09-19,2025-06-18,-50,-109.0,47270.75,104363.44703448605,-16.321863595122444
left_projected,2021-09-20,2025-06-19,-49,-108.0,42991.14,99527.1686285621,-20.19956958934034
left_projected,2021-09-21,2025-06-20,-48,-107.0,40656.13,96786.58950625724,-22.396953444904312
left_projected,2021-09-22,2025-06-21,-47,-106.0,43544.09,100165.18052043919,-19.688014560894572
left_projected,2021-09-23,2025-06-22,-46,-105.0,44892.71,101704.47914848462,-18.45381193319807
left_projected,2021-09-24,2025-06-23,-45,-104.0,42816.65,99324.98565501867,-20.36167897648352
left_projected,2021-09-25,2025-06-24,-44,-103.0,42682.26,99168.98588080343,-20.48675888479279
left_projected,2021-09-26,2025-06-25,-43,-102.0,43142.04,99701.68707426486,-20.05964149459413
left_projected,2021-09-27,2025-06-26,-42,-101.0,42214.52,98624.109828551,-20.923638021307557
left_projected,2021-09-28,2025-06-27,-41,-100.0,41006.19,97202.37544667532,-22.063578171988716
left_projected,2021-09-29,2025-06-28,-40,-99.0,41522.49,97812.38827909177,-21.57447266186885
left_projected,2021-09-30,2025-06-29,-39,-98.0,43834.03,100498.10409955485,-19.421077951792
left_projected,2021-10-01,2025-06-30,-38,-97.0,48145.34,105324.47368481806,-15.551316804840287
left_projected,2021-10-02,2025-07-01,-37,-96.0,47692.85,104828.36358882293,-15.949095619781117
left_projected,2021-10-03,2025-07-02,-36,-95.0,48179.83,105362.19271171895,-15.521073860900081
left_projected,2021-10-04,2025-07-03,-35,-94.0,49248.68,106524.49056549979,-14.589148736583024
left_projected,2021-10-05,2025-07-04,-34,-93.0,51441.74,108870.44388067989,-12.70817405545499
left_projected,2021-10-06,2025-07-05,-33,-92.0,55278.64,112857.60857664552,-9.511283565746687
left_projected,2021-10-07,2025-07-06,-32,-91.0,53844.74,111384.25661795307,-10.692610454375817
left_projected,2021-10-08,2025-07-07,-31,-90.0,53983.21,111527.38549970224,-10.57785036901252
left_projected,2021-10-09,2025-07-08,-30,-89.0,54951.3,112522.96157201426,-9.779602009576593
left_projected,2021-10-10,2025-07-09,-29,-88.0,54655.3,112219.4949540247,-10.022920161439341
left_projected,2021-10-11,2025-07-10,-28,-87.0,57440.05,115042.83440127445,-7.759179454348974
left_projected,2021-10-12,2025-07-11,-27,-86.0,56019.29,113611.153344115,-8.907094803960614
left_projected,2021-10-13,2025-07-12,-26,-85.0,57372.59,114975.25899355076,-7.8133611084222565
left_projected,2021-10-14,2025-07-13,-25,-84.0,57327.09,114929.6587173888,-7.849923202116993
left_projected,2021-10-15,2025-07-14,-24,-83.0,61682.48,119215.59807987779,-4.4134765458573755
left_projected,2021-10-16,2025-07-15,-23,-82.0,60880.85,118438.39738748815,-5.036632520479934
left_projected,2021-10-17,2025-07-16,-22,-81.0,61541.01,119078.80792433991,-4.523154269420493
left_projected,2021-10-18,2025-07-17,-21,-80.0,62036.95,119557.65481522582,-4.139217013693763
left_projected,2021-10-19,2025-07-18,-20,-79.0,64353.53,121769.45317327761,-2.3658071660486946
left_projected,2021-10-20,2025-07-19,-19,-78.0,66005.17,123322.1664540263,-1.1208487309251391
left_projected,2021-10-21,2025-07-20,-18,-77.0,62152.09,119668.55232844314,-4.050299892789411
left_projected,2021-10-22,2025-07-21,-17,-76.0,60671.75,118234.82951498972,-5.199852313296338
left_projected,2021-10-23,2025-07-22,-16,-75.0,61308.09,118853.24996450078,-4.7040056140909
left_projected,2021-10-24,2025-07-23,-15,-74.0,60889.41,118446.72346249603,-5.0299567114680315
left_projected,2021-10-25,2025-07-24,-14,-73.0,63102.83,120580.36299367552,-3.319214255156866
left_projected,2021-10-26,2025-07-25,-13,-72.0,60341.21,117912.31767979401,-5.4584408335545564
left_projected,2021-10-27,2025-07-26,-12,-71.0,58517.61,116116.90690558872,-6.8979930133239
left_projected,2021-10-28,2025-07-27,-11,-70.0,60577.62,118143.0754071422,-5.273420338982914
left_projected,2021-10-29,2025-07-28,-10,-69.0,62316.4,119826.63037138131,-3.9235536380856417
left_projected,2021-10-30,2025-07-29,-9,-68.0,62062.88,119582.6383622209,-4.119185319525586
left_projected,2021-10-31,2025-07-30,-8,-67.0,61333.45,118877.82915777813,-4.684298128891551
left_projected,2021-11-01,2025-07-31,-7,-66.0,60950.0,118505.64095334559,-4.982716935703313
left_projected,2021-11-02,2025-08-01,-6,-65.0,63357.2,120823.1506708683,-3.1245482016022397
left_projected,2021-11-03,2025-08-02,-5,-64.0,62944.4,120428.899480616,-3.4406570099363987
left_projected,2021-11-04,2025-08-03,-4,-63.0,61499.24,119038.38962371003,-4.555561478740088
left_projected,2021-11-05,2025-08-04,-3,-62.0,61000.01,118554.24843425806,-4.943743678938928
left_projected,2021-11-06,2025-08-05,-2,-61.0,61539.3,119077.15353017197,-4.524480755127769
left_projected,2021-11-07,2025-08-06,-1,-60.0,63433.66,120896.03388394584,-3.0661107733759296
left_projected,2021-11-08,2025-08-07,0,-59.0,67510.06,124720.09,0.0
left_projected,2021-11-09,2025-08-08,1,-58.0,66967.98,124218.35343543845,-0.4022900918060235
left_projected,2021-11-10,2025-08-09,2,-57.0,64896.86,122282.4159886202,-1.9545159175075932
left_projected,2021-11-11,2025-08-10,3,-56.0,64793.69,122185.17788742283,-2.0324809840797653
left_projected,2021-11-12,2025-08-11,4,-55.0,64158.51,121584.8052025835,-2.51385706778795
left_projected,2021-11-13,2025-08-12,5,-54.0,64482.54,121891.44812685171,-2.2679921680206383
left_projected,2021-11-14,2025-08-13,6,-53.0,65714.05,123049.90578751113,-1.3391460930543442
left_projected,2021-11-15,2025-08-14,7,-52.0,63441.68,120903.67616366905,-3.0599832283082384
left_projected,2021-11-16,2025-08-15,8,-51.0,60147.32,117722.72574043753,-5.6104547868450645
left_projected,2021-11-17,2025-08-16,9,-50.0,60314.28,117886.0028852832,-5.479539915916343
left_projected,2021-11-18,2025-08-17,10,-49.0,57017.38,114618.78413539965,-8.099181025767654
left_projected,2021-11-19,2025-08-18,11,-48.0,58187.85,115789.27213066885,-7.1606890833154075
left_projected,2021-11-20,2025-08-19,12,-47.0,59771.71,117354.57066168774,-5.90563985185727
left_projected,2021-11-21,2025-08-20,13,-46.0,58742.9,116340.21445046928,-6.718946041115514
left_projected,2021-11-22,2025-08-21,14,-45.0,56254.57,113849.4857481164,-8.716000968154846
left_projected,2021-11-23,2025-08-22,15,-44.0,57599.99,115202.88962594321,-7.630847904340666
left_projected,2021-11-24,2025-08-23,16,-43.0,57255.24,114857.61350268604,-7.907688727063899
left_projected,2021-11-25,2025-08-24,17,-42.0,59022.44,116616.70016197515,-6.497261057159953
left_projected,2021-11-26,2025-08-25,18,-41.0,53839.39,111378.72292444928,-10.697047344618438
left_projected,2021-11-27,2025-08-26,19,-40.0,54665.93,112230.40730136388,-10.014170691053959
left_projected,2021-11-28,2025-08-27,20,-39.0,57471.87,115074.6950643282,-7.733633719853628
left_projected,2021-11-29,2025-08-28,21,-38.0,57828.33,115431.00953644635,-7.447942399298824
left_projected,2021-11-30,2025-08-29,22,-37.0,56879.47,114480.08391465922,-8.210390230908892
left_projected,2021-12-01,2025-08-30,23,-36.0,57228.47,114830.75921126938,-7.929220375587132
left_projected,2021-12-02,2025-08-31,24,-35.0,56566.29,114164.48356928688,-8.463437150111996
left_projected,2021-12-03,2025-09-01,25,-34.0,53681.96,111215.76427065389,-10.82770685087391
left_projected,2021-12-04,2025-09-02,26,-33.0,49335.0,106617.80442043809,-14.51433011278449
left_projected,2021-12-05,2025-09-03,27,-32.0,49511.76,106808.63155013406,-14.361325789506674
left_projected,2021-12-06,2025-09-04,28,-31.0,50588.91,107964.21456713771,-13.434784590728155
left_projected,2021-12-07,2025-09-05,29,-30.0,50676.09,108057.2020286909,-13.360227667658918
left_projected,2021-12-08,2025-09-06,30,-29.0,50531.51,107902.94713925285,-13.483908535302646
left_projected,2021-12-09,2025-09-07,31,-28.0,47639.07,104769.24299113275,-15.996498245685398
left_projected,2021-12-10,2025-09-08,32,-27.0,47268.48,104360.94117336733,-16.323872783151984
left_projected,2021-12-11,2025-09-09,33,-26.0,49432.46,106723.06280199837,-14.429934421953694
left_projected,2021-12-12,2025-09-10,34,-25.0,50065.39,107404.12723435402,-13.883860062677932
left_projected,2021-12-13,2025-09-11,35,-24.0,46639.86,103664.67432759919,-16.882136368247338
left_projected,2021-12-14,2025-09-12,36,-23.0,48343.16,105540.63094102209,-15.37800290151965
left_projected,2021-12-15,2025-09-13,37,-22.0,48885.97,106131.49626426944,-14.904249777025136
left_projected,2021-12-16,2025-09-14,38,-21.0,47605.48,104732.30042033995,-16.026118630655294
left_projected,2021-12-17,2025-09-15,39,-20.0,46240.15,103219.50824989678,-17.239068501396382
left_projected,2021-12-18,2025-09-16,40,-19.0,46813.13,103857.05619333439,-16.72788546469587
left_projected,2021-12-19,2025-09-17,41,-18.0,46683.77,103713.46140566304,-16.843019111305136
left_projected,2021-12-20,2025-09-18,42,-17.0,46963.71,104023.95637385768,-16.594065660265567
left_projected,2021-12-21,2025-09-19,43,-16.0,48954.47,106205.82702375711,-14.844651712681479
left_projected,2021-12-22,2025-09-20,44,-15.0,48646.94,105871.71111712113,-15.112544324558186
left_projected,2021-12-23,2025-09-21,45,-14.0,50840.46,108232.30416442009,-13.219831572908515
left_projected,2021-12-24,2025-09-22,46,-13.0,50815.7,108205.94564790306,-13.240965711375718
left_projected,2021-12-25,2025-09-23,47,-12.0,50395.07,107757.17443779085,-13.600788423267772
left_projected,2021-12-26,2025-09-24,48,-11.0,50841.73,108233.65598310828,-13.218747690842514
left_projected,2021-12-27,2025-09-25,49,-10.0,50663.26,108043.52238546574,-13.371195943279268
left_projected,2021-12-28,2025-09-26,50,-9.0,47594.55,104720.27670209379,-16.03575919317105
left_projected,2021-12-29,2025-09-27,51,-8.0,46518.8,103530.04914185323,-16.99007822889381
left_projected,2021-12-30,2025-09-28,52,-7.0,47097.85,104172.40955028955,-16.475036579680502
left_projected,2021-12-31,2025-09-29,53,-6.0,46244.63,103224.50836556435,-17.23505943143213
left_projected,2022-01-01,2025-09-30,54,-5.0,47748.83,104889.86726086999,-15.899782255713578
left_projected,2022-01-02,2025-10-01,55,-4.0,47258.52,104349.94558248928,-16.332688997827628
left_projected,2022-01-03,2025-10-02,56,-3.0,46519.76,103531.1174017225,-16.98922170299708
left_projected,2022-01-04,2025-10-03,57,-2.0,45889.4,102827.28244548602,-17.553553364589437
left_projected,2022-01-05,2025-10-04,58,-1.0,43422.85,100025.63814578616,-19.79989900120649
left_projected,2022-01-06,2025-10-05,59,0.0,43133.33,99691.62211756004,-20.067711531029175
left_projected,2022-01-07,2025-10-06,60,1.0,41656.16,97969.70153701326,-21.44833960830749
left_projected,2022-01-08,2025-10-07,61,2.0,41667.48,97983.01219368684,-21.43766718442326
left_projected,2022-01-09,2025-10-08,62,3.0,41838.78,98184.215561347,-21.27634324081469
left_projected,2022-01-10,2025-10-09,63,4.0,41872.47,98223.7382314255,-21.24465414399116
left_projected,2022-01-11,2025-10-10,64,5.0,42771.24,99272.30119562523,-20.403921136021285
left_projected,2022-01-12,2025-10-11,65,6.0,43884.25,100555.65721573902,-19.37493212541859
left_projected,2022-01-13,2025-10-12,66,7.0,42617.64,99093.88761736103,-20.546972330310986
left_projected,2022-01-14,2025-10-13,67,8.0,43158.68,99720.91282402194,-20.044226376021747
left_projected,2022-01-15,2025-10-14,68,9.0,43082.34,99632.67954348704,-20.114971418408178
left_projected,2022-01-16,2025-10-15,69,10.0,43137.67,99696.63738947532,-20.063690308854554
left_projected,2022-01-17,2025-10-16,70,11.0,42285.47,98706.95387052708,-20.857214045846916
left_projected,2022-01-18,2025-10-17,71,12.0,42411.61,98854.06851238933,-20.739258196182075
left_projected,2022-01-19,2025-10-18,72,13.0,41723.49,98048.84513439519,-21.384882632465075
left_projected,2022-01-20,2025-10-19,73,14.0,40696.22,96834.29717431038,-22.358701653991442
left_projected,2022-01-21,2025-10-20,74,15.0,36513.29,91722.87348801535,-26.457017880587365
left_projected,2022-01-22,2025-10-21,75,16.0,35108.16,89940.6875184215,-27.885966472264812
left_projected,2022-01-23,2025-10-22,76,17.0,36233.04,91370.19574443625,-26.739793288766666
left_projected,2022-01-24,2025-10-23,77,18.0,36643.49,91886.26181885297,-26.32601386123681
left_projected,2022-01-25,2025-10-24,78,19.0,36976.64,92303.01585069306,-25.991862377029186
left_projected,2022-01-26,2025-10-25,79,20.0,36838.9,92130.93856862167,-26.129833157896478
left_projected,2022-01-27,2025-10-26,80,21.0,37139.68,92506.28650084985,-25.82888089573232
left_projected,2022-01-28,2025-10-27,81,22.0,37677.8,93174.04215575954,-25.293477453584636
left_projected,2022-01-29,2025-10-28,82,23.0,38166.62,93776.49987761174,-24.8104295966979
left_projected,2022-01-30,2025-10-29,83,24.0,37918.6,93471.30706584964,-25.055131802863794
left_projected,2022-01-31,2025-10-30,84,25.0,38430.3,94099.87704363883,-24.551147258121098
left_projected,2022-02-01,2025-10-31,85,26.0,38745.11,94484.51055595932,-24.242749860139355
left_projected,2022-02-02,2025-11-01,86,27.0,36905.98,92214.7810905206,-26.062608605782277
left_projected,2022-02-03,2025-11-02,87,28.0,37238.31,92629.03722997576,-25.730459920309745
left_projected,2022-02-04,2025-11-03,88,29.0,41545.39,97839.3567357682,-21.552849476160407
left_projected,2022-02-05,2025-11-04,89,30.0,41447.5,97724.02332628856,-21.645323278480188
left_projected,2022-02-06,2025-11-05,90,31.0,42496.61,98953.07901898495,-20.659872023035785
left_projected,2022-02-07,2025-11-06,91,32.0,43897.96,100571.36342471802,-19.362338958608817
left_projected,2022-02-08,2025-11-07,92,33.0,44147.59,100856.91244767458,-19.133387052819973
left_projected,2022-02-09,2025-11-08,93,34.0,44402.94,101148.1704737825,-18.899857694311716
left_projected,2022-02-10,2025-11-09,94,35.0,43477.29,100088.32046698705,-19.749640601616747
left_projected,2022-02-11,2025-11-10,95,36.0,42391.54,98830.67590918948,-20.75801427886279
left_projected,2022-02-12,2025-11-11,96,37.0,42217.48,98627.5674332795,-20.920865729587344
left_projected,2022-02-13,2025-11-12,97,38.0,42097.33,98487.12151458285,-21.033474627397364
left_projected,2022-02-14,2025-11-13,98,39.0,42572.56,99041.46408578077,-20.5890052791168
left_projected,2022-02-15,2025-11-14,99,40.0,44469.73,101224.21439985221,-18.8388860208069
left_projected,2022-02-16,2025-11-15,100,41.0,43897.22,100570.51574156168,-19.363018627101948
left_projected,2022-02-17,2025-11-16,101,42.0,40553.82,96664.7324394724,-22.494657885932888
left_projected,2022-02-18,2025-11-17,102,43.0,39993.11,95994.14779097383,-23.032329602252666
left_projected,2022-02-19,2025-11-18,103,44.0,40089.18,96109.37546565216,-22.939940577614905
left_projected,2022-02-20,2025-11-19,104,45.0,38426.4,94095.10218068317,-24.55497572148707
left_projected,2022-02-21,2025-11-20,105,46.0,37075.4,92426.19858360529,-25.893095022938727
left_projected,2022-02-22,2025-11-21,106,47.0,38261.46,93892.93991196436,-24.717068507596196
left_projected,2022-02-23,2025-11-22,107,48.0,37225.0,92612.4816629713,-25.74373409851508
left_projected,2022-02-24,2025-11-23,108,49.0,38367.61,94023.09480392851,-24.61271090813957
left_projected,2022-02-25,2025-11-24,109,50.0,39212.8,95053.05852823547,-23.78689068598694
left_projected,2022-02-26,2025-11-25,110,51.0,39138.21,94962.61124478832,-23.859410905822532
left_projected,2022-02-27,2025-11-26,111,52.0,37700.0,93201.48748348012,-25.271471914845378
left_projected,2022-02-28,2025-11-27,112,53.0,43206.02,99775.58889596346,-20.00038735061571
left_projected,2022-03-01,2025-11-28,113,54.0,44412.2,101158.71688389918,-18.891401630724303
left_projected,2022-03-02,2025-11-29,114,55.0,43862.75,100531.02182271011,-19.394684671322704
left_projected,2022-03-03,2025-11-30,115,56.0,42432.0,98877.82842451918,-20.720207606874574
left_projected,2022-03-04,2025-12-01,116,57.0,39205.77,95044.53767594244,-23.793722666538773
left_projected,2022-03-05,2025-12-02,117,58.0,39390.89,95268.66188404175,-23.614020897481915
left_projected,2022-03-06,2025-12-03,118,59.0,38432.11,94102.09298746497,-24.549370524456027
left_projected,2022-03-07,2025-12-04,119,60.0,38004.69,93577.35505519592,-24.97010300810726
left_projected,2022-03-08,2025-12-05,120,61.0,38724.21,94459.02356359284,-24.263185214512884
left_projected,2022-03-09,2025-12-06,121,62.0,41985.86,98356.64249722338,-21.1380921091194
left_projected,2022-03-10,2025-12-07,122,63.0,39454.87,95345.99976536795,-23.55201173654705
left_projected,2022-03-11,2025-12-08,123,64.0,38670.76,94393.81141070375,-24.315472021625585
left_projected,2022-03-12,2025-12-09,124,65.0,38767.98,94512.39203543802,-24.220394616907328
left_projected,2022-03-13,2025-12-10,125,66.0,37780.14,93300.4954684013,-25.19208776356615
left_projected,2022-03-14,2025-12-11,126,67.0,39644.88,95575.31155647452,-23.36815058706698
left_projected,2022-03-15,2025-12-12,127,68.0,39361.36,95232.94536381679,-23.642658240691784
left_projected,2022-03-16,2025-12-13,128,69.0,41109.85,97325.15737871973,-21.965132178208236
left_projected,2022-03-17,2025-12-14,129,70.0,40964.07,97152.44132774665,-22.103615121070984
left_projected,2022-03-18,2025-12-15,130,71.0,41806.03,98145.78037562921,-21.30716039763184
left_projected,2022-03-19,2025-12-16,131,72.0,42219.55,98629.98534834781,-20.918927056300383
left_projected,2022-03-20,2025-12-17,132,73.0,41271.13,97515.88097034737,-21.812210871281945
left_projected,2022-03-21,2025-12-18,133,74.0,41009.98,97206.8673110872,-22.059976615565937
left_projected,2022-03-22,2025-12-19,134,75.0,42359.88,98793.76331253893,-20.78761063070198
left_projected,2022-03-23,2025-12-20,135,76.0,42940.28,99468.27917135622,-20.24678688785726
left_projected,2022-03-24,2025-12-21,136,77.0,43979.48,100664.70232722451,-19.287500251784206
left_projected,2022-03-25,2025-12-22,137,78.0,44355.11,101093.6783554239,-18.943549226572966
left_projected,2022-03-26,2025-12-23,138,79.0,44548.42,101313.7338644918,-18.76710972186453
left_projected,2022-03-27,2025-12-24,139,80.0,46819.78,103864.43259497664,-16.721971099462294
left_projected,2022-03-28,2025-12-25,140,81.0,47191.31,104275.71711344477,-16.392205046159948
left_projected,2022-03-29,2025-12-26,141,82.0,47430.74,104539.90926238701,-16.180376984664612
left_projected,2022-03-30,2025-12-27,142,83.0,47022.82,104089.39969692637,-16.541593501955965
left_projected,2022-03-31,2025-12-28,143,84.0,45475.83,102362.87750092692,-17.925911133541582
left_projected,2022-04-01,2025-12-29,144,85.0,46222.43,103199.72863250379,-17.2549277085161
left_projected,2022-04-02,2025-12-30,145,86.0,45871.46,102807.18083404469,-17.569670745070265
left_projected,2022-04-03,2025-12-31,146,87.0,46358.05,103351.01552878635,-17.13362656426375
left_projected,2022-04-04,2026-01-01,147,88.0,46568.89,103585.77311721412,-16.945398999299854
left_projected,2022-04-05,2026-01-02,148,89.0,45449.25,102332.95827824794,-17.949900229988657
left_projected,2022-04-06,2026-01-03,149,90.0,43206.04,99775.61198894387,-20.000368834769223
left_projected,2022-04-07,2026-01-04,150,91.0,43432.08,100036.26835067019,-19.791375751356345
left_projected,2022-04-08,2026-01-05,151,92.0,42281.5,98702.32017714536,-20.860929320091604
left_projected,2022-04-09,2026-01-06,152,93.0,42773.37,99274.77303615486,-20.401939225545085
left_projected,2022-04-10,2026-01-07,153,94.0,42177.2,98580.50557089085,-20.95859971646039
left_projected,2022-04-11,2026-01-08,154,95.0,39615.2,95539.52879760932,-23.396841040116854
left_projected,2022-04-12,2026-01-09,155,96.0,40105.2,96128.57663675296,-22.924545166097165
left_projected,2022-04-13,2026-01-10,156,97.0,41101.04,97314.72824094229,-21.973494213368273
left_projected,2022-04-14,2026-01-11,157,98.0,39910.05,95894.41288589963,-23.112296594799098
left_projected,2022-04-15,2026-01-12,158,99.0,40566.6,96679.9625456358,-22.482446456191774
left_projected,2022-04-16,2026-01-13,159,100.0,40378.25,96455.25974885805,-22.66261213501526
left_projected,2022-04-17,2026-01-14,160,101.0,39670.73,95606.46588459537,-23.34317118870314
left_projected,2022-04-18,2026-01-15,161,102.0,40817.48,96978.45544086091,-22.24311621258378
left_projected,2022-04-19,2026-01-16,162,103.0,41480.25,97762.62432511109,-21.614373173471023
left_projected,2022-04-20,2026-01-17,163,104.0,41350.25,97609.30901870069,-21.737300687723447
left_projected,2022-04-21,2026-01-18,164,105.0,40464.52,96558.24533324575,-22.580038762603717
left_projected,2022-04-22,2026-01-19,165,106.0,39708.2,95651.60658109061,-23.306977583891562
left_projected,2022-04-23,2026-01-20,166,107.0,39468.1,95361.98412736437,-23.539195547915035
left_projected,2022-04-24,2026-01-21,167,108.0,39489.71,95388.08736605707,-23.51826609004446
left_projected,2022-04-25,2026-01-22,168,109.0,40490.41,96589.13033113169,-22.555275311995292
left_projected,2022-04-26,2026-01-23,169,110.0,38102.78,93698.03868191612,-24.873339425976905
left_projected,2022-04-27,2026-01-24,170,111.0,39188.42,95023.50499111813,-23.810586577416572
left_projected,2022-04-28,2026-01-25,171,112.0,39737.71,95687.14275084152,-23.278484844870206
left_projected,2022-04-29,2026-01-26,172,113.0,38597.17,94303.95348602727,-24.387519696283675
left_projected,2022-04-30,2026-01-27,173,114.0,37658.53,93150.21256088068,-25.312583914202847
left_projected,2022-05-01,2026-01-28,174,115.0,38496.42,94180.79249258169,-24.486269619768798
left_projected,2022-05-02,2026-01-29,175,116.0,38488.36,94170.93265464461,-24.494175192910294
left_projected,2022-05-03,2026-01-30,176,117.0,37708.41,93211.88245431992,-25.263137274580284
left_projected,2022-05-04,2026-01-31,177,118.0,39671.83,95607.79137549833,-23.34210841613542
left_projected,2022-05-05,2026-02-01,178,119.0,36516.79,91727.2694540383,-26.453493215055968
left_projected,2022-05-06,2026-02-02,179,120.0,36013.22,91092.60997886266,-26.96236029106244
left_projected,2022-05-07,2026-02-03,180,121.0,35445.54,90371.80719914331,-27.540296676226493
left_projected,2022-05-08,2026-02-04,181,122.0,34089.76,88626.61055924692,-28.93958739185729
left_projected,2022-05-09,2026-02-05,182,123.0,30176.73,83385.06221951309,-33.14223697279798
left_projected,2022-05-10,2026-02-06,183,124.0,30961.83,84462.8009685493,-32.27811095345642
left_projected,2022-05-11,2026-02-07,184,125.0,29027.82,81782.31111644031,-34.42731550591384
left_projected,2022-05-12,2026-02-08,185,126.0,28959.93,81686.61927215397,-34.50404079073871
left_projected,2022-05-13,2026-02-09,186,127.0,29292.4,82154.17647519358,-34.129155555297
left_projected,2022-05-14,2026-02-10,187,128.0,30012.62,83158.01677467719,-33.32428097616255
left_projected,2022-05-15,2026-02-11,188,129.0,31258.75,84866.82838025794,-31.954163615294107
left_projected,2022-05-16,2026-02-12,189,130.0,29854.67,82938.90668371876,-33.49996244893765
left_projected,2022-05-17,2026-02-13,190,131.0,30391.04,83680.63163635245,-32.905250760841774
left_projected,2022-05-18,2026-02-14,191,132.0,28762.93,81408.30844072145,-34.72718914753714
left_projected,2022-05-19,2026-02-15,192,133.0,30258.84,83498.4293128756,-33.051339753783374
left_projected,2022-05-20,2026-02-16,193,134.0,29138.15,81937.58431407026,-34.30281816340073
left_projected,2022-05-21,2026-02-17,194,135.0,29426.6,82342.15171378618,-33.97843786531409
left_projected,2022-05-22,2026-02-18,195,136.0,30221.12,83446.36943699932,-33.093081125102366
left_projected,2022-05-23,2026-02-19,196,137.0,29095.68,81877.84891306485,-34.35071373580243
left_projected,2022-05-24,2026-02-20,197,138.0,29605.66,82592.2965518612,-33.777872873679605
left_projected,2022-05-25,2026-02-21,198,139.0,29487.83,82427.77475488202,-33.909785701018954
left_projected,2022-05-26,2026-02-22,199,140.0,29160.96,81969.6493330952,-34.27710857721863
left_projected,2022-05-27,2026-02-23,200,141.0,28608.55,81189.54206411028,-34.90259503171439
left_projected,2022-05-28,2026-02-24,201,142.0,28974.3,81706.8833256198,-34.48779316498264
left_projected,2022-05-29,2026-02-25,202,143.0,29441.17,82362.53423643862,-33.96209525150389
left_projected,2022-05-30,2026-02-26,203,144.0,31691.54,85452.3164993449,-31.484721908599568
left_projected,2022-05-31,2026-02-27,204,145.0,31804.27,85604.16283464321,-31.36297220869291
left_projected,2022-06-01,2026-02-28,205,146.0,29779.16,82833.95355816653,-33.58411338689178
left_projected,2022-06-02,2026-03-01,206,147.0,30428.98,83732.84855486358,-32.86338347345357
left_projected,2022-06-03,2026-03-02,207,148.0,29684.67,82702.43206895418,-33.68956671779648
left_projected,2022-06-04,2026-03-03,208,149.0,29832.02,82907.43886516558,-33.52519320250204
left_projected,2022-06-05,2026-03-04,209,150.0,29893.98,82993.49204506079,-33.45619615487706
left_projected,2022-06-06,2026-03-05,210,151.0,31324.88,84956.55170934687,-31.88222385876496
left_projected,2022-06-07,2026-03-06,211,152.0,31073.76,84615.33382129832,-32.15581080698521
left_projected,2022-06-08,2026-03-07,212,153.0,30195.33,83410.75624334654,-33.12163562153737
left_projected,2022-06-09,2026-03-08,213,154.0,30070.71,83238.45483707104,-33.25978610417051
left_projected,2022-06-10,2026-03-09,214,155.0,29061.88,81830.27697983356,-34.38885669515347
left_projected,2022-06-11,2026-03-10,215,156.0,28381.45,80866.65113955412,-35.16148750409488
left_projected,2022-06-12,2026-03-11,216,157.0,26633.35,78336.66287840561,-37.19002056652974
left_projected,2022-06-13,2026-03-12,217,158.0,22333.0,71734.1078753142,-42.48391909008868
left_projected,2022-06-14,2026-03-13,218,159.0,22122.57,71395.35503072408,-42.75552957769347
left_projected,2022-06-15,2026-03-14,219,160.0,22544.07,72072.29154671321,-42.212764962955674
left_projected,2022-06-16,2026-03-15,220,161.0,20336.62,68452.85330322491,-45.11481405824441
left_projected,2022-06-17,2026-03-16,221,162.0,20421.22,68595.08689839735,-45.000771809579874
left_projected,2022-06-18,2026-03-17,222,163.0,18989.21,66146.30929397968,-46.96419053740285
left_projected,2022-06-19,2026-03-18,223,164.0,20520.28,68761.25740241395,-44.867537056448604
left_projected,2022-06-20,2026-03-19,224,165.0,20534.33,68784.79339593941,-44.84866600405803
left_projected,2022-06-21,2026-03-20,225,166.0,20675.12,69020.19596825345,-44.659921293952365
left_projected,2022-06-22,2026-03-21,226,167.0,19997.23,67879.25848804443,-45.57471976804665
left_projected,2022-06-23,2026-03-22,227,168.0,21121.55,69761.37972748076,-44.06564353226432
left_projected,2022-06-24,2026-03-23,228,169.0,21206.32,69901.23098128808,-43.95351143405358
left_projected,2022-06-25,2026-03-24,229,170.0,21474.76,70342.26170831583,-43.5998950062369
left_projected,2022-06-26,2026-03-25,230,171.0,21025.22,69602.11600363697,-44.19334046051685
left_projected,2022-06-27,2026-03-26,231,172.0,20718.74,69092.9663962205,-44.60157429631385
left_projected,2022-06-28,2026-03-27,232,173.0,20251.34,68309.17672040775,-45.230013287828974
left_projected,2022-06-29,2026-03-28,233,174.0,20094.43,68044.02795452077,-45.44260836043272
left_projected,2022-06-30,2026-03-29,234,175.0,19837.58,67607.75488922968,-45.792410116742474
left_projected,2022-07-01,2026-03-30,235,176.0,19270.3,66634.08009029285,-46.57309813495737
left_projected,2022-07-02,2026-03-31,236,177.0,19210.52,66530.64424843802,-46.656032521754895
left_projected,2022-07-03,2026-04-01,237,178.0,19283.07,66656.15489656098,-46.55539865585329
left_projected,2022-07-04,2026-04-02,238,179.0,20205.89,68232.48066032202,-45.29150783941704
left_projected,2022-07-05,2026-04-03,239,180.0,20171.1,68173.71485803131,-45.33862599198629
left_projected,2022-07-06,2026-04-04,240,181.0,20556.8,68822.41750435502,-44.81849916532692
left_projected,2022-07-07,2026-04-05,241,182.0,21657.39,70640.7379102369,-43.360578147244034
left_projected,2022-07-08,2026-04-06,242,183.0,21582.54,70518.56170075914,-43.458538475429954
left_projected,2022-07-09,2026-04-07,243,184.0,21573.37,70503.57912889349,-43.470551433298766
left_projected,2022-07-10,2026-04-08,244,185.0,20806.95,69239.89177162424,-44.48377019963324
left_projected,2022-07-11,2026-04-09,245,186.0,19942.91,67787.00299355359,-45.64868980325978
left_projected,2022-07-12,2026-04-10,246,187.0,19302.71,66690.09123844285,-46.52818865152931
left_projected,2022-07-13,2026-04-11,247,188.0,20206.62,68233.71320343215,-45.290519591966174
left_projected,2022-07-14,2026-04-12,248,189.0,20583.48,68867.06420776011,-44.78270164192464
left_projected,2022-07-15,2026-04-13,249,190.0,20838.39,69292.18392580666,-44.441842588626535
left_projected,2022-07-16,2026-04-14,250,191.0,21195.28,69883.03333893201,-43.968102220795366
left_projected,2022-07-17,2026-04-15,251,192.0,20762.12,69165.26050394608,-44.543609210075076
left_projected,2022-07-18,2026-04-16,252,193.0,22368.75,71791.4998263651,-42.43790248518494
left_projected,2022-07-19,2026-04-17,253,194.0,23410.92,73444.86029045757,-41.11224559695429
left_projected,2022-07-20,2026-04-18,254,195.0,23237.11,73171.71354508071,-41.33125341307827
left_projected,2022-07-21,2026-04-19,255,196.0,23140.92,73020.10936344268,-41.45280895528324
left_projected,2022-07-22,2026-04-20,256,197.0,22706.35,72331.22702556256,-42.00515167559408
left_projected,2022-07-23,2026-04-21,257,198.0,22457.13,71933.1858352439,-42.32429928871612
left_projected,2022-07-24,2026-04-22,258,199.0,22592.39,72149.48854455749,-42.15086876175482
left_projected,2022-07-25,2026-04-23,259,200.0,21248.31,69970.40142607968,-43.89805088652543
left_projected,2022-07-26,2026-04-24,260,201.0,21277.3,70018.11699818568,-43.859792758179
left_projected,2022-07-27,2026-04-25,261,202.0,22986.74,72776.44887715501,-41.648174823194076
left_projected,2022-07-28,2026-04-26,262,203.0,23875.62,74170.20812278902,-40.53066500931084
left_projected,2022-07-29,2026-04-27,263,204.0,23817.5,74079.8775030322,-40.603091688730984
left_projected,2022-07-30,2026-04-28,264,205.0,23643.31,73808.48768600587,-40.82069080770718
left_projected,2022-07-31,2026-04-29,265,206.0,23296.14,73264.59485857886,-41.256781599035996
left_projected,2022-08-01,2026-04-30,266,207.0,23250.19,73192.30456020427,-41.31474363095451
left_projected,2022-08-02,2026-05-01,267,208.0,23005.22,72805.69701274911,-41.62472380131452
left_projected,2022-08-03,2026-05-02,268,209.0,22820.48,72512.78010652662,-41.859583242341614
left_projected,2022-08-04,2026-05-03,269,210.0,22604.63,72169.03030530976,-42.13520026700609
left_projected,2022-08-05,2026-05-04,270,211.0,23285.14,73247.2957330613,-41.27065195906987
left_projected,2022-08-06,2026-05-05,271,212.0,22960.16,72734.36031805752,-41.681921238144135
left_projected,2022-08-07,2026-05-06,272,213.0,23187.41,73093.42109020759,-41.39402794673449
left_projected,2022-08-08,2026-05-07,273,214.0,23824.9,74091.38476701775,-40.593865216888666
left_projected,2022-08-09,2026-05-08,274,215.0,23138.91,73016.93806327297,-41.45535168931246
left_projected,2022-08-10,2026-05-09,275,216.0,23982.75,74336.4228863704,-40.397394769062146
left_projected,2022-08-11,2026-05-10,276,217.0,23956.28,74295.3886356684,-40.4302958443436
left_projected,2022-08-12,2026-05-11,277,218.0,24398.29,74977.65669347519,-39.88325642366423
left_projected,2022-08-13,2026-05-12,278,219.0,24447.08,75052.58679847613,-39.82317780681834
left_projected,2022-08-14,2026-05-13,279,220.0,24301.71,74829.1109866136,-40.00235969472633
left_projected,2022-08-15,2026-05-14,280,221.0,24092.27,74505.96248506237,-40.26145869116806
left_projected,2022-08-16,2026-05-15,281,222.0,23861.8,74148.73892848403,-40.54787891150172
left_projected,2022-08-17,2026-05-16,282,223.0,23357.89,73361.63013461727,-41.17897915675231
left_projected,2022-08-18,2026-05-17,283,224.0,23175.9,73075.27741425231,-41.40857546346197
left_projected,2022-08-19,2026-05-18,284,225.0,20850.04,69311.55061266555,-44.426314467327956
left_projected,2022-08-20,2026-05-19,285,226.0,21151.45,69810.73992074157,-44.02606675416801
left_projected,2022-08-21,2026-05-20,286,227.0,21513.86,70406.27014512586,-43.54857333319286
left_projected,2022-08-22,2026-05-21,287,228.0,21403.82,70225.98082926939,-43.69312848533914
left_projected,2022-08-23,2026-05-22,288,229.0,21529.34,70431.59551859913,-43.52826756411166
left_projected,2022-08-24,2026-05-23,289,230.0,21358.67,70151.87310224745,-43.752547723267796
left_projected,2022-08-25,2026-05-24,290,231.0,21518.35,70413.61675007457,-43.542682858812434
left_projected,2022-08-26,2026-05-25,291,232.0,20230.18,68273.48031844023,-45.25863450031168
left_projected,2022-08-27,2026-05-26,292,233.0,20018.43,67915.22994717862,-45.545878015980726
left_projected,2022-08-28,2026-05-27,293,234.0,19582.83,67172.24997278178,-46.14159597480905
left_projected,2022-08-29,2026-05-28,294,235.0,20291.07,68376.1499137988,-45.17631448646421
left_projected,2022-08-30,2026-05-29,295,236.0,19835.7,67604.5512325664,-45.79497879406084
left_projected,2022-08-31,2026-05-30,296,237.0,20025.48,67927.18793346766,-45.53629015704874
left_projected,2022-09-01,2026-05-31,297,238.0,20112.51,68074.6324410144,-45.41806982258079
left_projected,2022-09-02,2026-06-01,298,239.0,19946.87,67793.73278392847,-45.64329388799473
left_projected,2022-09-03,2026-06-02,299,240.0,19840.11,67612.06595354668,-45.78895352501215
left_projected,2022-09-04,2026-06-03,300,241.0,20006.54,67895.05773522983,-45.56205200362682
left_projected,2022-09-05,2026-06-04,301,242.0,19807.74,67556.8874287324,-45.833195414842635
left_projected,2022-09-06,2026-06-05,302,243.0,18777.0,65775.66866148262,-47.26136850808669
left_projected,2022-09-07,2026-06-06,303,244.0,19286.23,66661.61628888147,-46.55101973637008
left_projected,2022-09-08,2026-06-07,304,245.0,19320.01,66719.96994939737,-46.504232037198356
left_projected,2022-09-09,2026-06-08,305,246.0,21355.55,70146.74914467554,-43.756656089106784
left_projected,2022-09-10,2026-06-09,306,247.0,21660.39,70645.63034822985,-43.35665541274878
left_projected,2022-09-11,2026-06-10,307,248.0,21818.08,70902.31796133304,-43.150844453902295
left_projected,2022-09-12,2026-06-11,308,249.0,22412.6,71861.8326785493,-42.38150992470475
left_projected,2022-09-13,2026-06-12,309,250.0,20164.09,68161.86772850064,-45.348124966474415
left_projected,2022-09-14,2026-06-13,310,251.0,20216.63,68250.61199455084,-45.27697021822961
left_projected,2022-09-15,2026-06-14,311,252.0,19690.75,67357.08712624284,-45.99339438718907
left_projected,2022-09-16,2026-06-15,312,253.0,19784.17,67516.68118086242,-45.86543260122533
left_projected,2022-09-17,2026-06-16,313,254.0,20117.18,68082.5352358805,-45.4117333976583
left_projected,2022-09-18,2026-06-17,314,255.0,19425.05,66901.0973330839,-46.359004926083756
left_projected,2022-09-19,2026-06-18,315,256.0,19553.1,67121.24126964573,-46.18249452061354
left_projected,2022-09-20,2026-06-19,316,257.0,18869.22,65936.99375534737,-47.13201878274192
left_projected,2022-09-21,2026-06-20,317,258.0,18488.54,65268.476756535005,-47.66803266696247
left_projected,2022-09-22,2026-06-21,318,259.0,19402.35,66861.99579044431,-46.39035636484522
left_projected,2022-09-23,2026-06-22,319,260.0,19304.43,66693.06243786914,-46.52580635736461
left_projected,2022-09-24,2026-06-23,320,261.0,18944.06,66067.62557815849,-47.02727878230485
left_projected,2022-09-25,2026-06-24,321,262.0,18788.61,65796.00038395557,-47.245066625628986
left_projected,2022-09-26,2026-06-25,322,263.0,19224.81,66555.38449935467,-46.63619590127407
left_projected,2022-09-27,2026-06-26,323,264.0,19072.97,66292.03201530188,-46.84735072328613
left_projected,2022-09-28,2026-06-27,324,265.0,19407.62,66871.0755873291,-46.38307622506598
left_projected,2022-09-29,2026-06-28,325,266.0,19610.61,67219.87801697053,-46.10340802594792
left_projected,2022-09-30,2026-06-29,326,267.0,19415.8,66885.16664465482,-46.371778079494
left_projected,2022-10-01,2026-06-30,327,268.0,19308.76,66700.5416736901,-46.519809540155
left_projected,2022-10-02,2026-07-01,328,269.0,19072.29,66290.85026480447,-46.8482982454515
left_projected,2022-10-03,2026-07-02,329,270.0,19640.84,67271.66820618924,-46.06188288816242
left_projected,2022-10-04,2026-07-03,330,271.0,20344.37,68465.89527087464,-45.104357067995515
left_projected,2022-10-05,2026-07-04,331,272.0,20152.33,68141.98831731785,-45.36406418780017
left_projected,2022-10-06,2026-07-05,332,273.0,19962.19,67819.76194642701,-45.62242382407917
left_projected,2022-10-07,2026-07-06,333,274.0,19524.22,67071.65379360315,-46.222253533008875
left_projected,2022-10-08,2026-07-07,334,275.0,19409.72,66874.69337921072,-46.38017549601614
left_projected,2022-10-09,2026-07-08,335,276.0,19437.02,66921.70687606986,-46.34248028840433
left_projected,2022-10-10,2026-07-09,336,277.0,19104.67,66347.09908048005,-46.803198201284125
left_projected,2022-10-11,2026-07-10,337,278.0,19069.69,66286.33161274076,-46.85192128009147
left_projected,2022-10-12,2026-07-11,338,279.0,19157.32,66438.45819300745,-46.72994688104583
left_projected,2022-10-13,2026-07-12,339,280.0,19382.53,66827.83643958656,-46.41774517675014
left_projected,2022-10-14,2026-07-13,340,281.0,19187.64,66491.01297720685,-46.687808694487906
left_projected,2022-10-15,2026-07-14,341,282.0,19074.41,66294.53447622863,-46.845344261515024
left_projected,2022-10-16,2026-07-15,342,283.0,19270.79,66634.92726163134,-46.57241887683745
left_projected,2022-10-17,2026-07-16,343,284.0,19565.96,67143.31033495923,-46.16479964458073
left_projected,2022-10-18,2026-07-17,344,285.0,19334.77,66745.45127006464,-46.48380123036742
left_projected,2022-10-19,2026-07-18,345,286.0,19122.17,66377.47930865877,-46.778839472727476
left_projected,2022-10-20,2026-07-19,346,287.0,19046.77,66246.48462245494,-46.8838704153798
left_projected,2022-10-21,2026-07-20,347,288.0,19172.57,66464.89677975452,-46.708748542632925
left_projected,2022-10-22,2026-07-21,348,289.0,19210.62,66530.81741022039,-46.65589368142663
left_projected,2022-10-23,2026-07-22,349,290.0,19563.5,67139.08928637595,-46.16818406210583
left_projected,2022-10-24,2026-07-23,350,291.0,19332.45,66741.44672042782,-46.48701206002352
left_projected,2022-10-25,2026-07-24,351,292.0,20113.74,68076.71399418123,-45.41640084273413
left_projected,2022-10-26,2026-07-25,352,293.0,20760.56,69162.6620257262,-44.54569265807441
left_projected,2022-10-27,2026-07-26,353,294.0,20287.17,68369.57855508216,-45.18158337194741
left_projected,2022-10-28,2026-07-27,354,295.0,20594.01,68884.67730003202,-44.76857954477741
left_projected,2022-10-29,2026-07-28,355,296.0,20831.19,69280.21210776949,-44.45144153779115
left_projected,2022-10-30,2026-07-29,356,297.0,20634.95,68953.11318264251,-44.71370796585978
left_projected,2022-10-31,2026-07-30,357,298.0,20472.79,68681.64436544238,-44.931370426815455
left_projected,2022-11-01,2026-07-31,358,299.0,20479.49,68692.88194894769,-44.92236018355368
left_projected,2022-11-02,2026-08-01,359,300.0,20148.56,68135.61418311697,-45.36917493956509
left_projected,2022-11-03,2026-08-02,360,301.0,20205.32,68231.51824816728,-45.292279497098434
left_projected,2022-11-04,2026-08-03,361,302.0,21157.96,69821.48228008796,-44.01745357938086
left_projected,2022-11-05,2026-08-04,362,303.0,21304.72,70063.21855300841,-43.82363053698213
left_projected,2022-11-06,2026-08-05,363,304.0,20912.34,69415.02496526267,-44.343349202792695
left_projected,2022-11-07,2026-08-06,364,305.0,20578.77,68859.18452876208,-44.7890195326494
left_projected,2022-11-08,2026-08-07,365,306.0,18561.6,65397.30827423843,-47.56473614295946
left_projected,2022-11-09,2026-08-08,366,307.0,15850.62,60433.15889315701,-51.544968502542766
left_projected,2022-11-10,2026-08-09,367,308.0,17573.15,63632.20556313791,-48.97998745579969
left_projected,2022-11-11,2026-08-10,368,309.0,16997.14,62580.65355915214,-49.82311706225345
left_projected,2022-11-12,2026-08-11,369,310.0,16777.73,62175.42594169066,-50.14802671992086
left_projected,2022-11-13,2026-08-12,370,311.0,16290.62,61266.204364330355,-50.877036438692144
left_projected,2022-11-14,2026-08-13,371,312.0,16576.49,61801.42037945555,-50.44790267593974
left_projected,2022-11-15,2026-08-14,372,313.0,16869.14,62344.57085635705,-50.012407097880505
left_projected,2022-11-16,2026-08-15,373,314.0,16660.48,61957.79072149732,-50.322525648035274
left_projected,2022-11-17,2026-08-16,374,315.0,16677.36,61989.16985146748,-50.29736600457273
left_projected,2022-11-18,2026-08-17,375,316.0,16673.07,61981.196447921786,-50.30375904321285
left_projected,2022-11-19,2026-08-18,376,317.0,16667.74,61971.28866898819,-50.31170305522695
left_projected,2022-11-20,2026-08-19,377,318.0,16261.22,61210.895241056234,-50.92138304177279
left_projected,2022-11-21,2026-08-20,378,319.0,15755.75,60252.03353781153,-51.69019398734276
left_projected,2022-11-22,2026-08-21,379,320.0,16206.32,61107.479897682206,-51.0043009929818
left_projected,2022-11-23,2026-08-22,380,321.0,16597.46,61840.49880249907,-50.41656977436509
left_projected,2022-11-24,2026-08-23,381,322.0,16579.3,61806.65835903436,-50.443702887775046
left_projected,2022-11-25,2026-08-24,382,323.0,16508.49,61674.529363505746,-50.54964331447665
left_projected,2022-11-26,2026-08-25,383,324.0,16452.39,61569.647404590716,-50.63373719134526
left_projected,2022-11-27,2026-08-26,384,325.0,16428.77,61525.435061976554,-50.6691864462441
left_projected,2022-11-28,2026-08-27,385,326.0,16193.89,61084.04115048713,-51.02309407370767
left_projected,2022-11-29,2026-08-28,386,327.0,16441.63,61549.51058070359,-50.64988280500472
left_projected,2022-11-30,2026-08-29,387,328.0,17179.78,62915.98027741596,-49.554253627129384
left_projected,2022-12-01,2026-08-30,388,329.0,16980.55,62550.105287433405,-49.847610527354966
left_projected,2022-12-02,2026-08-31,389,330.0,17099.27,62768.384848272326,-49.672594969846216
left_projected,2022-12-03,2026-09-01,390,331.0,16883.68,62371.43336422297,-49.99086886144568
left_projected,2022-12-04,2026-09-02,391,332.0,17102.35,62774.03766036295,-49.66806257086333
left_projected,2022-12-05,2026-09-03,392,333.0,16970.79,62532.12657719369,-49.86202577532322
left_projected,2022-12-06,2026-09-04,393,334.0,17089.95,62751.27648392021,-49.68631237844664
left_projected,2022-12-07,2026-09-05,394,335.0,16844.05,62298.190088101095,-50.04959498658068
left_projected,2022-12-08,2026-09-06,395,336.0,17228.23,63004.634878894605,-49.483170771529586
left_projected,2022-12-09,2026-09-07,396,337.0,17129.01,62822.94626491737,-49.628847874534586
left_projected,2022-12-10,2026-09-08,397,338.0,17131.03,62826.65046645388,-49.625877862617095
left_projected,2022-12-11,2026-09-09,398,339.0,17087.42,62746.631455535615,-49.690036741045
left_projected,2022-12-12,2026-09-10,399,340.0,17209.62,62970.59676048761,-49.51046237980776
left_projected,2022-12-13,2026-09-11,400,341.0,17763.65,63976.175208997985,-48.70419416070179
left_projected,2022-12-14,2026-09-12,401,342.0,17815.79,64069.99808901244,-48.62896740291605
left_projected,2022-12-15,2026-09-13,402,343.0,17358.0,63241.4779190029,-49.29327110090852
left_projected,2022-12-16,2026-09-14,403,344.0,16627.33,61896.120125526344,-50.37197285094459
left_projected,2022-12-17,2026-09-15,404,345.0,16785.87,62190.50684343774,-50.13593492160104
left_projected,2022-12-18,2026-09-16,405,346.0,16754.6,62132.55322899476,-50.182401865653915
left_projected,2022-12-19,2026-09-17,406,347.0,16453.07,61570.91977072218,-50.63271701397731
left_projected,2022-12-20,2026-09-18,407,348.0,16893.02,62388.68282179954,-49.97703832494064
left_projected,2022-12-21,2026-09-19,408,349.0,16821.03,62255.605476553166,-50.083739134125736
left_projected,2022-12-22,2026-09-20,409,350.0,16819.21,62252.237422784194,-50.086439624294535
left_projected,2022-12-23,2026-09-21,410,351.0,16776.77,62173.6471175365,-50.14945297302423
left_projected,2022-12-24,2026-09-22,411,352.0,16833.61,62278.88077962917,-50.06507710214996
left_projected,2022-12-25,2026-09-23,412,353.0,16831.17,62274.36701294166,-50.068696219717566
left_projected,2022-12-26,2026-09-24,413,354.0,16940.82,62476.887075578685,-49.906316556074735
left_projected,2022-12-27,2026-09-25,414,355.0,16693.38,62018.93559780326,-50.27349996475847
left_projected,2022-12-28,2026-09-26,415,356.0,16539.02,61731.53196152465,-50.50393889106025
left_projected,2022-12-29,2026-09-27,416,357.0,16626.11,61893.849326433345,-50.37379356731273
left_projected,2022-12-30,2026-09-28,417,358.0,16606.43,61857.20721291729,-50.403173047006874
left_projected,2022-12-31,2026-09-29,418,359.0,16531.0,61716.56290895953,-50.51594100921548
left_projected,2023-01-01,2026-09-30,419,360.0,16615.18,61873.50148221758,-50.3901083761104
left_projected,2023-01-02,2026-10-01,420,361.0,16660.83,61958.44151645833,-50.32200384360023
left_projected,2023-01-03,2026-10-02,421,362.0,16670.38,61976.19628466644,-50.307768151332766
left_projected,2023-01-04,2026-10-03,422,363.0,16850.4,62309.931807895686,-50.040180529138745
left_projected,2023-01-05,2026-10-04,423,364.0,16824.98,62262.91463677964,-50.077878682752996
left_projected,2023-01-06,2026-10-05,424,365.0,16950.6,62494.91854614593,-49.89185900511623
left_projected,2023-01-07,2026-10-06,425,366.0,16945.34,62485.22128536085,-49.899634224637865
left_projected,2023-01-08,2026-10-07,426,367.0,17134.34,62832.71975034587,-49.62101153844111
left_projected,2023-01-09,2026-10-08,427,368.0,17181.15,62918.48884197987,-49.5522422714898
left_projected,2023-01-10,2026-10-09,428,369.0,17444.75,63399.311790923115,-49.166720621414626
left_projected,2023-01-11,2026-10-10,429,370.0,17942.22,64296.93300262052,-48.447012022986414
left_projected,2023-01-12,2026-10-11,430,371.0,18863.74,65927.41834724088,-47.13969630134096
left_projected,2023-01-13,2026-10-12,431,372.0,19909.21,67729.70473856735,-45.694631283085705
left_projected,2023-01-14,2026-10-13,432,373.0,20970.85,69512.0642303557,-44.26554356210319
left_projected,2023-01-15,2026-10-14,433,374.0,20871.25,69346.79573231543,-44.39805509095173
left_projected,2023-01-16,2026-10-15,434,375.0,21186.93,69869.26657552339,-43.97914034898196
left_projected,2023-01-17,2026-10-16,435,376.0,21153.37,69813.90834605115,-44.02352632518854
left_projected,2023-01-18,2026-10-17,436,377.0,20710.89,69079.87604490794,-44.612070080363196
left_projected,2023-01-19,2026-10-18,437,378.0,21088.14,69706.18372835255,-44.10989943292011
left_projected,2023-01-20,2026-10-19,438,379.0,22686.85,72300.16166544707,-42.030059739816515
left_projected,2023-01-21,2026-10-20,439,380.0,22785.59,72457.32687658687,-41.90404538949027
left_projected,2023-01-22,2026-10-21,440,381.0,22706.71,72331.80041447184,-42.00469193497868
left_projected,2023-01-23,2026-10-22,441,382.0,22915.32,72663.30239394245,-41.73889515799544
left_projected,2023-01-24,2026-10-23,442,383.0,22612.34,72181.33698286778,-42.125332829003106
left_projected,2023-01-25,2026-10-24,443,384.0,23072.42,72911.95496584597,-41.53952665857924
left_projected,2023-01-26,2026-10-25,444,385.0,23028.35,72842.2881147278,-41.595385222438665
left_projected,2023-01-27,2026-10-26,445,386.0,23072.62,72912.27097863078,-41.53927328096798
left_projected,2023-01-28,2026-10-27,446,387.0,23034.71,72852.34625979066,-41.58732064754711
left_projected,2023-01-29,2026-10-28,447,388.0,23736.52,73953.83370458572,-40.70415303213322
left_projected,2023-01-30,2026-10-29,448,389.0,22832.32,72531.58865008753,-41.84450263779673
left_projected,2023-01-31,2026-10-30,449,390.0,23134.74,73010.35835940999,-41.46062726589598
left_projected,2023-02-01,2026-10-31,450,391.0,23740.02,73959.28582808784,-40.69978154434635
left_projected,2023-02-02,2026-11-01,451,392.0,23548.98,73661.1032254782,-40.938862996748796
left_projected,2023-02-03,2026-11-02,452,393.0,23426.4,73469.13824615032,-41.09277964267799
left_projected,2023-02-04,2026-11-03,453,394.0,23318.95,73300.45394373027,-41.228029947917555
left_projected,2023-02-05,2026-11-04,454,395.0,22938.03,72699.29959909435,-41.7100327628898
left_projected,2023-02-06,2026-11-05,455,396.0,22751.79,72403.56556182964,-41.947150966753114
left_projected,2023-02-07,2026-11-06,456,397.0,23260.42,73208.40496478457,-41.301834399907364
left_projected,2023-02-08,2026-11-07,457,398.0,22973.38,72755.29679831692,-41.66513446364822
left_projected,2023-02-09,2026-11-08,458,399.0,21804.16,70879.69640762263,-43.16898231261489
left_projected,2023-02-10,2026-11-09,459,400.0,21629.58,70595.36887037495,-43.39695483672682
left_projected,2023-02-11,2026-11-10,460,401.0,21857.51,70966.35697022054,-43.099498268305815
left_projected,2023-02-12,2026-11-11,461,402.0,21784.08,70847.05144136802,-43.19515689784379
left_projected,2023-02-13,2026-11-12,462,403.0,21786.33,70850.71011664462,-43.19222338867409
left_projected,2023-02-14,2026-11-13,463,404.0,22193.69,71510.0244221688,-42.66358818200916
left_projected,2023-02-15,2026-11-14,464,405.0,24340.76,74889.20766021128,-39.95417445560593
left_projected,2023-02-16,2026-11-15,465,406.0,23468.21,73534.6706225814,-41.04023608178811
left_projected,2023-02-17,2026-11-16,466,407.0,24562.04,75228.84355434215,-39.681855942902104
left_projected,2023-02-18,2026-11-17,467,408.0,24626.23,75327.08027689031,-39.603090186280085
left_projected,2023-02-19,2026-11-18,468,409.0,24316.05,74851.18538387743,-39.98466054356003
left_projected,2023-02-20,2026-11-19,469,410.0,24835.63,75646.6602818561,-39.346852394144285
left_projected,2023-02-21,2026-11-20,470,411.0,24447.91,75053.86083853166,-39.82215628730571
left_projected,2023-02-22,2026-11-21,471,412.0,24187.63,74653.26848754084,-40.14334940943288
left_projected,2023-02-23,2026-11-22,472,413.0,23938.48,74267.78201931859,-40.45243070357102
left_projected,2023-02-24,2026-11-23,473,414.0,23181.45,73084.02666480854,-41.40156035422318
left_projected,2023-02-25,2026-11-24,474,415.0,23157.01,73045.49057999009,-41.43245841147959
left_projected,2023-02-26,2026-11-25,475,416.0,23551.19,73664.55957940407,-40.93609170791645
left_projected,2023-02-27,2026-11-26,476,417.0,23479.61,73552.5286839015,-41.02591756957399
left_projected,2023-02-28,2026-11-27,477,418.0,23146.93,73029.59088723571,-41.44520671269905
left_projected,2023-03-01,2026-11-28,478,419.0,23634.46,73794.67265221266,-40.83176763886824
left_projected,2023-03-02,2026-11-29,479,420.0,23469.09,73536.0492940595,-41.039130669277505
left_projected,2023-03-03,2026-11-30,480,421.0,22343.55,71751.0492956931,-42.47033553640548
left_projected,2023-03-04,2026-12-01,481,422.0,22345.17,71753.6503728054,-42.46825000462604
left_projected,2023-03-05,2026-12-02,482,423.0,22429.5,71888.92092622488,-42.3597906911189
left_projected,2023-03-06,2026-12-03,483,424.0,22419.33,71872.62111526707,-42.37285980529113
left_projected,2023-03-07,2026-12-04,484,425.0,22198.95,71518.49801182967,-42.656794096420505
left_projected,2023-03-08,2026-12-05,485,426.0,21712.64,70730.78603640875,-43.28837796989342
left_projected,2023-03-09,2026-12-06,486,427.0,20364.09,68499.06957008808,-45.0777580660116
left_projected,2023-03-10,2026-12-07,487,428.0,20227.02,68268.14787395882,-45.26291003000493
left_projected,2023-03-11,2026-12-08,488,429.0,20607.79,68907.71973123877,-44.75010422840556
left_projected,2023-03-12,2026-12-09,489,430.0,22284.36,71655.94889825159,-42.5465866018445
left_projected,2023-03-13,2026-12-10,490,431.0,24239.87,74733.8423860728,-40.07874562464411
left_projected,2023-03-14,2026-12-11,491,432.0,24786.83,75572.30395974696,-39.40647095448138
left_projected,2023-03-15,2026-12-12,492,433.0,24350.57,74904.29735173417,-39.94207560968391
left_projected,2023-03-16,2026-12-13,493,434.0,25040.11,75957.4339712095,-39.09767546574935
left_projected,2023-03-17,2026-12-14,494,435.0,27442.51,79517.7502202446,-36.2430301162831
left_projected,2023-03-18,2026-12-15,495,436.0,26991.27,78861.28118610583,-36.76938399731283
left_projected,2023-03-19,2026-12-16,496,437.0,28050.01,80393.08207967614,-35.54119301896259
left_projected,2023-03-20,2026-12-17,497,438.0,27818.07,80060.0148643409,-35.80824479493167
left_projected,2023-03-21,2026-12-18,498,439.0,28195.56,80601.38990397846,-35.37417275438266
left_projected,2023-03-22,2026-12-19,499,440.0,27324.09,79345.99711754205,-36.38074097160926
left_projected,2023-03-23,2026-12-20,500,441.0,28361.31,80837.95381458837,-35.184496888521835
left_projected,2023-03-24,2026-12-21,501,442.0,27488.93,79584.97538165467,-36.18912928810853
left_projected,2023-03-25,2026-12-22,502,443.0,27485.45,79579.9376359097,-36.19316852969743
left_projected,2023-03-26,2026-12-23,503,444.0,27987.14,80302.93686449065,-35.61347104184206
left_projected,2023-03-27,2026-12-24,504,445.0,27139.64,79077.73289116133,-36.595834006244445
left_projected,2023-03-28,2026-12-25,505,446.0,27273.12,79271.95708063326,-36.44010593591356
left_projected,2023-03-29,2026-12-26,506,447.0,28366.67,80845.59223048769,-35.17837244145055
left_projected,2023-03-30,2026-12-27,507,448.0,28036.88,80374.26417690715,-35.55628112767787
left_projected,2023-03-31,2026-12-28,508,449.0,28492.72,81025.01567484092,-35.03451154113109
left_projected,2023-04-01,2026-12-29,509,450.0,28471.82,80995.2934601537,-35.058342677467834
left_projected,2023-04-02,2026-12-30,510,451.0,28179.21,80578.01700721619,-35.392913036531496
left_projected,2023-04-03,2026-12-31,511,452.0,27807.81,80045.24943478116,-35.82008364908881
left_projected,2023-04-04,2027-01-01,512,453.0,28172.02,80567.73650426653,-35.40115589696372
left_projected,2023-04-05,2027-01-02,513,454.0,28187.68,80590.12601464147,-35.38320408954044
left_projected,2023-04-06,2027-01-03,514,455.0,28053.47,80398.04021492612,-35.53721760870593
left_projected,2023-04-07,2027-01-04,515,456.0,27927.15,80216.82664665383,-35.68251382222877
left_projected,2023-04-08,2027-01-05,516,457.0,27959.5,80263.27362172357,-35.64527284920692
left_projected,2023-04-09,2027-01-06,517,458.0,28337.04,80803.35814451196,-35.21223553918862
left_projected,2023-04-10,2027-01-07,518,459.0,29678.68,82694.08748298793,-33.69625736881048
left_projected,2023-04-11,2027-01-08,519,460.0,30243.93,83477.85491243411,-33.06783621433074
left_projected,2023-04-12,2027-01-09,520,461.0,29913.06,83019.97335060898,-33.43496356472403
right_actual,2025-01-18,2025-01-18,-260,-260.0,101211.13,101211.13,-18.849377033002458
right_actual,2025-01-19,2025-01-19,-259,-259.0,102145.43,102145.43,-18.100259549203347
right_actual,2025-01-20,2025-01-20,-258,-258.0,106159.26,106159.26,-14.881988940194002
right_actual,2025-01-21,2025-01-21,-257,-257.0,103667.11,103667.11,-16.880183457212063
right_actual,2025-01-22,2025-01-22,-256,-256.0,103926.36,103926.36,-16.672317988224673
right_actual,2025-01-23,2025-01-23,-255,-255.0,104850.27,104850.27,-15.931531159093925
right_actual,2025-01-24,2025-01-24,-254,-254.0,104733.56,104733.56,-16.025108705421875
right_actual,2025-01-25,2025-01-25,-253,-253.0,102563.0,102563.0,-17.765453825442236
right_actual,2025-01-26,2025-01-26,-252,-252.0,102062.42,102062.42,-18.16681658905153
right_actual,2025-01-27,2025-01-27,-251,-251.0,101290.0,101290.0,-18.78613942629451
right_actual,2025-01-28,2025-01-28,-250,-250.0,103747.25,103747.25,-16.815927570289592
right_actual,2025-01-29,2025-01-29,-249,-249.0,104742.64,104742.64,-16.01782840278578
right_actual,2025-01-30,2025-01-30,-248,-248.0,102411.26,102411.26,-17.887118266191116
right_actual,2025-01-31,2025-01-31,-247,-247.0,100623.85,100623.85,-19.32025546165016
right_actual,2025-02-01,2025-02-01,-246,-246.0,97676.52,97676.52,-21.683411229097082
right_actual,2025-02-02,2025-02-02,-245,-245.0,101460.2,101460.2,-18.649673841640112
right_actual,2025-02-03,2025-02-03,-244,-244.0,97795.05,97795.05,-21.58837441506015
right_actual,2025-02-04,2025-02-04,-243,-243.0,96638.33,96638.33,-22.51582724162562
right_actual,2025-02-05,2025-02-05,-242,-242.0,96564.62,96564.62,-22.574927583839944
right_actual,2025-02-06,2025-02-06,-241,-241.0,96537.08,96537.08,-22.597009030381553
right_actual,2025-02-07,2025-02-07,-240,-240.0,96476.25,96476.25,-22.645782247270663
right_actual,2025-02-08,2025-02-08,-239,-239.0,96475.82,96475.82,-22.646127019311802
right_actual,2025-02-09,2025-02-09,-238,-238.0,97444.41,97444.41,-21.869515969720677
right_actual,2025-02-10,2025-02-10,-237,-237.0,95774.08,95774.08,-23.208778954537312
right_actual,2025-02-11,2025-02-11,-236,-236.0,97862.53,97862.53,-21.5342692584651
right_actual,2025-02-12,2025-02-12,-235,-235.0,96625.29,96625.29,-22.52628265422195
right_actual,2025-02-13,2025-02-13,-234,-234.0,97509.03,97509.03,-21.817703948096888
right_actual,2025-02-14,2025-02-14,-233,-233.0,97596.94,97596.94,-21.747218110570632
right_actual,2025-02-15,2025-02-15,-232,-232.0,96119.88,96119.88,-22.931518089828185
right_actual,2025-02-16,2025-02-16,-231,-231.0,95781.8,95781.8,-23.20258909370575
right_actual,2025-02-17,2025-02-17,-230,-230.0,95607.4,95607.4,-23.34242221922708
right_actual,2025-02-18,2025-02-18,-229,-229.0,96632.03,96632.03,-22.520878552925993
right_actual,2025-02-19,2025-02-19,-228,-228.0,98347.2,98347.2,-21.14566306037784
right_actual,2025-02-20,2025-02-20,-227,-227.0,96157.03,96157.03,-22.901731389064906
right_actual,2025-02-21,2025-02-21,-226,-226.0,96582.12,96582.12,-22.56089616356114
right_actual,2025-02-22,2025-02-22,-225,-225.0,96265.98,96265.98,-22.81437577538631
right_actual,2025-02-23,2025-02-23,-224,-224.0,91510.82,91510.82,-26.627041401269025
right_actual,2025-02-24,2025-02-24,-223,-223.0,88583.74,88583.74,-28.973960810964773
right_actual,2025-02-25,2025-02-25,-222,-222.0,84111.78,84111.78,-32.559557966964256
right_actual,2025-02-26,2025-02-26,-221,-221.0,84625.19,84625.19,-32.147908167802
right_actual,2025-02-27,2025-02-27,-220,-220.0,84297.73,84297.73,-32.41046410405893
right_actual,2025-02-28,2025-02-28,-219,-219.0,86018.76,86018.76,-31.030550090206
right_actual,2025-03-01,2025-03-01,-218,-218.0,94265.48,94265.48,-24.418367562114497
right_actual,2025-03-02,2025-03-02,-217,-217.0,86161.1,86161.1,-30.916422526635433
right_actual,2025-03-03,2025-03-03,-216,-216.0,87249.96,87249.96,-30.043379538933934
right_actual,2025-03-04,2025-03-04,-215,-215.0,90603.73,90603.73,-27.354342031023226
right_actual,2025-03-05,2025-03-05,-214,-214.0,89921.85,89921.85,-27.90107030872091
right_actual,2025-03-06,2025-03-06,-213,-213.0,86756.98,86756.98,-30.43864865716501
right_actual,2025-03-07,2025-03-07,-212,-212.0,86206.69,86206.69,-30.879868672320555
right_actual,2025-03-08,2025-03-08,-211,-211.0,80699.17,80699.17,-35.29577311882953
right_actual,2025-03-09,2025-03-09,-210,-210.0,78544.71,78544.71,-37.02320933219339
right_actual,2025-03-10,2025-03-10,-209,-209.0,82914.51,82914.51,-33.519523598804334
right_actual,2025-03-11,2025-03-11,-208,-208.0,83659.43,83659.43,-32.92225013628518
right_actual,2025-03-12,2025-03-12,-207,-207.0,81073.43,81073.43,-34.99569315576986
right_actual,2025-03-13,2025-03-13,-206,-206.0,83980.49,83980.49,-32.66482569087306
right_actual,2025-03-14,2025-03-14,-205,-205.0,84351.46,84351.46,-32.367383634825785
right_actual,2025-03-15,2025-03-15,-204,-204.0,82562.57,82562.57,-33.8017074875427
right_actual,2025-03-16,2025-03-16,-203,-203.0,84011.4,84011.4,-32.64004219368347
right_actual,2025-03-17,2025-03-17,-202,-202.0,82698.76,82698.76,-33.69251096595585
right_actual,2025-03-18,2025-03-18,-201,-201.0,86877.96,86877.96,-30.341647444289045
right_actual,2025-03-19,2025-03-19,-200,-200.0,84183.42,84183.42,-32.50211734132007
right_actual,2025-03-20,2025-03-20,-199,-199.0,84061.96,84061.96,-32.59950341600939
right_actual,2025-03-21,2025-03-21,-198,-198.0,83852.03,83852.03,-32.767824333673914
right_actual,2025-03-22,2025-03-22,-197,-197.0,86092.94,86092.94,-30.971072904132768
right_actual,2025-03-23,2025-03-23,-196,-196.0,87523.62,87523.62,-29.82396019759126
right_actual,2025-03-24,2025-03-24,-195,-195.0,87427.88,87427.88,-29.900724093447973
right_actual,2025-03-25,2025-03-25,-194,-194.0,86926.01,86926.01,-30.30312117318068
right_actual,2025-03-26,2025-03-26,-193,-193.0,87217.48,87217.48,-30.069421854971402
right_actual,2025-03-27,2025-03-27,-192,-192.0,84381.8,84381.8,-32.34305716103957
right_actual,2025-03-28,2025-03-28,-191,-191.0,82616.83,82616.83,-33.758202066723975
right_actual,2025-03-29,2025-03-29,-190,-190.0,82379.98,82379.98,-33.948107317754506
right_actual,2025-03-30,2025-03-30,-189,-189.0,82534.32,82534.32,-33.8243582088499
right_actual,2025-03-31,2025-03-31,-188,-188.0,85170.37,85170.37,-31.710785327367873
right_actual,2025-04-01,2025-04-01,-187,-187.0,82490.08,82490.08,-33.85982963931472
right_actual,2025-04-02,2025-04-02,-186,-186.0,83174.33,83174.33,-33.31120110641357
right_actual,2025-04-03,2025-04-03,-185,-185.0,83860.16,83860.16,-32.7613057367101
right_actual,2025-04-04,2025-04-04,-184,-184.0,83498.25,83498.25,-33.05148352603017
right_actual,2025-04-05,2025-04-05,-183,-183.0,78370.75,78370.75,-37.16268966771913
right_actual,2025-04-06,2025-04-06,-182,-182.0,79140.01,79140.01,-36.54590050408078
right_actual,2025-04-07,2025-04-07,-181,-181.0,76251.64,76251.64,-38.86178241211981
right_actual,2025-04-08,2025-04-08,-180,-180.0,82594.75,82594.75,-33.7759057101386
right_actual,2025-04-09,2025-04-09,-179,-179.0,79552.34,79552.34,-36.215296188448875
right_actual,2025-04-10,2025-04-10,-178,-178.0,83380.47,83380.47,-33.145918993483726
right_actual,2025-04-11,2025-04-11,-177,-177.0,85271.01,85271.01,-31.630092633833094
right_actual,2025-04-12,2025-04-12,-176,-176.0,83733.07,83733.07,-32.86320591975197
right_actual,2025-04-13,2025-04-13,-175,-175.0,84590.36,84590.36,-32.17583470313403
right_actual,2025-04-14,2025-04-14,-174,-174.0,83629.78,83629.78,-32.94602337121469
right_actual,2025-04-15,2025-04-15,-173,-173.0,84028.72,84028.72,-32.626155096584675
right_actual,2025-04-16,2025-04-16,-172,-172.0,84961.97,84961.97,-31.877879498002283
right_actual,2025-04-17,2025-04-17,-171,-171.0,84466.47,84466.47,-32.275169140753505
right_actual,2025-04-18,2025-04-18,-170,-170.0,85074.99,85074.99,-31.78726057686455
right_actual,2025-04-19,2025-04-19,-169,-169.0,85177.34,85177.34,-31.705196813119684
right_actual,2025-04-20,2025-04-20,-168,-168.0,87522.07,87522.07,-29.82520298053023
right_actual,2025-04-21,2025-04-21,-167,-167.0,93489.1,93489.1,-25.0408655093177
right_actual,2025-04-22,2025-04-22,-166,-166.0,93740.92,93740.92,-24.838957380482963
right_actual,2025-04-23,2025-04-23,-165,-165.0,94021.96,94021.96,-24.61362078875985
right_actual,2025-04-24,2025-04-24,-164,-164.0,94708.79,94708.79,-24.062923623611887
right_actual,2025-04-25,2025-04-25,-163,-163.0,94666.64,94666.64,-24.09671930159768
right_actual,2025-04-26,2025-04-26,-162,-162.0,93780.57,93780.57,-24.807166191108422
right_actual,2025-04-27,2025-04-27,-161,-161.0,95042.57,95042.57,-23.795300340145676
right_actual,2025-04-28,2025-04-28,-160,-160.0,94271.09,94271.09,-24.413869489670827
right_actual,2025-04-29,2025-04-29,-159,-159.0,94182.54,94182.54,-24.484868476281573
right_actual,2025-04-30,2025-04-30,-158,-158.0,96524.98,96524.98,-22.60671075526004
right_actual,2025-05-01,2025-05-01,-157,-157.0,96929.81,96929.81,-22.282119905461904
right_actual,2025-05-02,2025-05-02,-156,-156.0,95861.33,95861.33,-23.138822302004424
right_actual,2025-05-03,2025-05-03,-155,-155.0,94272.55,94272.55,-24.412698868321847
right_actual,2025-05-04,2025-05-04,-154,-154.0,94733.99,94733.99,-24.0427183784104
right_actual,2025-05-05,2025-05-05,-153,-153.0,96839.17,96839.17,-22.354794644551646
right_actual,2025-05-06,2025-05-06,-152,-152.0,97058.32,97058.32,-22.179081172888814
right_actual,2025-05-07,2025-05-07,-151,-151.0,103253.49,103253.49,-17.211822088967377
right_actual,2025-05-08,2025-05-08,-150,-150.0,102986.96,102986.96,-17.425524628790757
right_actual,2025-05-09,2025-05-09,-149,-149.0,104821.19,104821.19,-15.954847370620072
right_actual,2025-05-10,2025-05-10,-148,-148.0,104137.62,104137.62,-16.502930682618977
right_actual,2025-05-11,2025-05-11,-147,-147.0,102800.21,102800.21,-17.57525992805168
right_actual,2025-05-12,2025-05-12,-146,-146.0,104131.06,104131.06,-16.508190460734916
right_actual,2025-05-13,2025-05-13,-145,-145.0,103545.38,103545.38,-16.977786016671402
right_actual,2025-05-14,2025-05-14,-144,-144.0,103786.43,103786.43,-16.784513224773978
right_actual,2025-05-15,2025-05-15,-143,-143.0,103500.03,103500.03,-17.01414744007962
right_actual,2025-05-16,2025-05-16,-142,-142.0,103161.07,103161.07,-17.28592402394834
right_actual,2025-05-17,2025-05-17,-141,-141.0,106473.46,106473.46,-14.630064811531163
right_actual,2025-05-18,2025-05-18,-140,-140.0,105616.18,105616.18,-15.317428010194668
right_actual,2025-05-19,2025-05-19,-139,-139.0,106883.24,106883.24,-14.301505074282739
right_actual,2025-05-20,2025-05-20,-138,-138.0,109699.54,109699.54,-12.043408563929036
right_actual,2025-05-21,2025-05-21,-137,-137.0,111722.53,111722.53,-10.421384397653977
right_actual,2025-05-22,2025-05-22,-136,-136.0,107329.61,107329.61,-13.943607641719947
right_actual,2025-05-23,2025-05-23,-135,-135.0,107794.01,107794.01,-13.571253837292774
right_actual,2025-05-24,2025-05-24,-134,-134.0,109048.68,109048.68,-12.565265146938243
right_actual,2025-05-25,2025-05-25,-133,-133.0,109464.32,109464.32,-12.232006888385015
right_actual,2025-05-26,2025-05-26,-132,-132.0,108978.46,108978.46,-12.621567223051223
right_actual,2025-05-27,2025-05-27,-131,-131.0,107819.29,107819.29,-13.550984448455738
right_actual,2025-05-28,2025-05-28,-130,-130.0,105572.58,105572.58,-15.352386291574993
right_actual,2025-05-29,2025-05-29,-129,-129.0,104033.26,104033.26,-16.58660605520731
right_actual,2025-05-30,2025-05-30,-128,-128.0,104645.87,104645.87,-16.095418147950348
right_actual,2025-05-31,2025-05-31,-127,-127.0,105697.94,105697.94,-15.2518732146521
right_actual,2025-06-01,2025-06-01,-126,-126.0,105904.94,105904.94,-15.08590155763999
right_actual,2025-06-02,2025-06-02,-125,-125.0,105447.82,105447.82,-15.452418291231185
right_actual,2025-06-03,2025-06-03,-124,-124.0,104753.38,104753.38,-16.009217119711828
right_actual,2025-06-04,2025-06-04,-123,-123.0,101570.2,101570.2,-18.561476342744786
right_actual,2025-06-05,2025-06-05,-122,-122.0,104397.99,104397.99,-16.294167202733732
right_actual,2025-06-06,2025-06-06,-121,-121.0,105619.02,105619.02,-15.31515091113227
right_actual,2025-06-07,2025-06-07,-120,-120.0,105784.4,105784.4,-15.182549980520378
right_actual,2025-06-08,2025-06-08,-119,-119.0,110301.15,110301.15,-11.561040406561606
right_actual,2025-06-09,2025-06-09,-118,-118.0,110300.24,110300.24,-11.561770040416096
right_actual,2025-06-10,2025-06-10,-117,-117.0,108669.37,108669.37,-12.869394176992655
right_actual,2025-06-11,2025-06-11,-116,-116.0,105721.05,105721.05,-15.233343721929637
right_actual,2025-06-12,2025-06-12,-115,-115.0,106118.7,106118.7,-14.914509763423034
right_actual,2025-06-13,2025-06-13,-114,-114.0,105465.42,105465.42,-15.438306691407933
right_actual,2025-06-14,2025-06-14,-113,-113.0,105599.25,105599.25,-15.331002407070105
right_actual,2025-06-15,2025-06-15,-112,-112.0,106853.38,106853.38,-14.325446686255594
right_actual,2025-06-16,2025-06-16,-111,-111.0,104590.44,104590.44,-16.13986166943914
right_actual,2025-06-17,2025-06-17,-110,-110.0,104915.6,104915.6,-15.879149862704544
right_actual,2025-06-18,2025-06-18,-109,-109.0,104671.9,104671.9,-16.074547412529927
right_actual,2025-06-19,2025-06-19,-108,-108.0,103317.8,103317.8,-17.16025862393139
right_actual,2025-06-20,2025-06-20,-107,-107.0,102160.03,102160.03,-18.0885533357136
right_actual,2025-06-21,2025-06-21,-106,-106.0,100996.87,100996.87,-19.021169724941668
right_actual,2025-06-22,2025-06-22,-105,-105.0,105419.39,105419.39,-15.475213335718408
right_actual,2025-06-23,2025-06-23,-104,-104.0,106141.0,106141.0,-14.896629725010623
right_actual,2025-06-24,2025-06-24,-103,-103.0,107400.22,107400.22,-13.886992865383597
right_actual,2025-06-25,2025-06-25,-102,-102.0,107029.64,107029.64,-14.184122221207506
right_actual,2025-06-26,2025-06-26,-101,-101.0,107113.38,107113.38,-14.11697987068482
right_actual,2025-06-27,2025-06-27,-100,-100.0,107352.2,107352.2,-13.925495082628625
right_actual,2025-06-28,2025-06-28,-99,-99.0,108386.44,108386.44,-13.096246162105874
right_actual,2025-06-29,2025-06-29,-98,-98.0,107173.21,107173.21,-14.069008449240206
right_actual,2025-06-30,2025-06-30,-97,-97.0,105711.78,105711.78,-15.240776365700182
right_actual,2025-07-01,2025-07-01,-96,-96.0,108888.32,108888.32,-12.69384106441872
right_actual,2025-07-02,2025-07-02,-95,-95.0,109628.83,109628.83,-12.100103519809835
right_actual,2025-07-03,2025-07-03,-94,-94.0,108028.6,108028.6,-13.383160643966818
right_actual,2025-07-04,2025-07-04,-93,-93.0,108246.65,108246.65,-13.208329147292952
right_actual,2025-07-05,2025-07-05,-92,-92.0,109217.98,109217.98,-12.429521178183888
right_actual,2025-07-06,2025-07-06,-91,-91.0,108269.84,108269.84,-13.18973551093493
right_actual,2025-07-07,2025-07-07,-90,-90.0,108958.04,108958.04,-12.637939886027983
right_actual,2025-07-08,2025-07-08,-89,-89.0,111282.85,111282.85,-10.773917818693036
right_actual,2025-07-09,2025-07-09,-88,-88.0,116031.3,116031.3,-6.966632240242932
right_actual,2025-07-10,2025-07-10,-87,-87.0,117582.16,117582.16,-5.723159757181051
right_actual,2025-07-11,2025-07-11,-86,-86.0,117472.65,117472.65,-5.810964376308581
right_actual,2025-07-12,2025-07-12,-85,-85.0,119130.81,119130.81,-4.481459242051544
right_actual,2025-07-13,2025-07-13,-84,-84.0,119863.71,119863.71,-3.893823360775306
right_actual,2025-07-14,2025-07-14,-83,-83.0,117781.64,117781.64,-5.5632176019116075
right_actual,2025-07-15,2025-07-15,-82,-82.0,118681.68,118681.68,-4.841569630041165
right_actual,2025-07-16,2025-07-16,-81,-81.0,119273.69,119273.69,-4.366898708940948
right_actual,2025-07-17,2025-07-17,-80,-80.0,118023.05,118023.05,-5.369656163654146
right_actual,2025-07-18,2025-07-18,-79,-79.0,117914.17,117914.17,-5.456955651651629
right_actual,2025-07-19,2025-07-19,-78,-78.0,117312.7,117312.7,-5.939211557656831
right_actual,2025-07-20,2025-07-20,-77,-77.0,117428.79,117428.79,-5.846131124504483
right_actual,2025-07-21,2025-07-21,-76,-76.0,120026.42,120026.42,-3.763363224000238
right_actual,2025-07-22,2025-07-22,-75,-75.0,118810.44,118810.44,-4.738330448606954
right_actual,2025-07-23,2025-07-23,-74,-74.0,118397.04,118397.04,-5.069792685364483
right_actual,2025-07-24,2025-07-24,-73,-73.0,117633.27,117633.27,-5.682179992012504
right_actual,2025-07-25,2025-07-25,-72,-72.0,117969.63,117969.63,-5.412488076299493
right_actual,2025-07-26,2025-07-26,-71,-71.0,119465.52,119465.52,-4.213090288821952
right_actual,2025-07-27,2025-07-27,-70,-70.0,118070.59,118070.59,-5.33153880822248
right_actual,2025-07-28,2025-07-28,-69,-69.0,117933.39,117933.39,-5.441545143208282
right_actual,2025-07-29,2025-07-29,-68,-68.0,117830.15,117830.15,-5.524322504898771
right_actual,2025-07-30,2025-07-30,-67,-67.0,115761.13,115761.13,-7.183253315484295
right_actual,2025-07-31,2025-07-31,-66,-66.0,113248.73,113248.73,-9.197684190253552
right_actual,2025-08-01,2025-08-01,-65,-65.0,112542.74,112542.74,-9.763743756118192
right_actual,2025-08-02,2025-08-02,-64,-64.0,114215.73,114215.73,-8.422347995419187
right_actual,2025-08-03,2025-08-03,-63,-63.0,115051.85,115051.85,-7.75195078836135
right_actual,2025-08-04,2025-08-04,-62,-62.0,114112.95,114112.95,-8.504756531205192
right_actual,2025-08-05,2025-08-05,-61,-61.0,115028.83,115028.83,-7.770408119493821
right_actual,2025-08-06,2025-08-06,-60,-60.0,117515.49,117515.49,-5.776615459466061
right_actual,2025-08-07,2025-08-07,-59,-59.0,116683.79,116683.79,-6.4434687306591965
right_actual,2025-08-08,2025-08-08,-58,-58.0,116492.51,116492.51,-6.596836163283715
right_actual,2025-08-09,2025-08-09,-57,-57.0,119309.37,119309.37,-4.338290647481092
right_actual,2025-08-10,2025-08-10,-56,-56.0,118701.84,118701.84,-4.825405433879981
right_actual,2025-08-11,2025-08-11,-55,-55.0,120113.18,120113.18,-3.693799451235169
right_actual,2025-08-12,2025-08-12,-54,-54.0,123365.63,123365.63,-1.0859998577614771
right_actual,2025-08-13,2025-08-13,-53,-53.0,118389.79,118389.79,-5.075605702337127
right_actual,2025-08-14,2025-08-14,-52,-52.0,117436.96,117436.96,-5.839580455722881
right_actual,2025-08-15,2025-08-15,-51,-51.0,117455.68,117455.68,-5.824570845001798
right_actual,2025-08-16,2025-08-16,-50,-50.0,117488.6,117488.6,-5.798175738968747
right_actual,2025-08-17,2025-08-17,-49,-49.0,116286.76,116286.76,-6.761805575990209
right_actual,2025-08-18,2025-08-18,-48,-48.0,112856.19,112856.19,-9.512420974038738
right_actual,2025-08-19,2025-08-19,-47,-47.0,114276.0,114276.0,-8.37402378397899
right_actual,2025-08-20,2025-08-20,-46,-46.0,112480.3,112480.3,-9.813807863672963
right_actual,2025-08-21,2025-08-21,-45,-45.0,116908.68,116908.68,-6.263152953144924
right_actual,2025-08-22,2025-08-22,-44,-44.0,115383.87,115383.87,-7.485738664877484
right_actual,2025-08-23,2025-08-23,-43,-43.0,113478.0,113478.0,-9.013856548692356
right_actual,2025-08-24,2025-08-24,-42,-42.0,110127.74,110127.74,-11.700079754592863
right_actual,2025-08-25,2025-08-25,-41,-41.0,111788.01,111788.01,-10.368882831947923
right_actual,2025-08-26,2025-08-26,-40,-40.0,111253.21,111253.21,-10.797683035668104
right_actual,2025-08-27,2025-08-27,-39,-39.0,112574.85,112574.85,-9.737998104395206
right_actual,2025-08-28,2025-08-28,-38,-38.0,108378.32,108378.32,-13.10275674111524
right_actual,2025-08-29,2025-08-29,-37,-37.0,108827.93,108827.93,-12.742261491312268
right_actual,2025-08-30,2025-08-30,-36,-36.0,108247.95,108247.95,-13.207286813215092
right_actual,2025-08-31,2025-08-31,-35,-35.0,109240.55,109240.55,-12.411424655001447
right_actual,2025-09-01,2025-09-01,-34,-34.0,111247.94,111247.94,-10.801908497660639
right_actual,2025-09-02,2025-09-02,-33,-33.0,111756.41,111756.41,-10.394219567994211
right_actual,2025-09-03,2025-09-03,-32,-32.0,110720.79,110720.79,-11.224574966230383
right_actual,2025-09-04,2025-09-04,-31,-31.0,110670.02,110670.02,-11.265282120947795
right_actual,2025-09-05,2025-09-05,-30,-30.0,110212.6,110212.6,-11.632039393172333
right_actual,2025-09-06,2025-09-06,-29,-29.0,111129.61,111129.61,-10.896784952608673
right_actual,2025-09-07,2025-09-07,-28,-28.0,112072.57,112072.57,-10.140723920260154
right_actual,2025-09-08,2025-09-08,-27,-27.0,111549.32,111549.32,-10.560263386596326
right_actual,2025-09-09,2025-09-09,-26,-26.0,113983.97,113983.97,-8.608172107637191
right_actual,2025-09-10,2025-09-10,-25,-25.0,115540.0,115540.0,-7.360554342127235
right_actual,2025-09-11,2025-09-11,-24,-24.0,116106.03,116106.03,-6.906714066675224
right_actual,2025-09-12,2025-09-12,-23,-23.0,115968.35,115968.35,-7.017105263474388
right_actual,2025-09-13,2025-09-13,-22,-22.0,115314.13,115314.13,-7.541655879177123
right_actual,2025-09-14,2025-09-14,-21,-21.0,115381.08,115381.08,-7.487975674167647
right_actual,2025-09-15,2025-09-15,-20,-20.0,116832.56,116832.56,-6.324185622380485
right_actual,2025-09-16,2025-09-16,-19,-19.0,116484.4,116484.4,-6.603338724338636
right_actual,2025-09-17,2025-09-17,-18,-18.0,117117.99,117117.99,-6.095329148655992
right_actual,2025-09-18,2025-09-18,-17,-17.0,115690.55,115690.55,-7.23984403795731
right_actual,2025-09-19,2025-09-19,-16,-16.0,115752.4,115752.4,-7.190252989714807
right_actual,2025-09-20,2025-09-20,-15,-15.0,115282.27,115282.27,-7.567201082038988
right_actual,2025-09-21,2025-09-21,-14,-14.0,112736.59,112736.59,-9.608315709201298
right_actual,2025-09-22,2025-09-22,-13,-13.0,112017.21,112017.21,-10.185111316067841
right_actual,2025-09-23,2025-09-23,-12,-12.0,113348.17,113348.17,-9.117953651252176
right_actual,2025-09-24,2025-09-24,-11,-11.0,109035.72,109035.72,-12.575656415898994
right_actual,2025-09-25,2025-09-25,-10,-10.0,109697.29,109697.29,-12.045212603679168
right_actual,2025-09-26,2025-09-26,-9,-9.0,109681.16,109681.16,-12.058145564198997
right_actual,2025-09-27,2025-09-27,-8,-8.0,112197.67,112197.67,-10.040419310152837
right_actual,2025-09-28,2025-09-28,-7,-7.0,114365.07,114365.07,-8.3026078637371
right_actual,2025-09-29,2025-09-29,-6,-6.0,114067.71,114067.71,-8.541029757114504
right_actual,2025-09-30,2025-09-30,-5,-5.0,118659.97,118659.97,-4.858976609141319
right_actual,2025-10-01,2025-10-01,-4,-4.0,120621.32,120621.32,-3.2863751140654207
right_actual,2025-10-02,2025-10-02,-3,-3.0,122318.4,122318.4,-1.9256641011083264
right_actual,2025-10-03,2025-10-03,-2,-2.0,122458.56,122458.56,-1.8132844516067892
right_actual,2025-10-04,2025-10-04,-1,-1.0,123520.79,123520.79,-0.9615932765924096
right_actual,2025-10-05,2025-10-05,0,0.0,124720.09,124720.09,0.0
right_actual,2025-10-06,2025-10-06,1,1.0,121393.95,121393.95,-2.6668838997790933
right_actual,2025-10-07,2025-10-07,2,2.0,123343.25,123343.25,-1.1039440398094569
right_actual,2025-10-08,2025-10-08,3,3.0,121714.51,121714.51,-2.4098603520892325
right_actual,2025-10-09,2025-10-09,4,4.0,112980.28,112980.28,-9.412926177330371
right_actual,2025-10-10,2025-10-10,5,5.0,110768.89,110768.89,-11.186008605349784
right_actual,2025-10-11,2025-10-11,6,6.0,115067.98,115067.98,-7.739017827841533
right_actual,2025-10-12,2025-10-12,7,7.0,115274.03,115274.03,-7.573807876501693
right_actual,2025-10-13,2025-10-13,8,8.0,113068.0,113068.0,-9.342592680938566
right_actual,2025-10-14,2025-10-14,9,9.0,110804.12,110804.12,-11.157761351839945
right_actual,2025-10-15,2025-10-15,10,10.0,108198.0,108198.0,-13.247336495668016
right_actual,2025-10-16,2025-10-16,11,11.0,106463.3,106463.3,-14.638211053247307
right_actual,2025-10-17,2025-10-17,12,12.0,107208.91,107208.91,-14.040384351871449
right_actual,2025-10-18,2025-10-18,13,13.0,108676.78,108676.78,-12.863452872748892
right_actual,2025-10-19,2025-10-19,14,14.0,110568.06,110568.06,-11.347033184469312
right_actual,2025-10-20,2025-10-20,15,15.0,108362.27,108362.27,-13.115625557999511
right_actual,2025-10-21,2025-10-21,16,16.0,107585.98,107585.98,-13.738051343612723
right_actual,2025-10-22,2025-10-22,17,17.0,110116.03,110116.03,-11.709468779247988
right_actual,2025-10-23,2025-10-23,18,18.0,111042.13,111042.13,-10.966926018093792
right_actual,2025-10-24,2025-10-24,19,19.0,111666.21,111666.21,-10.466541517088379
right_actual,2025-10-25,2025-10-25,20,20.0,114548.09,114548.09,-8.155863261484175
right_actual,2025-10-26,2025-10-26,21,21.0,114087.06,114087.06,-8.525515015263373
right_actual,2025-10-27,2025-10-27,22,22.0,112906.75,112906.75,-9.471882196364678
right_actual,2025-10-28,2025-10-28,23,23.0,110032.13,110032.13,-11.776739417041782
right_actual,2025-10-29,2025-10-29,24,24.0,108308.18,108308.18,-13.158994673592684
right_actual,2025-10-30,2025-10-30,25,25.0,109555.27,109555.27,-12.159083592707475
right_actual,2025-10-31,2025-10-31,26,26.0,110052.25,110052.25,-11.760607292698388
right_actual,2025-11-01,2025-11-01,27,27.0,110536.01,110536.01,-11.37273072846564
right_actual,2025-11-02,2025-11-02,28,28.0,106557.98,106557.98,-14.562297060561779
right_actual,2025-11-03,2025-11-03,29,29.0,101468.15,101468.15,-18.64329956785631
right_actual,2025-11-04,2025-11-04,30,30.0,100291.85,100291.85,-19.58645154922514
right_actual,2025-11-05,2025-11-05,31,31.0,103472.0,103472.0,-17.036621766389036
right_actual,2025-11-06,2025-11-06,32,32.0,101447.93,101447.93,-18.65951187174416
right_actual,2025-11-07,2025-11-07,33,33.0,102882.15,102882.15,-17.509560809329116
right_actual,2025-11-08,2025-11-08,34,34.0,101838.43,101838.43,-18.346410750665754
right_actual,2025-11-09,2025-11-09,35,35.0,106496.49,106496.49,-14.611599462444257
right_actual,2025-11-10,2025-11-10,36,36.0,106071.01,106071.01,-14.952747388171383
right_actual,2025-11-11,2025-11-11,37,37.0,102734.93,102734.93,-17.627601134668847
right_actual,2025-11-12,2025-11-12,38,38.0,101945.44,101945.44,-18.260610620149485
right_actual,2025-11-13,2025-11-13,39,39.0,98906.39,98906.39,-20.697307065766225
right_actual,2025-11-14,2025-11-14,40,40.0,94829.23,94829.23,-23.96635538027595
right_actual,2025-11-15,2025-11-15,41,41.0,95095.36,95095.36,-23.752973558630362
right_actual,2025-11-16,2025-11-16,42,42.0,95197.96,95197.96,-23.670709346024353
right_actual,2025-11-17,2025-11-17,43,43.0,91855.7,91855.7,-26.350518188368856
right_actual,2025-11-18,2025-11-18,44,44.0,92184.51,92184.51,-26.086879828261832
right_actual,2025-11-19,2025-11-19,45,45.0,91783.66,91783.66,-26.408279532190836
right_actual,2025-11-20,2025-11-20,46,46.0,87214.0,87214.0,-30.072212103118268
right_actual,2025-11-21,2025-11-21,47,47.0,84826.0,84826.0,-31.98689962459136
right_actual,2025-11-22,2025-11-22,48,48.0,85133.92,85133.92,-31.740010771320005
right_actual,2025-11-23,2025-11-23,49,49.0,86499.25,86499.25,-30.645295397076765
right_actual,2025-11-24,2025-11-24,50,50.0,87981.12,87981.12,-29.457138781731153
right_actual,2025-11-25,2025-11-25,51,51.0,87366.12,87366.12,-29.950242980100484
right_actual,2025-11-26,2025-11-26,52,52.0,90635.53,90635.53,-27.32884493588803
right_actual,2025-11-27,2025-11-27,53,53.0,91094.0,91094.0,-26.961245778446763
right_actual,2025-11-28,2025-11-28,54,54.0,90919.78,90919.78,-27.10093458078806
right_actual,2025-11-29,2025-11-29,55,55.0,90946.75,90946.75,-27.079310157649815
right_actual,2025-11-30,2025-11-30,56,56.0,87446.89,87446.89,-29.885481962047976
right_actual,2025-12-01,2025-12-01,57,57.0,86628.25,86628.25,-30.541863784735877
right_actual,2025-12-02,2025-12-02,58,58.0,91532.75,91532.75,-26.609458027171083
right_actual,2025-12-03,2025-12-03,59,59.0,93150.03,93150.03,-25.312730290685327
right_actual,2025-12-04,2025-12-04,60,60.0,92353.31,92353.31,-25.951536757229732
right_actual,2025-12-05,2025-12-05,61,61.0,89347.18,89347.18,-28.36183809681344
right_actual,2025-12-06,2025-12-06,62,62.0,89480.46,89480.46,-28.254974799970068
right_actual,2025-12-07,2025-12-07,63,63.0,90435.42,90435.42,-27.48929222228752
right_actual,2025-12-08,2025-12-08,64,64.0,90338.37,90338.37,-27.56710647017654
right_actual,2025-12-09,2025-12-09,65,65.0,92243.57,92243.57,-26.03952578930948
right_actual,2025-12-10,2025-12-10,66,66.0,91194.97,91194.97,-26.880288492415293
right_actual,2025-12-11,2025-12-11,67,67.0,91784.59,91784.59,-26.407533862427456
right_actual,2025-12-12,2025-12-12,68,68.0,90350.0,90350.0,-27.55778158915696
right_actual,2025-12-13,2025-12-13,69,69.0,90326.01,90326.01,-27.57701666187059
right_actual,2025-12-14,2025-12-14,70,70.0,88460.01,88460.01,-29.073166961313134
right_actual,2025-12-15,2025-12-15,71,71.0,85950.0,85950.0,-31.085681544970022
right_actual,2025-12-16,2025-12-16,72,72.0,87599.87,87599.87,-29.762823294947914
right_actual,2025-12-17,2025-12-17,73,73.0,86064.34,86064.34,-30.994004253845553
right_actual,2025-12-18,2025-12-18,74,74.0,85352.25,85352.25,-31.56495477192167
right_actual,2025-12-19,2025-12-19,75,75.0,88016.09,88016.09,-29.42909999503689
right_actual,2025-12-20,2025-12-20,76,76.0,88322.39,88322.39,-29.18351005038563
right_actual,2025-12-21,2025-12-21,77,77.0,88716.0,88716.0,-28.867915345474813
right_actual,2025-12-22,2025-12-22,78,78.0,88837.97,88837.97,-28.770120355108787
right_actual,2025-12-23,2025-12-23,79,79.0,87594.74,87594.74,-29.7669365055782
right_actual,2025-12-24,2025-12-24,80,80.0,87516.0,87516.0,-29.830069878878373
right_actual,2025-12-25,2025-12-25,81,81.0,87159.35,87159.35,-30.11603022416035
right_actual,2025-12-26,2025-12-26,82,82.0,87280.65,87280.65,-30.018772436742147
right_actual,2025-12-27,2025-12-27,83,83.0,87844.66,87844.66,-29.566551788088024
right_actual,2025-12-28,2025-12-28,84,84.0,88029.48,88029.48,-29.418363954034987
right_actual,2025-12-29,2025-12-29,85,85.0,87055.23,87055.23,-30.199513165842006
right_actual,2025-12-30,2025-12-30,86,86.0,88185.26,88185.26,-29.293460259690317
right_actual,2025-12-31,2025-12-31,87,87.0,87696.0,87696.0,-29.685746698867842
right_actual,2026-01-01,2026-01-01,88,88.0,88642.88,88642.88,-28.92654262837686
right_actual,2026-01-02,2026-01-02,89,89.0,90112.01,90112.01,-27.748600886994236
right_actual,2026-01-03,2026-01-03,90,90.0,91351.98,91351.98,-26.75439858967389
right_actual,2026-01-04,2026-01-04,91,91.0,92392.38,92392.38,-25.92021060921299
right_actual,2026-01-05,2026-01-05,92,92.0,93891.94,93891.94,-24.717870232454132
right_actual,2026-01-06,2026-01-06,93,93.0,92771.99,92771.99,-25.615841040525222
right_actual,2026-01-07,2026-01-07,94,94.0,91377.92,91377.92,-26.73360001584347
right_actual,2026-01-08,2026-01-08,95,95.0,91246.53,91246.53,-26.838947919296718
right_actual,2026-01-09,2026-01-09,96,96.0,90476.01,90476.01,-27.456747345195154
right_actual,2026-01-10,2026-01-10,97,97.0,90509.91,90509.91,-27.429566479626487
right_actual,2026-01-11,2026-01-11,98,98.0,91538.05,91538.05,-26.605208511315215
right_actual,2026-01-12,2026-01-12,99,99.0,91293.98,91293.98,-26.800902725455057
right_actual,2026-01-13,2026-01-13,100,100.0,95222.7,95222.7,-23.650872926727363
right_actual,2026-01-14,2026-01-14,101,101.0,96852.91,96852.91,-22.343777975144175
right_actual,2026-01-15,2026-01-15,102,102.0,95569.99,95569.99,-23.37241738680592
right_actual,2026-01-16,2026-01-16,103,103.0,95467.76,95467.76,-23.454384935097472
right_actual,2026-01-17,2026-01-17,104,104.0,95015.57,95015.57,-23.816948817147253
right_actual,2026-01-18,2026-01-18,105,105.0,92624.74,92624.74,-25.733905419728288
right_actual,2026-01-19,2026-01-19,106,106.0,92572.21,92572.21,-25.776023734428023
right_actual,2026-01-20,2026-01-20,107,107.0,88916.02,88916.02,-28.70754022066533
right_actual,2026-01-21,2026-01-21,108,108.0,89936.47,89936.47,-27.889348059322273
right_actual,2026-01-22,2026-01-22,109,109.0,89522.33,89522.33,-28.221403624708728
right_actual,2026-01-23,2026-01-23,110,110.0,89365.99,89365.99,-28.34675632450232
right_actual,2026-01-24,2026-01-24,111,111.0,89155.13,89155.13,-28.515822911930222
right_actual,2026-01-25,2026-01-25,112,112.0,86978.89,86978.89,-30.260722230075366
right_actual,2026-01-26,2026-01-26,113,113.0,88136.48,88136.48,-29.332571841473175
right_actual,2026-01-27,2026-01-27,114,114.0,89296.0,89296.0,-28.402873987663092
right_actual,2026-01-28,2026-01-28,115,115.0,88963.96,88963.96,-28.669102147055845
right_actual,2026-01-29,2026-01-29,116,116.0,83943.96,83943.96,-32.69411527846074
right_actual,2026-01-30,2026-01-30,117,117.0,83986.02,83986.02,-32.660391762064954
right_actual,2026-01-31,2026-01-31,118,118.0,78727.3,78727.3,-36.87680950198159
right_actual,2026-02-01,2026-02-01,119,119.0,77831.33,77831.33,-37.59519416639292
right_actual,2026-02-02,2026-02-02,120,120.0,78938.16,78938.16,-36.7077429145537
right_actual,2026-02-03,2026-02-03,121,121.0,76313.98,76313.98,-38.811798484109495
right_actual,2026-02-04,2026-02-04,122,122.0,72853.79,72853.79,-41.58616306322423
right_actual,2026-02-05,2026-02-05,123,123.0,63845.99,63845.99,-48.80857606821804
right_actual,2026-02-06,2026-02-06,124,124.0,69936.2,69936.2,-43.92547343415163
right_actual,2026-02-07,2026-02-07,125,125.0,69199.99,69199.99,-44.51576325834915
right_actual,2026-02-08,2026-02-08,126,126.0,70477.92,70477.92,-43.49112480595549
right_actual,2026-02-09,2026-02-09,127,127.0,69986.8,69986.8,-43.88490258465977
right_actual,2026-02-10,2026-02-10,128,128.0,69219.0,69219.0,-44.50052112694915
right_actual,2026-02-11,2026-02-11,129,129.0,67479.13,67479.13,-45.895540966976526
right_actual,2026-02-12,2026-02-12,130,130.0,66001.99,66001.99,-47.079905089869634
right_actual,2026-02-13,2026-02-13,131,131.0,68970.18,68970.18,-44.70002386945039
right_actual,2026-02-14,2026-02-14,132,132.0,69801.43,69801.43,-44.033531406207295
right_actual,2026-02-15,2026-02-15,133,133.0,68913.72,68913.72,-44.74529324024702
right_actual,2026-02-16,2026-02-16,134,134.0,68810.28,68810.28,-44.82823096102641
right_actual,2026-02-17,2026-02-17,135,135.0,67191.37,67191.37,-46.126265624086706
right_actual,2026-02-18,2026-02-18,136,136.0,66533.36,66533.36,-46.65385504452409
right_actual,2026-02-19,2026-02-19,137,137.0,67214.29,67214.29,-46.1078884724987
right_actual,2026-02-20,2026-02-20,138,138.0,67885.32,67885.32,-45.56985967537387
right_actual,2026-02-21,2026-02-21,139,139.0,67969.48,67969.48,-45.5023805707645
right_actual,2026-02-22,2026-02-22,140,140.0,66238.9,66238.9,-46.88995173111245
right_actual,2026-02-23,2026-02-23,141,141.0,64743.99,64743.99,-48.08856375905437
right_actual,2026-02-24,2026-02-24,142,142.0,64290.01,64290.01,-48.45256285494983
right_actual,2026-02-25,2026-02-25,143,143.0,68448.27,68448.27,-45.11848892989092
right_actual,2026-02-26,2026-02-26,144,144.0,67068.86,67068.86,-46.22449358399277
right_actual,2026-02-27,2026-02-27,145,145.0,65950.0,65950.0,-47.12159043502935
right_actual,2026-02-28,2026-02-28,146,146.0,66680.36,66680.36,-46.53599111418216
right_actual,2026-03-01,2026-03-01,147,147.0,66474.29,66474.29,-46.70121710143089
right_actual,2026-03-02,2026-03-02,148,148.0,69016.92,69016.92,-44.66254795037431
right_actual,2026-03-03,2026-03-03,149,149.0,68222.81,68222.81,-45.29926173080856
right_actual,2026-03-04,2026-03-04,150,150.0,72776.66,72776.66,-41.64800554585872
right_actual,2026-03-05,2026-03-05,151,151.0,70955.49,70955.49,-43.1082113555242
right_actual,2026-03-06,2026-03-06,152,152.0,68350.0,68350.0,-45.19728136822223
right_actual,2026-03-07,2026-03-07,153,153.0,67193.87,67193.87,-46.12426113547545
right_actual,2026-03-08,2026-03-08,154,154.0,66055.14,66055.14,-47.03728966199431
right_actual,2026-03-09,2026-03-09,155,155.0,68480.54,68480.54,-45.09261499089682
right_actual,2026-03-10,2026-03-10,156,156.0,69847.95,69847.95,-43.99623188212901
right_actual,2026-03-11,2026-03-11,157,157.0,70210.72,70210.72,-43.70536454872666
right_actual,2026-03-12,2026-03-12,158,158.0,70500.54,70500.54,-43.47298819300083
right_actual,2026-03-13,2026-03-13,159,159.0,70838.78,70838.78,-43.20178890185213
right_actual,2026-03-14,2026-03-14,160,160.0,71118.53,71118.53,-42.977486626252436
right_actual,2026-03-15,2026-03-15,161,161.0,72953.27,72953.27,-41.50640045240506
right_actual,2026-03-16,2026-03-16,162,162.0,74758.54,74758.54,-40.0589431903072
right_actual,2026-03-17,2026-03-17,163,163.0,73845.35,73845.35,-40.791134772272855
right_actual,2026-03-18,2026-03-18,164,164.0,71204.95,71204.95,-42.90819546393849
right_actual,2026-03-19,2026-03-19,165,165.0,69858.95,69858.95,-43.98741213223948
right_actual,2026-03-20,2026-03-20,166,166.0,70560.99,70560.99,-43.42451965838061
right_actual,2026-03-21,2026-03-21,167,167.0,68398.68,68398.68,-45.158249965983835
right_actual,2026-03-22,2026-03-22,168,168.0,67977.71,67977.71,-45.49578179425624
right_actual,2026-03-23,2026-03-23,169,169.0,70906.0,70906.0,-43.14789221207265
right_actual,2026-03-24,2026-03-24,170,170.0,70555.44,70555.44,-43.4289696230976
right_actual,2026-03-25,2026-03-25,171,171.0,71277.56,71277.56,-42.84997709671313
right_actual,2026-03-26,2026-03-26,172,172.0,68762.2,68762.2,-44.866781285998115
right_actual,2026-03-27,2026-03-27,173,173.0,66390.02,66390.02,-46.76878440353916
right_actual,2026-03-28,2026-03-28,174,174.0,66392.04,66392.04,-46.76716477674127
right_actual,2026-03-29,2026-03-29,175,175.0,65862.79,65862.79,-47.19151501574446
right_actual,2026-03-30,2026-03-30,176,176.0,66683.77,66683.77,-46.53325699171641
right_actual,2026-03-31,2026-03-31,177,177.0,68133.96,68133.96,-45.37050125605264
right_actual,2026-04-01,2026-04-01,178,178.0,68100.65,68100.65,-45.39720906230905
right_actual,2026-04-02,2026-04-02,179,179.0,66959.99,66959.99,-46.311785054035795
right_actual,2026-04-03,2026-04-03,180,180.0,66911.51,66911.51,-46.35065609718531
right_actual,2026-04-04,2026-04-04,181,181.0,67284.16,67284.16,-46.05186702479127
right_actual,2026-04-05,2026-04-05,182,182.0,69279.05,69279.05,-44.452373310506744
right_actual,2026-04-06,2026-04-06,183,183.0,68909.06,68909.06,-44.74902960701841
right_actual,2026-04-07,2026-04-07,184,184.0,71872.04,71872.04,-42.373325740865006
right_actual,2026-04-08,2026-04-08,185,185.0,71015.98,71015.98,-43.05971074908621
right_actual,2026-04-09,2026-04-09,186,186.0,71798.73,71798.73,-42.43210536490152
right_actual,2026-04-10,2026-04-10,187,187.0,72905.26,72905.26,-41.54489465169565
right_actual,2026-04-11,2026-04-11,188,188.0,72997.99,72997.99,-41.470544160126884
right_actual,2026-04-12,2026-04-12,189,189.0,70661.26,70661.26,-43.344123629160315
right_actual,2026-04-13,2026-04-13,190,190.0,74505.1,74505.1,-40.262150227762014
right_actual,2026-04-14,2026-04-14,191,191.0,74386.01,74386.01,-40.35763604724788
right_actual,2026-04-15,2026-04-15,192,192.0,74725.02,74725.02,-40.085819373606924
right_actual,2026-04-16,2026-04-16,193,193.0,75124.72,75124.72,-39.7653417344391
right_actual,2026-04-17,2026-04-17,194,194.0,75736.82,75736.82,-39.27456274285882
right_actual,2026-04-18,2026-04-18,195,195.0,73823.14,73823.14,-40.80894264909527
right_actual,2026-04-19,2026-04-19,196,196.0,74201.44,74201.44,-40.50562343243978
right_actual,2026-04-20,2026-04-20,197,197.0,75854.66,75854.66,-39.18007916767859
right_actual,2026-04-21,2026-04-21,198,198.0,76434.02,76434.02,-38.71555095895135
right_actual,2026-04-22,2026-04-22,199,199.0,78416.36,78416.36,-37.12611977749535
right_actual,2026-04-23,2026-04-23,200,200.0,78281.09,78281.09,-37.23457864727327
right_actual,2026-04-24,2026-04-24,201,201.0,77490.01,77490.01,-37.868862987510674
right_actual,2026-04-25,2026-04-25,202,202.0,77650.51,77650.51,-37.740174818667946
right_actual,2026-04-26,2026-04-26,203,203.0,78818.4,78818.4,-36.803765936987375
right_actual,2026-04-27,2026-04-27,204,204.0,77302.47,77302.47,-38.01923170517275
right_actual,2026-04-28,2026-04-28,205,205.0,76361.99,76361.99,-38.7733042848189
right_actual,2026-04-29,2026-04-29,206,206.0,75794.4,75794.4,-39.228395361164345
right_actual,2026-04-30,2026-04-30,207,207.0,76442.08,76442.08,-38.709088487668666
right_actual,2026-05-01,2026-05-01,208,208.0,78285.16,78285.16,-37.23131533981413
right_actual,2026-05-02,2026-05-02,209,209.0,78705.06,78705.06,-36.89464143266734
right_actual,2026-05-03,2026-05-03,210,210.0,78496.31,78496.31,-37.06201623170734
right_actual,2026-05-04,2026-05-04,211,211.0,79926.19,79926.19,-35.91554496152143
right_actual,2026-05-05,2026-05-05,212,212.0,81028.26,81028.26,-35.031910255998056
right_actual,2026-05-06,2026-05-06,213,213.0,81476.51,81476.51,-34.672505447999605
right_actual,2026-05-07,2026-05-07,214,214.0,80047.2,80047.2,-35.81851969478214
right_actual,2026-05-08,2026-05-08,215,215.0,80150.27,80150.27,-35.73587863831721
right_actual,2026-05-09,2026-05-09,216,216.0,80645.62,80645.62,-35.338709264882674
right_actual,2026-05-10,2026-05-10,217,217.0,82103.78,82103.78,-34.169563219526225
right_actual,2026-05-11,2026-05-11,218,218.0,81734.25,81734.25,-34.4658506901334
right_actual,2026-05-12,2026-05-12,219,219.0,80414.77,80414.77,-35.52380374324618
right_actual,2026-05-13,2026-05-13,220,220.0,79371.63,79371.63,-36.360188643225
right_actual,2026-05-14,2026-05-14,221,221.0,79142.38,79142.38,-36.544000248877296
right_actual,2026-05-15,2026-05-15,222,222.0,79026.0,79026.0,-36.637313202708555
right_actual,2026-05-16,2026-05-16,223,223.0,78183.58,78183.58,-37.31276172106674
right_actual,2026-05-17,2026-05-17,224,224.0,77269.08,77269.08,-38.04600365506471
right_actual,2026-05-18,2026-05-18,225,225.0,76952.14,76952.14,-38.30012470324549
right_actual,2026-05-19,2026-05-19,226,226.0,76799.23,76799.23,-38.422727244664436
right_actual,2026-05-20,2026-05-20,227,227.0,77494.61,77494.61,-37.86517472846596
right_actual,2026-05-21,2026-05-21,228,228.0,77451.06,77451.06,-37.900092920074066
right_actual,2026-05-22,2026-05-22,229,229.0,75478.44,75478.44,-39.4817306498095
right_actual,2026-05-23,2026-05-23,230,230.0,76627.99,76627.99,-38.56002669658112
right_actual,2026-05-24,2026-05-24,231,231.0,77078.18,77078.18,-38.19906640542033
right_actual,2026-05-25,2026-05-25,232,232.0,77196.83,77196.83,-38.103933375930055
right_actual,2026-05-26,2026-05-26,233,233.0,75834.53,75834.53,-39.19621930997644
right_actual,2026-05-27,2026-05-27,234,234.0,74422.7,74422.7,-40.328218172389064
right_actual,2026-05-28,2026-05-28,235,235.0,74025.1,74025.1,-40.647012041123446
right_actual,2026-05-29,2026-05-29,236,236.0,73897.41,73897.41,-40.74939330143202
right_actual,2026-05-30,2026-05-30,237,237.0,73758.31,73758.31,-40.8609230477624
right_actual,2026-05-31,2026-05-31,238,238.0,73688.35,73688.35,-40.91701665705981
