cycle,post_peak_days,post_peak_vol_std
2017,60,16.310516
2021,51,9.322640
2025,203,13.982606
