param,value
k_hat,0.2025670526496154
f_hat,0.8690029305321867
p_used,1.0
rmse_log2,0.782993797258513
rmse_abs,2.0263995699784236
n_bar,1.0
