date,price,gma200,avg_index,estimate_price,estimate_index,ahr999
2014-12-01,370.0,,,288.97509263630826,1.28038716632809,
2014-12-02,378.0,,,289.75799725611245,1.3045369017576824,
2014-12-03,378.0,,,290.5426589433927,1.3010137698011734,
2014-12-04,377.1,,,291.32908082532816,1.2944124868402596,
2014-12-05,377.1,,,292.1172660332093,1.2909199278796806,
2014-12-06,378.0,,,292.9072177024504,1.2905110463477587,
2014-12-07,378.0,,,293.6989389725775,1.2870322287248497,
2014-12-08,375.0,,,294.4924329872528,1.2733773706716327,
2014-12-09,375.0,,,295.2877028942558,1.2699479061418606,
2014-12-10,360.5,,,296.08475184550724,1.2175567899156918,
2014-12-11,360.5,,,296.88358299705766,1.2142806832251578,
2014-12-12,350.0,,,297.68419950909947,1.1757426177713586,
2014-12-13,350.0,,,298.48660454596484,1.1725819338941303,
2014-12-14,350.0,,,299.2908012761357,1.1694311970419642,
2014-12-15,350.0,,,300.09679287223395,1.1662903713503274,
2014-12-16,350.0,,,300.90458251105133,1.1631594211003602,
2014-12-17,350.0,,,301.71417337352005,1.1600383107183447,
2014-12-18,340.0,,,302.52556864474485,1.1238719474956556,
2014-12-19,340.0,,,303.3387715139812,1.120859026042205,
2014-12-20,340.0,,,304.15378517466,1.117855560484823,
2014-12-21,340.0,,,304.970612824383,1.1148615168235525,
2014-12-22,340.0,,,305.78925766492017,1.1118768611962409,
2014-12-23,340.0,,,306.6097229022302,1.108901559877855,
2014-12-24,340.0,,,307.4320117464429,1.105935579279941,
2014-12-25,340.0,,,308.25612741187206,1.1029788859499743,
2014-12-26,340.0,,,309.0820731170304,1.100031446570707,
2014-12-27,340.0,,,309.9098520846098,1.0970932279596428,
2014-12-28,340.0,,,310.7394675415041,1.0941641970683615,
2014-12-29,340.0,,,311.57092271880924,1.0912443209819287,
2014-12-30,340.0,,,312.40422085181575,1.0883335669183352,
2014-12-31,340.0,,,313.23936518002404,1.0854319022278576,
2015-01-01,340.0,,,314.0763589471473,1.082539294392467,
2015-01-02,340.0,,,314.9152054011037,1.0796557110252776,
2015-01-03,340.0,,,315.75590779403467,1.0767811198699078,
2015-01-04,340.0,,,316.59846938230226,1.073915488799915,
2015-01-05,340.0,,,317.442893426484,1.0710587858182434,
2015-01-06,340.0,,,318.28918319139655,1.0682109790565772,
2015-01-07,340.0,,,319.13734194607474,1.0653720367748456,
2015-01-08,288.99,,,319.98737296380045,0.9031293870233214,
2015-01-09,288.99,,,320.8392795220817,0.9007313581755825,
2015-01-10,288.99,,,321.6930649026737,0.8983407835895754,
2015-01-11,288.99,,,322.5487323915814,0.8959576367181616,
2015-01-12,288.99,,,323.40628527904653,0.8935818911207897,
2015-01-13,260.0,,,324.2657268595766,0.8018115343796204,
2015-01-14,120.0,,,325.1270604319186,0.3690864729640919,
2015-01-15,204.22,,,325.9902892990958,0.6264603784336297,
2015-01-16,199.46,,,326.855416768379,0.6102392365776341,
2015-01-17,184.0,,,327.722446151318,0.5614507097723859,
2015-01-18,184.0,,,328.59138076372625,0.559965996589257,
2015-01-19,225.51,,,329.46222392569086,0.6844790802203261,
2015-01-20,218.0,,,330.3349789615759,0.6599361674785201,
2015-01-21,225.51,,,331.2096492000246,0.6808678447161111,
2015-01-22,226.32,,,332.08623797397036,0.6815097228381366,
2015-01-23,235.0,,,332.96474862062865,0.7057804196195943,
2015-01-24,240.0,,,333.84518448150783,0.7188960966225767,
2015-01-25,254.53,,,334.7275489024089,0.76040947580986,
2015-01-26,274.48,,,335.6118452334395,0.8178495601342128,
2015-01-27,263.65,,,336.49807682899706,0.7835111644159045,
2015-01-28,236.09,,,337.3862470477936,0.6997617776831191,
2015-01-29,235.03,,,338.2763592528503,0.6947869502885448,
2015-01-30,229.07,,,339.16841681149725,0.6753871783035515,
2015-01-31,218.45,,,340.062423095379,0.6423820603628712,
2015-02-01,228.99,,,340.9583814804655,0.6716068952630205,
2015-02-02,237.83,,,341.85629534704935,0.6957016829500161,
2015-02-03,228.58,,,342.7561680797456,0.6668880717175559,
2015-02-04,227.11,,,343.6580030675056,0.6608605007676432,
2015-02-05,216.76,,,344.5618037036145,0.6290888823720369,
2015-02-06,223.2,,,345.4675733856877,0.6460808978758031,
2015-02-07,229.0,,,346.37531551569356,0.6611325626915943,
2015-02-08,223.99,,,347.2850334999366,0.6449745263786062,
2015-02-09,221.1,,,348.196730749074,0.6349858584954219,
2015-02-10,220.87,,,349.1104106781127,0.6326651776753999,
2015-02-11,219.81,,,350.0260767064207,0.6279817837239665,
2015-02-12,223.21,,,350.9437322577213,0.6360278856215106,
2015-02-13,236.49,,,351.86338076009565,0.6721074511622496,
2015-02-14,256.66,,,352.7850256460027,0.7275252103742691,
2015-02-15,235.54,,,353.7086703522647,0.6659152566585986,
2015-02-16,234.68,,,354.63431832008143,0.6617520862382683,
2015-02-17,244.82,,,355.5619729950215,0.6885438224391558,
2015-02-18,237.49,,,356.49163782705074,0.6661867342740211,
2015-02-19,240.9,,,357.42331627050055,0.6739907248179778,
2015-02-20,245.34,,,358.3570117841052,0.6846245278655434,
2015-02-21,245.99,,,359.2927278309814,0.6846506509748194,
2015-02-22,236.83,,,360.2304678786513,0.6574402254053078,
2015-02-23,239.49,,,361.1702353990279,0.6630945092565749,
2015-02-24,239.87,,,362.11203386842635,0.6624193000091152,
2015-02-25,238.19,,,363.0558667675756,0.6560698278220818,
2015-02-26,237.11,,,364.0017375816063,0.6513979894033936,
2015-02-27,254.42,,,364.9496498000715,0.6971372630152615,
2015-02-28,255.59,,,365.89960691692824,0.698524937355365,
2015-03-01,260.24,,,366.8516124305703,0.7093876411658203,
2015-03-02,276.7,,,367.8056698438042,0.7522994414890505,
2015-03-03,283.27,,,368.7617826638754,0.7681652853332668,
2015-03-04,273.37,,,369.7199544024415,0.7393974729923173,
2015-03-05,276.86,,,370.68018857561674,0.7468972136435668,
2015-03-06,273.23,,,371.64248870394493,0.7351958086193381,
2015-03-07,276.89,,,372.6068583124108,0.7431156829857454,
2015-03-08,275.5,,,373.57330093044925,0.7374724031771526,
2015-03-09,290.19,,,374.5418200919417,0.7747866444627326,
2015-03-10,293.47,,,375.5124193352282,0.781518759138597,
2015-03-11,296.99,,,376.48510220309754,0.7888492752092662,
2015-03-12,296.05,,,377.45987224280594,0.7843217829776672,
2015-03-13,284.0,,,378.43673300606997,0.7504556910849475,
2015-03-14,283.95,,,379.415688049085,0.748387610064414,
2015-03-15,288.0,,,380.3967409324971,0.7571042782701094,
2015-03-16,292.37,,,381.3798952214489,0.7666109400712768,
2015-03-17,286.74,,,382.36515448554843,0.7499114305690149,
2015-03-18,258.5,,,383.3525222988934,0.6743140711578571,
2015-03-19,263.05,,,384.34200224006486,0.684416479247292,
2015-03-20,263.31,,,385.3335978921297,0.6833299806722564,
2015-03-21,261.9,,,386.32731284265617,0.6779225576180448,
2015-03-22,269.45,,,387.3231506837101,0.6956723333587518,
2015-03-23,267.53,,,388.3211150118452,0.6889401313957376,
2015-03-24,246.15,,,389.3212094281375,0.6322542775451728,
2015-03-25,246.88,,,390.3234375381561,0.6325010907802999,
2015-03-26,249.88,,,391.3278029519885,0.6385439473378217,
2015-03-27,247.81,,,392.3343092842431,0.6316296947164609,
2015-03-28,253.52,,,393.34296015403294,0.644526598113569,
2015-03-29,243.69,,,394.35375918500733,0.6179477038677731,
2015-03-30,248.78,,,395.3667100053383,0.629238612417927,
2015-03-31,245.5,,,396.38181624772363,0.6193523263099733,
2015-04-01,247.87,,,397.39908154939917,0.6237306815949152,
2015-04-02,254.39,,,398.4185095521351,0.6384994519606066,
2015-04-03,254.84,,,399.4401039022484,0.6379930245120427,
2015-04-04,254.36,,,400.46386825058954,0.6351634196392337,
2015-04-05,261.47,,,401.48980625257434,0.6512494113873246,
2015-04-06,256.85,,,402.517921568151,0.6381082337883242,
2015-04-07,254.27,,,403.548217861842,0.6300857958120173,
2015-04-08,246.58,,,404.5806988027108,0.609470498048257,
2015-04-09,244.74,,,405.6153680644075,0.6033795049923696,
2015-04-10,236.78,,,406.652229325122,0.5822665730689806,
2015-04-11,237.91,,,407.69128626763637,0.5835542922146726,
2015-04-12,237.55,,,408.73254257929455,0.581186901588378,
2015-04-13,225.73,,,409.7760019520217,0.5508619317009916,
2015-04-14,221.05,,,410.82166808232705,0.538068016304589,
2015-04-15,224.35,,,411.86954467129976,0.5447113118767903,
2015-04-16,229.45,,,412.9196354246253,0.5556771350048428,
2015-04-17,223.62,,,413.9719440525749,0.5401815345524962,
2015-04-18,224.02,,,415.02647427001466,0.5397727949621196,
2015-04-19,224.03,,,416.08322979641883,0.5384259300948355,
2015-04-20,225.37,,,417.142214355859,0.5402713804643603,
2015-04-21,235.89,,,418.20343167701674,0.5640556297065026,
2015-04-22,233.98,,,419.2668854931801,0.558069354141268,
2015-04-23,235.99,,,420.3325795422595,0.5614363755885688,
2015-04-24,231.51,,,421.4005175667738,0.5493823342618834,
2015-04-25,227.05,,,422.4707033138735,0.5374337160399826,
2015-04-26,221.27,,,423.54314053533324,0.5224261210329789,
2015-04-27,227.58,,,424.61783298755114,0.5359643008838778,
2015-04-28,225.64,,,425.69478443156186,0.5300511264221883,
2015-04-29,225.6,,,426.7739986330362,0.5286170214741299,
2015-04-30,236.81,,,427.8554793622903,0.553481283803962,
2015-05-01,233.14,,,428.9392303942752,0.5435268762563424,
2015-05-02,235.94,,,430.02525550860014,0.5486654492442512,
2015-05-03,240.78,,,431.1135584895177,0.5585071386843299,
2015-05-04,239.75,,,432.2041431259411,0.5547147194517722,
2015-05-05,236.76,,,433.29701321143966,0.5464150289087412,
2015-05-06,230.0,,,434.39217254424864,0.5294754706395439,
2015-05-07,237.99,,,435.48962492726866,0.5464883349166971,
2015-05-08,244.54,,,436.5893741680612,0.5601144106312274,
2015-05-09,242.5,,,437.6914240788837,0.5540432977647171,
2015-05-10,241.57,,,438.7957784766456,0.5505294532200183,
2015-05-11,242.86,,,439.90244118295425,0.5520769544877229,
2015-05-12,242.03,,,441.0114160241,0.5488066548979624,
2015-05-13,236.32,,,442.122706831055,0.5345122436570605,
2015-05-14,237.46,,,443.2363174394943,0.5357412979418488,
2015-05-15,237.82,,,444.35225168977695,0.5352060197638725,
2015-05-16,236.73,,,445.4705134269776,0.5314156445032702,
2015-05-17,237.12,,,446.5911065008532,0.5309554904885841,
2015-05-18,234.04,,,447.71403476588927,0.5227443900041687,
2015-05-19,232.59,,,448.8393020812702,0.5182032832719393,
2015-05-20,234.54,,,449.9669123109,0.5212383257148183,
2015-05-21,235.77,,,451.0968693233979,0.5226593577420132,
2015-05-22,240.45,,,452.22917699210865,0.5316994396498124,
2015-05-23,239.36,,,453.3638391951014,0.5279644720341126,
2015-05-24,240.82,,,454.50085981518015,0.5298559833262535,
2015-05-25,237.43,,,455.6402427398678,0.5210909347521188,
2015-05-26,236.79,,,456.7819918614425,0.5183873362324372,
2015-05-27,237.35,,,457.9261110769109,0.5183150605712805,
2015-05-28,237.34,,,459.0726042880328,0.5169988315205308,
2015-05-29,236.89,,,460.22147540131334,0.5147304345009798,
2015-05-30,233.55,,,461.3727283280055,0.5062067730929285,
2015-05-31,230.21,,,462.5263669841205,0.49772297631608015,
2015-06-01,223.56,,,463.68239529043433,0.4821403664893723,
2015-06-02,225.85,,,464.8408171724832,0.48586525033191397,
2015-06-03,225.86,,,466.00163656056606,0.4846764094371267,
2015-06-04,224.57,,,467.1648573897667,0.48070824773669973,
2015-06-05,224.97,,,468.3304835999185,0.4803659122735762,
2015-06-06,225.48,,,469.4985191356604,0.48025710584796993,
2015-06-07,223.89,,,470.6689679464016,0.4756846430238756,
2015-06-08,229.1,,,471.8418339863285,0.4855440605265156,
2015-06-09,229.18,,,473.0171212144378,0.48450677517041385,
2015-06-10,228.73,,,474.19483359449737,0.4823544749869544,
2015-06-11,229.69,,,475.3749750950913,0.4831764649665332,
2015-06-12,229.47,,,476.5575496895919,0.48151582143534694,
2015-06-13,233.47,,,477.74256135618174,0.48869416058984133,
2015-06-14,233.6,,,478.930014077853,0.4877539371796959,
2015-06-15,236.99,,,480.1199118424059,0.49360585585917,
2015-06-16,251.91,,,481.3122586424596,0.5233816414950904,
2015-06-17,250.25,,,482.50705847545134,0.5186452624977134,
2015-06-18,249.27,258.94396055954854,0.9626407175566319,483.7043153436467,0.5153354892500942,0.4960829251541087
2015-06-19,246.33,258.4177638942371,0.9532239436171878,484.9040332541309,0.5079974244530612,0.4842353082845214
2015-06-20,246.13,257.86400757875174,0.9544953648672037,486.1062162188274,0.5063296699114853,0.48328932302525396
2015-06-21,244.66,257.3037310671103,0.9508606773221935,487.31086825449273,0.5020614477086298,0.47739048822558877
2015-06-22,247.5,256.7625482199498,0.9639256258976865,488.51799338271144,0.5066343581046057,0.48835784073725463
2015-06-23,244.52,256.20698537719437,0.9543845950960764,489.7275956299348,0.4992979815349691,0.47652230193953976
2015-06-24,240.04,255.62594185844102,0.9390283249613526,490.93967902743583,0.4889399049502893,0.4591284199522331
2015-06-25,242.44,255.0589032521731,0.9505255331561707,492.1542476113439,0.49260978885517165,0.46823818218951074
2015-06-26,243.0,254.5061978441493,0.9547901075038051,493.3713054226598,0.4925296573375452,0.4702624444781271
2015-06-27,251.59,253.99880504962508,0.9905164709371194,494.59085650721437,0.5086830795391588,0.5038589687705536
2015-06-28,249.11,253.52985201463875,0.9825667392635739,495.8129049157197,0.5024274227842955,0.49366847452176627
2015-06-29,257.54,253.10387838965792,1.0175268812100644,497.03745470373934,0.5181500862012652,0.5272316412110994
2015-06-30,263.82,252.74641162489684,1.0438130389425175,498.2645099317242,0.5294778069506707,0.5526758387257992
2015-07-01,259.02,252.366279195909,1.0263653322674136,499.49407466497837,0.5185647100493241,0.5322368409319296
2015-07-02,254.85,251.9662704174113,1.011444903231736,500.72615297369447,0.5089608331550209,0.514785840639224
2015-07-03,256.95,251.57721814113552,1.021356392675629,501.96074893293644,0.5118926142058356,0.5228247938825697
2015-07-04,260.64,251.20667526539498,1.0375520464360228,503.1978666226586,0.5179672198321351,0.5374179489236091
2015-07-05,271.74,250.88899005681486,1.0831085092194095,504.43751012770844,0.5386990351514573,0.5834695088808293
2015-07-06,269.94,250.5996989347693,1.077176074621961,505.6796835378131,0.5338161859924015,0.5750140237969618
2015-07-07,266.18,250.29318653029767,1.063472816379599,506.92439094759874,0.5250881684789859,0.5584169933799525
2015-07-08,270.97,250.00934304253016,1.0838394945660257,508.1716364565974,0.5332253525392171,0.5779306965858959
2015-07-09,269.75,249.7201870586148,1.0802090258593462,509.42142416923775,0.5295222917644407,0.5719947589576749
2015-07-10,286.67,249.50724923528514,1.1489445732683718,510.67375819485574,0.561356434317928,0.6449674288788666
2015-07-11,294.23,249.32694083234693,1.1800971006893592,511.9286426476978,0.5747480712902502,0.6782585325564254
2015-07-12,312.16,249.22046389514043,1.2525456181292618,513.1860816469323,0.6082783831514034,0.7618964234190425
2015-07-13,293.08,249.0354863717406,1.1768603915448146,514.4460793166348,0.5697001333731869,0.6704575220247019
2015-07-14,287.51,248.82677259841861,1.1554624809767244,515.7086397858048,0.5575047183995497,0.6441757850781739
2015-07-15,285.7,248.61038333496737,1.1491877216369504,516.9737671883798,0.552639259732291,0.6350862517788823
2015-07-16,279.38,248.36640160310876,1.1248703455729538,518.2414656632099,0.5390923314915927,0.6064089772206773
2015-07-17,280.58,248.12797666955802,1.1307874418919701,519.5117393540891,0.5400840418906533,0.6107202521362075
2015-07-18,277.71,247.87703756897128,1.1203538767592691,520.7845924097506,0.5332531031976061,0.5974321814613486
2015-07-19,275.61,247.61695428962915,1.1130497941495086,522.060028983857,0.5279277950783747,0.587609923637789
2015-07-20,280.0,247.37668932595278,1.1318770607001758,523.3380532350278,0.5350270217676178,0.6055848127935003
2015-07-21,277.32,247.12477355930594,1.1221861572427407,524.6186693268214,0.5286125260388667,0.593201659265934
2015-07-22,277.89,246.87564883929912,1.1256274213617938,525.9018814277598,0.5284065522746607,0.5947889048676023
2015-07-23,277.39,246.62455452707647,1.1247460762044512,527.1876937113094,0.5261693383759071,0.5918068987573937
2015-07-24,289.12,246.42474163815746,1.1732588135347828,528.4761103559057,0.5470824401225823,0.6418692946039348
2015-07-25,289.7,246.22755791947083,1.1765539261642959,529.767135544943,0.5468440387529913,0.6433915007943722
2015-07-26,293.89,246.04819716996272,1.1944407777838322,531.0607734667906,0.5534018226981288,0.6610057035305433
2015-07-27,294.21,246.07022157623447,1.1956343116830632,532.3570283147781,0.5526554254977097,0.6607737892628646
2015-07-28,295.76,246.09871351785657,1.2017941734528412,533.6559042872244,0.5542147995064924,0.6660521168882372
2015-07-29,290.19,246.10381248429493,1.1791365483966991,534.9574055874143,0.5424544028535403,0.639627812243316
2015-07-30,288.49,246.10168165025274,1.1722390439005101,536.2615364236191,0.5379651166555188,0.6306237140000918
2015-07-31,285.19,246.08539461311966,1.15890664884179,537.5683010090992,0.5305186326363628,0.6148215706967359
2015-08-01,281.53,246.18330363502324,1.1435787717650407,538.8777035621073,0.5224376479839878,0.5974486038053455
2015-08-02,282.62,247.23998216765455,1.1430999044820918,540.1897483058953,0.5231865300782416,0.598054472558755
2015-08-03,280.95,247.63461844048055,1.134534427251442,541.5044394687001,0.5188323114684998,0.5886331193314562
2015-08-04,285.51,248.07910416967277,1.1508829046912654,542.8217812837678,0.5259737354768113,0.6053341804768678
2015-08-05,282.77,248.6126727325075,1.1373917382893983,544.141777989353,0.5196623590360173,0.5910596738675452
2015-08-06,279.65,249.13356779537358,1.1224902467968152,545.464433828721,0.5126823724089254,0.5754809627336714
2015-08-07,279.94,249.40304025459704,1.1224402064795602,546.7897530501376,0.5119700916822614,0.5746558154191969
2015-08-08,262.02,249.6325039851657,1.0496229289739063,548.117739906908,0.47803597826354116,0.5017575236598847
2015-08-09,267.63,249.84633201775998,1.071178423307715,549.4483986573388,0.48708850668050874,0.5217586985973368
2015-08-10,265.15,250.04422090195274,1.060412430423539,550.7817335647726,0.4814066695420247,0.5104896164711599
2015-08-11,271.99,250.2270447611683,1.086972834049987,552.117748897582,0.49263042266452156,0.5354758866628979
2015-08-12,266.94,250.36018217674004,1.0662238606758783,553.4564489291591,0.4823143727324561,0.5142550925542638
2015-08-13,264.67,250.40908863026232,1.0569504543455066,554.797837937954,0.47705665361586985,0.5042252467878406
2015-08-14,266.17,250.37059970985914,1.0631040557815092,556.1419202074371,0.47860085767445915,0.5088025128942264
2015-08-15,262.46,250.36493667071815,1.0483097333441278,557.488700026139,0.47078981150235694,0.493533541757168
2015-08-16,259.2,250.4818679649656,1.034805441630824,558.838181687634,0.46381941766620627,0.47996285733503025
2015-08-17,257.31,250.59532238421585,1.0267949040385085,560.1903694905351,0.459325997042774,0.47163359305592734
2015-08-18,221.99,250.55598789761368,0.8859896020154714,561.545267738528,0.39531986600831814,0.3502492907535193
2015-08-19,227.34,250.60596569550702,0.907161165812885,562.9028807403558,0.4038707346833826,0.3663758465130837
2015-08-20,235.56,250.64141306246185,0.9398287263138616,564.2632128098181,0.4174647481039921,0.392345362491512
2015-08-21,232.85,250.61489451945968,0.9291147696806972,565.626268265791,0.4116675852306464,0.3824864336365808
2015-08-22,231.15,250.62890502545045,0.9222798941587665,566.992051432213,0.4076776727577022,0.37599292088186587
2015-08-23,229.21,250.64043939885653,0.9144972796478656,568.3605666381002,0.40328272834935774,0.36880095800445684
2015-08-24,211.16,250.6076394655291,0.8425920313137337,569.7318182175553,0.37063051991835105,0.31229032264486867
2015-08-25,223.73,250.61061136042855,0.8927395323984553,571.1058105097557,0.39174877208884257,0.34972961561226235
2015-08-26,226.81,250.5985706356233,0.9050729995175731,572.4825478589706,0.39618674988128016,0.35857793008416877
2015-08-27,225.8,250.60865523038458,0.9010063909900559,573.8620346145549,0.3934743655792856,0.354522918077694
2015-08-28,231.55,250.6665283837802,0.9237372117169468,575.2442751309559,0.4025246491106531,0.3718269970168171
2015-08-29,230.61,250.72062013357885,0.9197887268990309,576.629273767736,0.39992766668465884,0.36784895939158235
2015-08-30,229.39,250.77410463971077,0.9147276204198456,578.0170348895373,0.39685681589615757,0.36301589085208896
2015-08-31,230.75,250.8157639867871,0.9199979950708196,579.4075628661226,0.3982516190478461,0.36639069105772626
2015-09-01,228.22,250.77112796032768,0.9100728694577022,580.8008620723592,0.3929401881148846,0.3576042045229623
2015-09-02,229.97,250.63348815204247,0.9175549592179505,582.1969368882409,0.3950037958446787,0.3624376917871998
2015-09-03,227.25,250.58859116266046,0.9068649093146022,583.5957916988481,0.389396228061335,0.35312977504829074
2015-09-04,231.39,250.57090238071117,0.92345119805025,584.9974308944218,0.3955401986060353,0.3652620702797771
2015-09-05,236.01,250.52499063514338,0.9420617057071062,586.4018588703005,0.40247143904808175,0.37915293036802955
2015-09-06,241.29,250.54487560813132,0.9630610061943292,587.8090800269657,0.4104904265666172,0.3953273232423858
2015-09-07,241.31,250.54700588042869,0.9631326431223171,589.2190987700252,0.40954205405718586,0.3944433209938403
2015-09-08,244.14,250.54086357994672,0.9744518180049131,590.6319195102265,0.41335388748114016,0.40279344713539533
2015-09-09,238.75,250.5034432045377,0.9530807119687336,592.047546663459,0.40326153084409966,0.3843407869264959
2015-09-10,238.52,250.51234948682531,0.9521287093774353,593.4659846507623,0.4019101450951097,0.3826701877351046
2015-09-11,240.9,250.51970244194368,0.9616010144185247,594.8872378983044,0.4049506942712086,0.3894009984006801
2015-09-12,236.5,250.5019801752467,0.9441043134052227,596.3113108374337,0.3966049204531601,0.3744364161175637
2015-09-13,230.82,250.4626162703347,0.9215746582750153,597.7382079046326,0.3861556730815953,0.3558712824611297
2015-09-14,231.01,250.42997914965468,0.9224534569878733,599.1679335415653,0.3855513405641466,0.3556531669497059
2015-09-15,230.6,250.306920759479,0.9212689737076208,600.6004921950354,0.38394906930098943,0.35372036503091875
2015-09-16,229.73,250.1734552937345,0.9182828758961203,602.0358883170293,0.38158854722465524,0.35040622855447895
2015-09-17,233.34,250.03701330681295,0.9332218334958091,603.4741263647135,0.38666115050470196,0.36084062781559695
2015-09-18,233.78,249.82637915267176,0.9357698766355428,604.9152108004131,0.38646738555419435,0.3616445377037092
2015-09-19,232.88,249.58182246303033,0.9330807736789232,606.3591460916443,0.38406281409467324,0.35836162771676217
2015-09-20,232.24,249.37842772844567,0.9312754199127916,607.8059367110976,0.3820956426596872,0.35583628006474816
2015-09-21,227.31,249.13266522094358,0.9124054438963669,609.2555871366607,0.3730946499289347,0.3404135896837693
2015-09-22,231.28,248.9251185359062,0.929114752903649,610.708101851406,0.3787079282211221,0.35186312315182067
2015-09-23,230.26,248.69570140814506,0.9258704460762293,612.163485343609,0.3761413503302218,0.34825815981795766
2015-09-24,235.27,248.49949099518864,0.9467625026425315,613.6217421067463,0.3834120987829538,0.3630001981871748
2015-09-25,235.89,248.24221571433782,0.9502412767353317,615.0828766394781,0.3835092943715022,0.36442636152344243
2015-09-26,234.69,247.9649476784744,0.946464418448016,616.5468934456912,0.3806523112757728,0.36027386842251746
2015-09-27,233.58,247.66735293535254,0.9431198631212824,618.0137970344829,0.37795272714108535,0.3564547242876158
2015-09-28,239.99,247.40752392158225,0.9700190042565832,619.4835919201522,0.3874033196845887,0.3757885824061395
2015-09-29,236.89,247.18325380160454,0.958357802790855,620.9562826222343,0.3814922348472552,0.36560605996998835
2015-09-30,237.14,246.96070684065046,0.9602337271937467,622.4318736654626,0.3809894866140085,0.36583895475300143
2015-10-01,238.34,246.7271156823404,0.9660065102323866,623.9103695798275,0.3820099995461048,0.3690241465354083
2015-10-02,238.28,246.47487535011183,0.9667516807201091,625.3917749005336,0.38100916827359554,0.3683412537982694
2015-10-03,239.92,246.25527742590467,0.9742735364207133,626.8760941680076,0.38272316049700816,0.3728770470475324
2015-10-04,239.87,246.16319691540357,0.9744348586861817,628.3633319279476,0.3817377428183622,0.37197856347839275
2015-10-05,240.95,246.05521073873746,0.9792517674248394,629.8534927312587,0.38254927976212205,0.3746120583341574
2015-10-06,246.64,245.97476105701244,1.0027045008200388,631.3465811341239,0.3906570612245123,0.39171359356694796
2015-10-07,244.0,245.88770813174176,0.992322885328085,632.842601697944,0.3855619064603702,0.38260190349135176
2015-10-08,242.94,245.76041017961484,0.9885237407540396,634.3415589894086,0.38297979465043425,0.3785846192410612
2015-10-09,244.35,245.64906897329467,0.9947116877799529,635.843457580431,0.38429270142972405,0.38226044164067835
2015-10-10,246.07,245.6486697227622,1.0017151742678407,637.3483020482145,0.3860840284805296,0.38674622987140367
2015-10-11,249.02,245.65927070601475,1.013680449690853,638.8560969752174,0.3897904413513957,0.3951229498742788
2015-10-12,246.39,245.64199513340222,1.0030451017391857,640.3668469491628,0.3847638290049708,0.38593547400984957
2015-10-13,250.99,245.65765626068952,1.0217064015853503,641.8805565630454,0.39102290517090593,0.39951060537961597
2015-10-14,253.27,245.65644443197183,1.0309926962658476,643.3972304151565,0.3936448402747643,0.40584495524601816
2015-10-15,254.99,245.71212558468625,1.0377591231740662,644.9168731090493,0.3953842900259854,0.41031365413416726
2015-10-16,263.43,245.782432291043,1.0718015829872645,646.4394892535794,0.4075091394929682,0.4367689407903413
2015-10-17,272.87,245.91236084741,1.1096229529076718,647.9650834628706,0.4211183703629856,0.4672826096458427
2015-10-18,265.0,245.994540548557,1.077259679865503,649.4936603563543,0.4080101410914524,0.4395328739740567
2015-10-19,265.17,246.04559291936752,1.0777270864871773,651.0252245587632,0.40731140668124005,0.43897053561556665
2015-10-20,271.14,246.12187813286235,1.101649321291268,652.5597807001166,0.41550216243652044,0.4577376752432469
2015-10-21,268.77,246.1897007095526,1.0917191061420028,654.0973334157516,0.4109021490677241,0.44858972689204374
2015-10-22,275.84,246.25556702828013,1.1201371133604558,655.637887346309,0.420720042760892,0.4712641342310731
2015-10-23,278.76,246.35637875573335,1.1315314886828864,657.1814471377419,0.4241750907821555,0.4799674719349309
2015-10-24,284.29,246.49388169460832,1.1533349146256657,658.7280174413297,0.43157417397282727,0.497749563093593
2015-10-25,284.97,246.672281374185,1.155257487434188,660.2776029136538,0.4315911954948838,0.4985989601061369
2015-10-26,287.1,246.86924658746955,1.1629638116883712,661.8302082166329,0.4337970622006201,0.5044902849560505
2015-10-27,295.61,247.1433118553017,1.1961076258987529,663.3858380175262,0.44560794496820444,0.5329950611375411
2015-10-28,304.09,247.44678149087227,1.2289107102862729,664.944496988893,0.45731636456430347,0.5620009784022543
2015-10-29,316.08,247.8004092434541,1.275542687621084,666.5061898086661,0.47423415541082525,0.6049059091544389
2015-10-30,329.11,248.26801864098408,1.3256238230020279,668.070921160095,0.4926273387689221,0.6530385361341736
2015-10-31,314.85,248.70747832189502,1.2659450456592165,669.6386957317762,0.4701789218676114,0.5952206767116945
2015-11-01,329.46,249.18576390575745,1.3221461564899124,671.209518217667,0.49084524438039806,0.648969153288895
2015-11-02,365.21,249.76552931781873,1.4622113828016747,672.783393317072,0.5428344451241269,0.7937387046373294
2015-11-03,404.1,250.50557255177424,1.6131377672905103,674.3603257346354,0.5992345406141459,0.966647868929658
2015-11-04,410.0,251.26377283477896,1.631751347893672,675.9403201803818,0.6065624253493077,0.9897590551453876
2015-11-05,387.21,251.95215570536493,1.536839400782134,677.5233813697039,0.5715079518247818,0.8783159382246223
2015-11-06,374.09,252.59135259625938,1.4810087366606859,679.1095140233417,0.5508537169266371,0.8158191673903619
2015-11-07,384.81,253.21018037176924,1.5197256264934245,680.6987228674313,0.5653161774404316,0.8591254819275278
2015-11-08,373.83,253.8041036126896,1.4729076270983879,682.291012633457,0.5479040366618905,0.8070120345172932
2015-11-09,379.53,254.40778817823727,1.491817537182087,683.8863880583102,0.554960599636383,0.8278999549826431
2015-11-10,337.14,254.8863656488345,1.322707078276949,685.4848538842479,0.49182705947421274,0.6505431328546791
2015-11-11,313.2,255.29664415896482,1.2268081354213989,687.0864148589344,0.4558378585673289,0.5592255933234681
2015-11-12,336.49,255.83228760383201,1.315275734551028,688.6910757354002,0.4885935245214093,0.6426352068617723
2015-11-13,338.07,256.3390183964782,1.3188394108504735,690.2988412720948,0.4897444118216955,0.6458942315542365
2015-11-14,334.71,256.8449196754232,1.3031599006239851,691.9097162328504,0.48374808468126645,0.6304011059602823
2015-11-15,322.93,257.30594843177136,1.2550428855927902,693.523705386925,0.4656365708794821,0.584393865554117
2015-11-16,332.89,257.7444544786339,1.2915505812661254,695.1408135089592,0.478881391411367,0.618499539434882
2015-11-17,336.49,258.21775847925846,1.3031249360296373,696.7610453790197,0.48293457596636774,0.629324088412673
2015-11-18,335.49,258.6726407981636,1.2969674680894268,698.3844057825904,0.4803801419707519,0.6230374164522454
2015-11-19,326.41,259.0664727072204,1.2599469031598187,700.0108995105757,0.4662927394819353,0.5875040930761725
2015-11-20,322.39,259.4503893648926,1.2425882296387258,701.6405313592861,0.4594802973759723,0.5709448092702847
2015-11-21,327.0,259.86962749638656,1.2583232721359363,703.2733061304873,0.4649685935034302,0.5850808020176804
2015-11-22,323.71,260.3140837227456,1.2435362519408513,704.9092286313512,0.4592222471374278,0.5710595120131323
2015-11-23,323.0,260.71191782573186,1.2389153618052224,706.5483036745052,0.4571520422881103,0.5663726878713705
2015-11-24,321.0,261.0668084785496,1.2295703229021346,708.1905360780062,0.4532678476299806,0.5573246937715508
2015-11-25,328.98,261.4652328755366,1.2582169965082965,709.8359306653609,0.46345921048492483,0.5831322558204486
2015-11-26,352.57,261.9599871982732,1.345892568444606,711.4844922655119,0.49554136995642045,0.6669454471812054
2015-11-27,358.19,262.469441943648,1.3646921993947894,713.1362257128687,0.5022743019988143,0.6854498218942445
2015-11-28,357.24,262.9808969343451,1.3584256657592408,714.7911358472828,0.49978235890760314,0.6789171836337846
2015-11-29,372.24,263.5790055243141,1.4122520845677233,716.4492275140791,0.5195622881632391,0.7337529245213106
2015-11-30,376.86,264.18841113488565,1.4264819504425124,718.1105055640415,0.5247938821114927,0.7486090005347
2015-12-01,362.68,264.74644621773876,1.3699145170081586,719.7749748534044,0.5038797022275838,0.6902721189073152
2015-12-02,360.0,265.3019152040356,1.3569445954550874,721.4426402439024,0.4990001698240247,0.677115583573881
2015-12-03,361.77,265.8628812026794,1.3607390334576501,723.1135066027263,0.5002949007267735,0.6807707996587408
2015-12-04,363.98,266.4505641635914,1.3660320110132282,724.7875788025559,0.5021885179121622,0.6860055910313035
2015-12-05,387.99,267.1331538562301,1.4524217394925625,726.464861721545,0.5340795136058722,0.7757086961787827
2015-12-06,387.55,267.8047931357917,1.4471361601190271,728.145360243342,0.5322426278600237,0.7702275527330151
2015-12-07,394.73,268.49574256525665,1.4701536651146814,729.8290792570932,0.5408526615598862,0.795136522679297
2015-12-08,418.94,269.24214316760026,1.555997122408933,731.516023657428,0.572701057053251,0.8911211967754128
2015-12-09,418.39,269.9949787923947,1.5496214110030158,733.2061983444796,0.5706307460911962,0.8842616219195432
2015-12-10,415.68,270.7328906877396,1.5353878834006942,734.8996082238882,0.5656282781325997,0.8684588047535915
2015-12-11,452.95,271.60864799450616,1.6676567677225131,736.5962582067976,0.6149230259500387,1.0254805458539886
2015-12-12,436.87,272.441672706341,1.6035358895732985,738.296153209865,0.591727314439653,0.9488559855448079
2015-12-13,433.83,273.2644836060252,1.5875828218696273,739.9992981552632,0.5862573127859586,0.9307320389744369
2015-12-14,444.01,274.1216257445365,1.6197554599861754,741.7056979706902,0.598633664558346,0.9696401466999135
2015-12-15,464.27,275.04542047246525,1.6879757503414894,743.4153575893537,0.6245095628713828,1.054156997983258
2015-12-16,453.97,275.9609648552222,1.6450515029840072,745.1282819499988,0.6092507974760556,1.0022489400821901
2015-12-17,455.5,276.9041570639497,1.6449734985192166,746.8444759969045,0.6098994029406035,1.0032683545999859
2015-12-18,463.17,277.91450058927114,1.6665917000297776,748.563944679887,0.6187447355590554,1.0311948407198412
2015-12-19,461.29,278.9086458019835,1.653910722894914,750.2866929542843,0.6148183145614005,1.0168546030852783
2015-12-20,442.22,279.8472041030542,1.5802194680392512,752.0127257809959,0.588048559338855,0.9292457816196935
2015-12-21,436.81,280.77968112451697,1.5557037398524878,753.7420481264737,0.5795218683709492,0.9015643379509868
2015-12-22,433.92,281.70340848079894,1.5403434496589565,755.4746649627003,0.5743673747436967,0.8847230233842645
2015-12-23,442.43,282.6544221939941,1.56526827553523,757.2105812672291,0.5842892465390165,0.9145694213439052
2015-12-24,455.74,283.6607172827098,1.6066376915552525,758.9498020231688,0.6004876722875638,0.9647661276114785
2015-12-25,455.84,284.63816664615865,1.6014718102322059,760.6923322191984,0.5992435846831262,0.9596717083325222
2015-12-26,419.41,285.49956034408046,1.469039039830858,762.4381768495524,0.5500905027251276,0.8081044239433954
2015-12-27,424.72,286.3843897225621,1.4830417272793814,764.187340914048,0.5557799472207828,0.8242448529135532
2015-12-28,421.94,287.25651331367527,1.4688613850132426,765.93982941807,0.5508787815885915,0.8091645700986261
2015-12-29,433.89,288.17291086121554,1.5056585253044898,767.695647372598,0.5651849160340663,0.8509754872001941
2015-12-30,427.95,289.0473307133179,1.480553371463057,769.4547997941731,0.5561730203183805,0.8234438403491695
2015-12-31,430.35,289.93170397135447,1.48431507870736,771.2172917049371,0.5580139405959393,0.8282685061554658
2016-01-01,435.66,290.81566492257053,1.49806235546491,772.983128132637,0.5636086793413745,0.8443209457346066
2016-01-02,435.4,291.61241623823463,1.4930777146481211,774.7523141105827,0.5619860593767185,0.8390888611982942
2016-01-03,431.91,292.4092502552888,1.4770736548960735,776.5248546777203,0.5562088546145182,0.8215614457710251
2016-01-04,433.85,293.2205845389295,1.4796028071569438,778.3007548785718,0.5574323258464372,0.8247784341224127
2016-01-05,433.34,294.0498840893908,1.4736955307496913,780.0800197632816,0.5555071134003646,0.8186483503177793
2016-01-06,430.87,294.87429873958445,1.461198896756068,781.8626543875956,0.5510814432459172,0.805239596893676
2016-01-07,459.07,295.80363107021554,1.5519417335719912,783.6486638129013,0.5858109905609492,0.9091445242366849
2016-01-08,454.44,296.70373098927337,1.531628869258908,785.4380531061803,0.5785815930394781,0.8861722711210734
2016-01-09,450.38,297.6112411722145,1.5133164937791614,787.2308273400432,0.5721066609164417,0.8657784461657732
2016-01-10,449.99,298.5478357978554,1.5072626428438927,789.0269915927325,0.5703100208164599,0.8596069892161727
2016-01-11,449.19,299.4698163793226,1.4999508312084273,790.8265509481325,0.568000656353103,0.8519730566237692
2016-01-12,434.01,300.33954854394227,1.4450644349174033,792.6295104957462,0.5475572057978898,0.7912554441812799
2016-01-13,432.77,301.1551833674924,1.437033210455824,794.435875330724,0.5447513303950903,0.782825753217738
2016-01-14,430.03,301.9784004996708,1.4240422470231238,796.2456505538738,0.540072023879651,0.7690853784399044
2016-01-15,357.53,302.4741182865184,1.182018488144926,798.0588412716313,0.44799954779062373,0.5295437481690836
2016-01-16,388.7,303.0607917896054,1.282580955803244,799.875452596102,0.4859506548656075,0.6232710553907432
2016-01-17,378.46,303.6359478742946,1.246426856403322,801.6954896450252,0.4720745032101584,0.5884063390243978
2016-01-18,384.89,304.26251230714144,1.2649931701460093,803.5189575418359,0.47900549997908465,0.6059386859359165
2016-01-19,375.27,304.8392770961139,1.2310421530152091,805.3458614155959,0.46597371139446786,0.5736332809235334
2016-01-20,418.54,305.56204123960356,1.369738198835391,807.1762064010686,0.5185237085544571,0.7102417306088292
2016-01-21,409.38,306.1887768173053,1.3370183069912656,809.0099976386704,0.506025884964208,0.6765658720086023
2016-01-22,382.9,306.7244232027257,1.2483518462660113,810.8472402744987,0.4722221165485814,0.5894993510410652
2016-01-23,387.5,307.30090543673504,1.2609790376285623,812.6879394603365,0.476812785307628,0.6012509271462071
2016-01-24,403.05,307.9115843944716,1.3089796565875373,814.5321003536476,0.4948239606824663,0.6477144981254198
2016-01-25,391.4,308.4851945201135,1.268780502120598,816.3797281175871,0.47943375676719985,0.6082962026446525
2016-01-26,391.54,308.96642997162513,1.267257417046759,818.2308279209973,0.4785202251482566,0.6064083045260132
2016-01-27,394.79,309.42093254815785,1.2758994575732379,820.0854049384243,0.4814010804516667,0.6142193774234521
2016-01-28,379.61,309.7237384333138,1.2256406367822958,821.9434643501212,0.461844416878651,0.5660552851974979
2016-01-29,378.68,310.120819964359,1.2210724840838492,823.805011342031,0.45967188204294374,0.5612926868696754
2016-01-30,378.46,310.5473007385993,1.218687134294449,825.6700511058227,0.45836711588742646,0.5586061069156594
2016-01-31,367.95,310.94039903666237,1.1833457509540783,827.5385888388619,0.4446318334426905,0.5261531908433293
2016-02-01,371.33,311.3830549788037,1.1925183277082207,829.4106297442462,0.44770344951390584,0.5338945689235248
2016-02-02,372.93,311.82636221755666,1.1959540474638004,831.2861790307958,0.4486180684909288,0.5365265947771187
2016-02-03,368.87,312.2692623293343,1.1812561929677594,833.1652419130356,0.44273330360377905,0.5229814567150393
2016-02-04,387.99,312.80368823168214,1.2403626127088059,835.0478236112466,0.4646320713969399,0.5763122500262128
2016-02-05,384.5,313.3001167338411,1.2272577616900333,836.9339293514269,0.45941499862236945,0.5638206228961189
2016-02-06,375.44,313.7750109799526,1.1965261313431592,838.823564365323,0.4475792239862363,0.5355402373458247
2016-02-07,377.49,314.2559549999362,1.2012182871763772,840.7167338904056,0.4490097375047717,0.5393587078109966
2016-02-08,371.14,314.71377395239057,1.1792937923846494,842.6134431699201,0.4404629465722356,0.519435218668089
2016-02-09,372.68,315.1135226318696,1.182684884124704,844.5136974528415,0.44129538825012465,0.521913385117365
2016-02-10,378.44,315.53481400215134,1.1993605244377876,846.4175019939058,0.44710795689894034,0.5362436336666209
2016-02-11,378.23,315.9331074919637,1.1971838057827509,848.3248620535987,0.44585513983922676,0.533770553140526
2016-02-12,382.05,316.3460769343305,1.2076963422540208,850.2357828981725,0.4493459434249144,0.5426734522809513
2016-02-13,391.0,316.7879398984647,1.234264158305147,852.150269799663,0.45883926093448574,0.5663288541946587
2016-02-14,406.59,317.32260502025844,1.2813143267056015,854.0683280358583,0.4760626130874733,0.6099858465578851
2016-02-15,398.95,317.83736343227764,1.2552017034492082,855.9899628903224,0.4660685490433925,0.5850100366833672
2016-02-16,407.42,318.4047146099449,1.2795664803490785,857.9151796524054,0.4748954321627356,0.6076602766663262
2016-02-17,415.2,319.0238508812521,1.301470090255248,859.8439836172322,0.4828782987505676,0.6284516630572018
2016-02-18,421.19,319.66090805877064,1.3176149769385093,861.7763800857202,0.4887462800478525,0.6439794185140333
2016-02-19,420.72,320.3069406821244,1.3134901139014858,863.712374364575,0.48710660225230623,0.6398097064745475
2016-02-20,437.46,320.9910582389037,1.3628417015729206,865.6519717663076,0.505353206909921,0.688716424400449
2016-02-21,438.56,321.6961867434338,1.363273853008926,867.5951776092165,0.5054892089286563,0.6891202215106033
2016-02-22,437.55,322.4170331338797,1.3570933140443382,869.5419972174047,0.5031959369417356,0.6828838416779057
2016-02-23,419.97,323.0715712410109,1.2999286764439668,871.4924359207828,0.481897470006469,0.6264323403672054
2016-02-24,423.94,323.84977049817394,1.3090637654238833,873.4464990550795,0.48536458782378883,0.6353731949400201
2016-02-25,423.54,324.5939282632823,1.3048303222001778,875.404191961837,0.48382222051144136,0.6313059038775495
2016-02-26,430.85,325.3827790910109,1.324132768192657,877.3655199884149,0.4910724095992388,0.6502450691056784
2016-02-27,433.12,326.1405810838192,1.3280162761735153,879.3304884879924,0.4925565594168687,0.6541231278416288
2016-02-28,433.73,326.9330828212434,1.3266629251991295,881.2991028195936,0.49214846425276204,0.6529151212178286
2016-02-29,436.44,327.7517119510894,1.3316177584608015,883.2713683480471,0.49411768074884976,0.6579758784546332
2016-03-01,433.08,328.55041034633956,1.3181538855589046,885.2472904440468,0.48921923249577387,0.6448662322044494
2016-03-02,420.39,329.325196936651,1.276519391502455,887.2268744841117,0.47382469139524275,0.6048464067386938
2016-03-03,418.8,330.11618580391234,1.26864424711597,889.2101258506109,0.47097979186795635,0.5975058034611598
2016-03-04,407.35,330.8753196443912,1.2311283913161009,891.1970499317445,0.45708185415469943,0.5627264478052557
2016-03-05,396.08,331.83456481713796,1.1936068209719664,893.1876521216052,0.44344544963108684,0.5292995134086458
2016-03-06,403.24,332.78677584020744,1.2117068022968007,895.1819378200867,0.4504559162374912,0.545820497839806
2016-03-07,412.21,333.71916250313933,1.235200271114555,897.1799124329959,0.4594507682212346,0.5675137134706596
2016-03-08,411.18,334.6693372820744,1.2286156937450141,899.1815813719761,0.45728249834990986,0.5618244539476278
2016-03-09,412.8,335.6411130831123,1.229885088296026,901.1869500545464,0.4580625584680452,0.5633643101665753
2016-03-10,415.98,336.64281298535485,1.2356717088687605,903.1960239041049,0.46056447215290874,0.5691064883494235
2016-03-11,419.39,337.79979307655174,1.2415342122632929,905.2088083499245,0.46330746688655433,0.5752120709366999
2016-03-12,410.58,338.82679443616735,1.2117695729561035,907.2253088271485,0.4525667394914209,0.5484066046476552
2016-03-13,412.52,339.8416949442624,1.213859294303654,909.2455307768084,0.45369483383389964,0.550721690826831
2016-03-14,415.02,340.87753960088,1.2175046806719223,911.269479645857,0.4554305935509741,0.5544888793695028
2016-03-15,415.41,341.87516032564605,1.215092666002145,913.2971608870897,0.4548464812882046,0.5526806235701793
2016-03-16,416.07,342.88539633153465,1.2134375055089934,915.3285799592442,0.4545580779511177,0.5515778202179669
2016-03-17,418.41,343.91738232164147,1.2166003276004553,917.3637423269363,0.456100432897733,0.5548919360820914
2016-03-18,409.65,344.9057882404232,1.187715642842287,919.402653460686,0.44556103733011115,0.5291998138780092
2016-03-19,410.2,345.9184231522556,1.18582871725063,921.4453188369429,0.44517020339064545,0.5278956112449312
2016-03-20,411.27,346.9252994322767,1.1854713411590903,923.4917439380664,0.44534236792005544,0.5279406141731531
2016-03-21,412.0,347.95889133251654,1.1840479156093313,925.5419342523219,0.44514460636818676,0.5270725433149878
2016-03-22,416.66,348.9836853132669,1.1939240071523205,927.5958952738983,0.4491826690080055,0.5362899721254124
2016-03-23,417.53,349.9805513126244,1.1930091498914068,929.6536325029193,0.44912426026441504,0.5358093519336568
2016-03-24,412.95,350.92208550778423,1.1767569413662333,931.7151514454538,0.44321485956233875,0.5215561625066424
2016-03-25,416.41,351.8806867013521,1.1833840723216935,933.7804576134733,0.44593993867064596,0.5277182206349553
2016-03-26,416.97,352.8237082505958,1.1818083372782981,935.8495565249167,0.4455523829581452,0.5265575208741491
2016-03-27,425.3,353.843742828214,1.2019429723432387,937.9224537036616,0.4534490013759436,0.545019840519875
2016-03-28,423.0,354.8588150621987,1.1920233682960861,939.9991546795058,0.45000040467506863,0.5364109981153772
2016-03-29,416.39,355.831110073216,1.1701899811804632,942.0796649882535,0.44199022171356583,0.5172125292289463
2016-03-30,412.79,356.82346450225896,1.1568465671836072,944.1639901716046,0.4372015924108419,0.5057751613476891
2016-03-31,416.03,357.8760717656607,1.1624973917574988,946.2521357772565,0.4396608306286894,0.5111045688637869
2016-04-01,417.68,358.93741117775085,1.1636569134142414,948.3441073588618,0.44043084863282245,0.5125104018924851
2016-04-02,419.95,360.0148520916689,1.166479653714592,950.4399104760545,0.4418480278144636,0.5154067344794909
2016-04-03,420.16,361.10325444646685,1.163545315159402,952.5395506944063,0.4410945453064927,0.5132334917337362
2016-04-04,419.47,362.1637355790432,1.1582330277473338,954.643033585508,0.4393998439652656,0.5089274116675956
2016-04-05,422.36,363.23637946577213,1.1627689952784566,956.7503647269016,0.44145266683076734,0.5133074738738066
2016-04-06,421.46,364.3153407393691,1.1568549354651307,958.8615497021235,0.439542080012416,0.5084864246069729
2016-04-07,421.99,365.40483093160907,1.1548561055531903,960.9765941007072,0.43912619994132435,0.5071275731106094
2016-04-08,419.48,366.5259671120585,1.1444755287195023,963.0955035181704,0.4355538972694267,0.49848077686326697
2016-04-09,419.46,367.6186287113041,1.1410194349247944,965.2182835560187,0.4345752739521698,0.49585883351719257
2016-04-10,423.4,368.7399330382597,1.1482347369089227,967.3449398217876,0.4376928875836186,0.5025741776214829
2016-04-11,423.94,369.82721044797,1.146319113421869,969.475477928991,0.43728800743431634,0.5012716009921212
2016-04-12,427.8,370.9296228463589,1.1533185101724732,971.6099034971792,0.4403001641504388,0.5078063293466795
2016-04-13,425.58,372.035130272741,1.1439242301876302,973.7482221518866,0.4370534295400412,0.49995600793745537
2016-04-14,426.32,373.1560191407651,1.1424711866678476,975.8904395246905,0.43685231736427305,0.4990911854177602
2016-04-15,430.93,374.2497503034367,1.1514503340365831,978.0365612531748,0.44060725035456966,0.5073373655997097
2016-04-16,433.39,375.38177197233006,1.1545312861700323,980.1865929809645,0.4421505079782463,0.5104765946568578
2016-04-17,431.0,376.5048216719171,1.1447396558856542,982.340540357697,0.4387480535447118,0.502252295835274
2016-04-18,430.97,377.6215694053213,1.1412748500534329,984.4984090390817,0.4377559131056877,0.4995998140896973
2016-04-19,437.06,378.76867978399764,1.1538968856908771,986.6602046868063,0.44296911735558964,0.5111406849738516
2016-04-20,442.96,379.93171714850826,1.1658937119662878,988.825932968669,0.44796559761548566,0.522280273437115
2016-04-21,452.25,381.13827467118034,1.186577234706144,990.9955995584768,0.45635924135434425,0.5415054866388316
2016-04-22,448.41,382.32377482007985,1.172854082148096,993.1692101360806,0.45149406105588036,0.5295366525750109
2016-04-23,455.69,383.4990879313937,1.1882427216659273,995.3467703874194,0.45782034317811826,0.5440016906119961
2016-04-24,464.46,384.73538204229067,1.207219355637392,997.5282860044663,0.46561085687140147,0.5620944386100672
2016-04-25,466.17,385.9911562684908,1.2077219709037526,999.7137626852805,0.4663034734540859,0.5631649499992343
2016-04-26,470.59,387.25809620353795,1.2151844070231235,1001.9032061339698,0.469696071555514,0.5707673421942778
2016-04-27,445.31,388.408320658351,1.1464996404948298,1004.0966220607178,0.4434931760711292,0.5084647669274599
2016-04-28,451.68,389.5664144522826,1.159442865820574,1006.2940161817961,0.4488548999961458,0.5204216115891385
2016-04-29,458.82,390.7793484572846,1.174115269425894,1008.4953942195503,0.4549549781088187,0.5341695866988874
2016-04-30,454.02,391.9391958996464,1.1583939670995524,1010.7007619024199,0.44921307781089237,0.5203657192783595
2016-05-01,456.98,393.09748432335357,1.1625106194373354,1012.910124964925,0.45115552578351836,0.5244730897411747
2016-05-02,446.42,394.1997703885826,1.1324714866270504,1015.123489147661,0.4397691559426257,0.49802602980306854
2016-05-03,452.21,395.2662574145751,1.1440642643212002,1017.3408601973763,0.4445019537623465,0.5085388007204551
2016-05-04,448.68,396.25033850395573,1.1323144901124693,1019.5622438668514,0.4400712194856392,0.49829901850505415
2016-05-05,449.98,397.3007481944593,1.1325928834640826,1021.7876459150345,0.44038504653971666,0.4987769696948819
2016-05-06,462.31,398.4065110908772,1.1603977021714544,1024.017072106937,0.45146708252508655,0.5238813651681609
2016-05-07,461.91,399.4691507390561,1.1563095651952657,1026.2505282137272,0.4500947744251027,0.5204488929121517
2016-05-08,462.79,400.55601904905694,1.1553689820931667,1028.4880200126522,0.44997121113215,0.5198827801769815
2016-05-09,464.16,401.5996396829406,1.1557779293986674,1030.7295532871137,0.45032181188532044,0.5204720113038719
2016-05-10,452.78,402.5748116222718,1.1247102077137274,1032.9751338266315,0.4383261369735856,0.49298988056191717
2016-05-11,454.37,403.5197898453288,1.126016645117114,1035.2247674268365,0.438909514432683,0.49421941895147126
2016-05-12,456.48,404.4715243454384,1.1285837754307366,1037.4784598895255,0.43998985776399413,0.4965654148265213
2016-05-13,457.98,405.41705856682574,1.1296515287713533,1039.736217022622,0.4404771061178064,0.4975856363147616
2016-05-14,458.9,406.30953394751674,1.1294344869083883,1041.9980446401962,0.4404038974549698,0.49740734995450825
2016-05-15,461.47,407.1577631121228,1.133393592873534,1044.2639485624595,0.4419093473783736,0.5008572229495735
2016-05-16,455.66,407.9030373255149,1.1170792033999348,1046.533934615776,0.4353991637808581,0.4863753510373187
2016-05-17,454.19,408.56054259389543,1.111683465849172,1048.8080086326747,0.4330535200547572,0.4814184380726565
2016-05-18,455.56,409.3159148702666,1.1129789569613742,1051.0861764518531,0.43341831545899673,0.48238546466751003
2016-05-19,438.38,409.9008994006638,1.0694780144200144,1053.3684439181616,0.4161696721893243,0.44508431467486687
2016-05-20,445.65,410.3090796517046,1.08613243552469,1055.6548168826,0.42215503862903414,0.45851628027517244
2016-05-21,446.28,410.51281623124225,1.0871280563104515,1057.945301202388,0.4218365538301354,0.45859035284605426
2016-05-22,442.48,410.66932965803153,1.0774605456133224,1060.2399027408917,0.4173395085924588,0.4496668546340265
2016-05-23,445.67,410.95815550627145,1.0844656421308052,1062.5386273676609,0.41943886887585946,0.4548670422700775
2016-05-24,446.99,411.32415295281555,1.0867098291971098,1064.8414809584413,0.41977140071372293,0.4561697071714414
2016-05-25,451.49,411.6529395223394,1.096773414332679,1067.1484693951597,0.4230807736208405,0.4640237446226405
2016-05-26,454.97,412.0574437542707,1.1041421697294227,1069.4595985659544,0.4254204652612145,0.4697246755608179
2016-05-27,471.27,412.50373236195907,1.1424623901014195,1071.774874365133,0.4397098786992532,0.5023519989699541
2016-05-28,523.25,413.41133230555727,1.2656885748193754,1074.0943026932387,0.4871546182564942,0.616586034497739
2016-05-29,525.22,414.4813317694577,1.2671740793675534,1076.417889457017,0.4879331764589489,0.6182962736722546
2016-05-30,532.55,415.433883882936,1.281912767977457,1078.745640569394,0.49367522794243157,0.6328485779335844
2016-05-31,531.34,416.374136691624,1.2761119223731283,1081.0775619495478,0.4914910999001909,0.6271976523229159
2016-06-01,534.84,417.35106031276024,1.2815110607343236,1083.4136595228524,0.49366185786835065,0.632633131120947
2016-06-02,537.87,418.41704290706366,1.2854877905139934,1085.7539392209142,0.49538848589022866,0.6368158501731026
2016-06-03,571.25,419.5483265510415,1.3615833119775362,1088.098406981594,0.5249984710341213,0.7148291569737816
2016-06-04,576.31,420.67859340721924,1.3699532351581498,1090.44706874894,0.5285080005407279,0.7240312451477353
2016-06-05,575.17,421.81400630503515,1.3635630666660825,1092.7999304732593,0.5263269002505434,0.7176799221744843
2016-06-06,586.77,423.0527462203542,1.3869901690565338,1095.1569981111154,0.5357861941365835,0.7431301839836567
2016-06-07,579.71,424.2957334936476,1.3662876014016747,1097.5182776252848,0.5282007706097857,0.7216741639349602
2016-06-08,583.21,425.5249709985601,1.3705658651040094,1099.8837749848233,0.5302469345072823,0.7267383485117224
2016-06-09,577.46,426.75820497851123,1.3531315702039688,1102.2534961650247,0.5238903773125753,0.7088926088677147
2016-06-10,580.31,428.01024780053683,1.3558320226725937,1104.6274471474505,0.525344541726327,0.7122789526088128
2016-06-11,609.5,429.3846459776611,1.4194732059229465,1107.0056339199061,0.5505843704171233,0.781539761407061
2016-06-12,677.86,430.9395594497113,1.5729816052756773,1109.3880624764806,0.6110215378438605,0.9611256394556487
2016-06-13,706.01,432.43833927714985,1.6326258240195441,1111.7747388175492,0.6350297190156446,1.0367659182848163
2016-06-14,684.95,433.8423240372703,1.5787993979608999,1114.165668949714,0.6147649484171228,0.9705905304484171
2016-06-15,698.78,435.30015301772636,1.6052831480891856,1116.5608588859059,0.6258324339769855,1.0046382597908927
2016-06-16,769.76,436.884343521357,1.7619308437459957,1118.960314645316,0.6879243078821752,1.2120750562202212
2016-06-17,752.26,438.39684594904196,1.715933878063166,1121.3640422534259,0.6708436971889196,1.151123426891615
2016-06-18,758.99,440.0185475933533,1.7249045617536714,1123.7720477420098,0.6753949802587057,1.1649918824337722
2016-06-19,768.76,441.69087237318655,1.7404932908608337,1126.1843371491493,0.6826235942386287,1.1881017859556413
2016-06-20,703.12,443.160872843743,1.5866021643294257,1128.6009165191972,0.6230014433875751,0.9884554384590829
2016-06-21,667.66,444.5071982874511,1.5020229201513218,1131.021791902847,0.5903157700230686,0.8866678167014256
2016-06-22,604.5,445.49381318588655,1.3569212009410478,1133.446969357089,0.5333288776120536,0.7236852611058889
2016-06-23,631.1,446.58129559502316,1.4131805479204516,1135.876454945205,0.5556061992943101,0.7851718731467328
2016-06-24,669.98,447.76416935139986,1.496278724066927,1138.310254736826,0.5885741582420317,0.8806709905131529
2016-06-25,673.71,448.829034756304,1.5010392551047802,1140.74837480789,0.5905859827444045,0.8864927436139856
2016-06-26,638.56,449.7788666148174,1.4197198832528772,1143.1908212406734,0.5585769130887427,0.7930227498381023
2016-06-27,657.87,450.8125010130994,1.459298485560151,1145.6376001237554,0.5742391834284548,0.8379863707264419
2016-06-28,648.43,451.62192200791156,1.435780612945181,1148.088717552088,0.5647908476816654,0.8109157494702098
2016-06-29,639.42,452.4829139997543,1.4131362317038718,1150.5441796269233,0.5557544084985411,0.7853566905784426
2016-06-30,673.49,453.47906498837443,1.4851622753903002,1153.0039924558935,0.584117665165642,0.8675095206930744
2016-07-01,678.19,454.4405069675666,1.4923625636400464,1155.468162152946,0.5869395819062213,0.8759266591553854
2016-07-02,704.95,455.39050803858555,1.5480120633965193,1157.936694838414,0.6087983938520692,0.9424272578594285
2016-07-03,663.55,456.25559860842674,1.4543383183106537,1160.4095966389536,0.571823950716994,0.8316254828555072
2016-07-04,681.98,457.1772625917833,1.4917189803661444,1162.8868736875934,0.5864542935611571,0.8748250008223968
2016-07-05,669.87,458.0215092099408,1.462529568001042,1165.3685321237392,0.5748138734956617,0.8406822860846157
2016-07-06,678.79,458.9069980010381,1.4791450183953492,1167.8545780931565,0.5812281877665891,0.859720778485907
2016-07-07,641.97,459.7630468332245,1.3963062156077752,1170.345017747985,0.5485305531827692,0.765916620859872
2016-07-08,667.33,460.73828623759414,1.4483927642511358,1172.8398572467306,0.5689864612604256,0.8241158734464596
2016-07-09,657.61,461.6970464173674,1.4243322652870734,1175.3391027542984,0.5595066125673449,0.7969233209211433
2016-07-10,652.44,462.59461865667816,1.4103925417347292,1177.842760441977,0.5539279281685925,0.7812558185475537
2016-07-11,650.97,463.4200241057343,1.4047083987278768,1180.3508364874403,0.5515055184246711,0.7747044336759072
2016-07-12,666.56,464.3013319636386,1.4356194008338556,1182.8633370747523,0.5635139572830263,0.8089915697161731
2016-07-13,655.34,465.33858941461904,1.4083078749699152,1185.3802683943788,0.5528521247343446,0.7785860009572274
2016-07-14,661.65,466.37117167739103,1.4187197669621219,1187.9016366432108,0.5569905618361634,0.790213520088303
2016-07-15,667.48,467.44189598713854,1.4279421800444807,1190.4274480245094,0.5607061573619373,0.8006559727077684
2016-07-16,666.32,468.4455857687396,1.422406401602739,1192.9577087479665,0.5585445277010838,0.7944773117821998
2016-07-17,680.0,469.5314964339573,1.4482521516970195,1195.4924250296997,0.5688032694837918,0.8237705589222011
2016-07-18,675.5,470.5911418820743,1.4354286340758917,1198.0316030922347,0.5638415533083347,0.809354310700612
2016-07-19,673.98,471.61894737946875,1.4290774442904428,1200.5752491645192,0.5613808884274626,0.8022567653074164
2016-07-20,666.92,472.6255232886859,1.4110960308688967,1203.123369481945,0.55432386812266,0.7822042101237793
2016-07-21,667.28,473.6545847926507,1.4087903324996034,1205.675970286323,0.5534488672288416,0.7796934136848486
2016-07-22,654.67,474.629972020385,1.3793271360702908,1208.2330578259046,0.5418408276115319,0.7473757569553704
2016-07-23,657.5,475.6204226957897,1.3824048939558296,1210.7946383553956,0.5430318066927291,0.7506898271457048
2016-07-24,661.0,476.63921494333795,1.3867931535565712,1213.36071813593,0.5447679244268642,0.7554804278723988
2016-07-25,657.79,477.4971813814587,1.3775788122914814,1215.9313034350926,0.5409762855366058,0.7452374689073747
2016-07-26,654.06,478.3673361517447,1.3672756281012528,1218.5064005269517,0.5367719034689905,0.733915141462669
2016-07-27,657.35,479.2726047217727,1.3715576344731926,1221.0860156919937,0.5383322645190376,0.7383537272843281
2016-07-28,657.4,480.18184897491466,1.3690646604060692,1223.6701552171958,0.537236278254506,0.7355112028463259
2016-07-29,657.0,481.09563440757375,1.3656328451390682,1226.2588253959982,0.5357759605015145,0.7316732492968003
2016-07-30,655.87,482.0898703078932,1.3604724770116405,1228.8520325283089,0.5337257722156966,0.7261192233712394
2016-07-31,626.97,482.98423386052986,1.2981169074372902,1231.449782920526,0.5091316013821269,0.6609123398647617
2016-08-01,605.2,483.810127430569,1.250903951130811,1234.0520828854915,0.4904169024899713,0.6134644410260388
2016-08-02,537.47,484.7972679871372,1.1086489868879796,1236.6589387425838,0.43461457574267925,0.48183500908387045
2016-08-03,573.36,485.7404021172198,1.1803835907016762,1239.2703568176319,0.46265933566937917,0.5461154879090738
2016-08-04,587.5,486.80963744544584,1.206837241519973,1241.8863434429675,0.4730706663310534,0.5709192979989841
2016-08-05,583.0,487.82137621438034,1.1951095799126934,1244.50690495744,0.46845863022345996,0.559859396772835
2016-08-06,591.71,488.93333987810695,1.2102058741740045,1247.1320477063675,0.4744565750581336,0.5741901341758328
2016-08-07,595.14,489.7946795434247,1.2150805732613832,1249.7617780416126,0.4762027535620344,0.578624714786806
2016-08-08,591.48,490.69669225502264,1.2053881946540588,1252.396102321503,0.47227869753315554,0.5692791665930607
2016-08-09,586.45,491.7437610628769,1.1925926599097483,1255.0350269109372,0.4672777949819062,0.5572720684342335
2016-08-10,594.94,492.7990544718385,1.207266926755028,1257.678558181286,0.4730461500912727,0.5710929718339885
2016-08-11,587.91,493.7301237891915,1.1907517319138108,1260.326702510457,0.4664742870471096,0.5554550651946059
2016-08-12,587.74,494.73478587831306,1.18799004391125,1262.9794662829072,0.4653599014794642,0.5528429297931237
2016-08-13,586.45,495.73515951844587,1.182990531818792,1265.636855889596,0.4633635606224454,0.5481547050061958
2016-08-14,574.99,496.66801493136677,1.1576948438676011,1268.29887772804,0.45335528564844674,0.5248470766353303
2016-08-15,567.79,497.66883258352226,1.1408992543343761,1270.9655382022945,0.4467390994748019,0.5096843054728122
2016-08-16,579.02,498.7266192933812,1.1609967818047935,1273.6368437229578,0.45461938609397573,0.5278116442011767
2016-08-17,574.45,499.7683054214181,1.149432634619773,1276.3128007071743,0.45008559005418664,0.5173430655803788
2016-08-18,574.09,500.88112499048765,1.1461601792459293,1278.993415578637,0.44886079397075906,0.5144663680739954
2016-08-19,573.67,501.9716345814363,1.1428334999015404,1281.6786947676235,0.44759267852541623,0.5115239073295065
2016-08-20,581.87,503.0894035090847,1.1565936311546516,1284.3686447109344,0.4530397112979648,0.5239828447473681
2016-08-21,581.29,504.23474440551723,1.1528162357897993,1287.063271851983,0.4516405779830616,0.5206585910403624
2016-08-22,585.2,505.27194680791524,1.1581881869694823,1289.7625826407123,0.45372691678017035,0.5255011551248787
2016-08-23,582.39,506.3219721619859,1.1502364740625515,1292.466583533684,0.45060352617218896,0.5183006111444513
2016-08-24,578.47,507.4175403408191,1.140027598595541,1295.1752809939853,0.4466345277652704,0.5091756881380948
2016-08-25,575.58,508.4889000174745,1.1319421131517717,1297.8886814913508,0.443474088500891,0.5019869968657543
2016-08-26,579.29,509.622117857534,1.1367049813994567,1300.606791502057,0.44539979629891374,0.5062881671672785
2016-08-27,570.84,510.7097627059818,1.1177385702897469,1303.3296175089808,0.43798590343633204,0.4895537375139889
2016-08-28,575.41,511.78088591645337,1.1243288208577877,1306.0571660016126,0.4405703019581989,0.49534588810562125
2016-08-29,573.21,512.8458560961745,1.117704263739835,1308.7894434760485,0.4379696083715318,0.4895204986653268
2016-08-30,574.95,513.8950092981278,1.1188082966309802,1311.5264564349736,0.4383823118313942,0.49046576757323335
2016-08-31,572.89,514.8774511196576,1.1126725374245614,1314.2682113876847,0.43590037028675277,0.4850143710712671
2016-09-01,573.02,515.7615209376348,1.1110173534432568,1317.0147148500955,0.4350900514161848,0.4833925974339002
2016-09-02,576.21,516.7104555505279,1.1151506492859304,1319.7659733447495,0.43660013338552894,0.48687492222319645
2016-09-03,600.91,517.7154014505232,1.1606956221823497,1322.521993400823,0.45436673491892493,0.5273814800856843
2016-09-04,611.92,518.7203323924574,1.1796722854060573,1325.282781554065,0.4617278731128196,0.5446875753106779
2016-09-05,605.69,519.6634033156182,1.165542919003926,1328.0483443469398,0.4560752645626351,0.5315752951438215
2016-09-06,612.99,520.6422815042898,1.177372683272842,1330.818688328479,0.46061120524984606,0.542311050670549
2016-09-07,615.21,521.5306774589891,1.179623800842238,1333.5938200543937,0.4613173747122698,0.5441809549526506
2016-09-08,627.97,522.4676546495077,1.2019308648327092,1336.3737460870227,0.4699059689242859,0.5647944876192191
2016-09-09,622.07,523.3876453190692,1.1885454415355408,1339.1584729953581,0.46452306619737627,0.5521067728170038
2016-09-10,623.74,524.423800401517,1.1893815641518235,1341.9480073550594,0.46480191228076967,0.5528268254492605
2016-09-11,607.94,525.3698853877144,1.1571656787129134,1344.7423557484237,0.45208660038200976,0.523139097768062
2016-09-12,606.74,526.3149617459754,1.1528078130008426,1347.5415247644335,0.4502569967972345,0.5190597837661473
2016-09-13,608.63,527.2248262098733,1.1544031497441694,1350.345520998726,0.4507216786632895,0.5203145255068807
2016-09-14,608.43,528.1215195987313,1.1520643969635764,1353.1543510536083,0.4496382837081796,0.5180122581720015
2016-09-15,605.44,529.002984812201,1.1444925971730284,1355.9680215380606,0.44650020530222806,0.5110161796046374
2016-09-16,607.93,529.8802927949665,1.1472968673610102,1358.78653906775,0.447406551743657,0.5133081352522895
2016-09-17,607.92,530.7795221606873,1.1453343141899872,1361.609910265034,0.44647148600855135,0.5113591132329887
2016-09-18,611.4,531.7745202074269,1.1497354174876862,1364.4381417589643,0.44809653240257136,0.5151924537566549
2016-09-19,608.6,532.7692502651117,1.1423331952757299,1367.2712401852564,0.44512016497731544,0.5084755403401967
2016-09-20,605.6,533.8266382458673,1.1344506935621965,1370.109212186359,0.442008560057494,0.5014369175176518
2016-09-21,597.0,534.9229101215547,1.1160486655251671,1372.9520644113918,0.43482945652290067,0.485290834683417
2016-09-22,596.21,535.969870888456,1.1123946183983933,1375.7998035162145,0.43335520071759726,0.48206199313321074
2016-09-23,602.96,536.9900353107912,1.1228513759124557,1378.6524361633642,0.4373546110562648,0.4910842267861838
2016-09-24,603.68,538.0220820517778,1.122035730760031,1381.5099690221134,0.43697115007234305,0.49029724369247263
2016-09-25,601.67,539.0365253095248,1.1161952330679445,1384.3724087684632,0.43461571192049775,0.48511598586209065
2016-09-26,607.08,540.0563308709036,1.1241049596085892,1387.239762085112,0.4376172141198715,0.4919276808022415
2016-09-27,605.71,541.049867319983,1.1195086379011645,1390.1120356615163,0.43572746977315335,0.48780066618186374
2016-09-28,605.04,542.0997741672617,1.11610450480158,1392.9892361938473,0.43434650051797175,0.4847760858729101
2016-09-29,605.99,543.1431774118158,1.1157094946633808,1395.871370385007,0.4341302593181325,0.48436325224191606
2016-09-30,608.99,544.1855859542799,1.1190851351420483,1398.7584449446415,0.43537896210814436,0.4872261246487975
2016-10-01,615.65,545.2570868927576,1.1291004093287236,1401.6504665891796,0.43923218710734785,0.49593724225325697
2016-10-02,612.4,546.3119028313721,1.120971366038545,1404.547442041756,0.4360123280063571,0.48875733493493223
2016-10-03,612.99,547.356045923276,1.119910896327112,1407.4493780322825,0.43553253819828674,0.4877576352332655
2016-10-04,610.34,548.4483242972053,1.1128486914097224,1410.3562812974178,0.4327558986999617,0.4815918355680908
2016-10-05,613.16,549.5517620432345,1.115745671927736,1413.268158580605,0.43385962973638226,0.4840770041025386
2016-10-06,611.88,550.6444938005693,1.1112069709020078,1416.1850166320282,0.4320621901897912,0.48011051760208506
2016-10-07,617.98,551.761872516272,1.1200121479611211,1419.1068622086632,0.4354710814647116,0.487732901326244
2016-10-08,619.5,552.8572184115778,1.1205424825235972,1422.0337020742566,0.43564368347695503,0.4881572545789914
2016-10-09,617.42,553.9396463285839,1.114597960431525,1424.9655429993416,0.4332876700305484,0.4829415532961769
2016-10-10,618.72,555.0606409249796,1.1146890166251664,1427.9023917612285,0.4333069287998373,0.4830024743607616
2016-10-11,642.12,556.2639406210234,1.1543441037776516,1430.844255144033,0.44877001650704623,0.5180350225071082
2016-10-12,635.79,557.4384898690956,1.140556333218583,1433.7911399386428,0.44343278619172366,0.5057600726477323
2016-10-13,635.66,558.5597022607042,1.1380341213790424,1436.7430529427572,0.4424312327093089,0.503501839186985
2016-10-14,638.03,559.7087593942199,1.139932133080333,1439.7000009609014,0.4431687154088758,0.5051822590705108
2016-10-15,638.16,560.9049207931163,1.137732931808916,1442.6619908043479,0.44234893832906597,0.5032749544876896
2016-10-16,641.92,562.1445554869238,1.1419126872873038,1445.6290292912495,0.444041996247623,0.507057189203542
2016-10-17,639.56,563.3545314435888,1.1352708894719203,1448.6011232465244,0.44150179765610953,0.5012241385285032
2016-10-18,635.11,564.5362295580344,1.1250119420984135,1451.5782795019536,0.4375306581591387,0.4922272154632097
2016-10-19,629.79,565.6812829703686,1.1133301011711034,1454.560504896115,0.4329761449455688,0.4820453752569244
2016-10-20,628.05,566.8194010125884,1.108024882137109,1457.5478062744196,0.43089495747335643,0.47744233446789036
2016-10-21,630.83,567.9770189302109,1.110661134121541,1460.5401904891291,0.4319155365308623,0.4797117996480814
2016-10-22,652.75,569.2146701466274,1.1467554057098601,1463.537664399322,0.4460083371123266,0.5114624715752262
2016-10-23,651.04,570.4536207523222,1.1412671886303383,1466.5402348709456,0.4439291773384526,0.5066418041720346
2016-10-24,649.98,571.6870178803189,1.1369507784346287,1469.5479087767587,0.4422992922639989,0.5028725246406389
2016-10-25,654.3,572.9591488131722,1.1419662315460313,1472.5606929964079,0.44432803558582834,0.5074076123681993
2016-10-26,674.0,574.3194245839346,1.1735629532089724,1475.5785944163933,0.4567699765708339,0.536048322641661
2016-10-27,691.21,575.7285959070053,1.2005830610360162,1478.601619930038,0.46747547864360217,0.5612431411092127
2016-10-28,689.95,577.1322817131854,1.1954798264826245,1481.6297764375731,0.4656696368906098,0.556698656708213
2016-10-29,714.28,578.6134246327905,1.2344684198319604,1484.6630708460834,0.48110579028071626,0.5939099046998424
2016-10-30,697.41,580.0441357926211,1.2023395410195816,1487.7015100695207,0.46878355320578374,0.5636370021989706
2016-10-31,696.9,581.471206771036,1.1985116234214774,1490.7451010287202,0.46748434693435476,0.5602854235684227
2016-11-01,730.7,583.0084859273778,1.2533265254924941,1493.7938506514283,0.48915718837733146,0.6130736793286383
2016-11-02,744.6,584.5882700712514,1.273716969909858,1496.8477658722322,0.49744537619436013,0.6336046172619498
2016-11-03,690.0,585.9653775389081,1.1775439752055725,1499.9068536326372,0.46002856665991165,0.541703867092834
2016-11-04,706.32,587.4145888013544,1.20242161748362,1502.971120881033,0.46994914951257305,0.5650770164919596
2016-11-05,706.99,588.828862182874,1.2006714436162071,1506.0405745727212,0.4694362236559132,0.563638668342686
2016-11-06,717.02,590.2485422077458,1.2147764013411748,1509.1152216699068,0.47512608030457987,0.5771719500157355
2016-11-07,706.42,591.5661907445395,1.1941520848426217,1512.1950691417142,0.4671487259913809,0.5578466250741821
2016-11-08,711.15,592.9318434834801,1.1993789974611369,1515.2801239641524,0.4693191633369725,0.5628915476123976
2016-11-09,720.97,594.2935452147996,1.2131546872840675,1518.3703931201694,0.4748314398560193,0.5760439869311725
2016-11-10,712.91,595.5681237879711,1.1970251118641198,1521.465883599629,0.468567851362746,0.5608874846934212
2016-11-11,716.9,596.8511246289179,1.2011370514644175,1524.5666023993529,0.4702319983080749,0.564813075951982
2016-11-12,704.53,598.056617910733,1.1780322780495665,1527.6725565230358,0.46117867143172464,0.5432833608945871
2016-11-13,704.01,599.427802510432,1.1744700480217514,1530.7837529813617,0.4599016671223919,0.5401407330705191
2016-11-14,708.32,600.7777992163883,1.1790049514544014,1533.9001987919319,0.4617771094611359,0.5444374985229804
2016-11-15,712.29,602.1004449749494,1.1830085925773317,1537.021900979294,0.46342215393689146,0.5482323900980375
2016-11-16,739.85,603.5722879596858,1.2257852369282676,1540.1488665749318,0.4803756416386679,0.5888373697006231
2016-11-17,730.71,604.990466323213,1.2078041567181028,1543.2811026173447,0.4734782268510541,0.57186897050622
2016-11-18,748.54,606.5559786077422,1.2340823046838327,1546.4186161518999,0.4840474579015759,0.5973544024235272
2016-11-19,750.77,608.0954046968023,1.2346253469459048,1549.561414230999,0.48450483672671,0.5981819521406833
2016-11-20,731.99,609.5854096869157,1.200799737605189,1552.709503913969,0.4714275259827078,0.566090049499899
2016-11-21,736.4,611.0885783450291,1.2050626146447436,1555.8628922671403,0.4733064871332896,0.5703639529131607
2016-11-22,746.66,612.5550357908851,1.21892720877883,1559.0215863637877,0.47892858349799117,0.5837790814876053
2016-11-23,741.52,614.0064623353994,1.2076745856706417,1562.1855932842088,0.47466831289942324,0.5732448581117935
2016-11-24,737.99,615.4407867493107,1.199124295771784,1565.354920115627,0.47145218666798416,0.5653297713283142
2016-11-25,739.74,616.8766498827381,1.1991700450010825,1568.529573952321,0.4716136770925086,0.5655449943821496
2016-11-26,735.7,618.3756774743509,1.1897298467572983,1571.709561895514,0.4680890272835973,0.556899486698887
2016-11-27,729.24,619.8401488606931,1.1764968780102272,1574.8948910534534,0.4630404252008263,0.5447656146413002
2016-11-28,729.77,621.2959528348613,1.174593197767008,1578.0855685413894,0.4624400695042918,0.5431789600146436
2016-11-29,732.37,622.7560348238464,1.1760142962037439,1581.2816014815771,0.46314963717645746,0.5446705946010909
2016-11-30,742.69,624.2569589179554,1.1897184154539957,1584.4829970032679,0.4687270241489807,0.5576531724509921
2016-12-01,754.0,625.7913152809855,1.2048745030305315,1587.6897622427382,0.47490386215939,0.572199554906575
2016-12-02,769.25,627.4320001479398,1.2260292745964845,1590.9019043433061,0.4835307556675103,0.5928228616161276
2016-12-03,766.98,629.0778547004578,1.2192131614062394,1594.1194304552826,0.48113082705537913,0.5866010367041874
2016-12-04,767.99,630.7226785720464,1.217634986169716,1597.34234773604,0.4807923618180503,0.5854296008328268
2016-12-05,752.0,632.4268247743269,1.189070372320689,1600.5706633499765,0.4698324274081548,0.5586638193865477
2016-12-06,759.8,634.1161430581802,1.1982032129566653,1603.8043844684926,0.4737485489864157,0.5676470335290814
2016-12-07,764.34,635.8244221318043,1.202124318278474,1607.0435182700876,0.47561873173339997,0.5717528436454858
2016-12-08,767.89,637.579334482355,1.2043834523329446,1610.2880719402826,0.4768649866944286,0.5743282989717396
2016-12-09,773.22,639.3382389503009,1.2094067785926792,1613.5380526716513,0.47920778733400426,0.5795571463561437
2016-12-10,775.87,641.1034828228753,1.210210240293388,1616.7934676638095,0.4798819487569403,0.580758048517596
2016-12-11,771.05,642.821373249009,1.1994778519931373,1620.0543241234718,0.4759408302046757,0.5708804846897348
2016-12-12,778.94,644.5519319417001,1.208498433405449,1623.320629264389,0.479843590944186,0.5798902279356939
2016-12-13,776.18,646.16194589409,1.2012158947645932,1626.5923903073901,0.4771816249880027,0.5731981526251863
2016-12-14,777.66,647.443358709131,1.2011243756527124,1629.869614480387,0.47713019071646595,0.5730927024293747
2016-12-15,776.16,648.7088612646193,1.1964689344414416,1633.1523090183375,0.4752526728303361,0.5686250590517593
2016-12-16,780.98,649.9519154468696,1.2015965818995133,1636.4404811633547,0.4772431438782283,0.5734537304190568
2016-12-17,788.57,651.2362497535852,1.2108816121620676,1639.734138164551,0.4809133271340511,0.5823291048703036
2016-12-18,790.72,652.5105845858672,1.2118117601139775,1643.033287278215,0.4812562265916572,0.5831919550118473
2016-12-19,790.81,653.7693182582983,1.2096162635878824,1646.3379357676547,0.48034488109590995,0.5810329803048002
2016-12-20,798.99,654.8670070180856,1.2200797893883424,1649.6480909033469,0.4843396627473883,0.5909330337172544
2016-12-21,834.5,656.0802458557473,1.2719480662179272,1652.9637599628347,0.5048507536661075,0.6421439398542687
2016-12-22,856.02,657.3859230392583,1.3021574846665518,1656.2849502307845,0.5168313579621208,0.6729958210807534
2016-12-23,917.26,658.8560266287803,1.3922009709669276,1659.6116689989751,0.5526955595300568,0.7694632946268544
2016-12-24,891.5,660.2753370914581,1.3501943051925833,1662.9439235663149,0.5360974518540034,0.7238357265215305
2016-12-25,896.12,661.69489132896,1.3542797620822133,1666.2817212388186,0.537796213316058,0.7283265278183862
2016-12-26,902.09,663.1723665105189,1.360264760045142,1669.6250693296513,0.5402949539816062,0.7349441859313907
2016-12-27,925.2,664.7208469391514,1.3918624701786928,1672.9739751590905,0.553027132362904,0.7697377105264704
2016-12-28,982.17,666.3085161808483,1.4740468959178379,1676.3284460545713,0.5859054663849727,0.863652134026062
2016-12-29,970.72,667.5059387403085,1.4542492338448785,1679.6884893506474,0.5779166828578266,0.8404348932721679
2016-12-30,960.81,668.5351821201045,1.4371868911266772,1683.054112389051,0.5708729106969446,0.8204510637529789
2016-12-31,973.37,669.7108926681252,1.4534181997878193,1686.4253225186396,0.5771794262115876,0.8388830825990121
2017-01-01,992.95,670.8884223625654,1.4800523707105864,1689.8021270954287,0.5876131791281175,0.8696982788293548
2017-01-02,1011.45,671.805016749886,1.5055707754212326,1693.1845334826073,0.5973654849773584,0.8993760164272422
2017-01-03,1020.67,672.8307468809097,1.5169788312017456,1696.5725490505283,0.6016070462599485,0.9126251538781512
2017-01-04,1130.3,674.1718550989384,1.6765754776786437,1699.9661811766846,0.6648955799918488,1.1147476246312527
2017-01-05,1007.0,675.0824399204322,1.4916696694387264,1703.3654372457943,0.5911825953379907,0.8818491465657489
2017-01-06,895.71,675.900085266207,1.3252106628263254,1706.7703246497226,0.5247982034043304,0.6954681749835173
2017-01-07,909.0,676.9436891485175,1.3428000209934312,1710.1808507874978,0.5315227331550503,0.7137287372390875
2017-01-08,923.33,678.3789245381354,1.3610829679424905,1713.5970230653988,0.5388256326147699,0.733386391242801
2017-01-09,902.66,679.5939080451401,1.328234390147069,1717.0188488968186,0.5257135066280474,0.6982707588681817
2017-01-10,907.0,680.6239143936984,1.3326008399336922,1720.446335702408,0.5271887772248929,0.7025322073335084
2017-01-11,795.77,681.1908053090044,1.1682042590680883,1723.879490909981,0.4616157940251023,0.5392615366332218
2017-01-12,812.25,682.0107454962173,1.1909636400362333,1727.3183219545874,0.47023758717552394,0.5600358685044176
2017-01-13,831.42,682.8096011594791,1.2176454440420368,1730.762836278461,0.4803777748011649,0.58492980890569
2017-01-14,828.0,683.6447065238099,1.21115543219841,1734.2130413310654,0.47744999043743946,0.5782661495213837
2017-01-15,833.31,684.5506028935172,1.2173095699246976,1737.668944569096,0.4795562483892135,0.583768410481375
2017-01-16,834.41,685.284326617429,1.2176113878434327,1741.130553456429,0.4792345975111169,0.5835215033780999
2017-01-17,906.0,686.2773776521511,1.3201659117768825,1744.5978754642217,0.5193173812383106,0.6855851041040573
2017-01-18,887.99,687.0699143243397,1.292430335671507,1748.070918070804,0.5079828231339713,0.6565324106183983
2017-01-19,902.92,688.1289194872485,1.3121378486356896,1751.5496887617953,0.5154977936356986,0.6764041659175902
2017-01-20,894.31,689.062145805656,1.2978655197411357,1755.03419503005,0.5095684189701429,0.6613512809303533
2017-01-21,925.06,690.1751036033068,1.340326527529597,1758.5244443756474,0.5260432989479634,0.7050697882091376
2017-01-22,931.22,691.2670773092897,1.3471204264851016,1762.0204443059101,0.5284955705305812,0.7119471783686435
2017-01-23,910.7,692.4767180170599,1.3151344677808563,1765.5222023354775,0.5158247224505605,0.6783788718282259
2017-01-24,887.0,693.4626761964352,1.2790883063312006,1769.029725986167,0.5014048022881759,0.6413410193451133
2017-01-25,896.0,694.5360444110868,1.2900698346904935,1772.5430227871059,0.5054884358130559,0.6521153828273052
2017-01-26,917.02,695.7191864354539,1.318089277799553,1776.062100274692,0.5163220361822768,0.6805585397834919
2017-01-27,922.63,696.9334564323873,1.3238423144771334,1779.5869659925834,0.5184517630389551,0.6863483819262407
2017-01-28,924.98,698.0761153442028,1.3250417535685446,1783.1176274917289,0.5187431192080965,0.6873562923271127
2017-01-29,916.54,699.2479512946118,1.3107510694927118,1786.6540923303446,0.5129924163465525,0.6724053583678942
2017-01-30,923.23,700.4136650657075,1.318121056238087,1790.1963680739452,0.5157143743919524,0.6797739758906846
2017-01-31,970.01,701.7239516078486,1.3823241999612983,1793.7444622953324,0.5407737949243586,0.7475247034288492
2017-02-01,992.75,703.1242646310448,1.4119125877712848,1797.2983825746146,0.5523568093228316,0.7798795320240893
2017-02-02,1008.38,704.5108113492336,1.431319411647943,1800.8581364991792,0.5599441619317467,0.8014589484118482
2017-02-03,1018.0,705.9570412474264,1.4420140894142701,1804.4237316637414,0.5641690375360828,0.8135397009383196
2017-02-04,1035.54,707.4746347349117,1.4637132543812166,1807.9951756703026,0.5727559530771869,0.8383504800448246
2017-02-05,1016.32,708.9664066602423,1.4335234934298524,1811.5724761282286,0.5610153683567346,0.8042287107145817
2017-02-06,1022.58,710.4812206374811,1.4392780136855519,1815.1556406541188,0.5633566494780017,0.810826839457246
2017-02-07,1053.96,712.1748153301234,1.4799175389422394,1818.7446768720029,0.5794986032963516,0.8576101468108018
2017-02-08,1056.7,713.8663180736002,1.4802491352324225,1822.3395924131364,0.5798589924728141,0.858335772164627
2017-02-09,994.24,715.3248957620224,1.38991387814184,1825.9403949161829,0.5445084641142621,0.756819871038111
2017-02-10,1001.99,716.8317300999221,1.3978036377663257,1829.5470920271118,0.5476710626179124,0.7655366036266671
2017-02-11,1018.65,718.4213957539125,1.4179004217030968,1833.1596913992191,0.5556799032726287,0.7878987691821964
2017-02-12,1010.0,719.9658239131267,1.4028443662929615,1836.7782006931732,0.5498758639550714,0.7713902579098468
2017-02-13,1002.82,721.4875608175963,1.3899338733762716,1840.4026275769897,0.5448916367394444,0.7573633432235923
2017-02-14,1013.92,723.0545101222444,1.4022732529924746,1844.0329797260501,0.5498383223876115,0.771023572954401
2017-02-15,1014.53,724.6332786518084,1.4000599060086627,1847.6692648230742,0.5490863648138605,0.7687538043119319
2017-02-16,1038.94,726.4654986576829,1.4301298573981667,1851.311490558139,0.5611913528861517,0.8025765094761564
2017-02-17,1057.3,728.4948570798255,1.4513486124503214,1854.9596646287434,0.569985439662706,0.8272475769713548
2017-02-18,1062.15,730.9802586684187,1.4530488168515696,1858.613794739674,0.5714742906816581,0.8303800419360733
2017-02-19,1059.88,733.2292724221788,1.4454960267731132,1862.2738886031912,0.5691321810858707,0.8226783064683421
2017-02-20,1089.82,735.4980562343151,1.4817442286384575,1865.9399539388658,0.5840595232978788,0.8654268278279605
2017-02-21,1128.29,737.9302100353029,1.5289928297501494,1869.6119984736733,0.6034888527251222,0.9227301286508558
2017-02-22,1128.71,740.3168897043056,1.5246308921181373,1873.2900299420435,0.6025281627292494,0.9186330502681976
2017-02-23,1186.9,742.8765210699924,1.5977083220916235,1876.9740560856953,0.6323475788872656,1.0103069892426735
2017-02-24,1186.91,745.4680265813776,1.5921675480074173,1880.6640846538403,0.6311121745159852,1.0048363234167454
2017-02-25,1158.0,748.0082863751144,1.5481111922058057,1884.3601234030466,0.6145322147386129,0.9513641996078682
2017-02-26,1184.91,750.589474379795,1.5786392434813719,1888.0621800973047,0.6275799666401525,0.9907223637608749
2017-02-27,1195.81,753.2588217921706,1.5875154268421332,1891.770262508047,0.6321116383416633,1.0034869773538457
2017-02-28,1195.08,755.9364473192646,1.5809265504237104,1895.4843784140564,0.6304879183440795,0.9967550898315316
2017-03-01,1230.0,758.7411803842843,1.6211061581988133,1899.2045356016276,0.6476395653774922,1.0498924877266556
2017-03-02,1269.17,761.7508603440557,1.6661221746789512,1902.930741864428,0.6669554346242311,1.111229239150069
2017-03-03,1292.86,764.8913897955795,1.6902530440897268,1906.6630050035653,0.6780747287838537,1.1461178744472245
2017-03-04,1273.97,767.9131424374169,1.659002730382135,1910.4013328276058,0.6668598781358591,1.1063223586096882
2017-03-05,1278.98,770.9925081666563,1.6588747445047003,1914.1457331525467,0.6681727403762274,1.1084148839766197
2017-03-06,1284.99,774.1047935942601,1.659969051520324,1917.8962138018035,0.6699997584607524,1.1121788635709413
2017-03-07,1237.36,777.0857167563203,1.5923082528976829,1921.6527826063082,0.643904045101107,1.0252937250886944
2017-03-08,1150.22,779.7380025722604,1.4751365153494698,1925.4154474043874,0.5973879567397196,0.8812287888167697
2017-03-09,1197.3,782.5601917071234,1.5299781571921496,1929.1842160418587,0.6206250238023,0.949542730224377
2017-03-10,1109.01,785.065527202417,1.4126336739710887,1932.95909637202,0.5737369208078464,0.8104800943336478
2017-03-11,1188.11,787.8691968632071,1.5080041264848234,1936.7400962556044,0.6134586681491399,0.9250982029967868
2017-03-12,1235.58,790.8644816072007,1.5623157048209386,1940.527223560832,0.6367238681314314,0.9947636988160717
2017-03-13,1245.49,793.9227450411945,1.5687798438566902,1944.3204861634285,0.6405785511511147,1.0049267194527907
2017-03-14,1247.42,796.9734019191125,1.5651965260022629,1948.11989194655,0.6403199336738897,1.0022265357163715
2017-03-15,1263.0,800.1442198997132,1.5784654423402562,1951.9254488008971,0.6470534009256775,1.0213514327099167
2017-03-16,1175.11,803.005977067168,1.4633888583144468,1955.7371646246233,0.6008527225720262,0.8792811796998043
2017-03-17,1069.57,805.514300895164,1.3278100696801933,1959.555047323418,0.5458228904877869,0.7247491302516328
2017-03-18,970.0,807.623529797482,1.2010546550609233,1963.3791048104135,0.4940462071860872,0.5933764969560434
2017-03-19,1019.49,809.9543124956753,1.2587006257904745,1967.2093450063505,0.5182417431006606,0.6523112063515478
2017-03-20,1044.96,812.3911273189365,1.2862769728278425,1971.0457758393545,0.5301551150201025,0.6819263164772541
2017-03-21,1114.42,815.0748862895391,1.3672608722778443,1974.8884052451501,0.5642951758895273,0.7715387144088947
2017-03-22,1034.57,817.2920309168682,1.2658510799859157,1978.7372411669992,0.5228435481356999,0.6618420700712438
2017-03-23,1025.14,819.4032968014054,1.2510811269636104,1982.5922915556075,0.5170705063095152,0.6468971517533529
2017-03-24,934.87,821.1834934580821,1.138442269538533,1986.4535643692743,0.4706226295789772,0.5357766945140832
2017-03-25,963.72,823.0433276618322,1.170922559736695,1990.3210675738305,0.48420328544015223,0.5669645504205006
2017-03-26,973.08,824.9323297499905,1.1795876642329053,1994.1948091426261,0.48795633984142256,0.5755872791611814
2017-03-27,1042.08,827.0240423990776,1.2600359198471134,1998.0747970565662,0.5215420371325059,0.6571617004971945
2017-03-28,1045.4,829.1733806716261,1.260773710744587,2001.9610393040819,0.5221879844192173,0.6583608828224533
2017-03-29,1043.27,831.3086833592437,1.254973057401782,2005.8535438811982,0.5201127486014454,0.6527274863060004
2017-03-30,1042.34,833.5526956763466,1.2504788304406391,2009.752318791458,0.5186410236992782,0.6485496207340092
2017-03-31,1088.99,835.9940118868479,1.3026289477147537,2013.657372046005,0.5408020327179675,0.7044643828014058
2017-04-01,1092.0,838.4410111801241,1.3024172069815456,2017.5687116635393,0.5412455068752612,0.7049274613557887
2017-04-02,1113.99,840.9803849794461,1.3246325596847617,2021.4863456702878,0.5510747091544768,0.7299715025648301
2017-04-03,1152.6,843.6919472959682,1.3661384391472287,2025.4102821001059,0.5690698868206064,0.7774282469467934
2017-04-04,1143.99,846.3631518854148,1.351653834942568,2029.3405289944326,0.5637250050719006,0.7619610649584531
2017-04-05,1132.99,849.0018673270346,1.3344964759230307,2033.2770944022436,0.5572236086853101,0.7436129420916602
2017-04-06,1192.3,851.8417977309344,1.3996730416093104,2037.2199863801707,0.5852583461634574,0.8191703295018411
2017-04-07,1194.0,854.7169328722463,1.3969537212602128,2041.169212992373,0.5849588522107801,0.8171604453799521
2017-04-08,1184.5,857.5887078380916,1.3811982237802827,2045.124782310673,0.5791822632268429,0.7999655132139595
2017-04-09,1210.97,860.6267667489429,1.4070791739077495,2049.086702414461,0.5909803614327793,0.8315561587605383
2017-04-10,1210.0,863.6778459342079,1.4009853392629152,2053.0549813907296,0.5893656092835623,0.8256925780720262
2017-04-11,1223.99,866.7407720858762,1.4121754040188705,2057.0296273340805,0.5950278905736017,0.8402837517732723
2017-04-12,1214.17,869.7743382065571,1.3959597871139475,2061.010648346793,0.589113889816109,0.8223793002135651
2017-04-13,1177.05,872.697582438799,1.3487490096061365,2064.99805253871,0.5700005375564078,0.7687876605041705
2017-04-14,1173.74,875.5791329244147,1.3405298914328105,2068.991848027309,0.5673004468911312,0.7604832064807531
2017-04-15,1178.85,878.4992029412582,1.3418908020100104,2072.9920429377235,0.5686707790394614,0.7630940877649203
2017-04-16,1177.99,881.4306727619389,1.3364522433838166,2076.9986454026944,0.5671597343635282,0.7579818993471068
2017-04-17,1189.91,884.4095075370224,1.3454287746337792,2081.0116635626414,0.5717940080945548,0.7693081116535941
2017-04-18,1201.94,887.4211310184803,1.354418953964451,2085.0311055655993,0.5764614239047307,0.7807702787659032
2017-04-19,1214.21,890.4398040605071,1.3636070562693445,2089.0569795672554,0.5812239742027149,0.7925611124957335
2017-04-20,1236.15,893.5723983819418,1.3833797935549366,2093.08929373097,0.5905863661442461,0.8170052452729873
2017-04-21,1249.99,896.7616163869683,1.3938932902103691,2097.128056227745,0.5960484846349567,0.8308279833727245
2017-04-22,1247.0,899.9709356104643,1.3856003018076806,2101.17327523628,0.5934779462011638,0.822323221372535
2017-04-23,1251.98,903.1889218866023,1.3861773208918846,2105.2249589428884,0.594701290558832,0.824361441677788
2017-04-24,1257.29,906.447067100383,1.3870528634638557,2109.2831155415884,0.5960745576238934,0.8267869219901723
2017-04-25,1281.16,909.7573916572774,1.4082435732301661,2113.347753234124,0.6062229928980688,0.8537096336930621
2017-04-26,1298.44,913.1297569331953,1.421966582669361,2117.418880229828,0.6132182971085368,0.871975926369751
2017-04-27,1349.26,916.7059928273048,1.4718568554773073,2121.496504745784,0.6359944487213189,0.9360927893959841
2017-04-28,1353.34,920.3004498468345,1.4705414956878877,2125.5806350067764,0.6366919126526975,0.9362818775246798
2017-04-29,1365.43,923.7786069093167,1.4780922504454992,2129.6712792452245,0.6411458957571712,0.9476727799236125
2017-04-30,1384.55,927.3803196147829,1.4929689262492836,2133.7684457013074,0.648875468558604,0.9687509115634397
2017-05-01,1436.5,931.1685063884732,1.5426853358383537,2137.8721426229176,0.6719297994301865,1.0365762482937548
2017-05-02,1471.99,935.0688677783319,1.5742049069576671,2141.9823782655913,0.6872092015957207,1.0818080972584443
2017-05-03,1533.0,939.1752966380793,1.6322831376502411,2146.099160892636,0.7143192765437608,1.1659713100009002
2017-05-04,1563.39,943.3646382485928,1.6572488904211184,2150.2224987751006,0.7270828953239041,1.2049573215197142
2017-05-05,1551.3,947.553336773857,1.6371637772726593,2154.3524001917053,0.720077179509702,1.1788842751339463
2017-05-06,1585.39,951.8973134826364,1.6655052782948307,2158.488873428918,0.7344906983381813,1.223298134940697
2017-05-07,1609.57,956.3738035643053,1.6829925642058583,2162.6319267809217,0.7442644215448374,1.2525914872629358
2017-05-08,1713.0,961.1838993272353,1.7821771683847243,2166.7815685497058,0.7905734592096259,1.4089419689343272
2017-05-09,1720.43,966.0177596321403,1.780950694586754,2170.9378070449475,0.7924823983519947,1.4113720777927616
2017-05-10,1794.99,970.9160636649067,1.8487591947180997,2175.1006505840837,0.8252445694952039,1.525678485745438
2017-05-11,1837.93,975.9673588305491,1.8831879810020449,2179.270107492282,0.8433695271096675,1.588223356996304
2017-05-12,1695.61,980.657655125601,1.7290539579613327,2183.4461861025306,0.7765751273342246,1.342740297571567
2017-05-13,1792.73,985.6122954828024,1.8188997927646902,2187.628894755517,0.8194854274862511,1.4905618742284257
2017-05-14,1799.99,990.4650687261947,1.8173180022541424,2191.8182417997427,0.8212314167629131,1.4924386376999164
2017-05-15,1747.81,995.069889167731,1.7564695897509823,2196.0142355914313,0.7959010336421062,1.397975962043733
2017-05-16,1777.48,999.7893821556403,1.777854447871396,2200.2168844946436,0.8078658120143734,1.4362678271729907
2017-05-17,1813.23,1004.4572140422991,1.805183908932175,2204.426196881173,0.8225405788433117,1.4848370173717034
2017-05-18,1899.16,1009.5011293854379,1.8812856615189395,2208.6421811306373,0.8598767225516771,1.6176737488103694
2017-05-19,1976.23,1014.7758992769874,1.9474546068822034,2212.864845630376,0.8930640314081333,1.739201662206562
2017-05-20,2058.91,1020.0457143787949,2.018448752812878,2217.0941987756323,0.9286524682338766,1.874437416303269
2017-05-21,2057.0,1025.2415341985002,2.0063564841899373,2221.33024896936,0.9260216939621629,1.8579296301815353
2017-05-22,2123.29,1031.0197698065504,2.059407648796484,2225.5730046223525,0.9540419458674605,1.964761280592129
2017-05-23,2272.75,1037.0620540344223,2.1915274897567145,2229.82247415321,1.0192515441674754,2.2337177780200026
2017-05-24,2432.97,1043.4901674918624,2.331569645594167,2234.078665988343,1.0890261104228702,2.539140222321446
2017-05-25,2355.0,1049.7132023365914,2.243469925650099,2238.341588561977,1.0521182343365967,2.3603956169622378
2017-05-26,2272.7,1055.8641757634732,2.152454882141122,2242.6112503161908,1.0134168370374343,2.1813340185252392
2017-05-27,2099.99,1061.596150601379,1.9781439474986657,2246.8876597008484,0.93462171592486,1.8488162905575791
2017-05-28,2232.78,1067.6133081787505,2.0913752038262956,2251.170825173693,0.9918305510323616,2.0742898208264524
2017-05-29,2279.48,1073.836061147249,2.122744879292546,2255.460755200261,1.0106493738560336,2.145350783113113
2017-05-30,2191.58,1079.8525990910487,2.0295177340358608,2259.7574582539537,0.9698297452211387,1.9682866669217818
2017-05-31,2303.29,1086.267343645772,2.1203712083156345,2264.060942816011,1.0173268556698816,2.157110574208692
2017-06-01,2419.99,1092.9943005002294,2.214092057838221,2268.3712173755293,1.066840374918833,2.3620828010889383
2017-06-02,2478.99,1099.8618129034799,2.2539104193969752,2272.688290429484,1.0907743091911342,2.458507580696435
2017-06-03,2548.05,1106.8936070174805,2.301982759540647,2277.012170482696,1.119032226981838,2.5759928938825674
2017-06-04,2521.36,1113.7002958820149,2.2639483973587025,2281.3428660478176,1.1052087073469963,2.5021354817451154
2017-06-05,2698.0,1120.9979529039013,2.4067840561268974,2285.6803856454094,1.1803925067319347,2.840949865174082
2017-06-06,2871.29,1128.5586393893889,2.5442098441189755,2290.0247378039257,1.253824883461081,3.1899936113030094
2017-06-07,2685.64,1135.7737686293615,2.3645906202262434,2294.3759310596442,1.1705318050297244,2.7678285268497804
2017-06-08,2799.73,1143.4176431832584,2.44856288224274,2298.733973956779,1.2179443257546079,2.9822132686808933
2017-06-09,2811.39,1151.1023108454906,2.442345891856493,2303.098875047376,1.220698785649039,2.9813686643241404
2017-06-10,2931.15,1159.00017504889,2.5290332677269487,2307.4706428914815,1.2702870170980762,3.212598125802666
2017-06-11,2998.98,1167.1260299315625,2.5695425541797343,2311.8492860569213,1.297221241058947,3.3332651810868117
2017-06-12,2655.71,1174.6227444518265,2.260904628778807,2316.234813119494,1.1465633730041829,2.592270437213399
2017-06-13,2709.01,1182.2710723173413,2.2913611467208908,2320.6272326628978,1.167361117662761,2.6748459092051244
2017-06-14,2432.21,1189.3606479341856,2.044972653353324,2325.0265532787153,1.0460998806960446,2.139245648699586
2017-06-15,2409.98,1196.4905690935286,2.0142072676977483,2329.432783566492,1.0345780384829073,2.0838546041127524
2017-06-16,2480.43,1203.8322804522022,2.0604448312918326,2333.8459321336477,1.0628079453952395,2.1898571377455136
2017-06-17,2634.94,1211.5635123190473,2.1748261425903093,2338.266007595572,1.126877776711768,2.450763248296798
2017-06-18,2515.25,1218.9757149421753,2.0634127236237156,2342.6930185755527,1.0736575300546072,2.2153986083290884
2017-06-19,2596.98,1226.5366780273046,2.117327631960295,2347.1269737048574,1.106450579408049,2.342718385179141
2017-06-20,2725.08,1234.318102847691,2.207761511163919,2351.5678816226387,1.1588353546143983,2.5584320936936598
2017-06-21,2643.35,1241.978139336406,2.1283385884813986,2356.0157509760543,1.1219576944275131,2.3879058556936976
2017-06-22,2679.99,1249.7635086408163,2.1443977052223504,2360.4705904201746,1.1353625886620131,2.4346689297221284
2017-06-23,2690.76,1257.7552110217605,2.139335203242062,2364.932408618006,1.1377745893263809,2.4340812323002066
2017-06-24,2574.84,1265.4540501244314,2.0347163136795188,2369.401214240588,1.0867049381610352,2.211136265832351
2017-06-25,2505.61,1272.9886003492718,1.9682894248326592,2373.877015966866,1.0554927585325982,2.0775152346071644
2017-06-26,2407.91,1280.2837131494778,1.880762814733134,2378.359822483768,1.012424603391329,1.9041305467793526
2017-06-27,2575.75,1288.0099674622013,1.9997904248171818,2382.849642486211,1.0809536422585695,2.1616807434599448
2017-06-28,2553.12,1295.70350993803,1.970450786323878,2387.3464846770457,1.0694383979815898,2.107275732227772
2017-06-29,2530.0,1303.42433528191,1.9410409423212134,2391.8503577671945,1.0577584804936413,2.0531525177256325
2017-06-30,2455.19,1310.9276710093188,1.8728645784932456,2396.3612704755224,1.024549190578766,1.9188418879588967
2017-07-01,2423.63,1318.4123118671055,1.8382944229091054,2400.8792315288365,1.0094760153582054,1.8557141290934955
2017-07-02,2516.66,1326.1767932119658,1.8976806206242793,2405.404249662009,1.0462524128131991,1.9854529280770015
2017-07-03,2542.41,1334.0677806875544,1.9057577409520285,2409.9363336179026,1.0549697784684717,2.010516821786737
2017-07-04,2602.0,1342.119642421991,1.938724326621453,2414.475492147393,1.0776667679843897,2.0892987790828537
2017-07-05,2616.96,1350.1935115916538,1.9382110619943944,2419.021734009333,1.0818257493133805,2.096806634469569
2017-07-06,2604.84,1358.2659333084337,1.917768778647926,2423.575067970616,1.0747923736404692,2.061203257696588
2017-07-07,2501.15,1366.1083510963715,1.8308577046562229,2428.135502806159,1.030070190526624,1.885911944662373
2017-07-08,2561.11,1374.0881067571204,1.8638615583714488,2432.703047298946,1.0527836526713057,1.962242979495926
2017-07-09,2508.99,1381.6719587233997,1.8159086056274814,2437.277710239914,1.0294231098322508,1.8693382839761883
2017-07-10,2331.05,1388.6099792306093,1.678693106678933,2441.859500428073,0.9546208533256533,1.6025154459697348
2017-07-11,2310.01,1395.0375223980363,1.6558766075547187,2446.448426670512,0.944230000852216,1.5635283705625564
2017-07-12,2383.42,1401.913717180655,1.700118895186518,2451.044497782282,0.9724099265258264,1.653212489953491
2017-07-13,2340.0,1408.6578947921596,1.6611556351978953,2455.6477225865788,0.9529054100379003,1.5829241916950192
2017-07-14,2217.24,1415.0062163337545,1.5669471797408867,2460.258109914588,0.9012225144446225,1.4121680773279919
2017-07-15,1964.31,1420.342949506641,1.3829828920418883,2464.8756686055676,0.7969205201783065,1.1021274457237202
2017-07-16,1911.78,1425.0807578130732,1.3415239729528134,2469.500407506872,0.774156584136818,1.038549616438803
2017-07-17,2235.19,1431.0360630026278,1.5619382752032682,2474.132335473894,0.9034237853618582,1.4110921890857084
2017-07-18,2308.15,1437.3208016647088,1.6058697524774528,2478.771461370092,0.9311669252171461,1.4953327997136492
2017-07-19,2258.99,1443.3840196501606,1.5650651311405825,2483.41779406705,0.9096294652461562,1.4236293583148134
2017-07-20,2873.48,1451.0731183205376,1.9802448020853332,2488.0713424444043,1.154902574930569,2.2869898209212263
2017-07-21,2657.45,1458.0986240281059,1.8225447553462444,2492.7321153898824,1.0660792564083261,1.9429771575504189
2017-07-22,2825.27,1465.540326426003,1.9278009271092216,2497.4001217992927,1.131284480744114,2.1808912708027774
2017-07-23,2754.28,1472.081466515484,1.8710105810377238,2502.075370576584,1.1007981743432842,2.0596050317832937
2017-07-24,2762.26,1479.527427040057,1.8669880324734351,2506.757870633749,1.1019253324620684,2.0572814083859927
2017-07-25,2564.0,1487.328066667945,1.723896736342856,2511.4476308909307,1.0209251303760718,1.7599695003057148
2017-07-26,2525.99,1494.94808811864,1.68968409008697,2516.144660276384,1.0039128671252686,1.6962955994151607
2017-07-27,2664.99,1502.8921128535587,1.7732410578294622,2520.8489677265006,1.0571795589973392,1.874634199512126
2017-07-28,2786.07,1511.3851278779318,1.8433885239507393,2525.5605621857094,1.1031491549697137,2.033532492477126
2017-07-29,2700.21,1519.6518240206472,1.7768609607270889,2530.279452606644,1.067158806201543,1.8961928216356467
2017-07-30,2723.99,1529.0306300177865,1.7815143441360053,2535.0056479500868,1.074549874160136,1.9143260143058218
2017-07-31,2856.88,1538.6760603243124,1.8567131013904545,2539.7391571848666,1.1248714230821495,2.088563508616352
2017-08-01,2732.59,1547.8574679376813,1.7654015673941998,2544.47998928805,1.0739286657799905,1.895915349837557
2017-08-02,2699.9,1557.0320549121952,1.7340041211625883,2549.2281532448005,1.0591048888909438,1.8364922420803418
2017-08-03,2787.02,1566.4596807688977,1.7791839995728391,2553.9836580484002,1.0912442572673593,1.9415243221558325
2017-08-04,2857.34,1576.1303544433101,1.8128830473601365,2558.7465127003816,1.1166952200296296,2.024437833459813
2017-08-05,3243.49,1586.2131829248226,2.044800809194714,2563.5167262103405,1.2652501802845137,2.5871845924795314
2017-08-06,3222.22,1596.46826711892,2.0183426544487517,2568.2943075961093,1.2546147808955572,2.532242527183378
2017-08-07,3398.23,1607.083003442364,2.114532972298884,2573.0792658836544,1.320686091974306,2.792634287536227
2017-08-08,3422.43,1617.9032240478161,2.1153490203434147,2577.8716101071223,1.3276184844045753,2.8083764603750274
2017-08-09,3342.8,1628.3293198645326,2.052901682245764,2582.6713493088223,1.2943187683925035,2.657109176995236
2017-08-10,3444.98,1639.0149500565888,2.1018600226197193,2587.4784925393133,1.3314043034302276,2.79842547932385
2017-08-11,3656.15,1650.4453874876347,2.2152505182649627,2592.2930488572615,1.4103922400330895,3.124372140690183
2017-08-12,3874.0,1662.655748729931,2.3300072807971643,2597.1150273295693,1.4916551478212199,3.475567354862013
2017-08-13,4060.47,1675.2656347081527,2.4237768123903365,2601.944437031359,1.5605521556150979,3.7824301293056304
2017-08-14,4320.6,1688.299555097253,2.559143006912133,2606.78128704589,1.6574463003362583,4.241642108837922
2017-08-15,4159.93,1701.0606498281238,2.4454918761540467,2611.6255864647133,1.592850836490381,3.8953037805624047
2017-08-16,4370.01,1714.3186455933046,2.5491235315168574,2616.477344387523,1.6701883581655672,4.2575164458653525
2017-08-17,4280.01,1727.5793949429615,2.4774606669474144,2621.3365699222913,1.6327586656019832,4.045095372646459
2017-08-18,4101.72,1740.509091021347,2.3566208422347694,2626.2032721851424,1.5618440672290947,3.680674281152807
2017-08-19,4157.41,1753.220456158214,2.371299048785926,2631.077460300505,1.5801169151155157,3.746929737783974
2017-08-20,4050.99,1765.5911189749693,2.294410045714231,2635.959143400989,1.536818205297863,3.5260911286719323
2017-08-21,4002.0,1777.802038883777,2.251094279604226,2640.8483306274525,1.5154221291645116,3.4113580861478887
2017-08-22,4092.0,1790.2114857410531,2.2857634601233316,2645.745031129005,1.5466342946333882,3.535240156846622
2017-08-23,4143.49,1802.6662849525856,2.2985341405600113,2650.649254062991,1.5631981461329671,3.5930643073467428
2017-08-24,4312.03,1815.739714662933,2.374806237468055,2655.561008595058,1.6237736531164493,3.8561477996572338
2017-08-25,4360.0,1828.9529726745398,2.3838775874178024,2660.480303899007,1.6388018334923584,3.9067029610816344
2017-08-26,4344.32,1841.950806239029,2.3585429020606754,2665.407149156993,1.6298898280414713,3.844165085068107
2017-08-27,4340.11,1855.0079374714637,2.3396719293373724,2670.341553559398,1.625301450376228,3.802672180156579
2017-08-28,4384.99,1868.8229515265402,2.346391345642528,2675.2835263048783,1.6390748707134533,3.845911091502192
2017-08-29,4599.0,1883.116372348088,2.4422282486267344,2680.233076600388,1.7158955466042451,4.190608575609699
2017-08-30,4581.98,1897.3274947939296,2.4149652669728754,2685.190213661142,1.70638935621349,4.120871027187784
2017-08-31,4743.94,1912.0594413848985,2.4810630346115072,2690.1549467106183,1.763444892198735,4.375217935608755
2017-09-01,4947.99,1927.3803123120547,2.5672099939967064,2695.127284980648,1.8359021585266346,4.713146369369702
2017-09-02,4649.99,1942.113736931106,2.3942933472824475,2700.107237711267,1.7221501187269666,4.123332572289653
2017-09-03,4626.05,1956.9033975292102,2.363964417375359,2705.094814150939,1.710124900539577,4.042674414143135
2017-09-04,4498.25,1971.2951475015323,2.2818754490930453,2710.0900235562945,1.6598157112497711,3.787492721519764
2017-09-05,4432.51,1985.472655993768,2.2324709366402438,2715.092875192378,1.6325445219570747,3.6446081980404097
2017-09-06,4616.18,2000.112365001717,2.307960333016609,2720.1033783324733,1.6970605002630061,3.916748317336341
2017-09-07,4624.18,2014.8990165798175,2.294993427437022,2725.1215422582645,1.696871104019829,3.894308030933311
2017-09-08,4350.0,2028.8921289691616,2.144027244173965,2730.1473762596816,1.593320579623627,3.4161227314161096
2017-09-09,4334.36,2042.5913034408725,2.1219908224902846,2735.180889635017,1.584670328907708,3.362655894614817
2017-09-10,4251.36,2056.1803575313947,2.0676007259908316,2740.2220916909064,1.5514654862798427,3.2078111657819215
2017-09-11,4210.72,2069.240248555558,2.034911123993123,2745.2709917423103,1.5338085065793923,3.1211639921136847
2017-09-12,4164.52,2082.2681344908397,1.9999921868939887,2750.3275991125624,1.5141905281915324,3.028369225851947
2017-09-13,3855.32,2094.828203789442,1.8403991282081817,2755.3919231332834,1.3991911523119869,2.575070176911582
2017-09-14,3250.4,2105.4244868474,1.5438216950098516,2760.4639731445195,1.177483217177213,1.817824136188178
2017-09-15,3740.02,2117.4625028263067,1.7662744889262343,2765.543758494611,1.3523633421138967,2.388644870934797
2017-09-16,3726.51,2129.5373173188505,1.74991533122875,2770.631288540309,1.3450039402259442,2.353643015564457
2017-09-17,3719.97,2141.3537904547957,1.7372047611104593,2775.726572646687,1.3401788334118825,2.3281650501425832
2017-09-18,4100.0,2153.945680677305,1.9034834707209334,2780.8296201872836,1.4743801526840299,2.806458250193057
2017-09-19,3910.11,2165.897670598808,1.8053068956480147,2785.9404405438763,1.403515288085865,2.533775827728822
2017-09-20,3872.06,2177.9697755418288,1.7778299972214815,2791.059043106737,1.3873085234664175,2.466398708419639
2017-09-21,3617.47,2189.321563020366,1.6523246566892507,2796.1854372744515,1.2937160575180184,2.1376389405918306
2017-09-22,3619.01,2200.6856152666905,1.6444920505200966,2801.319632454086,1.2918947049357519,2.1245105723758497
2017-09-23,3787.33,2213.0294332853205,1.7113780517494404,2806.4616380610273,1.3495035701313383,2.309510790680284
2017-09-24,3669.01,2225.9019502288397,1.6483250754251768,2811.611463519081,1.3049491537524813,2.1509804122850795
2017-09-25,3919.78,2239.140388112634,1.7505735776147442,2816.76911826045,1.391587253136578,2.436075876286374
2017-09-26,3885.09,2253.220281120429,1.72423887382556,2821.9346117258074,1.3767469961410623,2.373840690168988
2017-09-27,4200.0,2267.491223886814,1.8522673674567,2827.107953364164,1.4856171286286186,2.751760127893513
2017-09-28,4189.42,2281.376848508241,1.8363559719383498,2832.289152632986,1.4791639462748294,2.7162715462176794
2017-09-29,4156.99,2295.16664429082,1.8111931045793244,2837.4782189982193,1.4650297479526162,2.653451777495364
2017-09-30,4339.0,2309.516707726452,1.8787480452009477,2842.675161934136,1.526379115736803,2.8676817799260697
2017-10-01,4394.81,2323.960767725221,1.8910861409686375,2847.8799909235204,1.5431865155858748,2.91829863255413
2017-10-02,4392.71,2339.3330805429064,1.8777616734170028,2853.092715457556,1.5396310032972527,2.891060089196148
2017-10-03,4307.99,2355.6859386637775,1.8287624548303045,2858.313345035902,1.507179052808113,2.756272464482178
2017-10-04,4214.84,2373.0529917427966,1.7761255288718076,2863.5418891666695,1.471897448382212,2.6142746339529204
2017-10-05,4320.04,2390.247982952224,1.8073605880274677,2868.778357366406,1.5058814107778895,2.721670712083159
2017-10-06,4362.99,2407.3896172182344,1.8123323157975082,2874.02275916012,1.518077748721448,2.7512613619010096
2017-10-07,4425.0,2424.0451518500145,1.8254610466405177,2879.2751040812855,1.5368451572160284,2.805450969215982
2017-10-08,4603.49,2442.206268568326,1.8849718220970193,2884.535401671868,1.5959207840998697,3.0082657083272353
2017-10-09,4769.55,2461.052128559853,1.9380125860198758,2889.8036614822827,1.6504754504856323,3.1986421959579796
2017-10-10,4750.0,2481.1357402406115,1.9144458414594288,2895.079893071444,1.6407146522511462,3.1410593430237594
2017-10-11,4814.99,2501.1730888979337,1.9250926780607494,2900.3641060067002,1.6601329433184195,3.1959097737897304
2017-10-12,5440.0,2522.789408739997,2.156343284601389,2905.6563098639763,1.8722104130252986,4.037128351487895
2017-10-13,5624.8,2544.1459928623194,2.2108794132807437,2910.9565142276383,1.932285821690615,4.272050943750046
2017-10-14,5819.13,2566.0783172162724,2.2677133277493637,2916.264728690542,1.9954052671387275,4.5250071185517715
2017-10-15,5693.7,2587.9441299896466,2.2000861355622767,2921.580962854063,1.9488421071986592,4.287620500447742
2017-10-16,5754.9,2610.1474283661737,2.2048179874660527,2926.9052263280964,1.9662064723632067,4.335127397338573
2017-10-17,5594.0,2631.5918397939877,2.1257095858900072,2932.237528731042,1.9077581352766007,4.055339755717116
2017-10-18,5574.44,2653.1293505623457,2.101081124754986,2937.577879689804,1.8976313916785885,3.9870774987984183
2017-10-19,5704.01,2674.8837906629074,2.1324328256467524,2942.9262888398184,1.9382102846512939,4.133103233996555
2017-10-20,5989.1,2697.014825330755,2.2206403701416484,2948.282765825108,2.0313858865311,4.510977506966942
2017-10-21,6024.86,2719.5118616343507,2.2154196438691858,2953.6473202981156,2.0398034520221264,4.519020637241995
2017-10-22,6005.05,2742.283876289887,2.1897988213110895,2959.019961919923,2.0294050318280714,4.443988746659905
2017-10-23,5905.99,2764.311280326592,2.1365140901578314,2964.4007003600886,1.992304886206036,4.256587461269491
2017-10-24,5525.43,2785.5679360626787,1.983591901840326,2969.7895452967477,1.8605459800175461,3.690563938964378
2017-10-25,5739.97,2807.6348697211497,2.044414700039,2975.1865064166127,1.9292807316854097,3.944249888359649
2017-10-26,5891.61,2829.932850474571,2.0818903879687447,2980.591593414884,1.9766579269083768,4.115185138332775
2017-10-27,5780.0,2852.1465899775167,2.026543803993456,2986.0048159954454,1.9356968110157315,3.9227743787738225
2017-10-28,5752.01,2874.2997143601806,2.0011865746855135,2991.4261838705775,1.9228320026795813,3.8479455891380376
2017-10-29,6140.01,2897.687181674526,2.11893472795493,2996.8557067612755,2.048817360858376,4.341310257159781
2017-10-30,6124.16,2921.680740413526,2.0961085567251967,3002.2933943970615,2.0398272905069925,4.27569943787328
2017-10-31,6445.01,2946.666706505045,2.187220558664484,3007.739256516058,2.1428087511366996,4.686795353772357
2017-11-01,6783.69,2972.5629017140045,2.2821014135944666,3013.1933028649205,2.25132917743781,5.1377614982972934
2017-11-02,7039.98,2999.2536945592733,2.3472439203028115,3018.6555431989873,2.3321574453438494,5.4741423847722865
2017-11-03,7170.01,3026.308730538268,2.3692262219144844,3024.125987282111,2.3709362738699724,5.61728439054096
2017-11-04,7412.55,3053.9621834009085,2.427191155243889,3029.604644886761,2.4467053853084724,5.938621670708316
2017-11-05,7392.0,3081.6690434871416,2.398700151017967,3035.091525794053,2.4355113963379,5.8420615542017
2017-11-06,6969.76,3108.4345609229995,2.2422090165959427,3040.5866397936998,2.29224186832344,5.1396853853735465
2017-11-07,7126.63,3135.6069425993337,2.272807188675318,3046.08999668402,2.339599292127962,5.317458089768117
2017-11-08,7467.96,3163.794705964194,2.360443927010136,3051.6016062719627,2.44722639569041,5.776540683726331
2017-11-09,7156.0,3191.4912619692604,2.2422119982821136,3057.1214783730625,2.340764032644289,5.24848919914225
2017-11-10,6577.62,3218.0058280175685,2.044004999224038,3062.6496228115684,2.1476893572832614,4.389887783067247
2017-11-11,6346.7,3243.8558682589596,1.9565295924835269,3068.1860494202465,2.068551221396515,4.047181678230226
2017-11-12,5886.35,3268.463732202217,1.8009531334263607,3073.7307680406857,1.9150506157545433,3.448916407113226
2017-11-13,6535.87,3294.3497819511836,1.9839635838939127,3079.2837885229237,2.122529279165639,4.211020795613225
2017-11-14,6605.0,3320.5654023842285,1.9891190805208914,3084.8451207257785,2.141112354595626,4.2589274380651725
2017-11-15,7294.0,3348.50167243846,2.1782876980581984,3090.4147745166497,2.360200986659082,5.1411967741843005
2017-11-16,7838.53,3377.6539285882445,2.3207025248072894,3095.992759771674,2.5318308562769642,5.8756262605469525
2017-11-17,7714.71,3406.1613759052025,2.264927919908017,3101.5790863755783,2.487349116419018,5.63366646033597
2017-11-18,7777.01,3434.6284181153815,2.2642944310893847,3107.173764221807,2.5029208503077576,5.667349742809363
2017-11-19,8031.82,3463.1883990558918,2.3191981129844317,3112.7768032124536,2.580274946700639,5.984168787369127
2017-11-20,8256.01,3492.1238068093307,2.364180211452273,3118.3882132583635,2.6475247581100243,6.259225642453686
2017-11-21,8109.0,3521.1213284374826,2.302959552830409,3124.008004278934,2.595703976716178,5.9778012694984035
2017-11-22,8250.0,3550.279780990566,2.3237605228110114,3129.6361862023487,2.636089151950581,6.125639905913118
2017-11-23,8031.16,3578.927668105701,2.24401294040425,3135.272768965504,2.561550650232552,5.748152806622768
2017-11-24,8215.01,3607.0916309405325,2.2774608578096958,3140.9177625139105,2.6154807674508853,5.956655072223454
2017-11-25,8795.5,3636.639842356996,2.41857879286155,3146.571176801876,2.795264910848006,6.760568433807018
2017-11-26,9401.11,3666.8730784251748,2.5637947643493373,3152.2330217923554,2.982365178908805,7.646172231064169
2017-11-27,9768.71,3697.629723404872,2.6418843233996725,3157.903307457031,3.0934164377143203,8.172448392544322
2017-11-28,9949.0,3730.4883368736073,2.666943065244351,3163.5820437763173,3.144852847920466,8.387143493975435
2017-11-29,9935.98,3762.5663372157983,2.640745467188857,3169.269240739364,3.135101263180158,8.27900444992106
2017-11-30,9903.0,3794.7804025563164,2.609637172503827,3174.9649083440595,3.119089591816946,8.13969214317529
2017-12-01,10869.84,3829.6165713578353,2.8383624828910667,3180.6690565969575,3.4174696601820607,9.700017669879244
2017-12-02,10930.24,3864.554342378822,2.828331298162546,3186.38169551341,3.4302983899858397,9.702020298433542
2017-12-03,11290.0,3900.054031901479,2.894831688907535,3192.1028351175196,3.536853473451569,10.238595513970287
2017-12-04,11643.98,3935.5761798113926,2.9586468328909397,3197.8324854421426,3.64121011748058,10.773054781974365
2017-12-05,11718.35,3970.7584448629277,2.9511616389459125,3203.570656528814,3.6579027767401455,10.795062353709252
2017-12-06,14090.0,4009.1272071271496,3.5144806517866956,3209.317358427911,4.390341753830792,15.429771148569586
2017-12-07,17390.01,4052.1467402559133,4.291554850973075,3215.072601198573,5.408901184227391,23.212596115605066
2017-12-08,16367.03,4093.737270390859,3.9980655618471874,3220.8363949086574,5.081608623732708,20.316604437331424
2017-12-09,15309.98,4132.9683706882915,3.7043545042785615,3226.608749634821,4.744913681193217,17.57684236734106
2017-12-10,15290.01,4171.127226278567,3.6656781657656548,3232.389675462522,4.730249609466457,17.339572712042706
2017-12-11,16885.76,4212.414366364482,4.0085705088346355,3238.1791824859733,5.214584817087447,20.903030913593593
2017-12-12,17730.12,4255.905078019306,4.166004568939207,3243.977280808197,5.465549991639509,22.76950623693584
2017-12-13,16689.61,4300.243795112706,3.8810846071025096,3249.7839805410044,5.135605966406916,19.93172126436569
2017-12-14,16749.78,4343.790725841311,3.856028307338835,3255.5992918049697,5.14491449920226,19.83893594776192
2017-12-15,17738.67,4388.583036680731,4.042003957025841,3261.4232247295695,5.438935329060476,21.984198122070087
2017-12-16,19650.01,4436.978735340409,4.428691497547245,3267.255789452945,6.014224556103736,26.63514515595647
2017-12-17,19378.99,4484.481739166185,4.321344388750528,3273.096996122175,5.920689189156142,25.585337005095806
2017-12-18,19039.01,4530.972370115304,4.201970006609308,3278.946854893142,5.806440556237824,24.398489062471203
2017-12-19,17838.73,4575.903526162296,3.898406052052616,3284.8053759304594,5.430680956233814,21.17099950654879
2017-12-20,16496.89,4618.839064950085,3.571652912781943,3290.672569407688,5.0132274336153095,17.905508365710467
2017-12-21,15758.8,4661.355992749803,3.3807329936848807,3296.5484455071255,4.780393875745315,16.161235298541328
2017-12-22,14210.57,4700.24092414523,3.0233705525604067,3302.433014419998,4.303060785169562,13.009747263759115
2017-12-23,15075.89,4739.375825836072,3.180986390194212,3308.326286346302,4.556953787242592,14.495607977962656
2017-12-24,14221.94,4779.040425904434,2.9758986600973345,3314.2282714949165,4.291176960356158,12.770107766564443
2017-12-25,14171.98,4817.949861254727,2.941495949131614,3320.13898008358,4.268489989429069,12.555746012814453
2017-12-26,15790.88,4859.702710037851,3.2493510286922485,3326.058422338867,4.747625566028373,15.426702016819911
2017-12-27,15367.08,4900.128498100775,3.1360565352431222,3331.986608496244,4.611987323363014,14.463452985891013
2017-12-28,14450.01,4938.805711933946,2.925810579080593,3337.9235487999968,4.329041629846455,12.66595579788505
2017-12-29,14565.05,4981.012119208358,2.9241145476905306,3343.8692535033633,4.3557474577512965,12.736704507276611
2017-12-30,12839.99,5019.915061298045,2.5578102105735327,3349.8237328684077,3.8330345188059476,9.80417482968266
2017-12-31,13863.13,5063.7898033087695,2.7376985496004567,3355.7869971660743,4.131111423849982,11.309737753311975
2018-01-01,13480.01,5107.56678216571,2.63922344531425,3361.759056676193,4.009808487978859,10.582780572693887
2018-01-02,14781.51,5153.354431961194,2.8683278426038035,3367.739921687538,4.3891483142181436,12.58951631498945
2018-01-03,15098.14,5198.532656811039,2.9043080031859847,3373.7296024977204,4.475207494051148,12.997380940890643
2018-01-04,15144.99,5245.407292402267,2.887285801797856,3379.7281094132777,4.481126738514234,12.938293608168882
2018-01-05,16960.01,5294.854168090048,3.203111825479754,3385.7354527497,5.009254336816555,16.04520180309285
2018-01-06,17098.99,5343.698655325713,3.1998417393837437,3391.7516428313565,5.041344945211306,16.13150597831839
2018-01-07,16174.22,5392.315600350098,2.9994943172372706,3397.776689991439,4.7602363179555365,14.2783017844141
2018-01-08,14993.74,5438.938981647723,2.756739880809925,3403.8106045722748,4.404986570010444,12.143402151979913
2018-01-09,14480.99,5484.901124691505,2.6401551588251237,3409.85339692491,4.2468072126089975,11.212229970905389
2018-01-10,14875.18,5533.21267289002,2.6883441644816863,3415.905077409478,4.354681896278247,11.70688366403367
2018-01-11,13308.06,5579.603902154354,2.3851262980982564,3421.9656563949516,3.8890103923544546,9.275780960382027
2018-01-12,13820.0,5628.56529164825,2.4553326263277646,3428.035144259256,4.031463919832794,9.89858489422868
2018-01-13,14187.95,5676.789466896973,2.4992912072455926,3434.1135513893614,4.131473752304984,10.325756022101803
2018-01-14,13656.23,5724.586024311603,2.385540184391272,3440.200888181057,3.969602486563068,9.469646247755712
2018-01-15,13590.0,5772.907258713466,2.354099830633453,3446.297165039213,3.943362788868896,9.283069673402528
2018-01-16,11570.01,5817.827280612642,1.9887166534757676,3452.4023923775817,3.3512924291632267,6.664771064544168
2018-01-17,11200.01,5862.5233331590025,1.91044186325906,3458.516580618891,3.2383855155599086,6.186747258297424
2018-01-18,11305.53,5906.72723470633,1.9140091544386488,3464.639740194874,3.2631184907450446,6.245638663304042
2018-01-19,11498.99,5951.466408578678,1.9321271785093004,3470.7718815462426,3.313092992696816,6.401317016118234
2018-01-20,12762.8,5998.976767671143,2.127496153807349,3476.9130151226673,3.6707274368063882,7.809458503480699
2018-01-21,11518.17,6043.591643691031,1.9058484886257891,3483.063151382835,3.306908172315823,6.302465942232382
2018-01-22,10766.7,6086.62604217283,1.7689110396137393,3489.222300794395,3.085701933507858,5.45833221513951
2018-01-23,10824.94,6131.377398448933,1.7654988914462202,3495.3904738339934,3.0969186650344205,5.467606470017378
2018-01-24,11356.79,6177.207434366538,1.8384990500427674,3501.567680987305,3.2433444201763457,5.962885635455722
2018-01-25,11118.0,6223.358566958093,1.786495166617782,3507.7539327490645,3.1695495787775236,5.662385002841472
2018-01-26,11086.89,6272.07315142714,1.7676595492954832,3513.949239622871,3.1551081828347303,5.57715710844813
2018-01-27,11319.0,6322.110552144745,1.7903831175745708,3520.153612121507,3.2154846768684977,5.7569494802850825
2018-01-28,11536.0,6372.155410097495,1.810376435847709,3526.3670607666545,3.2713554208086326,5.922384767114615
2018-01-29,11123.01,6422.016123391335,1.732012157285922,3532.5895960891003,3.1486844699747145,5.453559781453585
2018-01-30,9995.0,6470.550664071117,1.5446907873697697,3538.821228628653,2.824386809692903,4.362804284901323
2018-01-31,10099.99,6523.742290613696,1.5481896049958592,3545.06196893409,2.849030591991826,4.410839546836944
2018-02-01,9014.23,6574.523018424738,1.3710850163180077,3551.3118275633647,2.5382817498695593,3.480200074439606
2018-02-02,8787.52,6619.680210382297,1.327484065803914,3557.5708150833448,2.4700899734006088,3.279005080791322
2018-02-03,9240.0,6665.75042994338,1.386190511797857,3563.838942070025,2.5927097577066784,3.5939896659787185
2018-02-04,8167.91,6708.725658556595,1.2175054422716332,3570.1162191084986,2.287855492289723,2.7854765129937844
2018-02-05,6905.19,6738.199572577675,1.0247826478903834,3576.402656792787,1.9307641400178277,1.9786135878592686
2018-02-06,7688.46,6774.08654889518,1.1349810700682514,3582.698265726135,2.145997075319352,2.4356660569092963
2018-02-07,7575.75,6807.5771122869355,1.1128408646780652,3589.0030565207535,2.110822944615732,2.349010030868471
2018-02-08,8218.1,6844.888627119859,1.200618512248599,3595.317039797936,2.2857789477341544,2.744348519557749
2018-02-09,8671.01,6884.151381029745,1.2595612037083028,3601.6402261881267,2.4075169798892295,3.0324149851374558
2018-02-10,8547.49,6925.7213592343405,1.234166024973455,3607.9726263308603,2.3690562222176275,2.9238087007129594
2018-02-11,8072.99,6966.073118209451,1.1589011288005355,3614.314250874712,2.233615961325507,2.5885400588870233
2018-02-12,8872.28,7008.09090988697,1.2660052664960504,3620.665110477296,2.4504558497624784,3.102290011115352
2018-02-13,8520.01,7047.368279329225,1.2089633551563086,3627.0252158055387,2.349035226684456,2.8398975090327996
2018-02-14,9472.98,7091.733595072857,1.335777757723664,3633.3945775352386,2.607198254373496,3.4826374381680796
2018-02-15,10031.23,7138.10868286383,1.4053064257877679,3639.773206351483,2.7560041330309497,3.8730303176460397
2018-02-16,10167.49,7183.560684402911,1.41538304563583,3646.1611129483863,2.7885465521237727,3.946861511842238
2018-02-17,11121.5,7234.153327150748,1.537360282129979,3652.558308029212,3.0448521452901205,4.681034753127292
2018-02-18,10380.04,7283.027773030624,1.4252369101814701,3658.9648023063464,2.8368788881098763,4.043224501048765
2018-02-19,11140.0,7333.658650829629,1.5190235229641857,3665.3806065013337,3.039247815149356,4.616688923329379
2018-02-20,11235.57,7384.036887345596,1.521602637069023,3671.8057313448785,3.0599576399388453,4.656039614250451
2018-02-21,10454.27,7427.373491405253,1.4075325567103076,3678.2401875766996,2.842193404147294,4.000479748804613
2018-02-22,9830.0,7468.910493763548,1.3161223458505673,3684.6839859458046,2.6678000169061398,3.511151216510692
2018-02-23,10144.99,7509.867060871071,1.3508880939928756,3691.137137210344,2.748472793852166,3.712879173878226
2018-02-24,9688.62,7549.042770686077,1.2834236464551747,3697.5996521375832,2.6202458111978153,3.3628854336163974
2018-02-25,9597.99,7588.95950576304,1.2647306910402283,3704.071541503938,2.591199951851631,3.2771701057287195
2018-02-26,10300.0,7630.63162365979,1.3498227287061633,3710.552816095008,2.775866699787267,3.7469279632314207
2018-02-27,10566.57,7671.230603800781,1.3774282831185778,3717.0434867056706,2.8427351032594204,3.9156637326435364
2018-02-28,10307.27,7708.856447005584,1.3370686133354759,3723.5435641397526,2.7681346605599018,3.701185972120696
2018-03-01,10895.92,7746.997153421133,1.4064701179331502,3730.053059210488,2.921116624090666,4.108463242781284
2018-03-02,11000.0,7783.279735279177,1.4132859635174662,3736.57198274025,2.9438747736723774,4.160536895984328
2018-03-03,11432.5,7822.722336204466,1.4614477554813705,3743.1003455604923,3.0542862719562214,4.463679816747983
2018-03-04,11469.9,7860.556640900482,1.4591714714348831,3749.6381585119975,3.0589351599066568,4.4635109183048955
2018-03-05,11377.54,7899.0764915778755,1.4403633148926864,3756.1854324446967,3.0290144628442848,4.362881312560284
2018-03-06,10700.0,7937.037061497844,1.3481101218369191,3762.7421782177676,2.8436707840206266,3.8335813671101344
2018-03-07,9920.0,7971.624849631228,1.2444138035997647,3769.3084066995434,2.631782526038002,3.2750265034743467
2018-03-08,9304.9,8004.839065342689,1.1624093781330325,3775.884128767611,2.464297018308391,2.864521964586943
2018-03-09,9255.0,8038.464565630799,1.1513392793408097,3782.469355308813,2.446814271478583,2.81711338000496
2018-03-10,8795.44,8069.278622933561,1.0899908667179528,3789.0640972191914,2.3212697843921424,2.5301628641757867
2018-03-11,9533.88,8102.9699504700975,1.1765908127854883,3795.668365404022,2.51177897597626,2.955336066881409
2018-03-12,9120.0,8133.374947326949,1.1213057382774794,3802.2821707777857,2.3985594941088855,2.6895185243442215
2018-03-13,9145.41,8163.556016431956,1.1202728298295161,3808.9055242642985,2.4010598167216193,2.689842075468668
2018-03-14,8207.03,8189.5624347948715,1.0021329057985948,3815.538436796559,2.1509493708286267,2.155537143214151
2018-03-15,8259.99,8215.955760769793,1.0053596003328626,3822.1809193168137,2.1610672478257285,2.172649704566514
2018-03-16,8275.0,8242.085000622475,1.0039935282607542,3828.832982776657,2.161232949366989,2.1698638942283592
2018-03-17,7865.02,8264.227635897336,0.9516945014724308,3835.494638136875,2.0505881879737164,1.9515335032789014
2018-03-18,8192.0,8288.271234649144,0.9883846423550086,3842.1658963674845,2.1321307358812898,2.1073652748381497
2018-03-19,8589.0,8312.907960009881,1.0332124500016466,3848.8467684478583,2.2315775391244594,2.3056936965674284
2018-03-20,8900.0,8337.34509609185,1.0674860998823108,3855.53726536667,2.3083682992631096,2.46415107287234
2018-03-21,8891.81,8364.413008791025,1.0630524808680153,3862.2373981217697,2.30224325524996,2.4474054040551256
2018-03-22,8715.09,8390.9431089349,1.0386305671313563,3868.947177720409,2.2525740465484847,2.3395922594720266
2018-03-23,8927.1,8419.748333412035,1.060257343390496,3875.6666151790864,2.3033714935740153,2.4421665406181843
2018-03-24,8531.34,8447.358937993331,1.0099416945134119,3882.395721523585,2.19744214962508,2.2192884481875477
2018-03-25,8453.0,8472.948933425463,0.9976455737450789,3889.1345077890364,2.173491295575043,2.1683739706038985
2018-03-26,8145.0,8496.965809164483,0.9585774714092803,3895.8829850198313,2.0906685419758673,2.0040677645221536
2018-03-27,7793.61,8521.776067574494,0.9145523114195433,3902.641164269782,1.9970091207343301,1.8263693072934915
2018-03-28,7942.72,8547.622609050393,0.9292314791238081,3909.409056601872,2.031693252100857,1.8879133257755392
2018-03-29,7079.99,8569.44829890289,0.8261897094246338,3916.186673088546,1.8078785796021015,1.4936506783564798
2018-03-30,6848.01,8590.311315035291,0.7971783267055982,3922.9740248114576,1.745616962204873,1.39156800899939
2018-03-31,6928.5,8612.203322977097,0.8044979594844182,3929.7711228617636,1.763079778283495,1.4183940840373122
2018-04-01,6816.01,8636.77534944563,0.7891845884861993,3936.5779783397716,1.7314556037004027,1.3664380780884262
2018-04-02,7045.01,8670.244553024015,0.8125503216103445,3943.3946023553012,1.7865343721351583,1.4516490786463576
2018-04-03,7424.9,8700.023601651686,0.8534344663835617,3950.221006027428,1.8796163527738696,1.6041293790353839
2018-04-04,6791.68,8726.172730812448,0.7783114326878173,3957.057200484582,1.716346177449315,1.335851852358835
2018-04-05,6785.85,8752.439742816687,0.7753095364717354,3963.9031968646545,1.7119111297590297,1.3272610244942782
2018-04-06,6619.01,8773.425152510346,0.7544385328352745,3970.7590063147377,1.6669382325831719,1.2576024345170738
2018-04-07,6894.01,8798.336948557102,0.7835583065650372,3977.6246399914858,1.7331977307981372,1.3580614788865537
2018-04-08,7020.01,8824.550003310418,0.795509119146759,3984.5001090607966,1.7618295414364329,1.4015514665948352
2018-04-09,6771.13,8852.253646195664,0.7649046526033463,3991.3854246980095,1.6964360189575798,1.2976118037445514
2018-04-10,6824.99,8880.377148058013,0.7685473134992368,3998.280598087842,1.7069812467049006,1.3118958513486292
2018-04-11,6942.99,8907.328669387129,0.7794693850089753,4005.1856404243313,1.7335001728570119,1.3512103136498075
2018-04-12,7916.0,8941.641673191918,0.8852960439840806,4012.100562911098,1.973031302649182,1.746716806892078
2018-04-13,7893.19,8972.990672771797,0.8796610057727562,4019.025376760958,1.9639562481094202,1.7276157285056213
2018-04-14,8003.11,9005.472509637364,0.8886940681275004,4025.9600931962523,1.9878761375516383,1.766613731614348
2018-04-15,8355.25,9036.495894448564,0.9246117187009317,4032.9047234487216,2.0717697473534766,1.9155825868530931
2018-04-16,8048.93,9066.047222777623,0.887810288454906,4039.8592787595435,1.9923788044596096,1.7688544010987266
2018-04-17,7892.1,9095.153746225027,0.8677258483151692,4046.823770379235,1.9501961162149686,1.692235579323582
2018-04-18,8152.05,9123.877187183969,0.8934852840249686,4053.7982095678226,2.010965908653133,1.7967684460574735
2018-04-19,8274.0,9152.785990341474,0.9039870492690621,4060.7826075947482,2.03753827760329,1.8419082153433655
2018-04-20,8866.27,9184.982854352476,0.965300658759374,4067.7769757389033,2.17963522899125,2.1040033224003927
2018-04-21,8915.42,9218.445353401883,0.9671283669008183,4074.78132528857,2.1879505397430434,2.1160290323614537
2018-04-22,8795.01,9252.411969597626,0.9505640290228541,4081.795667541555,2.154691394754993,2.048172133499179
2018-04-23,8931.3,9286.07306164382,0.9617951464210192,4088.8200138050943,2.18432211979134,2.100870413035383
2018-04-24,9650.0,9323.002738661691,1.0350742427632547,4095.8543753957906,2.356040795290116,2.438677142104253
2018-04-25,8865.98,9355.45424634576,0.9476803334763837,4102.898763639885,2.1609063520091705,2.0478484522832865
2018-04-26,9272.11,9388.264917889743,0.9876276480366032,4109.953189872959,2.2560135290218732,2.2281013356066297
2018-04-27,8922.55,9417.711753752368,0.947422286145562,4117.017665440174,2.1672362678691686,2.0532879395221832
2018-04-28,9329.99,9449.554448531464,0.9873470808404046,4124.092201696003,2.2623136301761413,2.2336887586998717
2018-04-29,9389.01,9481.159524803506,0.9902807747762882,4131.176810004541,2.2727204454823804,2.2506313636022024
2018-04-30,9243.82,9506.326290825478,0.9723861476247851,4138.271501739375,2.233739375513349,2.1720572261532185
2018-05-01,9072.29,9529.075456313249,0.9520640319821777,4145.376288283515,2.1885323235050835,2.0836229080395734
2018-05-02,9190.48,9550.87512032269,0.962265748867784,4152.491181029573,2.2132449171683253,2.129729777646795
2018-05-03,9725.74,9576.477816669492,1.015586334160425,4159.616191379525,2.338133989418501,2.3745769270894255
2018-05-04,9685.0,9601.434337591807,1.008703456116032,4166.751330744989,2.3243527705955955,2.3445826729326518
2018-05-05,9800.0,9628.38913804778,1.0178234239904242,4173.896610547025,2.347925910583498,2.3897739895859305
2018-05-06,9600.0,9654.593308355566,0.9943453539044137,4181.052042216238,2.2960728312081367,2.2830893519379636
2018-05-07,9356.25,9678.51197877378,0.9667033548668904,4188.217637192822,2.233945513459774,2.1595626224514017
2018-05-08,9177.81,9699.190278574932,0.9462449685385967,4195.3934069263505,2.1875922255223954,2.0699981366147178
2018-05-09,9300.08,9720.266632155299,0.9567721084146712,4202.579362876062,2.21294571665993,2.1172847391359366
2018-05-10,9010.51,9740.00863152239,0.9251028762786252,4209.775516510687,2.1403777860983064,1.9800696462424192
2018-05-11,8403.33,9757.198386708991,0.8612441468287458,4216.9818793085615,1.9927356200491557,1.716231888944487
2018-05-12,8475.0,9778.089395027846,0.8667337408788197,4224.198462757483,2.0062977804474813,1.7389259805641184
2018-05-13,8686.1,9798.364234474238,0.8864847021545816,4231.425278354861,2.0527598689813273,1.81974022104879
2018-05-14,8670.0,9817.310002330034,0.8831339743720293,4238.6623376076495,2.0454566345318863,1.8064122470597803
2018-05-15,8477.46,9836.128517426161,0.8618695846623924,4245.909652032418,1.9966180853476323,1.7208243999479849
2018-05-16,8344.0,9854.440414328852,0.8467248924522801,4253.167233155221,1.961832098901502,1.661132072951805
2018-05-17,8059.0,9867.849750613579,0.816692613251321,4260.435092511769,1.8915908410773983,1.5448482672017647
2018-05-18,8238.51,9882.493536179942,0.8336468898096118,4267.713241647333,1.9304272647943757,1.6092946852995071
2018-05-19,8235.6,9894.614926057422,0.8323315320045034,4275.001692116749,1.9264553778275064,1.6034495559654829
2018-05-20,8516.86,9905.877768162933,0.8597784264381724,4282.300455484418,1.9888515737125139,1.7099716764656279
2018-05-21,8393.44,9914.591099373662,0.8465744997320407,4289.609543324488,1.9566909097966536,1.6564846280913337
2018-05-22,7987.7,9919.94621651254,0.8052160592064337,4296.9289672205405,1.8589322888357698,1.4968421319479346
2018-05-23,7505.0,9920.561022019265,0.7565096352254892,4304.258738765877,1.7436219464241232,1.3190668026604708
2018-05-24,7584.15,9921.834021234145,0.764389928693509,4311.598869563309,1.7590110373064793,1.344570321377795
2018-05-25,7459.11,9925.200838120769,0.7515323993597194,4318.949371225376,1.727065857658733,1.2979459478585191
2018-05-26,7337.95,9926.65106752186,0.7392170783567074,4326.310255374174,1.696121999314484,1.25380234886979
2018-05-27,7346.64,9925.838167465306,0.7401531111075994,4333.681533641461,1.695242242183597,1.2547388196332119
2018-05-28,7107.94,9925.503737040699,0.7161288926298103,4341.06321766863,1.6373730682082352,1.1725701621578384
2018-05-29,7460.0,9931.75293646188,0.75112621585788,4348.45531910671,1.7155517195316348,1.2885958712002759
2018-05-30,7380.01,9939.246289956842,0.7425120360944437,4355.857849616298,1.6942724613132396,1.258017694948438
2018-05-31,7485.0,9951.19372530598,0.7521710667701679,4363.270820867817,1.7154562041398334,1.2903165230653613
2018-06-01,7514.32,9958.13735638571,0.7545909170635612,4370.694244541159,1.719250896899301,1.2973311109535937
2018-06-02,7636.42,9965.36470451452,0.7662960891476998,4378.128132325974,1.744220308130404,1.3365892007323243
2018-06-03,7706.37,9968.105315788802,0.7731027869251775,4385.572495921607,1.7572095791750317,1.3585036228718355
2018-06-04,7487.37,9965.821200993852,0.7513048698137704,4393.027347036988,1.7043759140379777,1.2805059242100287
2018-06-05,7612.51,9965.156704715333,0.7639127236602208,4400.492697390751,1.7299221981469932,1.3215095781067456
2018-06-06,7655.0,9964.368844909995,0.7682373183034399,4407.968558711267,1.7366276319897456,1.3341421548914552
2018-06-07,7684.93,9962.169459030129,0.7714112906435312,4415.454942736545,1.7404616511016076,1.3426117685918624
2018-06-08,7618.83,9958.169524469446,0.765083380161267,4422.951861214266,1.7225667922843606,1.3179072239944696
2018-06-09,7496.4,9954.259139169428,0.7530846741272893,4430.459325901831,1.692014179246322,1.2742299467964693
2018-06-10,6770.31,9944.425890153461,0.6808145663495434,4437.977348566395,1.5255395573812518,1.0386095522075913
2018-06-11,6881.0,9936.743558862505,0.6924803844678964,4445.505940984728,1.547855315311036,1.071859443847263
2018-06-12,6544.99,9925.458696067757,0.6594143606272803,4453.045114943363,1.469778506855133,0.9691930543615963
2018-06-13,6302.32,9908.93058392921,0.63602423557406,4460.594882238566,1.4128877798553086,0.8986308701344033
2018-06-14,6638.49,9891.706843450556,0.6711167349642434,4468.155254676301,1.4857339599048758,0.9971009241968564
2018-06-15,6391.22,9870.745843071312,0.6474910915152642,4475.726244072235,1.4279738418909542,0.9246003415412192
2018-06-16,6484.29,9849.640614570682,0.6583275729276576,4483.307862251815,1.4463182541167625,0.9521511859136554
2018-06-17,6447.16,9828.362660739678,0.6559749800191835,4490.900121050235,1.4356052965373627,0.9417211557115305
2018-06-18,6709.02,9809.246198235413,0.6839485791687936,4498.5030323123665,1.4913894581841287,1.0200337009123517
2018-06-19,6736.41,9785.80734903592,0.6883857161426399,4506.116607892911,1.494947997617396,1.0291008479358568
2018-06-20,6756.1,9762.29649134225,0.6920605214143709,4513.740859656252,1.4967850858222547,1.0358658669394034
2018-06-21,6719.01,9736.997314682863,0.6900494868030925,4521.3757994765765,1.486054311339888,1.025451014901613
2018-06-22,6059.82,9705.252561672141,0.6243856057833428,4529.021439237762,1.3379976406161311,0.8354264673727864
2018-06-23,6178.29,9674.239855074495,0.6386331218322295,4536.6777908336435,1.361853383655157,0.8697246778814779
2018-06-24,6149.99,9634.222406537032,0.6383483524136931,4544.344866167606,1.3533281872567227,0.8638948186103389
2018-06-25,6246.01,9585.023500651476,0.6516426380775666,4552.022677152962,1.3721394735903496,0.894144586380779
2018-06-26,6074.0,9537.63518362553,0.6368454950371772,4559.711235712736,1.332101899880632,0.8483430938694454
2018-06-27,6132.17,9494.10224324271,0.6458925597061568,4567.410553779732,1.3425922473567349,0.8671703432868831
2018-06-28,5851.66,9448.617342689222,0.6193138940617239,4575.120643296663,1.2790176382722687,0.7921133941320281
2018-06-29,6202.36,9401.419738350563,0.6597258895589078,4582.841516215881,1.353387407802262,0.8928647115301717
2018-06-30,6383.19,9353.519871343078,0.682437209499768,4590.573184499727,1.3904995614824576,0.9489286405487395
2018-07-01,6349.5,9308.432202294318,0.6821234620406852,4598.315660120193,1.3808316934540406,0.9418976952343723
2018-07-02,6611.79,9265.270213243946,0.7136100564610611,4606.068955059151,1.435451805978248,1.0243528443112697
2018-07-03,6502.62,9218.896225024655,0.7053577609810452,4613.833081308323,1.4093747834839492,0.9941134416613837
2018-07-04,6587.47,9168.65656876362,0.7184771237307137,4621.608050869167,1.4253631912297544,1.024090845906385
2018-07-05,6532.95,9118.94500609782,0.7164151111374649,4629.3938757530705,1.411189061751043,1.0109971685103483
2018-07-06,6600.0,9070.768734993271,0.7276119800671884,4637.190567981247,1.4232755594673008,1.035592348005238
2018-07-07,6753.28,9026.821374494555,0.7481348882211752,4644.998139584694,1.4538821754197313,1.0876999787943997
2018-07-08,6701.97,8986.257324365884,0.7458021463315847,4652.816602604354,1.4404113835582215,1.0742619014581691
2018-07-09,6664.01,8947.669065071073,0.7447760921349036,4660.645969090888,1.4298468590395617,1.0649157560268512
2018-07-10,6303.7,8911.377332008546,0.7073766226190314,4668.486251104907,1.3502663734969942,0.9551468669203514
2018-07-11,6390.04,8873.213603591414,0.7201494616802243,4676.337460716827,1.3664625475981973,0.9840572680590297
2018-07-12,6249.75,8836.808739029646,0.7072406096554573,4684.199610007062,1.3342194014636746,0.9436141429053085
2018-07-13,6216.29,8800.471869232944,0.7063587148926159,4692.072711065756,1.3248494605250978,0.9358189623626836
2018-07-14,6248.65,8759.773127813136,0.7133346844520351,4699.9567759929505,1.3295122269884834,0.9483871849139522
2018-07-15,6348.73,8721.141559426813,0.7279700663885638,4707.85181689869,1.34854074574128,0.9816972962049628
2018-07-16,6728.81,8687.87745614949,0.7745056297078852,4715.757845902771,1.4268777617252433,1.1051248593611873
2018-07-17,7315.01,8658.01235504675,0.8448832942281591,4723.674875134964,1.5485845646375052,1.308373228361815
2018-07-18,7378.99,8634.06596541049,0.8546367412018239,4731.602916734873,1.5595116770897595,1.332815977574183
2018-07-19,7470.01,8607.413398346094,0.8678577005997359,4739.541982852089,1.5761037726908818,1.3678337960740774
2018-07-20,7334.46,8581.259818414113,0.8547066695569961,4747.492085646117,1.5449125280641318,1.3204470416185734
2018-07-21,7408.0,8551.670566980627,0.8662634910895045,4755.453237286226,1.5577905260251264,1.3494570594606816
2018-07-22,7397.8,8521.221569965786,0.8681619107376061,4763.425449951764,1.5530420445805262,1.348291948878868
2018-07-23,7720.09,8492.560020588373,0.9090415588802804,4771.408735832004,1.617989660375182,1.4708198431196309
2018-07-24,8385.5,8462.703773444595,0.9908771740673642,4779.403107126033,1.7545077935563373,1.7385017243582699
2018-07-25,8157.15,8431.444374453078,0.9674676885393232,4787.408576042992,1.7038758799112672,1.648444859095659
2018-07-26,7931.99,8401.46017772396,0.9441204067158782,4795.425154801916,1.6540744029874543,1.5616453980868388
2018-07-27,8184.21,8376.066316346876,0.9770946994566595,4803.452855631748,1.7038181170872793,1.6647916510442067
2018-07-28,8228.9,8352.429619463954,0.9852103369807405,4811.491690771455,1.7102596302479764,1.6849654666411655
2018-07-29,8216.34,8327.67764291639,0.9866304091380033,4819.541672469953,1.704796961697238,1.6820045238165708
2018-07-30,8170.01,8307.387043895846,0.9834632667082981,4827.602812986071,1.6923533928729555,1.6643673961797085
2018-07-31,7727.27,8283.274144645751,0.932876283588278,4835.675124588601,1.5979712865134637,1.4907095150434593
2018-08-01,7603.99,8257.482168230632,0.9208606019465787,4843.758619556371,1.5698532064127573,1.4456159686250183
2018-08-02,7533.92,8232.9617068858,0.915092316498795,4851.853310178218,1.5527922050312903,1.4209482159433553
2018-08-03,7414.08,8208.055502993431,0.9032687458431692,4859.959208752789,1.5255436684833152,1.3779759161599117
2018-08-04,7005.0,8187.48762358935,0.8555738123887443,4868.076327588943,1.438966755779984,1.231142273143344
2018-08-05,7030.01,8168.444153290365,0.8606302336251161,4876.204679005358,1.441697070319446,1.2407680864456703
2018-08-06,6938.0,8148.526101311856,0.8514423238925418,4884.344275330814,1.4204567919263007,1.2094370319066743
2018-08-07,6718.22,8126.658939946281,0.826689055077339,4892.495128904033,1.3731684596495342,1.1351833363696786
2018-08-08,6282.5,8097.910383921636,0.7758174272308416,4900.657252073772,1.2819709024420112,0.9945753673173613
2018-08-09,6546.45,8075.0659539761145,0.8106992608248068,4908.830657198856,1.3336068113084236,1.0811540561586666
2018-08-10,6146.01,8052.461024331176,0.7632461655423507,4917.015356648073,1.2499472859465974,0.9540174731288087
2018-08-11,6235.56,8030.283563221673,0.7765055805200425,4925.211362800167,1.266049219145562,0.983094283879571
2018-08-12,6316.01,8006.7601187367145,0.788834672993366,4933.418688044091,1.280250146882233,1.009905705965555
2018-08-13,6253.67,7983.757897358833,0.7832990529520971,4941.637344778727,1.2655056540333844,0.9912693803098743
2018-08-14,6195.01,7960.558168531264,0.7782130183395155,4949.8673454129275,1.2515507119076543,0.973973057118625
2018-08-15,6269.01,7937.074826839933,0.7898388432474869,4958.1087023657665,1.2643954330829286,0.9986686262736255
2018-08-16,6315.9,7913.20423280679,0.7981469723497543,4966.361428066215,1.2717358757474209,1.0150321388563672
2018-08-17,6585.49,7892.492965163855,0.8343992232957638,4974.625534953393,1.3238162257094792,1.104591230518319
2018-08-18,6396.64,7874.900026162091,0.8122820580260071,4982.901035476407,1.2837180498786342,1.0427411394805495
2018-08-19,6489.53,7857.502186170514,0.8259024110005093,4991.187942094559,1.3001974831019205,1.0738362360706701
2018-08-20,6258.74,7843.1821630193845,0.7979847809107339,4999.486267277107,1.25187662599756,0.9989784951239317
2018-08-21,6475.89,7831.220774408336,0.8269323757494585,5007.796023503429,1.2931616962045311,1.0693572736706125
2018-08-22,6359.99,7816.6090276298055,0.8136507758695602,5016.11722326295,1.267910959198611,1.0316367356854683
2018-08-23,6526.36,7807.845127625184,0.8358721123846167,5024.449879055264,1.2989203110982444,1.085731264256973
2018-08-24,6690.88,7806.61439992216,0.8570783257934086,5032.79400339002,1.3294563607199332,1.1394482318612382
2018-08-25,6737.52,7801.462618766542,0.8636226729834979,5041.149608786919,1.3365046711282367,1.1542357365346987
2018-08-26,6709.98,7796.730268117903,0.8606146126970942,5049.51670777585,1.3288360824051082,1.1436157503969961
2018-08-27,6911.9,7789.985332654443,0.8872802328685213,5057.895312896679,1.3665565561185022,1.2125186193408293
2018-08-28,7071.01,7782.044300885791,0.9086314246752801,5066.285436699632,1.3956990951947472,1.2681760572848026
2018-08-29,7030.9,7774.447951507631,0.9043600322305275,5074.687091744799,1.385484439313993,1.252976752192897
2018-08-30,6983.0,7768.8117599186135,0.8988504569034833,5083.10029060251,1.3737678976962093,1.2348119025235755
2018-08-31,7015.01,7759.693435509651,0.9040318484617118,5091.52504585326,1.3777816934659495,1.24555853112073
2018-09-01,7191.08,7753.116929435759,0.9275082609289808,5099.961370087583,1.410026366508832,1.3078111030646165
2018-09-02,7295.0,7742.995863545273,0.942141792215791,5108.409275906271,1.428037497779739,1.345413807509557
2018-09-03,7256.98,7730.472435514969,0.9387498707918971,5116.86877592016,1.4182462591480052,1.3313784925262813
2018-09-04,7360.0,7717.992571788315,0.9536158439570297,5125.3398827503115,1.4360023273325917,1.3693945713035283
2018-09-05,6687.96,7698.391756691965,0.8687476828113314,5133.822609027924,1.3027251834216274,1.1317394844375055
2018-09-06,6495.0,7680.365858662654,0.8456628394432949,5142.3169673942575,1.2630493299387535,1.0681138827129573
2018-09-07,6395.01,7659.081459760684,0.8349578253734644,5150.822970500975,1.2415511145742237,1.0366428187148948
2018-09-08,6188.0,7636.273322527527,0.8103429171065654,5159.340631009723,1.1993780683538546,0.9719075226235001
2018-09-09,6235.01,7616.565509390418,0.8186117472912028,5167.869961592345,1.2064951413906793,0.9876510957921707
2018-09-10,6300.0,7599.641696908276,0.8289864511063723,5176.410974930889,1.217059470453679,1.008925811196796
2018-09-11,6282.53,7581.454478297619,0.8286708068991417,5184.963683717693,1.2116825465391372,1.0040859535461937
2018-09-12,6326.0,7565.312428143653,0.8361848978591687,5193.528100655096,1.2180544472652526,1.0185187335734014
2018-09-13,6485.99,7550.502364336337,0.8590143658037376,5202.1042384558195,1.2468012370942583,1.0710201739658398
2018-09-14,6478.04,7533.015827058238,0.8599530584724362,5210.692109842719,1.2432206439070403,1.0691113950839308
2018-09-15,6518.68,7514.844666210008,0.8674404182046244,5219.2917275488335,1.248958736219446,1.0833972884665155
2018-09-16,6498.0,7497.5295877926455,0.8666854760506629,5227.9031043174255,1.2429457605351704,1.0772430381745774
2018-09-17,6250.7,7476.72680454157,0.8360209170947843,5236.52625290203,1.1936729996409212,0.9979355958710852
2018-09-18,6335.7,7456.130861524885,0.8497302579134534,5245.161186066336,1.2079133081421136,1.0264004868646908
2018-09-19,6386.94,7434.457443287981,0.859099678587345,5253.807916584354,1.2156782473601218,1.0443887915727075
2018-09-20,6493.11,7413.337041592437,0.8758687165537578,5262.46645724025,1.2338529951229609,1.0806932392543576
2018-09-21,6750.0,7394.009810039413,0.9129011420616467,5271.136820828484,1.2805586782205889,1.1690234798245285
2018-09-22,6707.33,7376.76336034674,0.90925107291021,5279.819020153721,1.2703711953756924,1.1550863723895743
2018-09-23,6696.99,7362.286127109153,0.9096345733345756,5288.513068030926,1.266327588464009,1.151895355634261
2018-09-24,6582.09,7349.553444370258,0.8955768605291069,5297.21897728532,1.2425557690222468,1.1128041946532738
2018-09-25,6436.89,7336.221758511453,0.877412135549467,5305.936760752347,1.2131486465525254,1.0644313447105969
2018-09-26,6455.66,7324.8859337834765,0.8813324955990816,5314.666431277717,1.2146877105978546,1.0705437513547422
2018-09-27,6680.01,7311.8690214795615,0.9135844720927859,5323.408001717496,1.254837126488299,1.146399713765241
2018-09-28,6620.01,7300.165773216063,0.9068300920355097,5332.161484937939,1.2415246647536688,1.1258519260029247
2018-09-29,6581.0,7288.164488922856,0.9029708385427274,5340.926893815669,1.232183126794008,1.1126254312393853
2018-09-30,6605.0,7280.25514294871,0.9072484233464361,5349.704241237459,1.234647693060537,1.1201321729174867
2018-10-01,6572.83,7271.942968625995,0.903861599074382,5358.493540100587,1.2266190023020198,1.1086938128757267
2018-10-02,6498.46,7263.161088914082,0.8947151137703304,5367.2948033124485,1.21075145639279,1.0832776270540683
2018-10-03,6466.03,7256.051656761623,0.8911223769988691,5376.1080437908195,1.202734384675917,1.0717835237706754
2018-10-04,6547.45,7247.926441787558,0.9033549184841341,5384.933274463822,1.215883218284061,1.0983740855392246
2018-10-05,6593.94,7238.353501267026,0.9109723639285887,5393.770508269834,1.2225102995928436,1.11367309754714
2018-10-06,6552.43,7227.27950792383,0.9066246839929271,5402.619758157586,1.212824572765144,1.0995766950220556
2018-10-07,6570.0,7216.352296065978,0.9104322697191017,5411.48103708612,1.2140853779167449,1.1053425062495155
2018-10-08,6608.07,7206.373056182513,0.9169758418669132,5420.354358024833,1.2191214012081615,1.1179048732108248
2018-10-09,6589.48,7195.441463362693,0.9157853668259146,5429.239733953448,1.2137021614261434,1.1114906791190462
2018-10-10,6524.56,7185.799816003036,0.9079796497349634,5438.137177862092,1.1997784878543678,1.0893744511615528
2018-10-11,6154.69,7174.408331432519,0.8578672575737111,5447.046702751092,1.129913205424052,0.9693155428334527
2018-10-12,6188.01,7164.557796872643,0.8636974081919041,5455.96832163128,1.134172640897931,0.9795819703857102
2018-10-13,6196.0,7156.3447514037325,0.8658051303054735,5464.902047523732,1.133780614202874,0.981633072417739
2018-10-14,6183.49,7147.39158095939,0.8651393910574008,5473.847893460048,1.129642277306939,0.9772980319020207
2018-10-15,6440.42,7144.008851561878,0.9015134406772111,5482.80587248203,1.1746576752469378,1.058969682429761
2018-10-16,6457.11,7141.909669786304,0.904115327489602,5491.775997641919,1.175778109444482,1.0630390104755028
2018-10-17,6443.7,7139.319753497169,0.9025649813266282,5500.758282002354,1.1714203151014304,1.0572829548251554
2018-10-18,6394.96,7137.043955645875,0.8960236254312491,5509.752738636412,1.1606618850889967,1.0399804701773108
2018-10-19,6382.99,7133.523302414626,0.8947878529869555,5518.7593806274,1.156598713545353,1.0349104796607211
2018-10-20,6414.0,7128.305038164509,0.8997931437641679,5527.77822106921,1.1603215149900445,1.0440493437500942
2018-10-21,6415.88,7126.276534014104,0.9003130834702607,5536.809273066012,1.1587684681880333,1.043254412622479
2018-10-22,6407.65,7124.2334750056725,0.8994160596336854,5545.852549732435,1.155394944697753,1.0391807684807328
2018-10-23,6395.14,7123.007945643464,0.8978145256613621,5554.908064193531,1.1512593774904276,1.0336173919147633
2018-10-24,6415.98,7120.449067124685,0.9010639553090494,5563.975829584634,1.1531286613225582,1.0390426725515336
2018-10-25,6395.58,7117.133222693122,0.8986174348412596,5573.055859051784,1.1475894306015735,1.0312438703781277
2018-10-26,6404.87,7115.154602112888,0.9001729910546196,5582.1481657511795,1.1473844494663477,1.0328444917656803
2018-10-27,6409.12,7112.918343898486,0.9010535043605261,5591.252762849634,1.146276205322818,1.0328561917712111
2018-10-28,6403.62,7110.042850110737,0.9006443610814898,5600.369663524268,1.143428092203873,1.0298220635455841
2018-10-29,6266.0,7101.737918583166,0.882319239577078,5609.498880962733,1.1170338265446975,0.9855804364187912
2018-10-30,6267.63,7093.554260100885,0.8835669355845404,5618.640428363087,1.115506514415977,0.9856246725671167
2018-10-31,6304.18,7085.096082569304,0.8897804527322491,5627.794318933886,1.1201866384474135,0.9967201743023559
2018-11-01,6344.0,7075.3473056370085,0.8966344302202189,5636.960565894092,1.1254291964332312,1.0090985662971093
2018-11-02,6349.8,7066.963891374086,0.8985188119824054,5646.139182473268,1.1246268989809947,1.01049842519586
2018-11-03,6331.96,7059.18559513239,0.8969816581060225,5655.330181911213,1.1196446177896056,1.0043006857544041
2018-11-04,6423.28,7050.778155223996,0.9110029926613028,5664.533577458375,1.133946848785751,1.033028972762673
2018-11-05,6404.0,7041.752057398892,0.9094327587508857,5673.749382375768,1.1287068864713328,1.0264830175847468
2018-11-06,6448.5,7030.550273380788,0.9172112778163953,5682.977609934652,1.1347044529485928,1.0407637212329326
2018-11-07,6503.12,7019.46831297872,0.9264405379501447,5692.218273416952,1.14245794655662,1.0584193545933327
2018-11-08,6406.24,7008.3543519688965,0.9140862003075314,5701.471386115031,1.123611707602587,1.0270779564235057
2018-11-09,6334.89,6996.328201012304,0.9054592377589434,5710.736961331833,1.1092946572210192,1.0044210947774124
2018-11-10,6347.42,6981.689396009185,0.9091524472040048,5720.015012380656,1.1096858987714824,1.0088736504958686
2018-11-11,6357.6,6970.08952230877,0.912126017844045,5729.30555258548,1.1096632814654104,1.0121527500708005
2018-11-12,6327.87,6956.78771233306,0.9095965353063586,5738.608595280738,1.1026836723459155,1.0029972479047367
2018-11-13,6259.34,6944.467483759497,0.9013419696525684,5747.924153811322,1.0889740073987528,0.9815379767292425
2018-11-14,5605.46,6926.799216333699,0.8092424545498702,5757.252241532867,0.973634602903476,0.7879064558882971
2018-11-15,5579.52,6908.797831302316,0.8075963628173289,5766.592871811238,0.967559202466728,0.7813972927225651
2018-11-16,5512.24,6890.962198348512,0.7999231226839502,5775.946058023099,0.954344092660492,0.7634019067159619
2018-11-17,5504.17,6873.76597622068,0.8007502756191143,5785.3118135555405,0.9514042073070637,0.7618371812263162
2018-11-18,5560.0,6856.514915158055,0.8109075920929185,5794.690151806224,0.959499102513174,0.7780651068342743
2018-11-19,4733.5,6831.872043559732,0.6928554823362324,5804.081086183436,0.8155468419054405,0.565056100516185
2018-11-20,4349.23,6804.579421981089,0.6391622068441906,5813.484630105899,0.7481278917427487,0.478175074287987
2018-11-21,4545.11,6778.488741681465,0.67051966495891,5822.900797003013,0.7805576908229864,0.5233792813317293
2018-11-22,4265.36,6751.049640448753,0.6318069377603442,5832.329600314677,0.7313304103680743,0.46205962706566894
2018-11-23,4283.8,6724.731335435501,0.6370217316232124,5841.771053491518,0.7333050132869642,0.4671312293720447
2018-11-24,3774.99,6694.926630055547,0.5638583077300549,5851.2251699945255,0.6451623190572807,0.363780133434836
2018-11-25,3936.69,6666.210826338911,0.5905438790573075,5860.691963295477,0.6717107851180072,0.39667469264821753
2018-11-26,3731.32,6636.889854977495,0.562209119261126,5870.171446876567,0.6356407191454998,0.3573630088773002
2018-11-27,3775.0,6610.387794909918,0.571070883754626,5879.663634230786,0.6420435308615863,0.36665236657806655
2018-11-28,4225.03,6587.420520510183,0.6413785163472119,5889.168538861597,0.7174238556970756,0.46014024815908655
2018-11-29,4248.0,6563.903487294762,0.6471758776195481,5898.686174283123,0.7201603669848169,0.4660704175302147
2018-11-30,3976.0,6538.3674391942905,0.6081028692523213,5908.216554020115,0.6729611150245701,0.4092295849416825
2018-12-01,4142.01,6514.994450518303,0.635765698874921,5917.759691607892,0.6999287257091358,0.44499067546310156
2018-12-02,4103.19,6491.914430386572,0.6320462236523453,5927.315600592505,0.6922509743854094,0.43753461417995443
2018-12-03,3833.47,6467.841093972216,0.5926969980095289,5936.884294530489,0.6457040106932327,0.38270682874059175
2018-12-04,3901.84,6443.716803628667,0.6055263008769639,5946.465786989115,0.6561611787184982,0.39732285132848066
2018-12-05,3694.39,6417.9404446151475,0.5756348211519645,5956.060091546344,0.6202741314251654,0.3570513887081152
2018-12-06,3433.26,6388.851867564063,0.5373829400287898,5965.66722179073,0.575503103401304,0.30926554970148534
2018-12-07,3380.01,6359.862241059478,0.5314596247350368,5975.287191321383,0.5656648612487093,0.3006280348850357
2018-12-08,3401.0,6332.768802918946,0.5370478705037182,5984.920013748308,0.5682615627589618,0.30518366216881543
2018-12-09,3531.18,6308.941187105256,0.5597104007273553,5994.565702691972,0.5890635243874728,0.3297049812887806
2018-12-10,3410.15,6283.777685851818,0.5426910642746149,6004.224271783602,0.5679584648471148,0.30822598375165716
2018-12-11,3349.36,6258.671911255178,0.5351550692370908,6013.89573466509,0.5569368256076898,0.29804756546876876
2018-12-12,3430.24,6234.920705694553,0.5501657778690034,6023.580104988997,0.5694686449274448,0.31330216000851496
2018-12-13,3265.0,6209.689811906859,0.5257911584793622,6033.277396418608,0.5411652383061526,0.2845398975777521
2018-12-14,3195.71,6184.919120282417,0.5166939030003156,6042.987622627885,0.5288294796490576,0.27324296786149754
2018-12-15,3183.0,6158.635681113554,0.5168352480665777,6052.710797301422,0.52588007367197,0.2717933583295227
2018-12-16,3195.0,6132.909885448038,0.5209598803303777,6062.446934134647,0.5270149223097578,0.2745536308588147
2018-12-17,3496.82,6109.617066496667,0.5723468364614088,6072.196046833529,0.5758740286100428,0.3295996784752448
2018-12-18,3667.77,6087.746403503063,0.6024840321682027,6081.95814911503,0.6030574216518881,0.36333246702578953
2018-12-19,3682.51,6065.586820440442,0.6071152073184901,6091.733254706461,0.6045093975766094,0.3670068482356988
2018-12-20,4075.34,6046.295845148902,0.6740225924058528,6101.521377346182,0.6679219407689011,0.4501944780418032
2018-12-21,3839.06,6026.135204157015,0.6370683481100287,6111.322530783112,0.6281880854205315,0.4001987458812596
2018-12-22,3980.46,6006.630242131657,0.6626777143830646,6121.136728776977,0.6502811775608399,0.43092684445234514
2018-12-23,3944.93,5986.75339119564,0.6589431269712183,6130.96398509817,0.6434436753483609,0.4239927874639023
2018-12-24,4034.0,5967.492045365074,0.6759958738668435,6140.804313527951,0.6569172040075038,0.44407331938121597
2018-12-25,3780.0,5946.615607191269,0.6356556821040911,6150.657727858201,0.6145684197121276,0.3906539080317458
2018-12-26,3809.88,5926.5255231862,0.6428522049039863,6160.524241891629,0.6184343816217419,0.3975619058139701
2018-12-27,3589.89,5907.75562007704,0.6076571596496042,6170.403869441772,0.5817917393995107,0.3535299158711094
2018-12-28,3888.06,5890.917342056251,0.660009260738134,6180.2966243328065,0.6291057268500823,0.41521560570444926
2018-12-29,3729.31,5874.37310032439,0.6348439120753264,6190.202520399741,0.6024536334166939,0.38246402148224856
2018-12-30,3829.0,5859.7549029175625,0.6534402997117759,6200.121571488484,0.6175685356893348,0.40354416905340146
2018-12-31,3691.86,5842.588918754367,0.6318876873485565,6210.053791455484,0.5944972658819303,0.3756555024731728
2019-01-01,3826.1,5827.619574866143,0.656545944848825,6219.999194168145,0.6151286970563182,0.4038602516124671
2019-01-02,3890.79,5812.755693655635,0.6693537807285836,6229.957793504674,0.6245291106235937,0.4180309213709623
2019-01-03,3787.57,5797.316771449728,0.6533315582568808,6239.929603353988,0.6069892195521189,0.3965652126551138
2019-01-04,3820.25,5781.016312125951,0.6608267117300547,6249.914637615968,0.6112483484186011,0.40392923613589093
2019-01-05,3798.62,5764.480594353396,0.6589700386398981,6259.912910201111,0.6068167488096831,0.3998740564104542
2019-01-06,4040.99,5749.686162208226,0.7028192297800157,6269.924435030835,0.6445037802086567,0.4529696503965566
2019-01-07,4006.01,5734.838256980701,0.698539317150524,6279.949226037438,0.6379048390057984,0.44560161064612536
2019-01-08,3993.86,5722.895810237036,0.6978739666823637,6289.987297163943,0.6349551773818,0.4431186883049406
2019-01-09,4004.12,5710.498651133871,0.7011857010429283,6300.038662364312,0.6355707027514197,0.4456530887711008
2019-01-10,3626.12,5695.434637074934,0.6366713396016263,6310.103335603187,0.5746530297753637,0.365865114273214
2019-01-11,3635.69,5680.045216332563,0.6400811721614177,6320.18133085621,0.5752509001996411,0.368207270486697
2019-01-12,3619.41,5665.36125245585,0.638866585679958,6330.272662109867,0.5717621014437722,0.36527970157058054
2019-01-13,3514.24,5649.61292885305,0.622031994803127,6340.377343361395,0.5542635413773183,0.3447696562895788
2019-01-14,3664.19,5636.404962308928,0.6500934593065473,6350.495388618985,0.5769927817862467,0.3750992335063289
2019-01-15,3580.76,5620.944275033811,0.6370388719035044,6360.626811901689,0.5629570961937054,0.3586255534893107
2019-01-16,3609.71,5604.946254236751,0.6440222325542262,6370.771627239315,0.5666048339523069,0.3649061101379813
2019-01-17,3640.65,5589.3801662677,0.6513512932921575,6380.929848672748,0.5705516415851627,0.3716295496364592
2019-01-18,3607.85,5572.477153809269,0.6474409675298037,6391.101490253589,0.5645114547941322,0.36548784247357
2019-01-19,3682.65,5556.657862193859,0.6627455012222095,6401.286566044415,0.5752984125932737,0.3812764348064707
2019-01-20,3536.19,5539.400191348524,0.6383705596000896,6411.485090118684,0.5515399241043141,0.3520868499922619
2019-01-21,3531.76,5522.39097872716,0.6395345808735233,6421.697076560736,0.5499729990209228,0.3517267514206005
2019-01-22,3577.03,5505.503513867819,0.649718956856501,6431.9225394658515,0.5561369836237269,0.3613327408693288
2019-01-23,3553.01,5487.852783566859,0.647431726054922,6442.161492940151,0.5515245160950528,0.3570744694170257
2019-01-24,3568.97,5470.589840603299,0.6523921741510805,6452.413951100806,0.5531216730741709,0.36085225086694156
2019-01-25,3562.17,5453.484079485754,0.6531916015671034,6462.6799280757305,0.5511908433720993,0.360033229751344
2019-01-26,3556.07,5437.896325796546,0.65394222084201,6472.959438003901,0.5493731320362798,0.35925828603473564
2019-01-27,3531.02,5421.792674542925,0.651264297983817,6483.252495035199,0.5446371250701735,0.35470271491475086
2019-01-28,3429.95,5405.551784287045,0.6345235670427282,6493.559113330473,0.5282080196911948,0.33516043679503255
2019-01-29,3397.42,5389.247414401136,0.6304071308586466,6503.879307061384,0.522368242029239,0.3293046647093277
2019-01-30,3437.55,5373.1682043683995,0.6397622164899404,6514.213090410771,0.5276999619586035,0.33760249730429337
2019-01-31,3411.5,5356.507640745197,0.6368888516185132,6524.560477572139,0.5228704694709884,0.3330103728466106
2019-02-01,3437.5,5338.549217474562,0.6439015282931367,6534.92148275018,0.5260200920659494,0.3387051411941613
2019-02-02,3468.43,5318.667500454474,0.652123863675183,6545.296120160471,0.5299118536924139,0.3455681654371753
2019-02-03,3414.78,5298.216124522046,0.6445150442608735,6555.684404029629,0.5208884060832784,0.33572041410174
2019-02-04,3409.57,5277.4795872608265,0.6460602913993783,6566.086348595105,0.5192697474545883,0.3354795643553929
2019-02-05,3428.4,5257.4503363734175,0.6521031642050481,6576.501968105508,0.5213105715815088,0.3399482732618441
2019-02-06,3367.36,5236.7654389500985,0.6430228810620762,6586.931276820236,0.5112183289128763,0.3287250827092978
2019-02-07,3359.0,5216.133029140119,0.6439636376669887,6597.3742890099065,0.5091419484256816,0.3278689011970603
2019-02-08,3621.99,5196.432415739956,0.6970147420813207,6607.831018955986,0.5481359904043462,0.3820588659771747
2019-02-09,3623.73,5174.6790376939025,0.7002811137857385,6618.301480950904,0.5475317210057572,0.3834261234189339
2019-02-10,3648.84,5153.906072422894,0.7079756496774203,6628.785689298267,0.5504537589578147,0.389707857615537
2019-02-11,3590.36,5133.520240033498,0.6993953139603423,6639.283658312654,0.5407752078049449,0.37821564624470877
2019-02-12,3588.06,5112.398436121921,0.7018349694046483,6649.795402319452,0.5395744955925235,0.37869224960570724
2019-02-13,3576.68,5091.14404523043,0.70252971988698,6660.32093565535,0.5370131611605392,0.37726770568573526
2019-02-14,3561.5,5069.908922123355,0.7024781026063066,6670.860272668021,0.5338891618810017,0.3750454454402373
2019-02-15,3566.59,5048.941172467664,0.7064035563434449,6681.41342771601,0.5338077097886175,0.3770836645982289
2019-02-16,3582.37,5029.5720315168255,0.7122613967056802,6691.980415168964,0.5353228458170181,0.38128979785008876
2019-02-17,3625.08,5010.977037417372,0.7234277812353227,6702.561249407794,0.5408499624408944,0.3912658883098239
2019-02-18,3867.0,4994.294850888325,0.77428348054224,6713.155944824189,0.5760330955787551,0.4460129101522394
2019-02-19,3888.01,4978.202160754275,0.7810068523635261,6723.76451582106,0.5782489840105923,0.45161641888451964
2019-02-20,3938.99,4963.893014266867,0.7935283836051333,6734.386976812322,0.5849069876089145,0.46414029643664967
2019-02-21,3897.71,4949.276083614604,0.7875313347145884,6745.0233422229,0.5778645680291248,0.4550864545442457
2019-02-22,3942.02,4935.306206185908,0.7987386871880565,6755.673626489009,0.5835124989672876,0.4660740073829535
2019-02-23,4110.0,4923.195038324405,0.834823720776016,6766.337844057601,0.6074186797529663,0.5070875223002266
2019-02-24,3734.22,4910.405734081851,0.7604707639700216,6777.016009387096,0.5510124212230859,0.41902883692449144
2019-02-25,3818.79,4897.190268832413,0.7797920420417881,6787.708136946774,0.5626037423756638,0.43871392112747093
2019-02-26,3799.48,4885.428170720475,0.7777168893345279,6798.414241216995,0.5588773889306058,0.43464838443851384
2019-02-27,3799.91,4873.344595884854,0.7797334921090368,6809.1343366893225,0.5580606597119302,0.43513858700585617
2019-02-28,3792.14,4860.929578055754,0.7801265044281422,6819.868437866526,0.5560429844870004,0.43378386979963535
2019-03-01,3806.17,4848.87619409026,0.7849592044933845,6830.616559262245,0.5572220262955433,0.43739655848714143
2019-03-02,3809.7,4837.103045078993,0.7875995124552458,6841.378715401336,0.5568614395550987,0.43858379829872207
2019-03-03,3786.93,4824.927376664882,0.7848677719617049,6852.154920819871,0.5526626358802301,0.4337670916697992
2019-03-04,3700.72,4812.048941927148,0.7690528597404334,6862.945190065032,0.5392320494351686,0.4146979496818111
2019-03-05,3844.59,4799.117083106215,0.8011036058140094,6873.749537694947,0.5593148221238871,0.44806912078866723
2019-03-06,3851.89,4786.961728025078,0.8046627942415463,6884.5679782791985,0.5594962548343929,0.45020581978272284
2019-03-07,3857.05,4774.524930866914,0.8078395350005374,6895.400526398266,0.5593656213636492,0.45187766345769703
2019-03-08,3843.12,4762.896570175127,0.8068871417585061,6906.247196643869,0.5564700901334065,0.4490085605018426
2019-03-09,3917.0,4750.938637114446,0.8244686574986052,6917.108003618855,0.5662771201419329,0.46687773701559576
2019-03-10,3900.93,4739.341240468287,0.8230954054733892,6927.98296193732,0.5630686480367953,0.46345921716519917
2019-03-11,3849.68,4726.849205291276,0.8144283502191343,6938.872086224557,0.5547991016641743,0.45184411707141126
2019-03-12,3860.0,4713.866383370808,0.8188607156148915,6949.775391116772,0.5554136332137966,0.4548064051557163
2019-03-13,3851.02,4700.701205234299,0.8192437323418543,6960.6928912616595,0.5532523931395548,0.45324855548271176
2019-03-14,3853.95,4687.686622579827,0.8221432681604925,6971.624601317952,0.5528051523702853,0.45448503462566536
2019-03-15,3902.8,4674.3095019921575,0.8349468511523798,6982.570535955592,0.5589345614058858,0.46668065204608083
2019-03-16,3990.0,4660.955132744546,0.856047716908731,6993.530709855799,0.5705272723514316,0.48839856893060885
2019-03-17,3967.01,4647.636825993213,0.8535542144371917,7004.505137710721,0.5663512156829592,0.4834114669978168
2019-03-18,3970.5,4634.535359779965,0.8567201869808387,7015.493834224194,0.5659615835781112,0.484870713707011
2019-03-19,4000.85,4621.541102719418,0.8656960764983375,7026.496814110764,0.5693946935214439,0.4929227521604873
2019-03-20,4031.85,4608.189935940284,0.8749313843500064,7037.514092096555,0.5729082666460233,0.5012554228421678
2019-03-21,3972.76,4594.208555982204,0.86473218435567,7048.545682918755,0.5636283254327873,0.4873875530162226
2019-03-22,3983.78,4580.452706578667,0.8697349924120608,7059.591601325796,0.5643074309357844,0.4907979191630039
2019-03-23,3983.43,4566.414182321473,0.872332171580394,7070.6518620773495,0.5633752131631146,0.4914503231131471
2019-03-24,3969.52,4554.519039309305,0.8715563522162769,7081.726479944401,0.5605299796937603,0.4885334644097575
2019-03-25,3907.53,4542.962351403858,0.8601281934006129,7092.815469709129,0.5509138108396672,0.4738565008369699
2019-03-26,3921.45,4531.86709576458,0.8653056052029708,7103.918846164969,0.5520122181740552,0.47765926652653523
2019-03-27,4026.53,4522.140673897024,0.890403525755442,7115.036624116506,0.5659183800055261,0.5038957208467285
2019-03-28,4011.17,4512.178145788953,0.888965344540635,7126.168818379819,0.562878890779908,0.5003798270768114
2019-03-29,4091.01,4502.447813013778,0.9086190823079466,7137.315443782086,0.5731860994828276,0.5208078277037582
2019-03-30,4094.14,4492.818022948021,0.911263260405454,7148.476515161761,0.5727290271313642,0.5219069205925707
2019-03-31,4094.99,4483.058918205795,0.9134365786204952,7159.65204736875,0.5719537727402484,0.5224434973009368
2019-04-01,4137.0,4472.990675269632,0.9248845571873724,7170.842055264006,0.5769196934079857,0.5335841151703195
2019-04-02,4901.93,4466.759916174953,1.0974241042705737,7182.046553719893,0.6825255118210113,0.7490199484519882
2019-04-03,4975.97,4460.73270848104,1.115505080710027,7193.265557620178,0.6917539690618973,0.7716550670898734
2019-04-04,4906.49,4454.471213686374,1.101475296310098,7204.49908185969,0.6810313866725475,0.7501392484316212
2019-04-05,5040.66,4449.681749703535,1.1328135996098685,7215.747141344795,0.6985638356308277,0.7913426131982344
2019-04-06,5049.22,4444.634969761173,1.136025800623018,7227.009750993041,0.6986596357236411,0.7936953720359354
2019-04-07,5194.79,4440.046052851303,1.169985612348326,7238.2869257332895,0.7176822435059427,0.8396778991398208
2019-04-08,5285.54,4435.480331051664,1.1916499692259452,7249.578680505829,0.7290823691882753,0.8688109828063875
2019-04-09,5187.21,4429.643832800292,1.1710219141300118,7260.885030262206,0.7144046460425333,0.8365834960721009
2019-04-10,5318.58,4424.508544355722,1.2020724893355288,7272.205989965348,0.7313571710343347,0.8791443351786329
2019-04-11,5041.3,4418.230329330905,1.1410224511231972,7283.541574589385,0.6921495468067274,0.7897581724412222
2019-04-12,5078.19,4412.503655987749,1.150863635684226,7294.89179912008,0.6961295848983721,0.8011502249834914
2019-04-13,5066.22,4407.223935573,1.1495263399501667,7306.256678554224,0.6934084337429155,0.7970912589310714
2019-04-14,5164.27,4402.308360024957,1.1730822963002807,7317.636227900189,0.7057292599910913,0.8278785008766472
2019-04-15,5029.99,4396.068079840054,1.1442020252295568,7329.030462177566,0.6863104234534063,0.7852777764515423
2019-04-16,5202.9,4390.776626823218,1.1849612135164258,7340.439396417532,0.708799530793654,0.8398999521491215
2019-04-17,5227.0,4385.722478298977,1.191821877892127,7351.863045662378,0.7109762474538949,0.8473570463771986
2019-04-18,5280.49,4380.817423494765,1.2053663710521696,7363.301424965981,0.7171361995444042,0.864411858394983
2019-04-19,5290.36,4376.065541065466,1.208930705071644,7374.754549393341,0.7173608239524654,0.8672395266916294
2019-04-20,5319.89,4371.689201581471,1.2168957477753715,7386.222434021302,0.7202450301924738,0.8764631145975653
2019-04-21,5297.64,4367.334963912924,1.213014354010888,7397.705093937591,0.716119381987991,0.8686630895368392
2019-04-22,5387.6,4363.079418830561,1.234815936823823,7409.202544241727,0.7271497799971911,0.8978961367984682
2019-04-23,5532.75,4359.253235583449,1.2691967410467468,7420.714800044424,0.7455818137582755,0.9462900082057258
2019-04-24,5441.9,4355.207379592433,1.2495157005610282,7432.241876467896,0.7322016815989595,0.9148974971350868
2019-04-25,5134.81,4349.843523968923,1.1804585548205768,7443.783788645799,0.6898118142324691,0.8142942573270207
2019-04-26,5159.51,4344.465007699704,1.1876053762329286,7455.340551723119,0.6920555760269739,0.8218889227416104
2019-04-27,5170.6,4339.200846317755,1.1916019062329808,7466.9121808562895,0.6924683021257988,0.8251465488190175
2019-04-28,5155.0,4334.092138556594,1.1894071088476668,7478.498691213385,0.689309474113661,0.819869588706835
2019-04-29,5148.25,4330.22444114086,1.1889106604006925,7490.10009797364,0.6873406139649322,0.817186583269265
2019-04-30,5270.69,4326.751862687838,1.2181632243467213,7501.716416327807,0.7025978732717911,0.8558788907239142
2019-05-01,5321.15,4323.460144102149,1.2307618950203232,7513.347661478297,0.7082262447779545,0.8716578751260425
2019-05-02,5390.01,4320.49233828689,1.2475453207578613,7524.9938486386845,0.7162809841997525,0.8935929901862368
2019-05-03,5657.4,4317.692932904569,1.3102830812459356,7536.654993034149,0.7506513174915032,0.9835657212240878
2019-05-04,5770.01,4315.264740194405,1.3371161092980957,7548.331109901469,0.7644087038565692,1.022103192014296
2019-05-05,5715.86,4312.679416878017,1.325361671361549,7560.022214488667,0.7560639159294588,1.0020581352724252
2019-05-06,5687.9,4310.153593667831,1.3196513480067753,7571.728322055438,0.7512023355925097,0.9913251747904934
2019-05-07,5748.45,4307.897681203241,1.33439798839289,7583.449447872789,0.7580257558929836,1.0115080438135973
2019-05-08,5948.41,4306.274789556481,1.381335444367369,7595.185607223348,0.7831816505369936,1.0818365732648876
2019-05-09,6153.09,4305.3744034765905,1.4291649049224102,7606.9368154012445,0.8088788101331748,1.156021207777731
2019-05-10,6343.14,4305.156585563589,1.4733819488169948,7618.703087711994,0.8325747738129714,1.2267006427764244
2019-05-11,7219.95,4307.768663945628,1.6760301128582444,7630.484439472746,0.9461981158956254,1.5858565349708034
2019-05-12,6979.76,4309.583107200622,1.6195905326290008,7642.280886012041,0.9133084878855109,1.4791857803490818
2019-05-13,7824.93,4313.9316793880935,1.8138743451565098,7654.0924426701895,1.0223197666620045,1.8543595972945994
2019-05-14,7990.92,4318.7065477563165,1.8503039999676516,7665.919124798651,1.0423955523023973,1.9287486599736152
2019-05-15,8203.32,4324.039488146384,1.8971427116907698,7677.760947760851,1.0684521250160077,2.027006161764634
2019-05-16,7878.96,4328.524381125632,1.8202415664691434,7689.61792693131,1.0246230794387792,1.8650615191580808
2019-05-17,7363.69,4332.0194077572005,1.6998284880289523,7701.490077696397,0.956138347996491,1.6252712024213756
2019-05-18,7262.4,4335.211376665455,1.6752124334906298,7713.377415453961,0.9415330806255616,1.5772679232066764
2019-05-19,8200.0,4340.9142202863795,1.8890030034869079,7725.279955613396,1.0614502059620066,2.005082627114027
2019-05-20,7999.54,4345.94987660443,1.8406885093323226,7737.19771359558,1.033906628228388,1.9031000503025193
2019-05-21,7951.7,4350.841004024721,1.8276236692272425,7749.130704833012,1.0261409057199988,1.8753994072561502
2019-05-22,7626.48,4354.889529221109,1.7512453413173097,7761.078944769935,0.9826571864907211,1.72087381995385
2019-05-23,7881.98,4359.347956046726,1.8080639764181092,7773.042448861775,1.014014789171025,1.833403611855334
2019-05-24,7994.88,4364.186868512876,1.8319288886738954,7785.021232575968,1.0269567366811911,1.8813117133445447
2019-05-25,8067.41,4369.077167128262,1.8464791742972588,7797.0153113912675,1.034679255819043,1.9105136979472488
2019-05-26,8760.03,4375.59013440105,2.002022522888587,7809.024700798064,1.1217828519744273,2.245834535442997
2019-05-27,8783.25,4382.499696201189,2.0041644287194,7821.049416298391,1.1230270431096454,2.250730852290279
2019-05-28,8686.5,4389.422883049341,1.9789617522487308,7833.089473405993,1.1089494163818003,2.194568480198135
2019-05-29,8660.5,4396.247679007891,1.969975450053449,7845.144887645946,1.1039311732327628,2.1747173098172436
2019-05-30,8273.57,4402.04168493009,1.8794847010021885,7857.2156745552375,1.0529900594167323,1.9790787069811338
2019-05-31,8550.18,4408.671495314752,1.9394005675148562,7869.301849682194,1.086523323583693,2.1072039503763422
2019-06-01,8558.01,4415.571896454029,1.9381430538754445,7881.403428587062,1.0858484884758952,2.104529705500707
2019-06-02,8741.17,4425.392057782578,1.975230643040454,7893.5204268415655,1.107385491811238,2.1873417570839813
2019-06-03,8015.01,4433.413998642503,1.8078640980639682,7905.652860029035,1.0138327778751677,1.8328718805609774
2019-06-04,7688.26,4440.795640301404,1.7312798477432718,7917.800743744479,0.971009532675367,1.681089235887475
2019-06-05,7766.91,4448.448531281537,1.7459817609179935,7929.964093594587,0.9794382305304139,1.7100812864518957
2019-06-06,7812.15,4456.019154761573,1.753167957469878,7942.142925197799,0.9836325124815654,1.7244730028082702
2019-06-07,7992.17,4467.704707050725,1.788876061434214,7954.337254183919,1.0047562411055908,1.797384387290415
2019-06-08,7938.64,4481.167002703509,1.7715563814538895,7966.547096194772,0.9964969646375277,1.765350556803043
2019-06-09,7623.84,4492.770931770127,1.6969126883565036,7978.772466883556,0.9555154043611687,1.6214262135805624
2019-06-10,8046.13,4507.050591120029,1.7852317912412181,7991.013381915432,1.006897325214009,1.7975451154877966
2019-06-11,7918.2,4520.91580868116,1.7514592916761027,8003.26985696694,0.9893706124512488,1.7328423520890162
2019-06-12,8169.01,4538.399132234812,1.7999761065478153,8015.54190772653,1.019146315251067,1.8344390165281677
2019-06-13,8256.0,4555.235977037203,1.8124198266825755,8027.829549894364,1.0284224333224212,1.8639332083586952
2019-06-14,8693.98,4574.542434430853,1.900513575863609,8040.132799182068,1.081322935472465,2.0550689187581086
2019-06-15,8861.33,4594.101333476286,1.928849486934318,8052.451671313248,1.100451187005365,2.1226047074515595
2019-06-16,8996.95,4611.496654200202,1.9509826580499585,8064.7861820230455,1.1155844429025052,2.1764859016931117
2019-06-17,9346.47,4629.714533654885,2.018800496673715,8077.136347058463,1.157151445561991,2.3360579130272545
2019-06-18,9089.99,4648.89565570137,1.9553009302009405,8089.502182177979,1.12367730365735,2.197127277086901
2019-06-19,9283.99,4667.69441817598,1.9889883887531683,8101.883703152143,1.1459051178910336,2.2791919740980964
2019-06-20,9542.6,4687.433738880216,2.0357834439020013,8114.280925762918,1.1760253419008646,2.3941329206509705
2019-06-21,10175.88,4710.370204260633,2.1603142765287733,8126.693865804283,1.2521549560047212,2.7050482278832573
2019-06-22,10658.3,4734.096796857809,2.2513903828654915,8139.1225390817035,1.3095146250498058,2.948228633058843
2019-06-23,10808.53,4759.5758587338605,2.2709019292478048,8151.566961412674,1.3259450669012076,3.011091210502562
2019-06-24,11040.03,4787.453523242827,2.306033875086464,8164.027148626179,1.352277472749192,3.1183976606759494
2019-06-25,11736.99,4817.345162448232,2.4364021269414544,8176.503116563109,1.4354534979904094,3.4973419556293845
2019-06-26,12902.52,4849.568567420031,2.6605500717487818,8188.994881076122,1.5755926322308889,4.191943090728743
2019-06-27,11127.4,4877.479731680942,2.2813831347619207,8201.502458029652,1.3567514070675866,3.0952697781484972
2019-06-28,12317.73,4908.9008392216565,2.509264375760556,8214.02586329978,1.499597177437138,3.7628857753340914
2019-06-29,11913.73,4940.144917266724,2.4116154889220556,8226.565112774637,1.448202237103763,3.492506946091006
2019-06-30,10778.74,4968.507004542349,2.169412258077884,8239.120222353877,1.308239194126065,2.8381101442350176
2019-07-01,10570.62,4997.778366233792,2.1150637794220093,8251.691207949145,1.2810246691995637,2.7094488783700585
2019-07-02,10885.01,5028.4982132544255,2.1646641876711064,8264.27808548375,1.3171156497165288,2.8511130779625313
2019-07-03,12022.61,5062.022960941526,2.375060344997688,8276.880870892934,1.4525532247636381,3.449901563134631
2019-07-04,11130.95,5093.712368490918,2.185233321939161,8289.499580123545,1.3427770750709305,2.9342812083809995
2019-07-05,11038.61,5123.073930326428,2.154684892337021,8302.134229134648,1.3296111211093466,2.864892995337599
2019-07-06,11187.8,5151.721013187243,2.1716626291217547,8314.784833896641,1.3455309095180696,2.922039192528597
2019-07-07,11478.9,5181.089778436131,2.215537751879067,8327.451410392152,1.3784409460108085,3.0539879546228406
2019-07-08,12298.31,5209.781698775897,2.3606190644973934,8340.133974615359,1.474593817968876,3.4809542790873276
2019-07-09,12559.46,5240.747744938653,2.396501532081853,8352.832542572536,1.503616879182866,3.603420154625873
2019-07-10,12083.13,5269.925637593343,2.292846394985963,8365.547130281586,1.4443920776277162,3.3117691681349943
2019-07-11,11323.95,5297.784401210101,2.1374878897324368,8378.277753772385,1.351584458381235,2.888995411740465
2019-07-12,11811.99,5326.319525088425,2.217664551359018,8391.024429086643,1.407693434791457,3.1217918295178313
2019-07-13,11408.1,5355.818163176393,2.130038707892607,8403.787172277986,1.3574951109700277,2.891517132141129
2019-07-14,10190.36,5382.2295323690805,1.8933343401121243,8416.565999411818,1.2107503227221343,2.2923551633116537
2019-07-15,10855.56,5412.090751289669,2.005797851304172,8429.360926565467,1.2878271668007797,2.5831209640201434
2019-07-16,9436.0,5436.136399784053,1.7357916185426914,8442.17196982818,1.1177218414554575,1.940132204260486
2019-07-17,9708.55,5462.204738251718,1.7774049976580346,8454.999145300997,1.1482614998720235,2.040925728490845
2019-07-18,10654.25,5490.225242580716,1.9405852272450483,8467.842469096968,1.258201252430266,2.441646763367392
2019-07-19,10548.04,5519.119467431456,1.9111816771215782,8480.701957340932,1.2437696847569997,2.377069832066859
2019-07-20,10754.92,5547.713813390364,1.9386219912860585,8493.57762616968,1.266241444225207,2.4547635100528056
2019-07-21,10633.54,5575.6724117854965,1.9071314120828746,8506.469491731941,1.2500532694951196,2.384015857031042
2019-07-22,10304.64,5603.64495139873,1.838917363497102,8519.377570188333,1.2095531528099888,2.224268294774952
2019-07-23,9833.19,5630.1974233444735,1.746508916228882,8532.301877711427,1.152466255992047,2.0127925917430276
2019-07-24,9751.24,5656.799601817612,1.7238086349862536,8545.242430485681,1.1411308783015737,1.9670912616657004
2019-07-25,9880.67,5682.144668656591,1.7388979999933811,8558.199244707524,1.1545267546920346,2.007604264672828
2019-07-26,9841.96,5707.7393791593,1.7243183940626303,8571.172336585207,1.1482629929152819,1.9799709999052284
2019-07-27,9468.92,5732.428844771312,1.651816403903004,8584.161722339097,1.1030686869934476,1.822066951807525
2019-07-28,9549.7,5757.395789658169,1.6586839517189056,8597.167418201467,1.1107960954420735,1.842459657141789
2019-07-29,9503.32,5785.198324768469,1.6426956288279597,8610.189440416434,1.1037294900146086,1.813091608655511
2019-07-30,9580.0,5813.29209498281,1.6479474699487515,8623.227805240236,1.1109529072371653,1.8307920327136966
2019-07-31,10099.0,5843.194571411027,1.7283353954036262,8636.282528940896,1.1693688767310955,2.0210616199377323
2019-08-01,10417.24,5875.028183063104,1.7731387280883972,8649.353627798635,1.2043952008759888,2.1355597745970205
2019-08-02,10533.07,5906.127786346819,1.7834138340774257,8662.441118105544,1.2159470819356701,2.1685368474301514
2019-08-03,10820.75,5938.875896074094,1.822019888840088,8675.54501616556,1.2472703420750137,2.272551370021055
2019-08-04,10997.82,5972.049811924374,1.8415486049765837,8688.665338294857,1.2657663256435554,2.3309702112152255
2019-08-05,11775.14,6007.203677679483,1.9601699279403504,8701.802100821464,1.3531840719393524,2.6524707247833903
2019-08-06,11440.08,6041.965764978111,1.8934367464164943,8714.955320085435,1.3126951980618817,2.485505324854845
2019-08-07,12014.41,6077.793917264077,1.976771533150024,8728.125012438768,1.3765167184106355,2.7210590638592316
2019-08-08,12017.89,6115.084087473801,1.965286139665285,8741.311194245634,1.3748383661150654,2.7019507852060047
2019-08-09,11889.0,6152.309910020076,1.9324449148175638,8754.513881882085,1.3580422808632349,2.624341899761404
2019-08-10,11283.82,6187.751610527856,1.823573522376315,8767.733091736281,1.2869712024691042,2.346886608883466
2019-08-11,11531.95,6224.284045455162,1.8527351765735018,8780.968840208348,1.313289024235551,2.433176772209096
2019-08-12,11387.38,6260.4969465086015,1.8189258931514365,8794.221143710523,1.2948707809268656,2.355273991713097
2019-08-13,10855.58,6295.474947402139,1.7243464695987094,8807.490018666951,1.2325395744976428,2.125325263925706
2019-08-14,10105.34,6328.436156696144,1.596814718484202,8820.775481513892,1.1456294314687216,1.8293579380979432
2019-08-15,10280.96,6362.342882556624,1.6159078801280715,8834.077548699812,1.1637842144042687,1.8805680828245148
2019-08-16,10368.83,6397.632370502047,1.6207292635019475,8847.396236685088,1.1719640132094906,1.8994363719798044
2019-08-17,10218.37,6432.953947516645,1.5884413417796446,8860.731561942092,1.1532196781458914,1.8318218129207497
2019-08-18,10309.04,6468.376466405347,1.5937600499200715,8874.083540955404,1.1617019326471325,1.8514741301679374
2019-08-19,10935.67,6506.160736970696,1.6808176806728736,8887.452190221606,1.2304617528105457,2.0681818695157004
2019-08-20,10770.99,6543.420843246136,1.6460793609381543,8900.83752624943,1.210109719252296,1.9919366333318689
2019-08-21,10137.75,6578.606294955571,1.5410178912475057,8914.239565559616,1.1372534836473822,1.7525279651841685
2019-08-22,10088.89,6614.336712834033,1.5253063818816732,8927.65832468506,1.1300712497143985,1.7237048891703701
2019-08-23,10415.01,6651.369887856559,1.565844356215212,8941.093820170678,1.164847412349509,1.8239697464793725
2019-08-24,10156.0,6687.58409131941,1.5186351096777457,8954.546068573693,1.1341725110603713,1.7223941957276512
2019-08-25,10148.5,6724.574625877146,1.50916609073637,8968.015086463065,1.1316327974647187,1.7078218450988918
2019-08-26,10373.75,6762.5960483924755,1.5339893031857086,8981.500890420297,1.155012967939989,1.7717775378607208
2019-08-27,10170.16,6797.595990597668,1.4961406965149462,8995.003497038775,1.1306454748292312,1.6916047082224779
2019-08-28,9710.38,6831.180346265392,1.4214790867450406,9008.522922923925,1.0779103392510734,1.5322270046316526
2019-08-29,9525.0,6864.032037298637,1.3876683483179948,9022.059184693579,1.055745679008589,1.4650248626337088
2019-08-30,9580.6,6897.79964236791,1.3889356746684405,9035.612298977545,1.0603155251674672,1.4727100593098978
2019-08-31,9593.95,6931.803838318484,1.3840481098102309,9049.182282417678,1.0602007673821305,1.467368868114594
2019-09-01,9769.64,6966.718403195423,1.4023302557368993,9062.76915166826,1.07799722540672,1.5117081247882735
2019-09-02,10405.05,7004.164101799786,1.4855520014624333,9076.372923395556,1.1463885505607203,1.703019805739096
2019-09-03,10628.46,7042.5088021773945,1.5091866121223596,9089.993614277819,1.1692483461490757,1.7646139502543956
2019-09-04,10585.67,7080.7642986699975,1.4949897431253771,9103.63124100596,1.1627964402071138,1.738368751452336
2019-09-05,10574.27,7118.767384929793,1.4854074347738062,9117.285820282521,1.1598045962841528,1.7227823702053133
2019-09-06,10318.8,7153.788186172381,1.4424245912040417,9130.957368822634,1.1300896043204864,1.6300690355359149
2019-09-07,10484.87,7189.360405710068,1.4583870342169118,9144.645903353367,1.1465583370653172,1.6721258127493623
2019-09-08,10395.17,7224.32855658541,1.4389115775367356,9158.351440614015,1.1350481653173012,1.6332339461368954
2019-09-09,10310.01,7259.550604173295,1.4201994809531444,9172.07399735619,1.124065288065907,1.5963969386686478
2019-09-10,10090.01,7293.745421949923,1.3833784175733568,9185.813590343669,1.0984340037780478,1.5195498939552423
2019-09-11,10169.49,7326.859904492016,1.3879738568175979,9199.570236352396,1.1054309863100924,1.5343093095145002
2019-09-12,10437.19,7364.610893561591,1.4172086143919116,9213.343952170497,1.1328340778530457,1.6054622138100538
2019-09-13,10381.91,7401.531016540189,1.4026706065001366,9227.134754598348,1.1251499274816779,1.5782147311843098
2019-09-14,10360.2,7438.746917327729,1.3927345714460422,9240.942660448662,1.1211193901615442,1.5614217333964864
2019-09-15,10306.65,7475.952001654019,1.3786404725070067,9254.767686546113,1.1136584244014072,1.5353345764281645
2019-09-16,10268.77,7513.281739745465,1.3667489594697253,9268.609849727944,1.1079083235229081,1.5142325483627825
2019-09-17,10185.14,7550.349735631421,1.348962678104107,9282.469166843444,1.0972446896328893,1.4801421350626922
2019-09-18,10155.26,7587.453983185156,1.3384278866804933,9296.345654754103,1.0923926860235293,1.4620888341797
2019-09-19,10304.94,7625.526964359202,1.3513741474083107,9310.239330333845,1.106839430692754,1.4957541919703206
2019-09-20,10168.44,7664.162452234745,1.3267516265962043,9324.150210468879,1.0905487117295878,1.4468872771696257
2019-09-21,9982.39,7700.813827172811,1.2962772797826252,9338.078312057243,1.068998317042472,1.3857182305080198
2019-09-22,10035.0,7737.770448388506,1.296885203164682,9352.023652009811,1.073029792631396,1.3915964606185247
2019-09-23,9683.89,7773.467989738193,1.2457618675195894,9365.986247249444,1.0339423680921926,1.2880459753821567
2019-09-24,8556.43,7804.639683575446,1.0963260761424602,9379.966114711306,0.9122026556770081,1.000071558145106
2019-09-25,8446.57,7834.684132143268,1.0780996218272993,9393.963271342873,0.8991487145544862,0.9693718891276939
2019-09-26,8063.0,7863.178496487524,1.0254123066901935,9407.977734104003,0.8570385929774847,0.8788179205475605
2019-09-27,8193.98,7892.934262551494,1.0381411687256583,9422.009519966645,0.8696637360252856,0.9028337273156124
2019-09-28,8228.22,7922.861766741881,1.0385414061545202,9436.058645915296,0.8719975477856796,0.9056055594406331
2019-09-29,8063.06,7952.189107449753,1.0139421851080455,9450.125128946627,0.8532225647787546,0.8651183517152613
2019-09-30,8305.14,7982.775278081489,1.0403825374871363,9464.208986069558,0.877531340677747,0.912968282938803
2019-10-01,8323.43,8013.06256846489,1.0387326853975345,9478.310234305576,0.8781554722564757,0.9121687918935091
2019-10-02,8396.0,8042.925233168931,1.0438988000752503,9492.428890688272,0.884494379329633,0.9233226212555071
2019-10-03,8241.25,8072.381538429545,1.02091928642948,9506.56497226366,0.866900928363153,0.885035877189564
2019-10-04,8159.71,8101.507308413449,1.0071841805939132,9520.718496090098,0.8570477116145144,0.8632048971523532
2019-10-05,8152.99,8130.395109128967,1.0027790643096377,9534.889479238218,0.8550691665333677,0.8574454587363523
2019-10-06,7862.67,8157.591987596134,0.9638469308045106,9549.077938791164,0.8233957299750922,0.7936274471740322
2019-10-07,8224.82,8187.327258903121,1.004579362704246,9563.283891844361,0.8600413930003884,0.8639798344796022
2019-10-08,8186.73,8216.866399302418,0.9963323732140786,9577.50735550544,0.8547871273932272,0.851652087228539
2019-10-09,8600.0,8248.546594696803,1.0426079190155941,9591.74834689472,0.8966040067955084,0.9348064377061087
2019-10-10,8589.01,8280.440818914554,1.0372648253678232,9606.006883144491,0.8941290699125982,0.9274486335591854
2019-10-11,8263.64,8311.507534577613,0.9942408119852536,9620.2829813999,0.8589809692684853,0.854033936365379
2019-10-12,8304.1,8342.746210002959,0.9953676872063276,9634.57665881808,0.8619060591935448,0.8579134407285988
2019-10-13,8280.01,8372.87354176302,0.988908999843384,9648.887932568781,0.8581310154978294,0.848613484270546
2019-10-14,8363.0,8403.689295182863,0.9951581628313904,9663.216819833995,0.8654467922974399,0.8612564398510402
2019-10-15,8156.52,8432.733177892951,0.967245118271136,9677.563337808338,0.842827860204653,0.815221133325858
2019-10-16,7993.0,8460.988300915471,0.9446886954252336,9691.92750369859,0.824706952971919,0.7790913355111616
2019-10-17,8077.0,8489.773049345773,0.951379966584904,9706.30933472417,0.8321391500582677,0.791680516776425
2019-10-18,7954.16,8517.568300070652,0.9338533862926607,9720.708848116754,0.8182695443595148,0.7641437849002854
2019-10-19,7965.27,8538.268184141565,0.9328905848605441,9735.126061120498,0.8181989580814129,0.7632901045368571
2019-10-20,8235.44,8559.80432638209,0.9621061049979416,9749.56099099206,0.8446985466944608,0.8126896286576295
2019-10-21,8214.58,8581.889321094855,0.9571994805162559,9764.013655000363,0.8413118099023894,0.8053032273907582
2019-10-22,8008.04,8601.775495435997,0.9309752392687968,9778.484070426985,0.8189449348512692,0.7624174566711295
2019-10-23,7473.42,8618.656634432531,0.8671212135476917,9792.97225456586,0.7631411389443694,0.6617358705096091
2019-10-24,7439.29,8634.146162717472,0.8616127014531094,9807.478224723438,0.7585324004336274,0.6535611506773294
2019-10-25,8704.85,8655.711166050716,1.005677041782773,9822.001998218522,0.8862602554528958,0.8912915919535129
2019-10-26,9281.27,8680.927393528304,1.0691565058958168,9836.543592382355,0.9435499281666,1.008802544336851
2019-10-27,9570.58,8706.464561973567,1.0992498656458731,9851.103024558877,0.9715236939600032,1.067947290057316
2019-10-28,9221.96,8732.794492720255,1.0560147737001617,9865.68031210423,0.934751553695243,0.9871114504413566
2019-10-29,9431.27,8759.867683534601,1.07664525775057,9880.275472387253,0.9545553690641416,1.0277175113632533
2019-10-30,9175.77,8785.921904623428,1.0443719053741443,9894.888522789333,0.927324242093976,0.96847138561532
2019-10-31,9146.75,8811.069522194288,1.0380975858787815,9909.51948070407,0.9230265925417127,0.9581916774194698
2019-11-01,9268.0,8838.035109766628,1.0486493756692856,9924.168363537781,0.9338817783514639,0.9793145438171849
2019-11-02,9320.0,8863.833195438887,1.0514638299822525,9938.83518870917,0.937735642360567,0.9859951100273096
2019-11-03,9215.01,8888.997646611931,1.0366759410170763,9953.519973649669,0.9258041400826287,0.9597588781176641
2019-11-04,9414.0,8914.731987250761,1.0560048258840824,9968.22273580302,0.9444010481615335,0.9972920644285651
2019-11-05,9314.99,8939.984728026217,1.0419469700880102,9982.943492625454,0.9330905265447128,0.9722308469510895
2019-11-06,9343.11,8965.1946016597,1.0421536190938163,9997.682261586104,0.9345275990515168,0.9739213194945932
2019-11-07,9196.71,8989.954034473914,1.0229985564701705,10012.439060166102,0.9185284369508492,0.9396532650775207
2019-11-08,8758.69,9011.823768520844,0.9719109277963176,10027.213905859571,0.8734918874007178,0.8489563107061883
2019-11-09,8798.38,9032.750170367877,0.9740532876535505,10042.006816172976,0.8761575411231473,0.8534241334334525
2019-11-10,9036.82,9055.685348199457,0.9979167398740054,10056.817808625367,0.898576485322171,0.8967045167601431
2019-11-11,8720.61,9079.69868396551,0.9604514757081478,10071.646900748388,0.8658574000794252,0.8316140176591041
2019-11-12,8823.65,9104.09195184448,0.9691960545513093,10086.494110086123,0.8747985081532615,0.8478512626295125
2019-11-13,8765.61,9128.15154255031,0.9602831371871573,10101.359454195583,0.867765377496711,0.8333004590449394
2019-11-14,8630.01,9151.699567294268,0.9429953350786724,10116.24295064597,0.8530844941252556,0.804454698388065
2019-11-15,8460.0,9174.455707163515,0.9221255483738767,10131.144617019107,0.8350487846939048,0.7700198185048063
2019-11-16,8488.0,9196.339544638195,0.9229759252363422,10146.064470909754,0.8365805307404002,0.772143689394831
2019-11-17,8500.01,9217.901593519036,0.9221198462322733,10161.002529924888,0.8365326132895701,0.77138332473486
2019-11-18,8160.73,9237.03873164228,0.8834790279751354,10175.958811684266,0.8019617758898223,0.7085164102363536
2019-11-19,8123.36,9253.76270650811,0.8778439925077065,10190.933333820116,0.7971163910023267,0.6997438351708165
2019-11-20,8082.96,9269.37234916606,0.872007261713594,10205.926113977543,0.7919869211016498,0.6906183463828298
2019-11-21,7618.76,9282.700566969668,0.8207482235406349,10220.93716981413,0.7454071846269406,0.6117916225969875
2019-11-22,7296.45,9294.266902020523,0.7850484687946493,10235.966519000012,0.7128247231422965,0.5596019574218297
2019-11-23,7338.92,9305.62499153375,0.7886541749400974,10251.014179217897,0.7159213587742715,0.5646143685261166
2019-11-24,6906.25,9312.57436639263,0.7416048160563837,10266.080168163468,0.6727251187281037,0.49889618793086427
2019-11-25,7125.0,9319.405564069171,0.7645337410221024,10281.164503544653,0.6930148814896895,0.5298332599293012
2019-11-26,7155.0,9325.019283648102,0.7672906384812156,10296.267203082374,0.6949120354858332,0.5331994993962061
2019-11-27,7539.4,9327.038115912406,0.8083380711329351,10311.388284509962,0.731172155676252,0.5910342899854517
2019-11-28,7413.05,9329.84725645777,0.7945521289074658,10326.527765573506,0.7178647235824578,0.5703809443900113
2019-11-29,7751.29,9329.406174584254,0.8308449492869701,10341.685664031767,0.749519009938474,0.6227340838019514
2019-11-30,7551.7,9326.769441631866,0.8096801413672245,10356.861997656099,0.7291494278584627,0.590377811826271
2019-12-01,7413.84,9322.051736302534,0.7953013145302066,10372.05678423062,0.7147897619758302,0.5684732373121112
2019-12-02,7315.09,9318.59126046012,0.7849995557846591,10387.270041552227,0.7042360476561622,0.5528249845776313
2019-12-03,7296.0,9318.160988494934,0.7829871161282058,10402.50178743033,0.7013697424994424,0.5491634720192207
2019-12-04,7185.57,9317.665484959174,0.7711770734417478,10417.752039687042,0.6897428516849072,0.5319138737897323
2019-12-05,7388.75,9312.813382662725,0.7933961195609617,10433.020816157341,0.7082081144281088,0.5618895698288471
2019-12-06,7560.76,9310.186965773151,0.8120953991359644,10448.308134688741,0.7236348605472324,0.5876605409048026
2019-12-07,7502.2,9307.47858735987,0.8060399956426921,10463.61401314155,0.7169798112370901,0.5779144039254424
2019-12-08,7520.0,9306.824282326144,0.8080092383693801,10478.93846938879,0.7176299414265597,0.5798516224031374
2019-12-09,7332.69,9303.463417577284,0.7881677683760384,10494.281521316114,0.6987319698929125,0.5507180174034901
2019-12-10,7215.69,9298.694591007765,0.7759895681462514,10509.643186822153,0.6865780190375653,0.5327773804916691
2019-12-11,7275.17,9293.890020502991,0.7827906273853522,10525.023483818097,0.6912260111519326,0.5410852429346958
2019-12-12,7194.19,9284.743501076358,0.774839929521585,10540.422430227862,0.6825333659653408,0.5288541051807149
2019-12-13,7249.25,9275.836813655395,0.7815197858297851,10555.84004398819,0.6867525435958672,0.5367107007891023
2019-12-14,7059.55,9266.223276175062,0.7618583957663991,10571.27634304847,0.6678048866485518,0.5087727596270276
2019-12-15,7111.0,9257.094542411236,0.7681675894548838,10586.731345370928,0.6716898510047957,0.515970373707664
2019-12-16,6877.04,9248.541341290613,0.743581041185066,10602.205068930622,0.6486424244097029,0.4823182092993723
2019-12-17,6618.62,9236.707759002506,0.7165561770154738,10617.697531715363,0.6233573691687858,0.4466705733660085
2019-12-18,7309.12,9229.42541802897,0.7919366232400772,10633.208751725633,0.687386109937306,0.5443662347658825
2019-12-19,7153.99,9220.183373017906,0.7759053926124237,10648.738746974675,0.6718157116994217,0.5212654335493346
2019-12-20,7189.87,9215.176193852849,0.7802205675455379,10664.287535488673,0.6742006886136099,0.5260252439097032
2019-12-21,7143.01,9211.787464499526,0.7754206257501923,10679.855135306578,0.6688302331354564,0.5186247578985427
2019-12-22,7550.0,9210.482944910626,0.8197181456344645,10695.44156448021,0.7059082090704615,0.5786457681273846
2019-12-23,7318.18,9207.475359070884,0.7948085348705695,10711.0468410739,0.6832366722491405,0.5430423384401829
2019-12-24,7259.87,9203.052211954451,0.7888545922373097,10726.670983165024,0.6768055076355007,0.5339011327497684
2019-12-25,7194.76,9198.525930203448,0.7821644527169225,10742.314008843843,0.6697588614591565,0.5238615733255103
2019-12-26,7195.0,9195.863625633503,0.7824169966966356,10757.975936213312,0.6688061065260721,0.5232852652404995
2019-12-27,7247.35,9191.057498507345,0.7885218867553588,10773.656783389186,0.6726917467033067,0.5304321653152493
2019-12-28,7303.7,9187.345849597512,0.7949738825081857,10789.356568500201,0.67693564056668,0.5381461543894592
2019-12-29,7378.53,9182.671906620644,0.8035275652917676,10805.075309687896,0.6828763140025841,0.5487099419859129
2019-12-30,7191.0,9176.333003076252,0.7836463647940094,10820.813025106441,0.6645526526810368,0.5207742704877104
2019-12-31,7158.01,9167.417994781319,0.7808098206141356,10836.569732923266,0.6605420512593388,0.5157577205518975
2020-01-01,7174.32,9157.742820091218,0.7834157543996784,10852.345451318264,0.66108474266533,0.5179042023972767
2020-01-02,6945.01,9145.897519546266,0.75935795094548,10868.140198484414,0.6390246972493506,0.4852484847068226
2020-01-03,7335.54,9134.825448975384,0.8030301225758832,10883.953992627617,0.6739774906223253,0.541224226907832
2020-01-04,7353.5,9125.147781949992,0.8058499627310801,10899.786851966513,0.674646220139002,0.5436636313556789
2020-01-05,7348.69,9114.48811381158,0.8062646972860945,10915.638794732578,0.6732258311392791,0.5427982209486902
2020-01-06,7773.48,9105.148362554237,0.8537455613539647,10931.5098391704,0.7111076250551986,0.6071049785358352
2020-01-07,8169.95,9095.158332369261,0.8982746315612246,10947.400003537317,0.746291356610714,0.6703745933968156
2020-01-08,8035.08,9082.319492130584,0.8846947089850815,10963.30930610361,0.7329064405331175,0.6483984501207384
2020-01-09,7813.78,9067.59778910502,0.8617254736848254,10979.237765152324,0.7116869282857354,0.6132787553923238
2020-01-10,8183.89,9054.035553517415,0.9038941753239117,10995.185398979715,0.7443157803195765,0.6727826984325374
2020-01-11,8002.89,9036.716256957892,0.8855971320155273,11011.15222589473,0.7267985979868434,0.6436507539300547
2020-01-12,8192.66,9016.217880734837,0.9086581655824275,11027.138264219266,0.742954319035198,0.6750915086460647
2020-01-13,8109.62,9001.967322478406,0.9008719660367833,11043.143532288186,0.7343579277303527,0.6615624701291408
2020-01-14,8757.18,8986.624597448801,0.9744682116226444,11059.168048449315,0.7918479908828139,0.7716306955525597
2020-01-15,8831.86,8973.18501048253,0.984250295706883,11075.21183106345,0.7974438895361479,0.7848843840856006
2020-01-16,8727.22,8963.717519659569,0.9736161342500057,11091.274898504273,0.7868545392538164,0.7660942747253702
2020-01-17,8875.81,8955.888943337099,0.9910585153697472,11107.357269158443,0.7990928701506044,0.7919477935340081
2020-01-18,8901.0,8946.882821232613,0.9948716416488964,11123.458961425515,0.8002007317029111,0.7960970155979232
2020-01-19,8710.41,8932.47786231564,0.9751392764987976,11139.579993718116,0.7819334306061821,0.7624939997915352
2020-01-20,8633.67,8921.138146723566,0.9677767408153921,11155.720384461785,0.7739231266521689,0.748984801153094
2020-01-21,8730.0,8910.678282703626,0.9797233973698346,11171.880152095142,0.7814262130589363,0.7655815442519454
2020-01-22,8665.0,8899.300736435796,0.9736720059951998,11188.059315069626,0.7744864194926799,0.7540957456834775
2020-01-23,8386.63,8885.345492151962,0.9438721327614715,11204.257891849777,0.748521685322918,0.7065087595439536
2020-01-24,8424.96,8868.556381098479,0.9499809932940253,11220.475900913052,0.7508558526750571,0.7132987887448831
2020-01-25,8304.04,8850.229315001057,0.938285292328497,11236.713360750105,0.7390096848964799,0.6934019182266841
2020-01-26,8632.92,8835.36336363111,0.9770871490736391,11252.97028986443,0.7671681145177897,0.7495901058743862
2020-01-27,8903.24,8824.745017399013,1.0088948725936244,11269.24670677245,0.7900474833556925,0.797074855063055
2020-01-28,9417.64,8814.755302391777,1.0683949442640384,11285.542630003707,0.8344871229286124,0.8915618231903726
2020-01-29,9270.0,8805.61296413164,1.0527376160819208,11301.858078101055,0.8202191122857871,0.863475512932569
2020-01-30,9493.61,8802.495306204582,1.078513497565659,11318.193069619832,0.8387920175599975,0.9046485125887885
2020-01-31,9343.28,8795.895029215359,1.0622318671342161,11334.547623128788,0.824318738661833,0.8756176328824808
2020-02-01,9375.06,8795.610082468145,1.065879445780213,11350.921757209808,0.8259294003189835,0.8803411714655819
2020-02-02,9314.06,8793.785980571232,1.0591638255215954,11367.315490457368,0.8193719975326598,0.8678491794319632
2020-02-03,9282.29,8787.726925993526,1.0562788395874694,11383.728841479367,0.8153997806217708,0.8612895340750412
2020-02-04,9158.57,8781.522784608695,1.0429364273873039,11400.161828896862,0.8033719290532413,0.837865849550034
2020-02-05,9623.44,8776.643302991406,1.096482979628439,11416.614471343599,0.8429329048603177,0.9242615831480966
2020-02-06,9765.96,8772.909184430613,1.1131951550725916,11433.086787466576,0.8541840171025247,0.9508735093789742
2020-02-07,9804.98,8770.729218102104,1.117920728844676,11449.57879592615,0.8563616334505413,0.9573444214216463
2020-02-08,9911.13,8771.075448146257,1.1299788787126086,11466.090515395194,0.8643861642896161,0.9767381086986731
2020-02-09,10174.81,8772.940403407183,1.1597947247023777,11482.621964560218,0.8861051100875194,1.0277000322113246
2020-02-10,9854.5,8772.824069743627,1.123298486514387,11499.173162120356,0.8569746590530435,0.9626383374954665
2020-02-11,10279.99,8774.734314886087,1.1715443033483406,11515.744126788395,0.8926900326038216,1.0458259223528517
2020-02-12,10344.01,8778.613286570473,1.1783193611938998,11532.334877289748,0.8969571305434533,1.0569019530802752
2020-02-13,10239.57,8781.675356873784,1.1660155475896818,11548.945432363114,0.8866238099373205,1.0338171472501148
2020-02-14,10380.0,8785.550672226213,1.1814854170512412,11565.575810760394,0.8974909827094508,1.0603725080062039
2020-02-15,9901.34,8787.000078593366,1.1268168785068475,11582.226031246499,0.85487366360216,0.9632860731378987
2020-02-16,9915.04,8786.192431677473,1.1284797228265357,11598.896112599552,0.8548261751589942,0.9646540052082895
2020-02-17,9711.95,8783.113189527148,1.105752572058434,11615.586073610695,0.8361136440686758,0.9245348124620884
2020-02-18,10191.51,8781.665640500536,1.1605440718441093,11632.295933084388,0.8761391610587788,1.016798109477237
2020-02-19,9591.54,8776.372588874883,1.092882042423591,11649.025709838208,0.8233770135728559,0.8998539522781395
2020-02-20,9610.05,8770.455463296163,1.0957298671907623,11665.775422702874,0.8237815020249568,0.9026419958080126
2020-02-21,9697.01,8761.94466981689,1.1067189266104611,11682.545090522044,0.8300425913071894,0.9186238456924583
2020-02-22,9668.26,8754.5757055687,1.1043664850428003,11699.3347321528,0.8263939977227183,0.9126418345255063
2020-02-23,9964.16,8746.389100140443,1.139231274291239,11716.144366465469,0.8504640851404933,0.9688752834535369
2020-02-24,9668.08,8736.87966117752,1.1065827131579122,11732.974012343333,0.8240093253278307,0.9118344748886916
2020-02-25,9301.01,8726.162130722665,1.0658763681748975,11749.823688683018,0.7915871970877638,0.8437340867256525
2020-02-26,8776.01,8715.202502795688,1.006977175479836,11766.693414394216,0.7458348484939951,0.7510386691109145
2020-02-27,8816.71,8703.511383448247,1.0130060858847183,11783.583208399968,0.7482197769618139,0.757951187641624
2020-02-28,8713.16,8691.870778219258,1.0024493256197606,11800.49308963639,0.7383725352673783,0.7401810500349364
2020-02-29,8552.08,8681.511695780006,0.9850911108208353,11817.423077052668,0.7236839998228224,0.7128946752687293
2020-03-01,8490.3,8673.956008074714,0.9788267305133036,11834.373189611842,0.7174270968109021,0.7022368195530666
2020-03-02,8923.52,8667.816884017988,1.029500290488772,11851.34344628936,0.7529542992692481,0.7751666698224606
2020-03-03,8769.67,8660.560409281821,1.0125984446227339,11868.333866074334,0.738913321697844,0.7482224802622546
2020-03-04,8765.0,8653.919416522298,1.0128358698678919,11885.344467969264,0.7374628496146223,0.7469288267846803
2020-03-05,9053.56,8648.302115123222,1.0468598205153015,11902.375270989354,0.7606515333176388,0.7962955276435922
2020-03-06,9162.98,8640.657868090293,1.0604493477098111,11919.426294163588,0.7687433752148544,0.8152134108028309
2020-03-07,8885.68,8632.348886746398,1.0293467185556588,11936.497556533963,0.7444126686170213,0.7662587376921919
2020-03-08,8068.0,8622.498075844429,0.9356917135884516,11953.589077155772,0.6749437301152145,0.6315392554072864
2020-03-09,7945.03,8612.205157156439,0.9225314370731125,11970.70087509743,0.663706334566257,0.6122899586219371
2020-03-10,7887.01,8600.241177818578,0.9170684678404,11987.832969440951,0.6579179089419536,0.6033557687181571
2020-03-11,7957.02,8589.754847241371,0.9263384277556448,12004.98537928128,0.6628096368807386,0.6139860369293932
2020-03-12,4980.0,8559.234136941775,0.5818277570543665,12022.158123726973,0.4142351105972774,0.24101348529198136
2020-03-13,5592.77,8532.835290705507,0.655440988775676,12039.35122189953,0.4645408126167775,0.3044790895481967
2020-03-14,5182.62,8504.121774675157,0.6094244811302655,12056.564692933965,0.42985876424960395,0.261966454362112
2020-03-15,5327.12,8478.631332606374,0.6282995204088461,12073.798555978641,0.44121325822204843,0.27721407853893737
2020-03-16,5074.2,8451.976185230553,0.6003566371692972,12091.05283019496,0.4196656876172281,0.25194908095321983
2020-03-17,5361.77,8427.482164011504,0.6362244257124341,12108.327534757862,0.4428167296109754,0.28173081949260104
2020-03-18,5426.71,8403.506452330588,0.6457673390010883,12125.622688855745,0.44754072753620383,0.28900718471566544
2020-03-19,6219.99,8384.556459313442,0.7418388832113982,12142.938311689957,0.5122310465838438,0.37999290754396436
2020-03-20,6215.4,8362.983078705009,0.7432037039303017,12160.27442247531,0.5111233335748036,0.37986875467799713
2020-03-21,6168.72,8340.264840362546,0.7396311889457757,12177.63104044027,0.5065615783163829,0.374668742444395
2020-03-22,5791.69,8315.153607074386,0.6965223101919046,12195.008184826083,0.4749230104828008,0.3307944724247745
2020-03-23,6583.38,8295.475195337478,0.7936109559703377,12212.405874887858,0.5390731414796229,0.42781435114757665
2020-03-24,6742.21,8277.842033146839,0.8144888454022521,12229.824129893686,0.5512924739056415,0.44902157055035713
2020-03-25,6752.83,8259.651971680321,0.8175683458762273,12247.262969125237,0.5513746228054024,0.4507864383251416
2020-03-26,6772.2,8241.973981361887,0.8216720915783545,12264.722411877467,0.5521690399973204,0.4537018899994103
2020-03-27,6320.46,8221.833680589474,0.7687409214956106,12282.202477458924,0.514603143174012,0.3955964944881276
2020-03-28,6269.81,8202.297195394334,0.7643968330628835,12299.703185190949,0.5097529514004011,0.3896535416949246
2020-03-29,5897.55,8179.98228988935,0.7209734435842863,12317.224554409087,0.4788051053180569,0.34520576558689636
2020-03-30,6401.26,8160.011537190232,0.7844670281194444,12334.766604461582,0.5189607720412492,0.4071076145537712
2020-03-31,6434.73,8140.5179475834675,0.7904570742836043,12352.329354710288,0.5209325152544008,0.41177479190719274
2020-04-01,6719.39,8122.913839960833,0.8272142401589723,12369.912824530775,0.5432043131843887,0.4493463431819005
2020-04-02,6789.84,8105.980538970538,0.8376333951650854,12387.517033311526,0.548119528856453,0.4591232219123177
2020-04-03,6727.99,8088.861349896123,0.8317598372589735,12405.142000454647,0.5423549363444142,0.4511090535904309
2020-04-04,6896.6,8073.107424962547,0.854268330268378,12422.78774537598,0.5551571950963309,0.47425321009141874
2020-04-05,6779.75,8056.814130193889,0.8414926657662443,12440.454287504284,0.5449760791139168,0.45859337359240543
2020-04-06,7320.07,8043.048609985725,0.9101113713165774,12458.141646281962,0.587573187706099,0.5347570396120505
2020-04-07,7204.58,8029.2034984573165,0.8972969736517757,12475.849841164856,0.5774821027604895,0.518172943145051
2020-04-08,7343.65,8016.8886648348725,0.9160224504815747,12493.578891622356,0.5877939430889838,0.5384324481265982
2020-04-09,7294.69,8004.114629128486,0.9113675075883152,12511.328817137197,0.5830467815703326,0.5313698921271429
2020-04-10,6892.54,7990.518234281298,0.862589859369734,12529.099637205569,0.5501225307150067,0.4745301164055798
2020-04-11,6891.43,7981.876992155998,0.863384640827263,12546.891371337122,0.549253978219912,0.474217448708344
2020-04-12,6860.97,7973.583679086053,0.8604625317967964,12564.704039054968,0.5460510632541756,0.4698564803780206
2020-04-13,6871.0,7967.208317494564,0.8624099842993328,12582.537659895686,0.5460742646453531,0.4709398979990687
2020-04-14,6865.72,7960.16607616132,0.8625096429283167,12600.392253409638,0.5448814498724952,0.4699655047677893
2020-04-15,6576.76,7951.254588145965,0.8271348787906863,12618.267839160146,0.5212094150981138,0.4311104863817428
2020-04-16,7123.29,7946.329380081934,0.8964252121054856,12636.16443672432,0.5637224836436661,0.5053350469689045
2020-04-17,7055.22,7939.851518848939,0.8885833674913374,12654.082065692763,0.5575449853551866,0.4954252006148201
2020-04-18,7271.53,7934.489654495654,0.9164458354142508,12672.020745669663,0.5738256072919434,0.5258800880567549
2020-04-19,7125.31,7927.981989894902,0.898754564412735,12689.980496272397,0.5614910127003754,0.5046426105411913
2020-04-20,6832.57,7920.554924360638,0.862637790565102,12707.961337132258,0.5376605907696185,0.4638063440954312
2020-04-21,6845.0,7913.600161295481,0.864966622079053,12725.963287893828,0.5378767677659128,0.46524545090928077
2020-04-22,7143.99,7908.374428797219,0.9033449369804973,12743.98636821531,0.5605773416250489,0.5063947033429745
2020-04-23,7479.06,7906.396826147215,0.9459504960927372,12762.03059776831,0.5860399677546503,0.5543647982276831
2020-04-24,7514.64,7902.8277635658815,0.9508798906948815,12780.095996238158,0.5879955833048474,0.5591131759819864
2020-04-25,7535.69,7899.55413624493,0.9539386489453322,12798.182583323503,0.5888093837494769,0.5616880280203096
2020-04-26,7765.79,7895.525048034871,0.9835685344235389,12816.290378736832,0.6059311837131918,0.5959748463263042
2020-04-27,7773.0,7891.585087109117,0.9849732232751535,12834.419402204056,0.605637057385326,0.5965362845477037
2020-04-28,7774.39,7889.177330593778,0.9854500252962196,12852.569673464517,0.6048899323262217,0.5960887991123037
2020-04-29,8789.1,7891.416713201651,1.1137543890308825,12870.741212271414,0.6828744246384323,0.7605543875979925
2020-04-30,8652.3,7893.152266229542,1.0961780171172464,12888.934038391279,0.6712967863927348,0.7358607802051678
2020-05-01,8813.9,7895.2249962128035,1.1163583057136266,12907.148171604294,0.6828696690249955,0.7623272267359689
2020-05-02,8992.0,7899.075555230194,1.1383610572057574,12925.383631704311,0.6956853472374913,0.7919411073638251
2020-05-03,8917.63,7903.400062874562,1.1283283054200537,12943.640438498727,0.6889584149352587,0.7773712808287866
2020-05-04,8900.29,7907.236645974249,1.1255879137664784,12961.918611808404,0.6866491193589019,0.7728839497487761
2020-05-05,9037.69,7912.287366927882,1.142234802767165,12980.218171468188,0.6962664171443391,0.7952997336602647
2020-05-06,9132.24,7917.698062402882,1.1533958390462449,12998.539137325974,0.7025589493958058,0.8103285689178237
2020-05-07,10007.56,7925.417382727706,1.2627170932107652,13016.881529243863,0.7688139419197225,0.9707945059607821
2020-05-08,9790.23,7932.373970382831,1.2342118559404611,13035.245367097223,0.7510583594162259,0.9269651316946981
2020-05-09,9554.91,7939.381711996401,1.2034828840087808,13053.630670775108,0.7319733674855565,0.8809174193191367
2020-05-10,8773.89,7945.752744260361,1.104223889465708,13072.037460180378,0.671195291990766,0.7411498759131151
2020-05-11,8557.37,7951.3174135195995,1.0762203990812809,13090.465755229165,0.6537101246058906,0.7035361711868254
2020-05-12,8809.14,7951.790907786058,1.107818364712591,13108.915575851735,0.6719960891522971,0.7444496085779543
2020-05-13,9335.84,7952.02399274517,1.1740206026185684,13127.386941991743,0.7111727597620069,0.8349314719817017
2020-05-14,9815.22,7953.0276186962465,1.2341488638774556,13145.87987360645,0.7466384977171776,0.921463053684825
2020-05-15,9331.18,7953.495822611904,1.1732174389871834,13164.394390666834,0.7088195417949139,0.8315994475286977
2020-05-16,9353.26,7953.165528006336,1.1760424156976692,13182.930513157711,0.709497785083873,0.8343994891021836
2020-05-17,9700.33,7955.376560464654,1.2193426579210762,13201.488261077404,0.7347906393705594,0.8959615712256249
2020-05-18,9733.21,7957.848883880194,1.223095605612223,13220.067654437973,0.7362450975606439,0.900498143479966
2020-05-19,9783.91,7960.0046225741935,1.229133708321387,13238.668713265102,0.7390403228533511,0.9083793726277745
2020-05-20,9497.76,7960.756613964181,1.1930725257119053,13257.291457598443,0.7164178316798142,0.8547384319072826
2020-05-21,9039.12,7959.989558313803,1.13556932880133,13275.935907490843,0.6808649923430068,0.7731694023592709
2020-05-22,9173.23,7958.958468822234,1.1525666374481602,13294.60208300945,0.6899965822763076,0.7952670406849266
2020-05-23,9166.02,7958.316932490241,1.151753577767084,13313.290004234732,0.6884864670629457,0.7929667516839674
2020-05-24,8673.64,7955.35895287339,1.0902889550781583,13331.999691260915,0.6505880738720347,0.7093289912482523
2020-05-25,8892.39,7954.020578049153,1.1179742260839103,13350.731164196213,0.6660601498626139,0.7446380805679891
2020-05-26,8836.77,7954.37354852178,1.1109322369757455,13369.484443162282,0.6609656518594849,0.7342880501843894
2020-05-27,9200.0,7956.148998571492,1.156338324188227,13388.259548294658,0.6871692296383557,0.7946001154337312
2020-05-28,9593.72,7958.52829752179,1.2054640809642396,13407.056499742548,0.7155724300993455,0.8625968618130551
2020-05-29,9426.87,7961.627750178199,1.18403802536347,13425.875317669168,0.7021419294423014,0.8313627436617593
2020-05-30,9684.6,7965.334805530882,1.2158434311229849,13444.716022251077,0.7203275981413021,0.8758055784566994
2020-05-31,9435.8,7968.269570476469,1.1841717849206472,13463.578633678959,0.7008389267617507,0.8299136828453332
2020-06-01,10212.38,7974.979886318169,1.28055244597172,13482.463172156966,0.7574565470417814,0.9699628340316464
2020-06-02,9509.35,7979.643675991956,1.1917010816673947,13501.369657903273,0.7043248382162123,0.8393446715474729
2020-06-03,9672.67,7984.858120387729,1.211376564763597,13520.298111149972,0.715418396878624,0.8666410799795071
2020-06-04,9799.57,7990.5402165677,1.2263964305794284,13539.248552142415,0.7237897998740367,0.8876532270553174
2020-06-05,9568.95,7996.902813108779,1.1965820047624278,13558.221001140211,0.7057673716334375,0.8445085364450481
2020-06-06,9665.36,8003.855322012645,1.2075880449035346,13577.21547841657,0.7118808724340298,0.8596588309468325
2020-06-07,9764.0,8011.420297459983,1.2187601745343046,13596.232004258529,0.7181401433089535,0.8752406063993107
2020-06-08,9833.94,8021.650438990184,1.2259247738097596,13615.27059896717,0.7222728280366301,0.8854521533397411
2020-06-09,9778.6,8033.4030730579,1.2172425447933855,13634.331282857087,0.7172042249182379,0.8730114958760434
2020-06-10,9899.18,8045.432460967766,1.2304099311038466,13653.414076256817,0.7250333099627146,0.8920881849592176
2020-06-11,9258.7,8057.233170607798,1.1491165520410986,13672.518999508631,0.6771758737605517,0.7781540051811434
2020-06-12,9466.77,8068.689751836457,1.1732722773044206,13691.646072968872,0.6914267247011333,0.8112318078792354
2020-06-13,9477.17,8080.037231733359,1.1729116745625345,13710.795317007623,0.6912195668360681,0.8107394996280824
2020-06-14,9315.71,8088.588801846159,1.1517101719738503,13729.966752008606,0.6784947238591944,0.7814292750992229
2020-06-15,9437.23,8098.358454704382,1.1653262883810558,13749.16039836985,0.6863859120531397,0.799863547289931
2020-06-16,9534.8,8106.748201570671,1.1761559336643324,13768.376276502686,0.6925144845345511,0.8145050201338088
2020-06-17,9460.53,8115.887859504485,1.1656802267075204,13787.614406832772,0.6861614867407095,0.7998448774218795
2020-06-18,9368.15,8125.3876693460725,1.1529480661387255,13806.874809799529,0.6785134311025177,0.7822907482387992
2020-06-19,9285.54,8135.083747202245,1.141419103791453,13826.157505856143,0.6715922334941621,0.7665682052682067
2020-06-20,9361.81,8145.230956517297,1.1493609021005442,13845.462515469686,0.6761644827350438,0.7771570198446978
2020-06-21,9279.68,8155.653423318388,1.1378217683291727,13864.78985912135,0.6692982796198023,0.7615421520566765
2020-06-22,9700.91,8166.763320359391,1.187852472204753,13884.139557305989,0.6987044432937346,0.8299578003069082
2020-06-23,9623.74,8176.620882348463,1.1769825381993129,13903.511630532475,0.6921805264553463,0.8146843929195502
2020-06-24,9284.1,8185.337999354254,1.1342353853600704,13922.906099323352,0.6668219934666659,0.7563331007262342
2020-06-25,9232.84,8193.740488629295,1.1268162584368757,13942.322984215643,0.6622167633365448,0.7461966155370634
2020-06-26,9157.22,8202.848801471062,1.1163463110959433,13961.762305759716,0.6558785201652033,0.7321875665134909
2020-06-27,9001.24,8211.922250892065,1.0961185122061026,13981.224084520196,0.6438091504424165,0.7056911281276165
2020-06-28,9122.56,8221.218612683871,1.1096359833961256,14000.708341075404,0.6515784614437079,0.7230149068238233
2020-06-29,9191.05,8231.293983243628,1.1165984374644058,14020.215096017926,0.6555569894651956,0.7319939101057074
2020-06-30,9129.47,8240.790535370656,1.1078391036412107,14039.744369953942,0.6502589904370139,0.72038233710038
2020-07-01,9239.09,8251.884417507985,1.119633956626618,14059.29618350402,0.6571516724173121,0.7357693270923943
2020-07-02,9088.54,8262.014512417982,1.100039220015861,14078.870557302218,0.6455446808043912,0.7101244671574505
2020-07-03,9050.05,8273.365302956923,1.0938777231032561,14098.467511996761,0.6419172858538753,0.7021790190704591
2020-07-04,9138.22,8286.720128343879,1.1027547519969514,14118.087068250055,0.6472704096400425,0.7137805200575702
2020-07-05,9088.52,8295.752981750327,1.0955629971135432,14137.729246738116,0.6428557119310317,0.7042889304747217
2020-07-06,9331.69,8306.783119523458,1.123381923631508,14157.394068151267,0.6591389598310852,0.7404647926355157
2020-07-07,9263.56,8317.315121598307,1.113768068729835,14177.081553193557,0.653417980650134,0.7277560823820485
2020-07-08,9436.01,8328.900842973973,1.1329238008590237,14196.791722583126,0.6646579159846339,0.753006772448349
2020-07-09,9230.48,8337.274073886541,1.107134048634805,14216.524597052312,0.6492782351260356,0.7188380411455485
2020-07-10,9298.16,8347.262056182726,1.113917346480449,14236.2801973472,0.6531312864811853,0.727534269540484
2020-07-11,9235.0,8357.311471752038,1.1050204400320096,14256.058544227975,0.6477947583723334,0.7158264489470252
2020-07-12,9313.77,8368.105258372423,1.1130082273620334,14275.859658468808,0.6524139507406009,0.7261420948200572
2020-07-13,9230.14,8378.533718856495,1.1016414458328077,14295.683560858086,0.6456592271860534,0.7112849645525371
2020-07-14,9258.34,8388.799051019416,1.1036549980148729,14315.530272198088,0.6467339891684237,0.7137711995318275
2020-07-15,9194.51,8398.461188313227,1.094785079532725,14335.399813304963,0.6413849714513297,0.7021786969814385
2020-07-16,9130.91,8407.414136441768,1.0860545052041928,14355.29220500934,0.6360657706997932,0.6908020958746874
2020-07-17,9147.65,8417.537151991646,1.0867371102526828,14375.207468155388,0.6363490767186692,0.6915441567452094
2020-07-18,9174.6,8427.99008612268,1.0885869473323977,14395.145623601755,0.637339853301495,0.6937998453187526
2020-07-19,9221.71,8438.57606886304,1.0928040376416817,14415.106692220994,0.6397254073031888,0.6990945080828941
2020-07-20,9161.13,8450.26931738869,1.0841228434161885,14435.090694899676,0.6346430509949539,0.6880310289989745
2020-07-21,9396.65,8460.738168849157,1.1106182241399094,14455.09765253864,0.6500578706467429,0.7219661178858565
2020-07-22,9546.31,8471.78572061609,1.1268356300335896,14475.1275860524,0.6594974685541567,0.7431452454837806
2020-07-23,9612.05,8483.166537902267,1.1330733585217208,14495.180516369977,0.6631204067548336,0.751364066385989
2020-07-24,9553.41,8491.916352865896,1.125000483168427,14515.256464434438,0.6581633623496732,0.7404341006471389
2020-07-25,9709.02,8499.247723735,1.1423387475678102,14535.355451202773,0.6679588973654302,0.763035330243201
2020-07-26,9944.58,8508.313208807307,1.1688074658213046,14555.477497646141,0.6832190837853448,0.7985515659199024
2020-07-27,11108.44,8523.293198440291,1.3033037514223698,14575.622624749874,0.762124561398668,0.9932797999220122
2020-07-28,10952.85,8535.722058211331,1.2831779110548007,14595.790853513248,0.7504115474060536,0.9629115218319004
2020-07-29,11100.39,8549.696967503123,1.2983372442546097,14615.982204950074,0.7594693154621227,0.9860472981330273
2020-07-30,11139.67,8562.842560222674,1.3009313112619363,14636.196700087878,0.7611041466758312,0.9901442155418861
2020-07-31,11372.76,8577.333290413264,1.3259086029350329,14656.434359968613,0.7759568064564617,1.0288478051866168
2020-08-01,11805.82,8590.153911459192,1.3743432447992738,14676.695205647951,0.8043922582419529,1.105511066283661
2020-08-02,11050.03,8599.783176234974,1.2849196047798215,14696.979258196248,0.7518572222137139,0.9660760848176997
2020-08-03,11235.44,8610.652691946096,1.304830237841201,14717.286538697705,0.7634179011502888,0.9961307615301618
2020-08-04,11198.04,8620.664480874299,1.2989764332951175,14737.61706825073,0.7598270431468839,0.9869974224281145
2020-08-05,11737.59,8632.596527274638,1.359682450455683,14757.970867968075,0.7953390140833141,1.0814084996118074
2020-08-06,11766.62,8645.587466424482,1.360997161349207,14778.347958976465,0.796206723015537,1.0836350898713
2020-08-07,11598.96,8658.35975687895,1.3396255556122836,14798.748362416733,0.7837797978548648,1.0499714471790067
2020-08-08,11780.14,8671.341853862652,1.3585140798886313,14819.172099444057,0.794925649081431,1.0799176867417333
2020-08-09,11692.76,8684.344641662376,1.3464182367780544,14839.619191227977,0.7879420522402519,1.0608995486606017
2020-08-10,11896.19,8699.537255722213,1.3674508942616639,14860.089658951787,0.8005463138530716,1.0947077727762615
2020-08-11,11387.01,8712.65187483321,1.3069511055401817,14880.583523813506,0.7652260398106893,1.0001130187187155
2020-08-12,11563.16,8727.086832160245,1.324973639243341,14901.100807024799,0.7759936765576944,1.0281711656584684
2020-08-13,11824.99,8740.826753295898,1.3528457128544686,14921.64152981219,0.7924724619858117,1.0720929727527313
2020-08-14,11785.29,8753.091601351058,1.3464145626193285,14942.205713415973,0.7887249196026319,1.0619507176537426
2020-08-15,11854.27,8763.167986818858,1.3527379616402002,14962.793379090584,0.7922497958546618,1.0717063739543
2020-08-16,11924.0,8774.206438325069,1.3589832976708722,14983.404548105218,0.7958137926341909,1.0814976522459765
2020-08-17,12325.1,8785.665082252648,1.4028647671645411,15004.039241742845,0.8214521304176713,1.1523862516752026
2020-08-18,11983.52,8796.604549414102,1.3622892711254326,15024.697481300844,0.7975881055118896,1.0865457189161067
2020-08-19,11764.8,8806.596963899721,1.3359076210966208,15045.379288090866,0.7819543645079389,1.0446187948959205
2020-08-20,11856.24,8817.229823751682,1.344667229616936,15066.084683438856,0.786948981710741,1.058184507086851
2020-08-21,11526.32,8826.780738891432,1.3058350876683957,15086.813688685046,0.7639996249602141,0.9976575172385427
2020-08-22,11675.78,8837.50413130097,1.3211626072848248,15107.566325183718,0.7728432064227932,1.0210515456199016
2020-08-23,11650.03,8845.952710121515,1.316989857595561,15128.342614303701,0.7700797302795754,1.014187194318126
2020-08-24,11762.34,8854.183274198274,1.328450025907675,15149.142577427881,0.7764360220310954,1.0314564535828608
2020-08-25,11324.86,8860.565450120286,1.2781193326489406,15169.966235953703,0.7465316549722717,0.9541565406544691
2020-08-26,11460.01,8867.00078754086,1.2924336283022115,15190.813611292677,0.7544039636876829,0.9750170519944419
2020-08-27,11341.73,8871.815713591433,1.2784000892426912,15211.68472487088,0.7455932860254748,0.9531665233937184
2020-08-28,11540.0,8878.822380774453,1.2997219118819028,15232.579598128465,0.7575867190228142,0.9846520588646699
2020-08-29,11468.56,8883.680873401141,1.290969381209799,15253.498252519788,0.7518642484589042,0.9706337235867623
2020-08-30,11724.99,8889.248903435577,1.319007953019343,15274.440709513912,0.7676215596356936,1.0124989420685917
2020-08-31,11665.93,8895.047161800507,1.3115085044291794,15295.406990594116,0.7627080474010233,1.0002980905630157
2020-09-01,11911.74,8901.170999979431,1.3382216789260115,15316.39711725764,0.7777116190450908,1.040750548558788
2020-09-02,11390.12,8907.407395206532,1.278724492396017,15337.41111101658,0.7426364148131028,0.9496273725666828
2020-09-03,10225.82,8908.782052208613,1.1478359151759554,15358.448993396998,0.6658107211474511,0.7642414584422473
2020-09-04,10230.37,8911.098799820977,1.1480480948326517,15379.510785939821,0.6651947608992062,0.7636755779429949
2020-09-05,10152.97,8910.929991915538,1.1393838812796537,15400.596510199583,0.6592582302429546,0.7511482011397732
2020-09-06,10255.2,8913.911349631537,1.1504713921598408,15421.70618774581,0.6649847867124359,0.7650459733341709
2020-09-07,10389.85,8917.389342209244,1.1651223919113933,15442.839840162276,0.6727940008144786,0.7838873554926012
2020-09-08,10123.21,8919.307376453486,1.1349771425889812,15463.997489046875,0.6546308615977371,0.7429910647467625
2020-09-09,10235.0,8921.84817392583,1.147183834613087,15485.179156012004,0.6609545744923679,0.7582364032712159
2020-09-10,10345.95,8923.525660641082,1.15940160800263,15506.384862684705,0.6672058053258424,0.7735594835634714
2020-09-11,10399.99,8926.78223092948,1.1650323409891366,15527.61463070615,0.6697738350251058,0.7803081789525708
2020-09-12,10444.01,8931.957051045742,1.1692857388714413,15548.868481732032,0.6716893909206577,0.7853968257547697
2020-09-13,10336.28,8939.268087260407,1.1562781090244416,15570.146437432319,0.6638524590334272,0.7675980660023968
2020-09-14,10679.33,8947.838752557811,1.193509437901664,15591.448519491505,0.684947905042263,0.8174917891389136
2020-09-15,10789.8,8957.40761597876,1.2045672657290383,15612.774749608621,0.6910879182619654,0.8324618840791888
2020-09-16,10953.38,8968.498083643392,1.2213170920977956,15634.125149496855,0.7006071587160415,0.8556634977859746
2020-09-17,10947.83,8979.905051864029,1.2191476342756513,15655.499740884068,0.6992961055985923,0.8525451927986999
2020-09-18,10942.2,8989.066368803191,1.2172788086174573,15676.898545512413,0.6979824464790109,0.8496392408858685
2020-09-19,11075.33,8999.56367471877,1.2306518849477552,15698.321585138601,0.7055104547281584,0.8682377709615561
2020-09-20,10911.59,9009.426252435978,1.2111303976820624,15719.768881533639,0.6941317065302459,0.8406840097737054
2020-09-21,10425.85,9015.786008891098,1.156399451996569,15741.240456483363,0.6623270909825848,0.7659146850547428
2020-09-22,10529.01,9022.052482310979,1.1670304535075169,15762.736331787659,0.6679684147711618,0.7795394820190861
2020-09-23,10230.11,9028.410502239807,1.1331020003423715,15784.256529260856,0.648121118725828,0.7343873360923714
2020-09-24,10741.0,9041.337714210931,1.1879879216454425,15805.801070732252,0.679560621567559,0.8073098104481296
2020-09-25,10693.3,9054.777280188939,1.1809567114804695,15827.36997804521,0.675620776846255,0.7978788908322334
2020-09-26,10730.23,9068.725482616428,1.183212571663842,15848.963273057554,0.677030403511683,0.8010708848336671
2020-09-27,10792.18,9082.555269278124,1.1882316903156875,15870.580977642085,0.6800116527053196,0.8080113955284062
2020-09-28,10681.01,9117.273106359557,1.1715136615299693,15892.223113685686,0.672090362914801,0.7873630419373243
2020-09-29,10845.9,9147.515570436044,1.185666197175218,15913.889703089717,0.6815367080176661,0.8080750368306231
2020-09-30,10783.24,9181.088144314757,1.174505661039465,15935.580767770265,0.676676938051051,0.7947608944358108
2020-10-01,10598.64,9212.721554207727,1.1504352907702158,15957.296329657778,0.6641877032954303,0.7641049735666802
2020-10-02,10577.92,9246.622097606722,1.1439766747618954,15979.036410697448,0.6619873519355913,0.7572980896017103
2020-10-03,10545.21,9277.946074410887,1.1365888436325686,16000.801032848827,0.6590426303252707,0.7490605011059658
2020-10-04,10662.36,9309.330043468157,1.145341281296734,16022.590218086096,0.6654579474899424,0.7621764582272254
2020-10-05,10800.0,9335.048914800782,1.1569301991419165,16044.403988397802,0.6731318912070408,0.7787666129429366
2020-10-06,10594.15,9359.972723311355,1.1318569309090913,16066.242365787395,0.6594043435171836,0.7463513764814835
2020-10-07,10671.23,9385.657030636228,1.1369720803953802,16088.105372272435,0.6632993601839329,0.7541528534732508
2020-10-08,10926.71,9415.493779473682,1.1605031298327504,16109.993029885529,0.6782566559606786,0.7871189720722626
2020-10-09,11059.3,9439.945660454689,1.171542760709844,16131.905360673405,0.6855544805612686,0.8031563887737517
2020-10-10,11303.56,9464.366708115835,1.1943281942263533,16153.84238669784,0.6997443536596663,0.835724410326436
2020-10-11,11370.45,9489.05619083717,1.1982698564878922,16175.804130034745,0.7029295056118844,0.8422992378106577
2020-10-12,11534.83,9514.356614507364,1.212360485039193,16197.790612774832,0.7121236640077777,0.8633505907043566
2020-10-13,11434.36,9542.600474815124,1.1982436056269585,16219.801857023474,0.7049629891162148,0.8447173939121716
2020-10-14,11426.87,9571.281863419736,1.193870388842282,16241.837884900597,0.7035453795917466,0.8399419959013893
2020-10-15,11509.25,9603.332875587399,1.198464132099141,16263.898718540664,0.7076562759751807,0.848100664611105
2020-10-16,11329.33,9630.78475577306,1.176366234663148,16285.98438009283,0.695649076874248,0.818338085209454
2020-10-17,11365.96,9658.219151974581,1.1768173636520018,16308.094891720935,0.6969520397977393,0.8201852620666606
2020-10-18,11516.56,9684.272922891856,1.1892023378210408,16330.230275603246,0.7052294919077357,0.838660560477024
2020-10-19,11765.09,9710.927210578173,1.211531066486032,16352.390553932732,0.7194721751047286,0.871662891611657
2020-10-20,11917.34,9738.726486667234,1.223706201864832,16374.575748917194,0.7277953446084282,0.8906076768856862
2020-10-21,12836.37,9769.024633901472,1.313986859594346,16396.785882778746,0.782858914653622,1.0286663267711509
2020-10-22,12977.02,9800.788363261892,1.3240791984289921,16419.020977754742,0.7903650295338482,1.0465058947714845
2020-10-23,12943.03,9828.757381304757,1.3168531379784478,16441.281056096464,0.7872275862105462,1.0366631172045568
2020-10-24,13120.87,9858.262648401467,1.3309515548490252,16463.566140070303,0.7969640288360983,1.0607205133381483
2020-10-25,13050.32,9886.644781183397,1.3199948302823439,16485.876251957252,0.7916060875715131,1.0449159432144297
2020-10-26,13072.95,9915.526153927643,1.3184323047568856,16508.2114140529,0.7919058989559236,1.0440743195110316
2020-10-27,13698.18,9949.635761055604,1.3767519061970863,16530.571648667712,0.8286573683677788,1.1408556114846007
2020-10-28,13280.0,9982.323174386818,1.3303516393933768,16552.956978126615,0.8022735767119095,1.0673059680206767
2020-10-29,13460.0,10016.014015857849,1.3438479597462087,16575.36742476942,0.8120483640010315,1.091269537178033
2020-10-30,13582.97,10050.202157072034,1.3515121176385552,16597.803010950298,0.8183595136680872,1.1060227993072147
2020-10-31,13745.02,10085.143776252813,1.3628977736901469,16620.2637590387,0.8270037226409818,1.1271215324208577
2020-11-01,13784.52,10122.52812873231,1.3617665295365593,16642.749691418296,0.8282597681023756,1.1278964299635275
2020-11-02,13573.93,10155.214876391654,1.3366462615730572,16665.26083048781,0.8145045035939398,1.0887043997632584
2020-11-03,14050.59,10190.254654698052,1.3788261899345373,16687.797198660446,0.8419679261878771,1.1609274277127144
2020-11-04,14160.0,10224.267992540435,1.3849402236258919,16710.358818364464,0.8473785724121223,1.1735686695722336
2020-11-05,15636.6,10264.526428525203,1.5233630220431564,16732.945712042227,0.9344798141995275,1.4235519937973196
2020-11-06,15596.33,10306.97229999711,1.5131824891005452,16755.557902151555,0.9308153205687827,1.4084934436711924
2020-11-07,14814.62,10346.839067070041,1.4318015293336461,16778.195411164925,0.8829686171220609,1.2642358163489813
2020-11-08,15487.88,10386.947819648898,1.4910905752989065,16800.858261568927,0.9218505244715803,1.3745626288739274
2020-11-09,15334.37,10424.303434364943,1.4710210707651166,16823.54647586577,0.9114826069519844,1.340810120462288
2020-11-10,15325.25,10461.514020438963,1.464917025399824,16846.260076571914,0.9097122999610351,1.332653036428552
2020-11-11,15723.81,10500.058416327052,1.497497383019344,16868.99908621864,0.9321128016922938,1.3958364812130388
2020-11-12,16319.72,10539.12002586152,1.5484898131868408,16891.763527352297,0.9661347658327086,1.496049843057603
2020-11-13,16339.59,10578.342225118,1.5446267148742896,16914.553422533798,0.9660077680934914,1.4921214053732943
2020-11-14,16093.3,10616.894624821496,1.5158198860121568,16937.36879433887,0.950165293996492,1.44027944763847
2020-11-15,15946.64,10648.566093705123,1.497538716449985,16960.20966535792,0.9402383764495442,1.4080433714252683
2020-11-16,16714.58,10683.681940010545,1.5644962189864204,16983.076058196482,0.9841903753315114,1.5397621209689756
2020-11-17,17660.9,10720.873555781332,1.6473377759852594,17005.967995474777,1.0385118921016139,1.7107798706689163
2020-11-18,17802.82,10757.549085479686,1.6549141313266116,17028.88549982773,1.0454483354286515,1.7301272238727587
2020-11-19,17804.44,10794.803240270488,1.6493528972885538,17051.82859390512,1.0441366978298086,1.722149887730898
2020-11-20,18702.87,10834.958475139094,1.7261598226623476,17074.79730037185,1.0953494598493825,1.8907482293669082
2020-11-21,18710.14,10874.451213413588,1.7205594685018335,17097.7916419074,1.0943015561226437,1.8828109037831051
2020-11-22,18477.48,10912.837199496253,1.693187542544201,17120.81164120583,1.079240890398501,1.827357231027053
2020-11-23,18391.21,10946.091819730746,1.6801622261974036,17143.857320976636,1.0727579946373647,1.802407460440977
2020-11-24,19185.07,10982.97359055032,1.746801068201303,17166.928703944028,1.1175598344270115,1.952154712555975
2020-11-25,18706.15,11019.927273142077,1.6974839793717056,17190.02581284669,1.088197900553486,1.8471985025754671
2020-11-26,17173.0,11056.992074303529,1.5531348747106444,17213.148670438586,0.9976675580274551,1.549512277739846
2020-11-27,17156.99,11095.515954192857,1.5462994304033775,17236.297299488444,0.9953988204014794,1.5391846290110014
2020-11-28,17718.3,11134.35194878461,1.5913184783003085,17259.471722779726,1.026584143743791,1.6336223174695947
2020-11-29,18238.52,11171.69642594831,1.6325649484744054,17282.67196311108,1.0553067279717585,1.7228567739759073
2020-11-30,19727.0,11210.756789549565,1.7596492699216435,17305.898043295765,1.1399003941111372,2.005824896281056
2020-12-01,18763.35,11249.981285255279,1.6678561078667813,17329.14998616237,1.0827622829153687,1.8058916869281776
2020-12-02,19245.61,11290.642161176327,1.7045629225747136,17352.427814553685,1.1091018620379152,1.8905339113884054
2020-12-03,19430.07,11329.92624267131,1.7149334941671148,17375.731551328263,1.1182303284672177,1.9176906444819262
2020-12-04,18692.32,11366.95441131694,1.644444001762682,17399.061219358726,1.0743292275563898,1.7666742541734408
2020-12-05,19156.82,11405.207028688725,1.6796556127225768,17422.416841533468,1.0995500896484047,1.8468654795475554
2020-12-06,19397.08,11446.00019256876,1.6946601147703482,17445.798440755243,1.111848223276864,1.8842048376655782
2020-12-07,19202.88,11489.20424356132,1.6713846836486967,17469.20603994174,1.0992417145973534,1.8372557654057486
2020-12-08,18311.76,11528.982739480023,1.5883240016738798,17492.639662026002,1.0468265712779867,1.6626997687507987
2020-12-09,18550.01,11569.692215541934,1.6033278720311317,17516.099329955745,1.0590263077736763,1.697966396467755
2020-12-10,18286.8,11612.921419525588,1.5746941996226005,17539.58506669376,1.0426016311369384,1.6417787410683988
2020-12-11,18048.14,11654.095083185397,1.5486522008937418,17563.09689521765,1.0276171741052356,1.5914215983542805
2020-12-12,18826.36,11698.250614355817,1.6093312257216252,17586.63483852013,1.0704924604884893,1.722776943563699
2020-12-13,19133.04,11741.157175860979,1.6295702130055998,17610.198919608854,1.0864749505296882,1.7704872165599126
2020-12-14,19288.43,11782.228772896739,1.6370782109043884,17633.789161506604,1.0938335387442064,1.7906910526345814
2020-12-15,19451.34,11824.978536305309,1.644936600965496,17657.40558725083,1.1015967155471835,1.8120567569069383
2020-12-16,21384.63,11871.906331037548,1.8012802159744707,17681.04821989425,1.2094661885452342,2.1785875173165796
2020-12-17,22830.34,11924.471217271901,1.9145788172922573,17704.717082504572,1.2895060617805896,2.468860990655078
2020-12-18,23169.26,11973.415555807804,1.9350585379759544,17728.41219816447,1.306899892726933,2.5289277957011107
2020-12-19,23814.91,12028.502039942636,1.9798732976823417,17752.13358997148,1.3415238162388265,2.6560471819761653
2020-12-20,23451.68,12081.884624268987,1.9410614096489887,17775.881281038408,1.3192977399672434,2.5608379308875424
2020-12-21,22777.26,12132.942975331278,1.8773071007018467,17799.655294493212,1.2796461292734551,2.4022887648706903
2020-12-22,23839.99,12188.446779762564,1.9559497966207975,17823.455653478413,1.3375627298933699,2.6162055495024954
2020-12-23,23196.57,12241.915967367162,1.8948480010673385,17847.282381151832,1.2997256111382787,2.4627824762013923
2020-12-24,23740.01,12296.419179861261,1.9306441698800199,17871.135500686305,1.3283996419303246,2.5646670239634872
2020-12-25,24736.42,12353.263526516757,2.002419842084832,17895.015035269975,1.382307863460636,2.767960693663468
2020-12-26,26519.1,12415.039813507128,2.1360463114381756,17918.921008105714,1.479949601206677,3.1612408867719215
2020-12-27,26320.06,12475.890516096664,2.109673851821743,17942.853442411717,1.4668826273633262,3.0946439226399867
2020-12-28,27044.14,12542.934972023866,2.1561253454889187,17966.81236142121,1.5052274970083095,3.2454591570264615
2020-12-29,27407.85,12609.780778725473,2.173538975890922,17990.797788382006,1.5234371661772155,3.3112500580069932
2020-12-30,28934.56,12680.349605096593,2.2818424492310827,18014.80974655771,1.6061540702936845,3.6649905376014136
2020-12-31,29026.97,12752.612287167929,2.2761587466442332,18038.848259226957,1.6091365470161083,3.6626502260356144
2021-01-01,29391.09,12825.255093595526,2.2916573421355855,18062.913349682705,1.6271511373062246,3.7288728505720776
2021-01-02,32244.73,12903.62543009541,2.4988891823219626,18087.005041234148,1.7827567320564983,4.454911512447637
2021-01-03,33134.1,12984.748621200908,2.5517706169451864,18111.123357204648,1.8294889470132827,4.668436139014483
2021-01-04,32127.31,13065.007065974012,2.4590350267525762,18135.26832093322,1.7715376156257923,4.356273048033565
2021-01-05,34131.23,13150.321566516664,2.595467329628266,18159.439955773818,1.8795309813036352,4.878261256997741
2021-01-06,36979.81,13240.957667207242,2.792834999509496,18183.63828509574,2.033685966482878,5.6797493452046774
2021-01-07,39573.39,13337.3254388953,2.9671158720168243,18207.863332282945,2.1734230578189537,6.448798051461957
2021-01-08,40666.72,13433.243331978376,3.027319538178188,18232.11512073505,2.230499299214631,6.752434108405208
2021-01-09,40346.3,13529.856202279183,2.982019867528484,18256.393673866613,2.209981923086722,6.5902100015234115
2021-01-10,38242.02,13625.962391842968,2.8065555224850143,18280.699015107144,2.091934229013718,5.871129563113881
2021-01-11,35474.31,13717.977278026052,2.5859723544537445,18305.03116790185,1.937954088939479,5.011495698198086
2021-01-12,33968.43,13808.186312546934,2.4600211230590276,18329.390155710724,1.8532220500209475,4.558965388770285
2021-01-13,37520.66,13907.096844312511,2.6979505801992434,18353.776002008737,2.0443019461441363,5.515425621702015
2021-01-14,39171.12,14008.79323343102,2.79618089490541,18378.188730286707,2.1313917587235984,5.959756915301767
2021-01-15,36868.39,14106.431700509924,2.6135872474870645,18402.628364049968,2.0034306660250443,5.236140839947572
2021-01-16,35869.47,14203.277342128562,2.5254361466002644,18427.094926819438,1.9465613078160422,4.915916288332117
2021-01-17,35931.15,14300.057278901393,2.5126577676729713,18451.588442130997,1.9473201514703993,4.892949104738205
2021-01-18,36765.97,14400.333050547353,2.5531333109412033,18476.10893353611,1.9899195297157963,5.080529837409854
2021-01-19,35673.03,14499.431737153334,2.46030538621672,18500.656424601082,1.9282034745839671,4.743969394240729
2021-01-20,35570.44,14598.29447056415,2.436616145243807,18525.23093890765,1.920107777187982,4.678565610504435
2021-01-21,30647.26,14687.288043547223,2.086652070084831,18549.832500052555,1.652158314632392,3.4474795673355456
2021-01-22,32885.51,14780.081662767267,2.2249883830373145,18574.461131648135,1.7704691278482343,3.9392732419885275
2021-01-23,32021.33,14872.026165861973,2.15312491000745,18599.116857321573,1.7216586274307295,3.7069460772503393
2021-01-24,32250.01,14963.695021765452,2.1552170071022383,18623.799700715528,1.7316557586667425,3.7320939415250924
2021-01-25,31979.0,15056.951487485258,2.123869498190233,18648.509685488112,1.714828720328542,3.64207241372638
2021-01-26,32579.82,15151.645806495786,2.1502495779060804,18673.24683531216,1.744732466042795,3.7516102486675544
2021-01-27,30552.06,15242.556989498591,2.0043920466263594,18698.011173876275,1.6339737801999756,3.2751240494288383
2021-01-28,33484.8,15340.39132808746,2.182786558951144,18722.80272488395,1.7884501851582455,3.9038050255171033
2021-01-29,34330.14,15441.474724267364,2.22324231415849,18747.621512054153,1.83117308923304,4.071141496531214
2021-01-30,34229.25,15542.758395864865,2.202263531877756,18772.4675591215,1.8233751046419089,4.015552497886663
2021-01-31,33076.09,15642.567008531258,2.114492460346228,18797.34088983518,1.7596153729321453,3.7206934391743376
2021-02-01,33457.6,15744.465719792475,2.1250387657130987,18822.241527960054,1.77755661833897,3.777376722220194
2021-02-02,35511.07,15851.603429761957,2.240219429999535,18847.16949727632,1.8841593166088861,4.220930310281872
2021-02-03,37769.41,15964.156038942534,2.3658883005068554,18872.124821579393,2.0013332021210695,4.73493080831416
2021-02-04,37070.87,16075.595532516405,2.306034008196839,18897.107524680196,1.961721917049174,4.523797455340494
2021-02-05,38376.86,16191.149119117443,2.370236955861714,18922.11763040472,2.0281482627681546,4.807191964379815
2021-02-06,38995.52,16306.767568336936,2.391370321345483,18947.15516259448,2.0581200536629924,4.921727214095653
2021-02-07,38888.74,16421.688984745226,2.368132780746568,18972.220145106065,2.0497727573560467,4.854134059776135
2021-02-08,46674.44,16551.948946827353,2.819875783204761,18997.312601811595,2.45689698213152,6.9281443017415345
2021-02-09,46595.44,16683.61130586624,2.7928869323164016,19022.43255659874,2.4494995506679507,6.841175285775417
2021-02-10,44887.29,16811.822771452335,2.6699835354094854,19047.580033370246,2.356587551875886,6.292049963259562
2021-02-11,48121.0,16944.8818125193,2.83985456684903,19072.755056044265,2.5230230167901295,7.165018436496665
2021-02-12,47524.18,17068.480167327045,2.784324060145208,19097.957648554344,2.488443051060878,6.928631859369953
2021-02-13,47274.23,17193.739339836513,2.749502540757345,19123.187834849443,2.4720894030988423,6.797016094799575
2021-02-14,48703.26,17321.33804214292,2.8117492933573995,19148.445638893772,2.543457621493587,7.151565169919085
2021-02-15,47911.87,17448.146193376775,2.7459576203108096,19173.731084667284,2.4988287250108474,6.861677779295081
2021-02-16,49257.23,17576.496498583423,2.802448713483366,19199.044196164712,2.5656084488747544,7.1899860968511105
2021-02-17,52269.84,17707.737976458786,2.9518078519960675,19224.384997396854,2.7189343121810023,8.02577165175741
2021-02-18,51644.16,17844.787303215082,2.894075402663685,19249.753512389463,2.682847859156272,7.764363998273094
2021-02-19,56029.51,17988.730257070016,3.114700659763299,19275.149765183894,2.906826182030729,9.053893426988344
2021-02-20,55960.05,18134.024157476557,3.085914605276843,19300.57377983709,2.8993982582248568,8.947295431570325
2021-02-21,57538.47,18278.73290426793,3.1478369043056182,19326.02558042082,2.9772531222504526,9.3719072516791
2021-02-22,54130.33,18418.744840916665,2.938871810621491,19351.505191022927,2.797215486116853,8.22065774038271
2021-02-23,48972.11,18551.86948748065,2.6397398943027186,19377.012635746563,2.5273302402485216,6.671494461261696
2021-02-24,49789.99,18686.05566729172,2.664553230843305,19402.547938709853,2.5661572983754586,6.8376627202384554
2021-02-25,46927.73,18816.34212127362,2.4939879227080937,19428.111124047195,2.4154550949585154,6.024115834670269
2021-02-26,46360.17,18944.75034574535,2.4471248844095568,19453.702215907648,2.3831026858265796,5.831749884589473
2021-02-27,45973.56,19077.408474789965,2.4098430382067995,19479.321238456236,2.36012125048991,5.687521764817036
2021-02-28,45352.29,19208.214288514915,2.3610882989324677,19504.968215873305,2.3251660550306323,5.489922365607792
2021-03-01,49652.19,19346.51214097673,2.5664672597410756,19530.643172354514,2.542271115284228,6.5246555827624
2021-03-02,48368.22,19483.58091119298,2.4825118247238263,19556.346132111503,2.4732748987593047,6.139934181962598
2021-03-03,50164.67,19624.626283334335,2.5562102062856065,19582.077119370602,2.561764499965996,6.548408560913222
2021-03-04,48327.39,19762.42578381825,2.4454179121862225,19607.836158374444,2.4646977672423853,6.027216068139918
2021-03-05,48908.09,19899.089403570502,2.457805430595452,19633.623273380847,2.491037406544787,6.122485265622189
2021-03-06,48986.85,20039.67522363371,2.4444932092625713,19659.438488662814,2.4917725919918663,6.091121180150713
2021-03-07,50858.34,20186.8969920069,2.5193738304672384,19685.281828509505,2.583571850434147,6.508983309115608
2021-03-08,52472.59,20337.59031416498,2.580079015725537,19711.153317225122,2.66207609242963,6.868366664342323
2021-03-09,54999.99,20497.120497521166,2.6833032477245506,19737.05297912938,2.7866363868080417,7.4773904669494256
2021-03-10,56046.27,20658.51778072052,2.7129860232424305,19762.98083855802,2.8359218914310973,7.693816454459805
2021-03-11,57911.02,20824.823494955006,2.780864866107002,19788.93691986183,2.926434109852342,8.138017799065496
2021-03-12,57174.89,20990.118344485818,2.7238955522620985,19814.92124740728,2.885446239534318,7.859654178158927
2021-03-13,61130.22,21167.8136112649,2.8878854057685137,19840.933845576572,3.081015262476098,8.89761901145477
2021-03-14,59192.98,21342.310246140383,2.7735038670757146,19866.974738767112,2.979466213569734,8.263561065157093
2021-03-15,55430.19,21512.295958545586,2.576674758789789,19893.043951392192,2.7864106737732706,7.179674050734035
2021-03-16,57126.52,21685.02483801389,2.6343765076006322,19919.141507880824,2.8679207875198043,7.555183148301677
2021-03-17,59221.23,21863.755728713466,2.7086485384679504,19945.26743267709,2.9691870615369944,8.042484194670129
2021-03-18,57562.46,22038.3918607351,2.611917437703641,19971.421750240977,2.882241470830961,7.528176757335977
2021-03-19,58001.29,22215.827385911,2.6108093564313384,19997.604485047865,2.9004118990035708,7.572422523423309
2021-03-20,58051.01,22392.452684460375,2.592436425701839,20023.815661589208,2.899098302795339,7.515728041857016
2021-03-21,57402.03,22574.267133293037,2.5428081302069026,20050.05530437156,2.8629362427486424,7.279897554325251
2021-03-22,54230.21,22763.360467796952,2.3823464060466297,20076.323437917206,2.7012022478965423,6.435199467281405
2021-03-23,54268.81,22954.068348751982,2.3642349223444135,20102.62008676437,2.699588897654727,6.382462347808564
2021-03-24,52294.65,23142.96461174103,2.2596348772650137,20128.945275466373,2.597982620765428,5.870492140409926
2021-03-25,51386.2,23330.2022171437,2.202561277511772,20155.299028592784,2.5495131541885,5.615458949922489
2021-03-26,55314.11,23526.08362220954,2.351182240455072,20181.681370727973,2.7408078139727743,6.4441386567132755
2021-03-27,55932.18,23728.01202977381,2.3572214954129547,20208.092326473063,2.7678109886071516,6.524343557584959
2021-03-28,55821.59,23930.122711598266,2.3326913393947963,20234.53192044364,2.7587289994883224,6.435263244843681
2021-03-29,57630.72,24136.502784437656,2.387699681047339,20261.000177272064,2.8444163415312396,6.7916119914399795
2021-03-30,58800.0,24346.473607621112,2.4151341564962405,20287.497121605502,2.8983368252646593,6.999872263727554
2021-03-31,58837.71,24557.831117626065,2.3958838106745506,20314.022778107068,2.8964085864573743,6.939458441391983
2021-04-01,58768.84,24772.162640870873,2.372374219077627,20340.577171455858,2.8892415148607933,6.854362082544534
2021-04-02,59019.55,24984.817535404905,2.3622165707780716,20367.160326346268,2.897780007341245,6.845183951810891
2021-04-03,56731.0,25193.019182646043,2.251853959571411,20393.7722674885,2.7817805973267564,6.264163652749181
2021-04-04,58266.39,25404.43655492613,2.2935517532153913,20420.41301960858,2.853340426760715,6.544283938317391
2021-04-05,59200.0,25619.72922913347,2.310719191078754,20447.082607448017,2.89527856548278,6.690175744780024
2021-04-06,58018.31,25834.308272666254,2.245785309505876,20473.781055764146,2.8337857986258794,6.364074516840377
2021-04-07,55962.11,26044.41006347811,2.148718664143415,20500.508389330134,2.72979132698614,5.8655535735119395
2021-04-08,58108.65,26263.118203967024,2.212557151390452,20527.26463293465,2.830803374881643,6.263314251274606
2021-04-09,58126.14,26489.73345672488,2.19428934968176,20554.049811382203,2.827965317463205,6.205374177378908
2021-04-10,60039.35,26721.315241828674,2.2468710636674185,20580.86394949314,2.9172414796259623,6.554665466301899
2021-04-11,60133.37,26959.01415865271,2.230547810321162,20607.707072103338,2.9180039190969755,6.508747252250327
2021-04-12,59903.04,27191.679176224192,2.2029915700233,20634.57920406435,2.9030415114159935,6.3953759770771335
2021-04-13,63660.94,27435.30761403471,2.3204019031094747,20661.4803702441,3.081141276386088,7.149486081475434
2021-04-14,63283.43,27679.818553631634,2.286266070616894,20688.410595525525,3.0588831224031727,6.993420696733037
2021-04-15,63346.93,27925.844851924398,2.268397978141553,20715.36990480779,3.057967600438452,6.93668752205696
2021-04-16,61486.08,28171.316526912284,2.182577443310534,20742.35832300558,2.9642762429672764,6.469762463641673
2021-04-17,60199.33,28413.764303650736,2.118667887741481,20769.375875049296,2.8984660089049075,6.140886856777041
2021-04-18,56351.2,28649.664667199548,1.9669060931283922,20796.422585885743,2.709658344711884,5.329643508509998
2021-04-19,55797.39,28888.591102823706,1.931468024916802,20823.498480476752,2.6795396581565445,5.175445171225864
2021-04-20,56514.9,29131.65615247653,1.9399823924942068,20850.60358380057,2.710468297613602,5.258260772784135
2021-04-21,53919.48,29370.316565076464,1.8358494666044682,20877.737920850497,2.5826303694592734,4.741320586208308
2021-04-22,51653.27,29602.940342122798,1.7448695772460552,20904.90151663658,2.4708688514458292,4.31134388825273
2021-04-23,51231.69,29834.270604740035,1.7172094025271853,20932.09439618393,2.447518582246596,4.202901922293861
2021-04-24,50167.5,30067.145989104505,1.6685155291486362,20959.316584533917,2.393565639302337,3.9937014392125327
2021-04-25,49272.06,30298.012294326858,1.6262472772587109,20986.568106743485,2.3477902508589628,3.818087503033934
2021-04-26,53969.71,30540.942884820695,1.7671265161503495,21013.84898788568,2.56829246422743,4.538497714765414
2021-04-27,55120.81,30787.213299753235,1.790379969220592,21041.15925304914,2.619666023962642,4.690197575350465
2021-04-28,54964.11,31031.638000453007,1.7712281252829007,21068.49892733842,2.608828953100154,4.620831215783338
2021-04-29,53562.87,31273.042229086157,1.7127489422881512,21095.868035874206,2.539021855318521,4.348706997143296
2021-04-30,57640.17,31525.62473036155,1.828359326516,21123.266603792435,2.7287526631724366,4.989140381466698
2021-05-01,57868.94,31782.26686033172,1.8207933453679397,21150.694656245858,2.7360302316553535,4.98174563852357
2021-05-02,56631.64,32037.64089651085,1.7676594910010253,21178.15221840214,2.674059540982597,4.726826727119733
2021-05-03,57213.29,32295.55695885593,1.7715529746983123,21205.63931544527,2.6980224056875435,4.779689618598464
2021-05-04,53128.68,32546.058643424174,1.632415174509448,21233.155972575176,2.502156536156057,4.084558298619146
2021-05-05,57518.01,32810.99429223444,1.7530102711216253,21260.702215007434,2.7053673683176553,4.742536783818131
2021-05-06,56485.77,33072.91484585795,1.7079162893038522,21288.2780679741,2.653374303907496,4.531741195263883
2021-05-07,57373.88,33335.96776617371,1.7210803778799475,21315.88355672253,2.691602243337721,4.632463806066199
2021-05-08,59045.17,33603.77690340943,1.7570992144638744,21343.518706516224,2.7664215451959837,4.860877123939801
2021-05-09,58410.34,33859.32767205815,1.7250885949576065,21371.18354263434,2.7331354804695103,4.71490084583193
2021-05-10,55936.77,34107.58281873531,1.640009797741337,21398.878090372542,2.6140047979976213,4.286993480058963
2021-05-11,56719.0,34360.49450117461,1.6507038336733213,21426.602375042152,2.6471299092228766,4.369627489385514
2021-05-12,49095.57,34587.94850732955,1.419441514133055,21454.35642197015,2.2883730014722836,3.2482116381110218
2021-05-13,49635.45,34819.75073222308,1.4254969939823863,21482.140256499693,2.3105449181201654,3.293674835241575
2021-05-14,49923.92,35053.81845910351,1.4242077523806742,21509.95390399014,2.320968246739897,3.305540970036343
2021-05-15,46984.74,35270.515155667075,1.3321251417120497,21537.797389816333,2.1815016247768995,2.9060331610509937
2021-05-16,46523.31,35492.30178594573,1.3108000230749286,21565.670739369674,2.157285556394421,2.8277699571010175
2021-05-17,43768.74,35702.182078484606,1.225940193341196,21593.57397805689,2.026933570351866,2.484899333126927
2021-05-18,42989.8,35908.44626919819,1.1972057960323421,21621.507131301274,1.988288778341637,2.3803908496166724
2021-05-19,37236.61,36087.827465150636,1.0318329646182975,21649.470224541445,1.7199778846222877,1.7747298797677233
2021-05-20,40749.78,36283.93713735181,1.1230804376532477,21677.46328323261,1.8798223513320267,2.1111917090443297
2021-05-21,37425.0,36468.39808526632,1.0262309825755729,21705.486332845838,1.724218449939387,1.7694463940562284
2021-05-22,37383.34,36647.26803346146,1.0200853162060115,21733.539398868263,1.7200760223135432,1.7546242931200893
2021-05-23,34927.4,36813.07703116017,0.9487769786382148,21761.62250680254,1.6049998105188124,1.522786870938946
2021-05-24,38725.06,36980.37990776253,1.0471785334977384,21789.73568216828,1.7772156837905477,1.8610621134609662
2021-05-25,38370.0,37147.21123350104,1.0329173772645468,21817.878950499922,1.7586494125782475,1.8165395387681593
2021-05-26,39213.41,37328.44818407305,1.0504966562400848,21846.052337349047,1.794988375678241,1.8856292866398134
2021-05-27,38368.17,37498.14908361488,1.0232017029545941,21874.255868282595,1.7540331534492737,1.7947297096481136
2021-05-28,35770.0,37657.29290647431,0.9498824062801968,21902.489568884142,1.6331476788290218,1.5512982469770293
2021-05-29,34621.64,37811.05513703724,0.9156486079143267,21930.75346475227,1.5786799142877095,1.4455160658598498
2021-05-30,35545.27,37965.56932742535,0.9362501505890235,21959.047581502913,1.618707271709788,1.5155149268978363
2021-05-31,37153.71,38122.06033017376,0.974598688481501,21987.371944767387,1.6897749350550255,1.6468524355335414
2021-06-01,36764.58,38276.94839019915,0.96048879407047,22015.726580192575,1.6699235369809182,1.6039428442246961
2021-06-02,37501.36,38439.19784221995,0.9756020444008883,22044.11151344291,1.7011962572014288,1.6596905464528533
2021-06-03,39215.09,38612.528002423234,1.0156053495782236,22072.526770197313,1.7766470693762553,1.8043722679709981
2021-06-04,36895.48,38765.699485053025,0.9517558173876335,22100.972376151916,1.6694052810007636,1.5888661877701138
2021-06-05,35565.0,38901.6188721393,0.9142293053894236,22129.448357018427,1.6071345035910234,1.4692894608853975
2021-06-06,35873.42,39038.13796374967,0.9189326610124594,22157.95473852469,1.6189860672307024,1.4877391749024058
2021-06-07,33816.09,39163.551638077326,0.8634582050296433,22186.491546414858,1.524174740709032,1.3160611857641429
2021-06-08,33432.26,39277.456592068425,0.8511818967104712,22215.058806449048,1.5049368219675652,1.2809749785517808
2021-06-09,37357.02,39413.48461229051,0.9478233241105195,22243.656544403515,1.6794459996011308,1.5918180900060581
2021-06-10,36717.51,39549.0436086336,0.9284044985599735,22272.28478607103,1.6485740171104015,1.5305435336943836
2021-06-11,37282.15,39689.02579829474,0.939356642046927,22300.94355725962,1.671774555380351,1.5703925326015808
2021-06-12,35609.66,39811.95102037736,0.8944464937619747,22329.632883794362,1.5947266211368645,1.4263976347847496
2021-06-13,39122.03,39959.095206874554,0.9790519479347334,22358.352791515965,1.7497724615404195,1.7131181369137012
2021-06-14,40496.92,40130.86539146206,1.0091215229217514,22387.103306281486,1.808939702736672,1.8254399876992506
2021-06-15,40093.93,40301.54659044001,0.9948484212640797,22415.884453964336,1.7886392161924816,1.7794249004401113
2021-06-16,38394.4,40457.676912966424,0.9490015969674929,22444.696260453562,1.7106223917874541,1.6233833816146461
2021-06-17,38027.63,40606.5871697788,0.9364891917905828,22473.538751654753,1.6921069004853533,1.5846398236587966
2021-06-18,35777.39,40727.638409367726,0.8784548134215137,22502.411953489696,1.5899357843927306,1.3966867428309042
2021-06-19,35498.24,40857.68073299059,0.8688266040352333,22531.315891896553,1.5755067378362502,1.3688421686688979
2021-06-20,35565.82,40983.32746799809,0.867811917608975,22560.250592828947,1.5764816021726742,1.3680895222567377
2021-06-21,31686.69,41083.669679376595,0.7712721440730076,22589.216082257626,1.4027352646773719,1.0818906351545343
2021-06-22,32508.26,41197.50179510913,0.7890832837795835,22618.212386168812,1.4372603566088633,1.134118121839137
2021-06-23,33688.35,41313.944612888576,0.8154232261203728,22647.239530565676,1.4875256630960596,1.2129629751386357
2021-06-24,34695.34,41434.23614700969,0.8373592281730519,22676.297541466687,1.5300266693253102,1.281181950910427
2021-06-25,31704.87,41538.244176958746,0.7632693829072987,22705.386444907275,1.3963589686935838,1.0657980483518237
2021-06-26,32265.95,41656.06158996929,0.7745799475140392,22734.506266939097,1.4192500871207259,1.0993226579912674
2021-06-27,34596.99,41786.084448623085,0.827954819325983,22763.657033629497,1.519834442633217,1.2583542513557915
2021-06-28,34541.8,41919.173750180846,0.8240095619692643,22792.838771062598,1.5154672196362695,1.2487594798312613
2021-06-29,35928.75,42063.72816499068,0.8541503943509987,22822.051505338593,1.5742997509051915,1.3446887530623484
2021-06-30,34995.83,42194.32190743464,0.8293966680344669,22851.29526257411,1.5314593592126147,1.2701872897611424
2021-07-01,33538.49,42312.90174280139,0.7926303472133256,22880.57006890146,1.4658065729570455,1.1618427728705178
2021-07-02,33832.49,42431.9504169461,0.7973352548622954,22909.87595046997,1.4767644343925819,1.1774763466679827
2021-07-03,34633.93,42554.5258752385,0.813871833551615,22939.21293344485,1.5098133532517377,1.228794562131704
2021-07-04,35126.9,42660.25494803248,0.8234104564726723,22968.58104400758,1.529345671493472,1.2592792174689453
2021-07-05,33673.22,42743.22707561756,0.7878024731363475,22997.98030835629,1.4641816171903093,1.1534858991433026
2021-07-06,34193.9,42826.490848517045,0.7984287136891123,23027.410752705007,1.484921616555751,1.1856040562357655
2021-07-07,33791.0,42901.477649183784,0.7876418681034145,23056.87240328404,1.4655500281637104,1.1543285619818766
2021-07-08,32878.23,42974.01421299519,0.765072349002429,23086.365286340562,1.424140595204606,1.0895705904829054
2021-07-09,33766.87,43058.69563875493,0.7842055942263186,23115.88942813765,1.4607644713379502,1.1455396702702714
2021-07-10,33547.19,43132.30029252458,0.7777741917885652,23145.444854954487,1.449407873135734,1.1273120371001288
2021-07-11,34236.21,43216.334635102656,0.7922053151678321,23175.03159308714,1.47728860098781,1.1703158817393937
2021-07-12,33096.86,43288.1931952946,0.764570141578411,23204.649668847593,1.4263029380888594,1.0905086393083028
2021-07-13,32768.54,43349.09752360182,0.7559220807805482,23234.299108564526,1.4103519906878106,1.0661162114337182
2021-07-14,32817.18,43395.30776691914,0.7562379826008978,23263.97993858274,1.4106434103983005,1.066782126848861
2021-07-15,31891.09,43436.98623899194,0.7341920506301707,23293.692185262986,1.369086950508269,1.005172755684673
2021-07-16,31408.78,43469.492981539915,0.722547649988425,23323.435874983476,1.346661794100791,0.9730273146567229
2021-07-17,31503.78,43499.775259873626,0.7242285692694295,23353.211034138003,1.349012774044109,0.9769935912721491
2021-07-18,31753.02,43519.99672061502,0.7296190807146566,23383.01768913668,1.357952186588469,0.9907878260331366
2021-07-19,30849.9,43533.252342915795,0.7086513949610804,23412.85586640655,1.3176478843943313,0.9337530113435594
2021-07-20,29788.61,43536.17668690495,0.6842265965205893,23442.725592390423,1.270697380413371,0.8694449438078693
2021-07-21,32086.04,43535.10275530427,0.7370153730966139,23472.62689354803,1.3669556520245953,1.0074673298834322
2021-07-22,32327.95,43529.74156721618,0.7426634947988606,23502.559796355272,1.3755076161964856,1.0215392933669318
2021-07-23,33700.0,43540.14454440237,0.7739983491702155,23532.524327304414,1.4320605614289508,1.1084125104577798
2021-07-24,34275.43,43541.062373794746,0.787197834213359,23562.520512904463,1.4546588927626996,1.1451043299019998
2021-07-25,35368.57,43531.365005409985,0.8124847450936691,23592.548379680225,1.499141569227944,1.218029655733489
2021-07-26,37269.12,43518.30933431341,0.8564009165359273,23622.60795417365,1.5776886308361766,1.3511339894564138
2021-07-27,39381.82,43511.32394888737,0.9050935808402821,23652.69926294269,1.6650032016303755,1.5069837098741707
2021-07-28,40031.56,43509.62017673307,0.9200622721456673,23682.822332561864,1.6903204963438843,1.5552001165205462
2021-07-29,40024.94,43519.53450508645,0.9197005541344196,23712.977189622092,1.6878918104605096,1.5523550333994796
2021-07-30,42188.95,43557.27131894197,0.9685856970028579,23743.16386073107,1.77688829708902,1.7210685897321898
2021-07-31,41472.42,43600.762534515525,0.9511856579840622,23773.382372512315,1.744489671269999,1.6593335558133544
2021-08-01,39816.76,43613.713058686524,0.9129413023473294,23803.632751606718,1.6727177912502627,1.527093158803563
2021-08-02,39146.69,43613.57701282648,0.8975803564217447,23833.915024670612,1.642478374177262,1.4742563245090345
2021-08-03,38207.27,43621.356464377735,0.8758845000888724,23864.229218377914,1.6010267773734115,1.4023145385286089
2021-08-04,39730.0,43643.65704987011,0.9103270139484849,23894.575359417784,1.662720487909439,1.5136193767895676
2021-08-05,40893.75,43671.89765677757,0.9363859185004657,23924.953474497175,1.7092509727799776,1.600518542094394
2021-08-06,42827.76,43705.2350460988,0.9799228846344546,23955.363590338693,1.7878150685749823,1.751920899190942
2021-08-07,44488.87,43753.52191833413,1.016806603204158,23985.805733681766,1.854799896820938,1.8859727827099209
2021-08-08,43933.26,43799.740560815786,1.003048407079006,24016.279931282068,1.8293116221873875,1.8348881086861715
2021-08-09,46208.5,43889.75829426772,1.0528310429550742,24046.786209912494,1.9216081349345582,2.023128696854106
2021-08-10,45565.76,43961.384286149136,1.0364951136071563,24077.324596361414,1.8924760439075503,1.961542172128778
2021-08-11,45482.95,44038.590006972576,1.0327975984880247,24107.895117434633,1.886641275749831,1.9485185788028085
2021-08-12,44454.37,44109.3165480716,1.0078226886955357,24138.497799954417,1.8416378006788785,1.8560443598835203
2021-08-13,47765.41,44197.89357324448,1.0807168880309523,24169.1326707589,1.9762980596233448,2.135818688817751
2021-08-14,47134.61,44279.5835820217,1.06447726439635,24199.799756703476,1.9477272735260323,2.0733113999131523
2021-08-15,47090.0,44375.47031327862,1.0611718516459103,24230.499084659812,1.943418492350098,2.062301000050057
2021-08-16,45930.71,44445.64838682927,1.0334129811819959,24261.230681516456,1.8931731288879978,1.9564296870177926
2021-08-17,44718.51,44504.43633970363,1.004810164511743,24291.994574177836,1.8408743614464398,1.8497292699704473
2021-08-18,44735.2,44564.040983010746,1.0038407427426634,24322.790789565668,1.8392297326008795,1.8462937408484572
2021-08-19,46736.74,44641.14098346859,1.046943222560271,24353.61935461816,1.9190880550219875,2.0091762327016425
2021-08-20,49350.99,44727.980677158106,1.1033583285641775,24384.480296289617,2.023868846100006,2.233052547266013
2021-08-21,48896.95,44799.5737306115,1.0914601619655315,24415.373641551647,2.0027115176637738,2.185879837439538
2021-08-22,49328.47,44859.42152321781,1.099623408529001,24446.29941739196,2.0178297401080667,2.2188528166488206
2021-08-23,49464.66,44924.16153335015,1.1010702996266084,24477.257650814987,2.0208415789729224,2.225088642857624
2021-08-24,47770.4,44973.36953269438,1.062193037710289,24508.24836884187,1.9491560262108352,2.0703799604522026
2021-08-25,48985.05,45024.68380310293,1.0879598891624895,24539.27159851047,1.9961900581830387,2.1717747144480826
2021-08-26,46770.6,45066.24951618589,1.037818777957149,24570.327366875386,1.9035399610936412,1.9755295162148017
2021-08-27,49082.04,45077.584312730185,1.0888347445481663,24601.41570100714,1.9950900629670132,2.172323379061273
2021-08-28,48963.41,45088.758312429374,1.0859338742646751,24632.53662799399,1.9877534636183125,2.158568819830061
2021-08-29,48770.78,45107.468771258806,1.0812129638069017,24663.690174939744,1.9774323977502346,2.138025543499319
2021-08-30,46924.16,45101.78874742717,1.0404057422817137,24694.87636896595,1.9001577209339502,1.9769350041006157
2021-08-31,47065.73,45099.60282972385,1.0435952213969462,24726.095237209913,1.9034841348168685,1.9864669470997844
2021-09-01,48889.19,45107.17816557851,1.0838450106663415,24757.346806826292,1.9747346265117507,2.1403062723348225
2021-09-02,49273.33,45109.80280145882,1.0922976147084051,24788.631104985907,1.9877390482481834,2.1712026210642463
2021-09-03,49919.31,45119.06132507404,1.1063907034843012,24819.94815887675,2.011257625538052,2.2252367392072108
2021-09-04,49949.07,45122.207976640326,1.1069730901878412,24851.29799570318,2.0099179531240687,2.2249250875937707
2021-09-05,51782.76,45120.095797685775,1.1476651164968483,24882.680642686133,2.0810764219336924,2.388378814217375
2021-09-06,52691.2,45124.62412842728,1.1676817484404483,24914.096127063935,2.1149151761826137,2.469547850728153
2021-09-07,46943.82,45084.7229697302,1.0412356316688025,24945.544476091098,1.8818518892218614,1.9594512405810542
2021-09-08,46022.48,45040.67236786887,1.0217982454638384,24977.02571703851,1.8425924896495973,1.8827577730288043
2021-09-09,46414.58,44992.31562460612,1.0316112730729523,25008.539877194875,1.8559492168643223,1.9146181343681523
2021-09-10,44897.75,44950.26590241171,0.998831688726253,25040.086983864494,1.7930349055469146,1.7909400826525423
2021-09-11,45127.48,44931.894083812615,1.0043529417171366,25071.66706436887,1.7999393452433754,1.8077743763076008
2021-09-12,46010.13,44914.16018670414,1.024401431725318,25103.280146046935,1.8328333880003052,1.877557146781478
2021-09-13,44969.02,44904.586642181304,1.0014348947988794,25134.926256253006,1.7891049108931725,1.7916720882244626
2021-09-14,47096.48,44908.1247192368,1.0487296072691674,25166.605422359255,1.871387865371671,1.962579861099518
2021-09-15,48106.71,44918.309963413594,1.0709821905406367,25198.31767175427,1.9091238798820525,2.04463767488952
2021-09-16,47772.7,44929.98882150998,1.063269794919893,25230.063031843474,1.8934831807477022,2.013283473277876
2021-09-17,47337.8,44919.266802692255,1.0538417781379013,25261.841530048914,1.8738855575390962,1.9747788879839336
2021-09-18,48300.04,44918.94998874334,1.0752709048654066,25293.653193809703,1.909571528869575,2.0533067057528056
2021-09-19,47270.75,44905.60671193504,1.0526692201986516,25325.49805058138,1.866527951615737,1.9648365233063243
2021-09-20,42991.14,44879.34361973258,0.9579271115074336,25357.376127836545,1.6954096426722027,1.6240788618268334
2021-09-21,40656.13,44837.895783642925,0.9067359047395696,25389.287453064662,1.6013103981416588,1.4519656326278574
2021-09-22,43544.09,44811.49898926304,0.9717168803130929,25421.232053772062,1.712902423765052,1.6644561995017118
2021-09-23,44892.71,44783.55234494776,1.0024374496737427,25453.209957481522,1.7637347145995068,1.7680337292041761
2021-09-24,42816.65,44738.038700849385,0.9570524601291271,25485.221191733115,1.6800580100081237,1.6079036516379206
2021-09-25,42682.26,44681.358071878334,0.9552587889414103,25517.26578408317,1.672681562404064,1.5978437635867322
2021-09-26,43142.04,44622.93528476523,0.9668131359957661,25549.343762105527,1.688577225376244,1.632538642637036
2021-09-27,42214.52,44552.45475923678,0.947523996783767,25581.4551533907,1.6502001057748532,1.563604199716784
2021-09-28,41006.19,44478.47190466504,0.9219334263077312,25613.599985545483,1.600953791077436,1.4759728139683723
2021-09-29,41522.49,44392.540076067184,0.9353483699930367,25645.778286194603,1.6190770089575328,1.5144010412216296
2021-09-30,43834.03,44325.914193479504,0.9889030107459834,25677.990082978446,1.7070662407123882,1.6881229449833084
2021-10-01,48145.34,44294.697575744016,1.0869323561284367,25710.235403555354,1.8726137370699527,2.035404461351921
2021-10-02,47692.85,44254.74252905946,1.0776890175936045,25742.51427559974,1.8526881053419895,1.996621624153365
2021-10-03,48179.83,44209.10853875124,1.0898168181285142,25774.826726803367,1.8692591228905358,2.037150029566261
2021-10-04,49248.68,44174.64151758151,1.1148631501717794,25807.172784874914,1.9083330208438678,2.1275301631948222
2021-10-05,51441.74,44148.141294917834,1.1652073788647084,25839.552477539994,1.9908138906319561,2.3197110353107138
2021-10-06,55278.64,44137.340552933856,1.2524234425430412,25871.965832540318,2.1366231061759366,2.6759568660538724
2021-10-07,53844.74,44123.22439032109,1.2203265002503179,25904.412877636,2.078593336754822,2.536562532085642
2021-10-08,53983.21,44122.21727577179,1.2234926831214132,25936.893640602644,2.081329042252482,2.5464908543640106
2021-10-09,54951.3,44124.97448823984,1.2453559608209086,25969.408149233626,2.1160012459360438,2.6351747647309214
2021-10-10,54655.3,44134.71661923342,1.2383743272111967,26001.956431339084,2.101968755478962,2.6030241433852157
2021-10-11,57440.05,44159.30035293143,1.3007463782470674,26034.5385147459,2.2063018312180223,2.869839116276715
2021-10-12,56019.29,44162.09750617739,1.2684925119818873,26067.154427298123,2.1490374085993564,2.726037860777243
2021-10-13,57372.59,44167.71236228588,1.2989712831264848,26099.804196857003,2.198200015880155,2.855398695196504
2021-10-14,57327.09,44173.5898360479,1.2977684225522956,26132.487851299906,2.193709620232288,2.846927073386652
2021-10-15,61682.48,44188.59907643587,1.3958912771437681,26165.20541852203,2.357423876991072,3.290707426422281
2021-10-16,60880.85,44196.28343938952,1.3775106244734714,26197.956926435352,2.323877780658822,3.2011663328353586
2021-10-17,61541.01,44206.21121762339,1.3921349128302103,26230.74240296862,2.3461406106841722,3.2661442545422266
2021-10-18,62036.95,44218.174681673474,1.4029740134368693,26263.561876067582,2.3620920228847773,3.3139537254538696
2021-10-19,64353.53,44237.30827544984,1.454734307053532,26296.4153736952,2.447235833686064,3.5600779247138683
2021-10-20,66005.17,44270.811312930375,1.490941052185361,26329.30292383123,2.5069091343188306,3.73765374245441
2021-10-21,62152.09,44285.1040204576,1.4034536301707388,26362.22455447265,2.3576193227386493,3.3088093970582357
2021-10-22,60671.75,44290.54182200405,1.3698579313802293,26395.180293633246,2.2985919900927736,3.1487444686356514
2021-10-23,61308.09,44302.75732243514,1.383843663585094,26428.17016934425,2.319800788596224,3.210241622078589
2021-10-24,60889.41,44321.453577277585,1.3738134714791115,26461.194209653055,2.3010832208694314,3.1612591278249687
2021-10-25,63102.83,44339.72910356437,1.4231667914030468,26494.25244262518,2.381755444379976,3.3896352536849883
2021-10-26,60341.21,44348.02136606997,1.3606291361211933,26527.344896342518,2.274679589524981,3.094995324847886
2021-10-27,58517.61,44342.32912049141,1.319678311010459,26560.47159890401,2.2031841483723755,2.9074943357690732
2021-10-28,60577.62,44343.9610788697,1.3660849984117855,26593.632578425633,2.277899411498384,3.111804213938977
2021-10-29,62316.4,44352.719294719165,1.4050186998888177,26626.827863041086,2.3403613949259503,3.2882515243688384
2021-10-30,62062.88,44347.08172983868,1.3994805876536707,26660.057480900457,2.327934965799023,3.257899793955944
2021-10-31,61333.45,44340.142363766456,1.3832488289464764,26693.321460171122,2.297707690349255,3.17830147193692
2021-11-01,60950.0,44331.59161797492,1.37486604417981,26726.619829037303,2.2804978852499893,3.135379106254075
2021-11-02,63357.2,44338.23692215224,1.428951721992029,26759.952615700942,2.367612563066582,3.3832040490039534
2021-11-03,62944.4,44348.123361468024,1.419324995715363,26793.319848380634,2.3492572162088496,3.3343594883299112
2021-11-04,61499.24,44367.512447539055,1.3861322532498932,26826.721555311826,2.292462009314099,3.1776555304603296
2021-11-05,61000.01,44387.29299417047,1.3742674059445648,26860.15776474793,2.2710220295153376,3.1209915533450037
2021-11-06,61539.3,44406.19972012464,1.3858267626560878,26893.628504958364,2.2882483108835254,3.1711157488249775
2021-11-07,63433.66,44442.295043906895,1.4273263776618768,26927.133804230503,2.355752396864236,3.362427535284514
2021-11-08,67510.06,44501.82602890513,1.5170177501514297,26960.67369086862,2.5040197724311746,3.7986424415082354
2021-11-09,66967.98,44561.46643191472,1.5028226259636248,26994.24819319409,2.4808240452084256,3.7282385061738283
2021-11-10,64896.86,44618.86106209026,1.4544714601677413,27027.857339545393,2.4011100541457706,3.492346046476843
2021-11-11,64793.69,44679.9975148665,1.4501721934617613,27061.501158278577,2.3943124818180497,3.4721653835909545
2021-11-12,64158.51,44718.64762582902,1.4347148987337157,27095.179677766148,2.3678938749628373,3.3972526210294927
2021-11-13,64482.54,44753.73582247165,1.4408303310317652,27128.892926398174,2.37689537036929,3.424702943317054
2021-11-14,65714.05,44793.72599844823,1.4670369239271703,27162.640932581864,2.4192805906871646,3.5491739558784055
2021-11-15,63441.68,44831.65208505166,1.4151091260175426,27196.42372474178,2.332721413745452,3.301055361047733
2021-11-16,60147.32,44841.19712441041,1.3413406389022857,27230.24133131941,2.208842707935179,2.962810489096428
2021-11-17,60314.28,44850.47754283458,1.3447856813207097,27264.09378077338,2.212223904633632,2.9749670308266993
2021-11-18,57017.38,44851.99985981106,1.271233839699744,27297.98110157992,2.0887031824012805,2.655230166557055
2021-11-19,58187.85,44855.78785098512,1.2972205547543867,27331.90332223197,2.1289351610090606,2.761698450600293
2021-11-20,59771.71,44882.21918784064,1.3317458691123094,27365.860471240307,2.184170677286617,2.908760276912687
2021-11-21,58742.9,44886.94826763832,1.3086855370462167,27399.852577131973,2.1439129949562963,2.8057079291847433
2021-11-22,56254.57,44886.02776566224,1.2532757474929577,27433.87966845208,2.050551022307305,2.5699058652546363
2021-11-23,57599.99,44886.91051342236,1.2832246492610824,27467.941773762912,2.096989664330034,2.6909088265140224
2021-11-24,57255.24,44880.00214663619,1.275740580691825,27502.0389216435,2.081854373165816,2.655906106938373
2021-11-25,59022.44,44882.34152871234,1.3150481456552772,27536.171140690498,2.143451233595142,2.818741570041808
2021-11-26,53839.39,44873.76609776624,1.1997965555799441,27570.338459517985,1.952801198978871,2.3429641522672346
2021-11-27,54665.93,44865.49469817235,1.2184403708854432,27604.540906756785,1.980323823701751,2.4129064942244405
2021-11-28,57471.87,44900.84620832104,1.2799729816528334,27638.778511055374,2.079392545405418,2.6615662763692476
2021-11-29,57828.33,44935.157607986686,1.2869283892246037,27673.05130107898,2.089698362888709,2.6892921481176577
2021-11-30,56879.47,44964.47257751949,1.2649869272221277,27707.35930551118,2.052865066382789,2.5968474723252135
2021-12-01,57228.47,45008.83585565239,1.271494116922667,27741.702553051866,2.0629040301531276,2.6229703381157616
2021-12-02,56566.29,45052.84443535636,1.255554243221282,27776.08107241859,2.036510832918393,2.556949817636796
2021-12-03,53681.96,45098.85721546023,1.190317522759699,27810.49489234592,1.9302770485675353,2.297642594690812
2021-12-04,49335.0,45129.91190161656,1.0931774054323562,27844.944041586325,1.7717758716382535,1.9368653503651574
2021-12-05,49511.76,45194.24929397252,1.0955323027481574,27879.428548908843,1.7759244926108004,1.9455826488967631
2021-12-06,50588.91,45243.14922952941,1.1181562482167247,27913.94844310065,1.8123165235158198,2.0264530445156264
2021-12-07,50676.09,45311.77066419947,1.1183868839634388,27948.503752965495,1.8131950979530693,2.0278536156175155
2021-12-08,50531.51,45380.100616845055,1.1135169229052513,27983.094507325062,1.8057870614264087,2.0107744520616504
2021-12-09,47639.07,45450.581033771654,1.0481509568514034,28017.720735018065,1.7003192533237763,1.7821912523241799
2021-12-10,47268.48,45495.90802188279,1.038961129806765,28052.38246490024,1.6850076837196757,1.7506574868104743
2021-12-11,49432.46,45553.57224246934,1.085150023732154,28087.079725845524,1.7599715058490975,1.909833121340063
2021-12-12,50065.39,45609.252476662725,1.0977024897660268,28121.812546744655,1.7803045204422823,1.9542447046312057
2021-12-13,46639.86,45653.79507604166,1.021598750384627,28156.58095650565,1.6564461456469466,1.6922233124723527
2021-12-14,48343.16,45722.60496231972,1.0573142112055929,28191.384984054275,1.7148203263991484,1.813103900766033
2021-12-15,48885.97,45801.547160567854,1.0673432019363667,28226.22465833334,1.7319344188514139,1.8485684281606685
2021-12-16,47605.48,45868.498546517825,1.0378687227296226,28261.100008303416,1.6844878644501806,1.7482772683304586
2021-12-17,46240.15,45918.70266108334,1.0070003575947952,28296.011062942143,1.6341578993994101,1.6455975890615655
2021-12-18,46813.13,45974.21260004402,1.0182475642868363,28330.957851244457,1.6523666529666485,1.6825183196920819
2021-12-19,46683.77,46024.586391996374,1.0143224232889196,28365.940402223296,1.6457684581591014,1.6693398506524086
2021-12-20,46963.71,46066.09938631585,1.0194852749775205,28400.958744908447,1.6535959374406461,1.685816708983388
2021-12-21,48954.47,46131.28330121725,1.0611989629759175,28436.01290834725,1.7215658945502048,1.8269239419913852
2021-12-22,48646.94,46203.587700002216,1.0528823067996875,28471.10292160482,1.7086426238544166,1.798999587300109
2021-12-23,50840.46,46284.21296324662,1.0984406289974382,28506.228813763144,1.7834859999248174,1.9590534835655415
2021-12-24,50815.7,46378.55953333635,1.0956722354318547,28541.390613922005,1.7804213076854414,1.9507581942022134
2021-12-25,50395.07,46473.81955296865,1.0843754717118117,28576.588351198756,1.7635089738725225,1.9123058754110296
2021-12-26,50841.73,46545.49013282541,1.0923019578247977,28611.822054728083,1.776948350327044,1.9409641620157747
2021-12-27,50663.26,46620.476431144714,1.0867169080699166,28647.091753661563,1.7685306569915396,1.921892167392704
2021-12-28,47594.55,46677.4356388478,1.019647916570398,28682.397477169052,1.659364425093295,1.6919674788774146
2021-12-29,46518.8,46739.84761902471,0.9952706816499176,28717.739254437998,1.6198628864147464,1.6122020391414078
2021-12-30,47097.85,46783.22867291528,1.0067250879430403,28753.117114672514,1.6380084918155289,1.649024242974435
2021-12-31,46244.63,46814.284192529405,0.9878316158763287,28788.531087094776,1.6063560124028136,1.5868092554045272
2022-01-01,47748.83,46855.201272225444,1.019072135078081,28823.981200944098,1.6565660956799417,1.6881603480225187
2022-01-02,47258.52,46903.89067827875,1.0075607655696135,28859.467485477642,1.6375395708108935,1.6499206236167603
2022-01-03,46519.76,46951.18522494383,0.9908111962908527,28894.98996996995,1.6099593752531898,1.5951657745742867
2022-01-04,45889.4,47009.65658507303,0.9761696496751532,28930.548683713187,1.5861918313991055,1.5483923243744544
2022-01-05,43422.85,47057.0433119639,0.9227704705569563,28966.143656016913,1.4990897827360634,1.3833157842224826
2022-01-06,43133.33,47102.4543042141,0.9157342358727368,29001.774916208073,1.4872651803077852,1.3619396434292779
2022-01-07,41656.16,47166.9233629412,0.8831646634965601,29037.442493631737,1.434567111381648,1.2669589801866055
2022-01-08,41667.48,47225.50016849886,0.8823089189385386,29073.146417649426,1.4331947220788233,1.2645204858657857
2022-01-09,41838.78,47276.69001072861,0.8849769302907082,29108.886717641497,1.4373198262729685,1.2719948877010256
2022-01-10,41872.47,47321.15647876797,0.8848572840519509,29144.663423005004,1.436711393515303,1.2712845416324448
2022-01-11,42771.24,47392.04826151871,0.9024982369189832,29180.476563155145,1.4657485085080924,1.3228354446951827
2022-01-12,43884.25,47464.97978248892,0.9245605960668724,29216.32616752407,1.5020454573368067,1.388732043354856
2022-01-13,42617.64,47514.488198012456,0.8969398938360597,29252.21226556182,1.45690314336236,1.3067545507368568
2022-01-14,43158.68,47567.42822790946,0.9073158168907963,29288.134886736363,1.4735892253605112,1.337010811769448
2022-01-15,43082.34,47610.63320131729,0.9048890364013894,29324.09406053239,1.4691788912921602,1.3294438712426244
2022-01-16,43137.67,47660.45228557808,0.9051040838119225,29360.089816452986,1.4692621946894129,1.3298352126038555
2022-01-17,42285.47,47715.71079469287,0.8861959571752446,29396.1221840187,1.438471024691435,1.274767206595281
2022-01-18,42411.61,47769.66015772486,0.8878357070150016,29432.191192767525,1.440993968890157,1.2793658991739456
2022-01-19,41723.49,47814.16169802949,0.8726178294937982,29468.29687225516,1.4158772113933495,1.2355196990357964
2022-01-20,40696.22,47849.35821742721,0.8505071231065757,29504.439252055006,1.3793253161781571,1.1731260064907523
2022-01-21,36513.29,47868.734775601646,0.7627795088206627,29540.61836175746,1.2360367529499376,0.9428235072994402
2022-01-22,35108.16,47875.05059015105,0.7333289378752641,29576.83423097159,1.187015477242532,0.8704727991677658
2022-01-23,36233.04,47891.75637083227,0.7565611024879256,29613.086889323466,1.2235482283700474,0.9256889966027912
2022-01-24,36643.49,47917.726740125705,0.7647167863102153,29649.37636645737,1.2358941229352511,0.9451089819107275
2022-01-25,36976.64,47939.487817465975,0.7713190458102508,29685.70269203411,1.2456043363232345,0.960758348149948
2022-01-26,36838.9,47961.92904776032,0.7680862870072627,29722.065895733424,1.2394461451378518,0.9520015875643973
2022-01-27,37139.68,47981.45402579816,0.7740424035509873,29758.46600725184,1.248037448938041,0.9660339066976439
2022-01-28,37677.8,48012.56392149725,0.7847487599621829,29794.90305630412,1.2645719950422187,0.9923713049922848
2022-01-29,38166.62,48049.18563725231,0.794323972275809,29831.377072622763,1.27941193955229,1.0162675740022722
2022-01-30,37918.6,48083.9112170686,0.7885922555014583,29867.88808595756,1.2695440632050412,1.0011526162613493
2022-01-31,38430.3,48128.77508132267,0.7984890522367283,29904.436126076045,1.285103649437803,1.026141195065552
2022-02-01,38745.11,48179.31686091701,0.8041855411077855,29941.021222763535,1.2940477117241045,1.0406544592721405
2022-02-02,36905.98,48217.457702930056,0.7654070072997091,29977.643405823113,1.2311167859455914,0.9423054147670517
2022-02-03,37238.31,48255.89032666623,0.77168423891709,30014.30270507564,1.2406854947092516,0.9574174417201822
2022-02-04,41545.39,48327.76136102194,0.8596588964600341,30050.999150360014,1.3824961290680506,1.1884750966749094
2022-02-05,41447.5,48407.640954520844,0.8562181338053652,30087.73277153218,1.3775547767167082,1.1794873801350465
2022-02-06,42496.61,48475.70228238676,0.8766579543797716,30124.503598466126,1.4106990962056496,1.2367005839250373
2022-02-07,43897.96,48549.91125779696,0.904182085254587,30161.311661053638,1.455439355334273,1.3159821912677347
2022-02-08,44147.59,48615.50774403663,0.9080968614467534,30198.156989204304,1.4619299454527157,1.3275739951206345
2022-02-09,44402.94,48678.47565031131,0.912167840237537,30235.03961284553,1.4685920894621602,1.3396024744346304
2022-02-10,43477.29,48728.74146164838,0.8922309235960568,30271.959561922034,1.436223179112873,1.2814427335899436
2022-02-11,42391.54,48760.12890714871,0.8693894161092955,30308.916866397107,1.398649123189178,1.2159707445512176
2022-02-12,42217.48,48777.08332869347,0.8655187460781458,30345.91155625111,1.3912081672597971,1.204116748460375
2022-02-13,42097.33,48789.356253805905,0.8628383982155149,30382.943661482495,1.3855579784841006,1.195512626789948
2022-02-14,42572.56,48804.4118379914,0.8723096621125497,30420.013212107544,1.3994918313531695,1.2207902465369567
2022-02-15,44469.73,48817.261386954924,0.9109427431314965,30457.120238160132,1.4600766471770132,1.3300462261616666
2022-02-16,43897.22,48831.13291845828,0.8989596877324703,30494.264769692232,1.4395238032965711,1.2940738686949436
2022-02-17,40553.82,48835.61143962447,0.8304149124893572,30531.446836773666,1.3282639442803892,1.1030101870523679
2022-02-18,39993.11,48840.83500920034,0.818845746442835,30568.666469491367,1.3083040452521724,1.0712992025086956
2022-02-19,40089.18,48852.57791877356,0.8206154456507018,30605.923697951373,1.309850354318285,1.074883432244629
2022-02-20,38426.4,48844.42953738827,0.7867099762233127,30643.218552276347,1.253993601698392,0.9865292765763282
2022-02-21,37075.4,48820.4958780103,0.7594228475811013,30680.55106260732,1.2084333141325667,0.9177118685304214
2022-02-22,38261.46,48792.98269808519,0.7841590713309994,30717.9212591032,1.245574519098075,0.9767285581695025
2022-02-23,37225.0,48749.51326148007,0.7635973676359497,30755.329171941037,1.2103593426651218,0.9242272079526653
2022-02-24,38367.61,48716.506870139325,0.7875689877000878,30792.774831315004,1.2459939128636661,0.9813061646345089
2022-02-25,39212.8,48676.536635911296,0.8055790882022328,30830.25826743793,1.2718933347832342,1.024610672925175
2022-02-26,39138.21,48639.5425798565,0.8046582661780343,30867.779510539534,1.267930852837555,1.0202510416779034
2022-02-27,37700.0,48593.92126523437,0.7758172013784731,30905.33859086844,1.2198539708327016,0.9463836937418442
2022-02-28,43206.02,48587.00114964952,0.8892506015533675,30942.935538690934,1.3963128981726813,1.241672084656783
2022-03-01,44412.2,48569.32172770911,0.9144084870895479,30980.570384290964,1.4335501073446888,1.310850384824116
2022-03-02,43862.75,48551.85397208876,0.9034207020233582,31018.243157970148,1.414095239908178,1.2775229143657354
2022-03-03,42432.0,48526.575266703614,0.8744074719221863,31055.953890048775,1.3663080564270298,1.194709973487275
2022-03-04,39205.77,48488.17924776902,0.8085634603779,31093.70261086406,1.2608910071167143,1.0195103958736658
2022-03-05,39390.89,48457.43465878554,0.8128967263201636,31131.489350772423,1.265306955159299,1.0285638816391283
2022-03-06,38432.11,48420.653113022294,0.7937131684344017,31169.314140146944,1.2330110899199536,0.9786571388951213
2022-03-07,38004.69,48370.60695304082,0.7856980177423809,31207.17700937942,1.2178189007156133,0.9568378962614628
2022-03-08,38724.21,48311.99486333586,0.8015444220331283,31245.07798887908,1.2393699261619042,0.9934100511506844
2022-03-09,41985.86,48275.19945973566,0.8697190373085597,31283.017109073884,1.342129496448783,1.1672755735948577
2022-03-10,39454.87,48221.319690112105,0.8182038619753975,31320.994400408723,1.259694040859863,1.030686529138934
2022-03-11,38670.76,48162.00185550736,0.802930910472069,31359.009893347735,1.2331626582446191,0.9901444159445089
2022-03-12,38767.98,48111.744184100564,0.8057903669352235,31397.06361837175,1.234764514007457,0.9949613508206617
2022-03-13,37780.14,48049.30403997251,0.7862786101661425,31435.155605980337,1.2018435815476787,0.9449839009364078
2022-03-14,39644.88,48009.6093795651,0.8257696847013822,31473.285886690803,1.2596358747773693,1.040169119153458
2022-03-15,39361.36,47956.65794342407,0.820769454919811,31511.45449103868,1.2491127634617343,1.0252336019998665
2022-03-16,41109.85,47914.756018642634,0.8579789070407665,31549.66144957699,1.303020321333787,1.117963951149871
2022-03-17,40964.07,47872.98394050271,0.855682404316196,31587.90679287752,1.2968276204118923,1.109672576217699
2022-03-18,41806.03,47845.347165059065,0.8737742011940188,31626.190551529544,1.3218800390102035,1.155024675160459
2022-03-19,42219.55,47819.35942927552,0.8828966030471906,31664.512756140346,1.3333396387668348,1.1772010377754067
2022-03-20,41271.13,47778.875232067934,0.8637945075002497,31702.87343733547,1.3018103889408426,1.1244966637738636
2022-03-21,41009.98,47735.042105367356,0.8591168707775962,31741.272625758233,1.2920080578848676,1.1099859197094868
2022-03-22,42359.88,47695.866237178576,0.8881247651390968,31779.71035207048,1.3329221547558947,1.1838011756412778
2022-03-23,42940.28,47659.823320334974,0.9009743848898976,31818.186646951835,1.3495514523331158,1.2159112896430968
2022-03-24,43979.48,47620.91683435039,0.9235328280844078,31856.701541099683,1.3805409183138502,1.2749748585766356
2022-03-25,44355.11,47579.927985405055,0.9322231427841956,31895.255065229718,1.3906491705204536,1.296395340252812
2022-03-26,44548.42,47567.469651623804,0.9365312119031174,31933.847250076193,1.3950220169570613,1.3064816601723277
2022-03-27,46819.78,47571.55487149023,0.9841969665796908,31972.478126390364,1.4643775754546389,1.441235967689778
2022-03-28,47191.31,47575.502554170474,0.9919245718164926,32011.14772494285,1.4742148705661333,1.4623099542518179
2022-03-29,47430.74,47588.55974375742,0.9966836621110786,32049.856076521286,1.4799049295808309,1.4749970647908603
2022-03-30,47022.82,47598.35010819112,0.9879086122337656,32088.60321193162,1.4654056360582046,1.4476868482777996
2022-03-31,45475.83,47595.570299685765,0.9554634961543941,32127.389161998664,1.4154847681737648,1.3524440253525973
2022-04-01,46222.43,47602.113086486876,0.9710163478671594,32166.21395756452,1.4369869597018545,1.3953378295424277
2022-04-02,45871.46,47595.84070122429,0.9637703489250493,32205.077629489624,1.424354896073789,1.372751015182138
2022-04-03,46358.05,47587.029929176104,0.9741740568595015,32243.98020865276,1.4377272811859527,1.400596618170501
2022-04-04,46568.89,47580.95782494322,0.9787295617573156,32282.921725950546,1.4425240192112387,1.4118409011470172
2022-04-05,45449.25,47571.27303779831,0.9553927632730739,32321.902212297948,1.4061440351337773,1.3434198352864097
2022-04-06,43206.04,47544.77083413001,0.9087443107199614,32360.921698628037,1.3351300807304185,1.2132918649348505
2022-04-07,43432.08,47524.64146157802,0.9138854847566454,32399.980215891985,1.3404971148314726,1.225060855602645
2022-04-08,42281.5,47520.68652810603,0.889749351053518,32439.077795059347,1.3034125158280458,1.1597104401130371
2022-04-09,42773.37,47532.750256012994,0.8998715573919285,32478.21446711752,1.31698650008318,1.1851186928939963
2022-04-10,42177.2,47525.170765802075,0.8874707722323358,32517.39026307255,1.2970659594382437,1.1511081286589337
2022-04-11,39615.2,47495.46196309682,0.8340838969158852,32556.605213947558,1.216809914291324,1.0149215551179918
2022-04-12,40105.2,47479.92849026106,0.8446769250763774,32595.859350785377,1.2303771337457832,1.039271174016675
2022-04-13,41101.04,47470.96751089159,0.8658142472147825,32635.15270464592,1.259410071464102,1.090415182959407
2022-04-14,39910.05,47452.48834529171,0.8410528381481583,32674.485306607767,1.2214438766363365,1.0272988390836797
2022-04-15,40566.6,47443.041692274805,0.8550590045031935,32713.857187767913,1.2400433176424184,1.0603102047241637
2022-04-16,40378.25,47439.38118598152,0.8511546523277984,32753.268379240977,1.2328006332825012,1.049303994411057
2022-04-17,39670.73,47428.5611243803,0.8364312359374436,32792.71891215999,1.2097420194483952,1.0118660124926802
2022-04-18,40817.48,47411.655847507995,0.8609165672526371,32832.20881767695,1.2432145588092072,1.0703040103285244
2022-04-19,41480.25,47376.345673452364,0.8755476896826958,32871.73812696069,1.261881858506861,1.1048377458681886
2022-04-20,41350.25,47342.55399133671,0.8734266851671489,32911.306871199544,1.2564147076209033,1.0973861332725783
2022-04-21,40464.52,47301.2620970877,0.8554638545784461,32950.915081599764,1.2280241656352644,1.0505302862498234
2022-04-22,39708.2,47250.36381539709,0.8403787144398793,32990.562789385236,1.2036229952638509,1.0114991454301119
2022-04-23,39468.1,47187.8086509179,0.8364045953473677,33030.25002579913,1.194907697312991,0.9994262890485271
2022-04-24,39489.71,47108.518083805386,0.8382711154222335,33069.97682210196,1.1941257235356597,1.001001102222619
2022-04-25,40490.41,47041.42694692214,0.8607394083875519,33109.74320957329,1.2229152531842253,1.0526113515339033
2022-04-26,38102.78,46959.555442666606,0.8113956710369643,33149.54921951032,1.1494207582640197,0.9326350274554506
2022-04-27,39188.42,46880.245336132095,0.835926086116197,33189.394883229004,1.180751265212201,0.9870207838055829
2022-04-28,39737.71,46805.590486786896,0.8489949509603528,33229.280232063524,1.1958643016786255,1.0152827541588811
2022-04-29,38597.17,46712.64208264934,0.8262681852101081,33269.205297365974,1.160147038530429,0.9585925881034191
2022-04-30,37658.53,46619.97761339643,0.8077766641650783,33309.17011050724,1.1305754503958887,0.9132524659077219
2022-05-01,38496.42,46527.06314197521,0.8273984515749453,33349.17470287644,1.1543440082995398,0.955102445051855
2022-05-02,38488.36,46434.469435594285,0.8288747662635464,33389.21910588062,1.1527181836133837,0.9554590150102832
2022-05-03,37708.41,46320.353978404055,0.8140786233538025,33429.30335094593,1.1280046611839727,0.918284481713321
2022-05-04,39671.83,46221.270321168806,0.8583024595460061,33469.42746951617,1.1853154654686864,1.0173591793496926
2022-05-05,36516.79,46100.80586095467,0.7921074115306972,33509.5914930537,1.0897414254533564,0.8631922597536303
2022-05-06,36013.22,45975.617892717564,0.7833112778176368,33549.79545303909,1.073425918509967,0.8408266278706127
2022-05-07,35445.54,45838.72410602919,0.773266287211904,33590.03938097204,1.0552396083250517,0.8159812140484566
2022-05-08,34089.76,45687.53749753958,0.7461500852795107,33630.32330836938,1.0136613819444396,0.7563435265823902
2022-05-09,30176.73,45522.78598620252,0.6628928644469662,33670.64726676759,0.8962325482166767,0.5941061610979566
2022-05-10,30961.83,45369.922085242084,0.6824307509681895,33711.01128772034,0.9184485667233079,0.6267775451146443
2022-05-11,29027.82,45200.632979767186,0.6421994137337302,33751.41540280066,0.8600474870037983,0.5523219919370073
2022-05-12,28959.93,45032.99125383678,0.6430825311328311,33791.85964359932,0.8570090638822077,0.5511275580051482
2022-05-13,29292.4,44860.5223273525,0.6529660931330652,33832.34404172592,0.8658105381014469,0.5653449244575387
2022-05-14,30012.62,44704.14317887083,0.6713610387277326,33872.86862880809,0.8860371505256852,0.5948508217282844
2022-05-15,31258.75,44564.20881422586,0.7014317281006351,33913.4334364926,0.9217217731296995,0.6465248961543467
2022-05-16,29854.67,44406.822728734136,0.672299168584337,33954.038496443674,0.8792671305690768,0.591130560845126
2022-05-17,30391.04,44247.671060489614,0.6868393131573718,33994.683840344405,0.8939939004207578,0.6140301565318731
2022-05-18,28762.93,44077.85205711865,0.6525483583620935,34035.369499897024,0.8450894003100811,0.5514617008415494
2022-05-19,30258.84,43922.413609970856,0.6889156927644551,34076.095506820995,0.8879784948936742,0.6117423199696137
2022-05-20,29138.15,43760.637349275734,0.6658529620451759,34116.861892854635,0.8540688792395246,0.568684293032241
2022-05-21,29426.6,43593.16077207899,0.6750279052682837,34157.66868975516,0.8614932203738441,0.581531963951784
2022-05-22,30221.12,43433.5298985216,0.6958016092776441,34198.51592929813,0.8836968265663637,0.6148776740384231
2022-05-23,29095.68,43271.29774535672,0.672401372642496,34239.40364327715,0.8497718097877235,0.5713877313341633
2022-05-24,29605.66,43115.17413504605,0.6866645118321607,34280.33186350473,0.8636339962484013,0.5930268164355667
2022-05-25,29487.83,42956.86666556706,0.6864520689921866,34321.30062181147,0.8591699459448877,0.5897789870097733
2022-05-26,29160.96,42790.26795125797,0.6814858003043356,34362.309950047136,0.8486321217168347,0.5783307406321634
2022-05-27,28608.55,42606.969254473035,0.6714523586301921,34403.35988007903,0.8315626758468302,0.558354720046188
2022-05-28,28974.3,42428.86082837417,0.6828913016826397,34444.450443794216,0.8411892083248562,0.5744407934343502
2022-05-29,29441.17,42261.511767797776,0.6966426133017192,34485.58167309674,0.8537240368767784,0.5947405440883322
2022-05-30,31691.54,42110.66324297356,0.7525775554078441,34526.7535999104,0.9178835742055472,0.6907785764246251
2022-05-31,31804.27,41963.16507226441,0.7579092269429661,34567.96625617741,0.9200503658301411,0.6973146615149154
2022-06-01,29779.16,41801.37706129455,0.7123966264636202,34609.21967385805,0.8604400873705217,0.6129746155168223
2022-06-02,30428.98,41640.76837931012,0.730749723992104,34650.513884931024,0.8781682171020585,0.6417211822659673
2022-06-03,29684.67,41482.939442886905,0.7155874294026201,34691.84892139425,0.8556669916112094,0.6123045429517386
2022-06-04,29832.02,41337.75190235159,0.7216652727141395,34733.2248152638,0.8588900155015285,0.619831097268362
2022-06-05,29893.98,41192.9289105262,0.7257065906853025,34774.64159857411,0.8596488310385854,0.6238528223596175
2022-06-06,31324.88,41069.75226459909,0.7627238605722275,34816.09930337834,0.8997239962766429,0.6862409598895935
2022-06-07,31073.76,40941.13616235053,0.7589862644939354,34857.59796174919,0.8914486888654414,0.6765973103499978
2022-06-08,30195.33,40801.592224553206,0.7400527370064086,34899.137605776086,0.8652170818972453,0.6403062695627544
2022-06-09,30070.71,40665.21311401844,0.73947011947747,34940.71826756857,0.8606208312526639,0.6364033889112068
2022-06-10,29061.88,40531.14588141237,0.7170258666022027,34982.33997925405,0.8307586061205419,0.5956754094908195
2022-06-11,28381.45,40387.96237324115,0.7027205219643364,35024.00277297868,0.810342843562602,0.5694445459983764
2022-06-12,26633.35,40233.70208118379,0.661966178162255,35065.706680907584,0.7595269715325944,0.5027811665565833
2022-06-13,22333.0,40038.67023971035,0.5577857572764775,35107.45173522409,0.6361327551892012,0.35482579058158065
2022-06-14,22122.57,39861.01219015498,0.5549926804283187,35149.23796813022,0.6293897472274794,0.3493067028478808
2022-06-15,22544.07,39684.86437811964,0.5680772847098284,35191.06541184678,0.6406191383001074,0.36392118061867507
2022-06-16,20336.62,39479.26127561304,0.5151215940446751,35232.934098613005,0.5772048374705353,0.29733067596811974
2022-06-17,20421.22,39274.32438558357,0.5199636230406046,35274.844060687195,0.5789173713955228,0.30101597387195933
2022-06-18,18989.21,39059.482016019974,0.4861613370144465,35316.79533034583,0.5376821374187253,0.2614002668162729
2022-06-19,20520.28,38859.69032553254,0.5280608215891331,35358.787939884125,0.5803445535205539,0.30645722173684237
2022-06-20,20534.33,38663.302696090606,0.5311064644789465,35400.82192161611,0.5800523514811821,0.3080695536078698
2022-06-21,20675.12,38479.28981269955,0.537305134804657,35442.897307874846,0.5833360580091831,0.31342945928504135
2022-06-22,19997.23,38305.93977206213,0.5220399269406434,35485.014131011325,0.5635401447543422,0.2941904559956764
2022-06-23,21121.55,38143.11950541625,0.5537446929845572,35527.172423395605,0.5945181831045717,0.3292112887769778
2022-06-24,21206.32,37977.66493593751,0.558389254204328,35569.37221741654,0.5961960720132229,0.33290948001101334
2022-06-25,21474.76,37814.98083629502,0.5678902785371349,35611.61354548149,0.6030268741564726,0.34245309953009706
2022-06-26,21025.22,37649.548809770415,0.5584454705216483,35653.8964400169,0.5897032891025594,0.3293171307510424
2022-06-27,20718.74,37493.13678947748,0.5526008697627762,35696.22093346746,0.5804183036242605,0.3207396594090015
2022-06-28,20251.34,37334.572859036714,0.5424285976556507,35738.58705829666,0.5666519486896917,0.3073682218865912
2022-06-29,20094.43,37166.91413315982,0.5406537095871519,35780.994846986796,0.5615950614545923,0.3036284532612498
2022-06-30,19837.58,36995.274983440744,0.5362192877030755,35823.4443320396,0.5537597059660107,0.29693663509175877
2022-07-01,19270.3,36832.136880889964,0.5231925604077082,35865.93554597415,0.5372869745806209,0.2811045479045463
2022-07-02,19210.52,36662.5726320724,0.523981778168907,35908.46852132954,0.5349857788724407,0.28032279970865914
2022-07-03,19283.07,36492.43944829868,0.5284127422426674,35951.04329066281,0.5363702478422424,0.2834248735196985
2022-07-04,20205.89,36336.40866214788,0.5560783452176644,35993.65988655017,0.5613735881176778,0.312167695929381
2022-07-05,20171.1,36185.997845222664,0.5574283203762204,36036.318341586644,0.5597436399800625,0.31201695707535804
2022-07-06,20556.8,36037.40347446798,0.5704295542425585,36079.01868838583,0.5697715943315671,0.3250145565746277
2022-07-07,21657.39,35899.27625742594,0.6032820785772822,36121.76095957992,0.599566284274859,0.3617075942221946
2022-07-08,21582.54,35759.99043129719,0.6035387520996351,36164.54518782081,0.5967872646513577,0.3601842409766351
2022-07-09,21573.37,35613.775944167784,0.605759131910665,36207.37140577783,0.5958281190375894,0.3609283241561745
2022-07-10,20806.95,35462.86237118213,0.5867250585194772,36250.239646140646,0.5739810330389139,0.3367690551988267
2022-07-11,19942.91,35297.3159099479,0.5649979179969165,36293.149941616335,0.5494951535505058,0.3104636177054317
2022-07-12,19302.71,35126.896714873554,0.5495136720069774,36336.10232493146,0.5312267625015945,0.2919163689306297
2022-07-13,20206.62,34966.753491284784,0.5778809292385796,36379.096828831454,0.5554458950719657,0.3209815899859421
2022-07-14,20583.48,34809.020622842305,0.5913260307729759,36422.13348608097,0.5651365812457458,0.33417997143265626
2022-07-15,20838.39,34654.74116098064,0.601314258940791,36465.21232946238,0.5714594450109219,0.3436267126914583
2022-07-16,21195.28,34514.85626069413,0.6140915042470393,36508.33339177783,0.5805600538526215,0.3565169967760985
2022-07-17,20762.12,34375.91644342308,0.6039728434344703,36551.49670584811,0.5680237985077676,0.34307094872318505
2022-07-18,22368.75,34248.179277672374,0.6531369103928686,36594.70230451292,0.611256509586128,0.3992341881286125
2022-07-19,23410.92,34131.80643798396,0.6858974793067762,36637.95022062997,0.638980070091854,0.43827481940326984
2022-07-20,23237.11,34009.11815539056,0.6832611740718375,36681.24048707775,0.6334875727058927,0.4328374626869468
2022-07-21,23140.92,33887.91690344156,0.6828664053307412,36724.57313675212,0.6301208706723325,0.4302883738798925
2022-07-22,22706.35,33766.606967184496,0.6724498562164324,36767.948202568245,0.6175582568519273,0.41527696102534917
2022-07-23,22457.13,33646.169788633706,0.6674498209179944,36811.365717459594,0.6100596802728405,0.4071842243473963
2022-07-24,22592.39,33536.431695892235,0.6736670795768431,36854.82571438011,0.6130103605722613,0.4129648993570629
2022-07-25,21248.31,33417.91949574903,0.6358358126604177,36898.32822630087,0.5758610490340415,0.3661530780920404
2022-07-26,21277.3,33305.85560627198,0.6388456207680542,36941.873286212845,0.5759670018667122,0.3679539968494548
2022-07-27,22986.74,33206.950564301456,0.6922267660647976,36985.46092712596,0.621507463305426,0.4302241014090509
2022-07-28,23875.62,33113.94124395515,0.7210141439856067,37029.09118206881,0.6447800698808852,0.46489555014414613
2022-07-29,23817.5,33020.65713776338,0.7212909149758142,37072.76408408897,0.6424527706101656,0.4633953467421532
2022-07-30,23643.31,32922.93116654069,0.7181410999039024,37116.479666253006,0.6370030297215105,0.45745805640632375
2022-07-31,23296.14,32818.850868618916,0.7098402102273348,37160.23796164647,0.6269104095631526,0.4450062169180128
2022-08-01,23250.19,32719.56762214043,0.7105897690490028,37204.0390033739,0.6249372547397749,0.4440740195156545
2022-08-02,23005.22,32616.79974112004,0.7053181238684583,37247.88282455825,0.6176249025577426,0.4356220375264664
2022-08-03,22820.48,32513.33169318514,0.7018806997494882,37291.76945834297,0.6119441456241913,0.4295117851383101
2022-08-04,22604.63,32408.443859256204,0.6974919899939557,37335.69893788842,0.6054427971900301,0.42229150143958105
2022-08-05,23285.14,32311.908971626326,0.7206364693725494,37379.67129637547,0.6229359219180146,0.4489103434163322
2022-08-06,22960.16,32212.91802697183,0.7127625004594582,37423.68656700344,0.613519460700166,0.43729366488918864
2022-08-07,23187.41,32118.43868086485,0.7219345320734512,37467.74478299064,0.6188632418177052,0.44677874489912406
2022-08-08,23824.9,32032.57196910491,0.7437710597506462,37511.84597757504,0.6351300337030272,0.47239133824676416
2022-08-09,23138.91,31959.59522323522,0.7240051020163604,37555.99018401242,0.6161176921877626,0.4460723525864856
2022-08-10,23982.75,31898.754396978562,0.7518397020001395,37600.17743557885,0.6378360857761943,0.47955049265490934
2022-08-11,23956.28,31832.8335079757,0.7525651146951076,37644.407765568496,0.6363835008160665,0.4789200222817172
2022-08-12,24398.29,31768.163600976673,0.7680107136960823,37688.6812072949,0.6473638561616092,0.4971823771917254
2022-08-13,24447.08,31702.507090367133,0.7711402738690118,37732.997794090676,0.647896574065171,0.4996191415634105
2022-08-14,24301.71,31636.63319941245,0.7681509548383716,37777.357559307464,0.6432877143894523,0.4941420720440515
2022-08-15,24092.27,31568.24635265236,0.7631804988741724,37821.760536316324,0.6369949377916103,0.4861421144041236
2022-08-16,23861.8,31496.227982811353,0.7576081813041948,37866.206758506756,0.6301608226083901,0.47741499474549776
2022-08-17,23357.89,31418.99541940732,0.7434321081307385,37910.696259287644,0.6161292802497029,0.4580502896971112
2022-08-18,23175.9,31341.748152729,0.739457795623376,37955.229072086964,0.6106115169528518,0.45152144630820146
2022-08-19,20850.04,31246.068613214928,0.6672852274023963,37999.805230351485,0.5486880754679896,0.3661314472116406
2022-08-20,21151.45,31151.645953154548,0.6789833844352008,38044.424767548284,0.5559671391862413,0.3774924497994305
2022-08-21,21513.86,31067.700250330618,0.6924831843570737,38089.08771716171,0.5648300153512616,0.3911352876508965
2022-08-22,21403.82,30981.797637073483,0.6908514557718152,38133.79411269613,0.5612822038306933,0.38776262761524716
2022-08-23,21529.34,30880.132300547506,0.6971906658449868,38178.543987675956,0.5639120236473575,0.3931541992446951
2022-08-24,21358.67,30777.93879340391,0.6939603767285879,38223.33737564256,0.558786109912281,0.38777541934542864
2022-08-25,21518.35,30673.392014239926,0.7015314768581917,38268.17431015858,0.5623040656603204,0.3944740016260502
2022-08-26,20230.18,30554.809621486034,0.6620947814963379,38313.05482480458,0.5280231527479925,0.34960137394368956
2022-08-27,20018.43,30434.22150549199,0.6577605409222504,38357.97895318085,0.5218843783306254,0.34327495098962457
2022-08-28,19582.83,30309.900856717497,0.6460869038329407,38402.9467289062,0.509930400347634,0.3294593535308948
2022-08-29,20291.07,30194.63111306068,0.6720092033587753,38447.95818561922,0.5277541632260075,0.3546556547987864
2022-08-30,19835.7,30080.189637971627,0.6594273586281009,38493.01335697733,0.5153065003263647,0.3398072043941053
2022-08-31,20025.48,29968.22516124733,0.6682237567373678,38538.112276657106,0.519627942755505,0.3472277360137934
2022-09-01,20112.51,29857.750295235972,0.673611032349249,38583.254978354904,0.5212756158412,0.3511370057252813
2022-09-02,19946.87,29744.783115176182,0.6706006200402531,38628.44149578563,0.5163778093966387,0.34628327915641355
2022-09-03,19840.11,29624.989460978002,0.6697085926775895,38673.67186268335,0.5130133510581895,0.34356944936199424
2022-09-04,20006.54,29508.82245325675,0.6779850341941371,38718.946112801634,0.5167118945261076,0.3503229314788004
2022-09-05,19807.74,29403.287822651,0.6736573174902226,38764.264279913215,0.5109793870191917,0.34422500315214694
2022-09-06,18777.0,29292.342285824627,0.6410207765831928,38809.62639781003,0.4838232609489783,0.3101407624625268
2022-09-07,19286.23,29185.36984230617,0.6608184204691251,38855.032500302885,0.4963637593109633,0.3280063154059878
2022-09-08,19320.01,29085.20233544926,0.6642556505942758,38900.48262122273,0.49665219293345436,0.3299040255360855
2022-09-09,21355.55,29005.089771350154,0.7362690537539378,38945.97679441877,0.5483377683073133,0.40372412980917155
2022-09-10,21660.39,28922.69365532653,0.7489063867331364,38991.51505376006,0.5555154748446028,0.416029087040214
2022-09-11,21818.08,28845.53822040276,0.7563762490161421,39037.09743313452,0.5589063079644059,0.4227434567695781
2022-09-12,22412.6,28768.106923157644,0.7790780276180908,39082.72396644965,0.5734656575943881,0.44677449342534725
2022-09-13,20164.09,28672.597490755015,0.7032529929142821,39128.39468763248,0.5153313894161207,0.3624083419495623
2022-09-14,20216.63,28578.049036439977,0.7074181297058347,39174.10963062828,0.5160712059730804,0.36507812732451117
2022-09-15,19690.75,28485.39077224605,0.6912578506447992,39219.86882940223,0.5020605776539033,0.3470533158025235
2022-09-16,19784.17,28374.358363147236,0.6972552382257842,39265.67231793937,0.5038541003399851,0.3513149107635945
2022-09-17,20117.18,28262.226562730506,0.7118044983238722,39311.520130243356,0.5117375246072802,0.36425707197658524
2022-09-18,19425.05,28147.362418068064,0.6901197245938352,39357.412300336764,0.49355506027091595,0.34061208226605827
2022-09-19,19553.1,28038.534832208265,0.6973652552464715,39403.34886226272,0.49622939584016795,0.3460531392908811
2022-09-20,18869.22,27936.2002693152,0.6754397454948708,39449.329850082635,0.47831534963224415,0.32307319802189316
2022-09-21,18488.54,27830.747398660344,0.6643206427467327,39495.35529787719,0.4681193487324756,0.31098134663214017
2022-09-22,19402.35,27735.798279039005,0.6995417908942282,39541.42523974763,0.49068413397745886,0.34325405784597496
2022-09-23,19304.43,27642.019499554088,0.6983726351944515,39587.53970981287,0.48763904353507637,0.34055376385729313
2022-09-24,18944.06,27543.379214206547,0.6877899713274427,39633.698742212044,0.4779786040969108,0.3287488904069453
2022-09-25,18788.61,27432.8658321781,0.6848941745620105,39679.90237110394,0.4735044412226783,0.3243004334226523
2022-09-26,19224.81,27334.427772226125,0.7033185461278938,39726.150630666285,0.4839333712126531,0.34035931506405354
2022-09-27,19072.97,27237.996814461643,0.7002339463478264,39772.44355509643,0.4795523808734149,0.33579885613948723
2022-09-28,19407.62,27143.925851764532,0.7149894273211175,39818.78117861041,0.4873986452007541,0.3484848782091757
2022-09-29,19610.61,27055.07847623314,0.7248402556742601,39865.16353544417,0.49192348057381435,0.35656594143129555
2022-09-30,19415.8,26958.68094561653,0.7202058601890535,39911.59065985333,0.4864702127627841,0.3503586980391728
2022-10-01,19308.76,26862.848349828535,0.7187904926739924,39958.062586112486,0.4832256308320314,0.34733798925845666
2022-10-02,19072.29,26759.891307280155,0.7127192626081891,40004.579348515574,0.4767526695842561,0.33979081111257664
2022-10-03,19640.84,26661.71795628934,0.7366682084102852,40051.14098137649,0.4903940192149047,0.36125768355016286
2022-10-04,20344.37,26565.87693522969,0.7658083356179675,40097.7475190275,0.5073693975040874,0.3885477138460961
2022-10-05,20152.33,26467.822579933956,0.7613897946889701,40144.39899582151,0.501996056837159,0.38221467464991704
2022-10-06,19962.19,26371.8759328563,0.7569499435999327,40191.09544613045,0.4966819087266738,0.37596334279776267
2022-10-07,19524.22,26274.196560789842,0.7430948442068394,40237.83690434495,0.48522041695267526,0.36056479014142584
2022-10-08,19409.72,26171.870779216453,0.7416252419912452,40284.623404875965,0.48181460714985086,0.3573258746224249
2022-10-09,19437.02,26068.352886659974,0.7456174958390469,40331.45498215382,0.48193203068425494,0.3593369538834209
2022-10-10,19104.67,25959.90140236807,0.7359299907917703,40378.33167062787,0.4731416383380984,0.3481991215453599
2022-10-11,19069.69,25850.564932656154,0.7376894876254676,40425.253504767184,0.4717271593052889,0.3479881664469359
2022-10-12,19157.32,25741.719330128275,0.7442129157852385,40472.220519060196,0.4733449203998568,0.3522694033829091
2022-10-13,19382.53,25628.456800392603,0.7562893915525604,40519.23274801506,0.4783538257137779,0.36177392379591256
2022-10-14,19187.64,25513.39505883203,0.7520614154154984,40566.29022615931,0.4729946932053152,0.35572105845600877
2022-10-15,19074.41,25397.455610490746,0.7510362570383259,40613.39298803988,0.46965812498397186,0.3527302802756005
2022-10-16,19270.79,25284.429803645646,0.7621603551930379,40660.541068223094,0.4739432750701995,0.36122077486885495
2022-10-17,19565.96,25178.03116752561,0.7771044475167698,40707.73450129534,0.4806447776988769,0.3735111944255064
2022-10-18,19334.77,25068.54904847999,0.7712759905891861,40754.97332186209,0.47441498359730977,0.3659048864243675
2022-10-19,19122.17,24959.114366889662,0.7661397643726953,40802.2575645479,0.4686547054350932,0.35905500559419723
2022-10-20,19046.77,24848.355509321205,0.7665203434832984,40849.58726399774,0.4662659105196548,0.35740230588607874
2022-10-21,19172.57,24738.341143409936,0.7750143750082206,40896.96245487599,0.4688018094535558,0.3633281413563705
2022-10-22,19210.62,24632.05510566937,0.7799032568572989,40944.38317186581,0.46918816481768927,0.365921377820215
2022-10-23,19563.5,24534.666440603818,0.7973819431114518,40991.84944967046,0.4772534116573575,0.38055325274391333
2022-10-24,19332.45,24435.573665835444,0.7911600629630248,41039.3613230133,0.47107092744055706,0.3726925046139216
2022-10-25,20113.74,24344.970436857573,0.8261969367417422,41086.91882663612,0.48954121103285364,0.40445744896418645
2022-10-26,20760.56,24257.13914753639,0.855853605560427,41134.52199530088,0.5046991916515194,0.43194862289838587
2022-10-27,20287.17,24168.533446537098,0.8394042627732041,41182.17086378926,0.4926202182760147,0.413507511149153
2022-10-28,20594.01,24089.60580687385,0.8548919465557879,41229.865466902455,0.49949253452044307,0.4270121451262657
2022-10-29,20831.19,24010.834837748705,0.8675745820903396,41277.60583946077,0.5046608100532249,0.43783089137929887
2022-10-30,20634.95,23928.25418355624,0.8623675526725458,41325.392016304984,0.49932859661339585,0.43060477984091106
2022-10-31,20472.79,23848.52300008122,0.8584510663377467,41373.22403229436,0.4948318744514501,0.42478895028075336
2022-11-01,20479.49,23767.157265513553,0.8616718344232106,41421.101922308975,0.49442166068908855,0.42602921934453714
2022-11-02,20148.56,23684.69096515494,0.850699721167681,41469.02572124806,0.48587010785923057,0.41332956527955855
2022-11-03,20205.32,23604.929092783786,0.8559788474932096,41516.995464030006,0.4866758727159273,0.41658425263013144
2022-11-04,21157.96,23527.503039782765,0.8992862508283989,41565.011185593365,0.5090329437306503,0.45776632751567986
2022-11-05,21304.72,23449.25290029728,0.9085457899483829,41613.07292089621,0.5119718036805143,0.46514982680621125
2022-11-06,20912.34,23369.45761924171,0.8948577387085529,41661.18070491644,0.5019622498968718,0.4491848038597722
2022-11-07,20578.77,23290.582911075995,0.883566121061471,41709.334572651154,0.4933852388403606,0.4359384816711649
2022-11-08,18561.6,23202.1929530346,0.7999933470759426,41757.53455911762,0.44450900169217805,0.35560424406911134
2022-11-09,15850.62,23096.5990027624,0.6862750657836781,41805.78069935196,0.3791490012826313,0.26020050579705367
2022-11-10,17573.15,23003.285132042573,0.7639408849269694,41854.07302841154,0.4198671414385627,0.32075367558233264
2022-11-11,16997.14,22903.66490445036,0.7421144201554103,41902.411581372224,0.4056363192126179,0.3010285618264468
2022-11-12,16777.73,22809.925338129236,0.7355451520025024,41950.79639332907,0.39993829539474396,0.2941726742777486
2022-11-13,16290.62,22710.032881853764,0.7173314140384563,41999.2274993984,0.3878790389712132,0.2782378195010979
2022-11-14,16576.49,22610.97093508597,0.7331171247616738,42047.70493471471,0.39423055374217114,0.28901717005266303
2022-11-15,16869.14,22517.589579695617,0.749153897680554,42096.22873443343,0.40072805824056057,0.300206986740876
2022-11-16,16660.48,22425.958795603863,0.7429104883250716,42144.798933729195,0.39531520902965644,0.2936838149825498
2022-11-17,16677.36,22332.356634723958,0.7467801214525134,42193.41556779621,0.3952597763317569,0.2951721437743227
2022-11-18,16673.07,22239.139829833013,0.7497173958874827,42242.078671848605,0.3947028774204579,0.295915613408962
2022-11-19,16667.74,22148.5438020569,0.7525433793282651,42290.7882811204,0.39412223506462446,0.29659407864394133
2022-11-20,16261.22,22049.996884477132,0.7374703989843941,42339.54443086524,0.38406695722842216,0.2832380121839667
2022-11-21,15755.75,21957.51888139653,0.7175560264848062,42388.34715635631,0.3717000321310561,0.26671559810023543
2022-11-22,16206.32,21870.029918362165,0.7410287073449822,42437.19649288677,0.3818895058894022,0.28299108689783764
2022-11-23,16597.46,21787.217919903887,0.7617980442026633,42486.092475769336,0.3906563073425936,0.2976012108890223
2022-11-24,16579.3,21708.833540254574,0.7637121529011263,42535.035140337415,0.38977985901032647,0.2976796152822739
2022-11-25,16508.49,21643.458733685307,0.7627473133167308,42584.02452194259,0.38766861951935866,0.2956931979955968
2022-11-26,16452.39,21575.14267192833,0.7625622805918404,42633.06065595781,0.3859068466317311,0.29427800506349844
2022-11-27,16428.77,21513.824891854314,0.7636378041833163,42682.14357777495,0.38490967469953025,0.29393157879646387
2022-11-28,16193.89,21451.38798085699,0.7549110581772736,42731.27332280619,0.37897045280317276,0.28608898554356366
2022-11-29,16441.63,21389.535202502266,0.7686763571223637,42780.44992648301,0.38432578498483483,0.29542214435033565
2022-11-30,17179.78,21329.95385188545,0.8054297782027973,42829.67342425684,0.4011186316977642,0.32307289056133975
2022-12-01,16980.55,21264.972066664915,0.7985220928937311,42878.94385159913,0.3960113863524352,0.3162238410398945
2022-12-02,17099.27,21205.799118604507,0.8063487682950972,42928.261244001296,0.3983219796117276,0.3211864376447814
2022-12-03,16883.68,21143.56673288251,0.7985256325623846,42977.625636974066,0.3928481331801357,0.31369930404861973
2022-12-04,17102.35,21088.678409645014,0.8109730570967478,43027.037066048884,0.39747914721032135,0.3223448791453626
2022-12-05,16970.79,21027.789122723454,0.8070648750067928,43076.495566776124,0.3939686777373127,0.31795828165465573
2022-12-06,17089.95,20971.766186347435,0.8149027529748788,43126.00117472654,0.3962794957677494,0.3229292520486358
2022-12-07,16844.05,20913.34680074402,0.8054210624671871,43175.55392549091,0.3901293317294361,0.3142183808611361
2022-12-08,17228.23,20854.66365133247,0.8261092237226868,43225.15385467898,0.3985695472113421,0.32926197924626455
2022-12-09,17129.01,20799.49106948588,0.8235302461380557,43274.800997921935,0.39581949783714865,0.32596932848006865
2022-12-10,17131.03,20742.6744957065,0.8258833740820611,43324.49539086923,0.39541210683345696,0.32656428494451184
2022-12-11,17087.42,20686.161960835285,0.8260314326239582,43374.237069191084,0.39395321173585024,0.3254177358769739
2022-12-12,17209.62,20631.68830117713,0.8341353237203624,43424.026068578096,0.39631562427724754,0.3305808615519394
2022-12-13,17763.65,20582.586524546063,0.8630426491255462,43473.86242473987,0.40860528623955805,0.35264378868289026
2022-12-14,17815.79,20532.59828734208,0.8676831714465999,43523.74617340607,0.409334939345957,0.3551730383556016
2022-12-15,17358.0,20478.428848318326,0.847623620374833,43573.67735032643,0.39835976799580275,0.33765914876028086
2022-12-16,16627.33,20412.492086793503,0.814566390487792,43623.655991271095,0.381153977633765,0.3104752197812006
2022-12-17,16785.87,20347.371830089236,0.8249650195696248,43673.68213202994,0.384347487561379,0.3170732325976091
2022-12-18,16754.6,20288.943353716277,0.8257995356338308,43723.7558084115,0.3831921501303595,0.3164398996361801
2022-12-19,16453.07,20226.66247338177,0.8134347434556835,43773.877056246536,0.3758650388417479,0.30574168144419767
2022-12-20,16893.02,20169.73084062974,0.8375431548134911,43824.04591138411,0.3854737655705979,0.3228509137138347
2022-12-21,16821.03,20112.032045867785,0.8363665074537332,43874.26240969411,0.38339174441103213,0.3206560142596493
2022-12-22,16819.21,20054.27941295421,0.8386843353312164,43924.5265870658,0.3829115828183486,0.32114194632663073
2022-12-23,16776.77,19991.765837233626,0.8391839988818866,43974.83847940819,0.38150839389338403,0.3201557395944559
2022-12-24,16833.61,19930.58625287688,0.8446118837859149,44025.19812265186,0.3823630720094083,0.32294839454003577
2022-12-25,16831.17,19872.42864125135,0.8469608976258552,44075.60555274572,0.3818704199051325,0.32342931361961325
2022-12-26,16940.82,19815.493824027297,0.8549279745659627,44126.06080565913,0.3839187022519661,0.3282228385142663
2022-12-27,16693.38,19760.63984229655,0.844779325630375,44176.56391738198,0.37787864242270147,0.31922406471597137
2022-12-28,16539.02,19707.356764450367,0.8392307602526557,44227.11492392392,0.37395656552432033,0.31383585278644743
2022-12-29,16626.11,19660.981883062046,0.8456398616756475,44277.71386131437,0.3754961254791952,0.3175344916099682
2022-12-30,16606.43,19631.878115366253,0.8458910503830922,44328.36076560329,0.3746231467436938,0.31689036709684243
2022-12-31,16531.0,19603.299124304114,0.8432764248087666,44379.05567286005,0.3724955330698826,0.3141167013844063
2023-01-01,16615.18,19573.41167532492,0.8488647904415052,44429.79861917455,0.3739647830145553,0.3174455371661535
2023-01-02,16660.83,19553.91035099734,0.8520459438001987,44480.58964065649,0.3745640544470557,0.3191457832849706
2023-01-03,16670.38,19534.07895731452,0.8533998473348953,44531.42877343611,0.37435089012783296,0.3194709924847748
2023-01-04,16850.4,19522.411170272946,0.8631310883185549,44582.31605366309,0.3779615213287129,0.3262303392469887
2023-01-05,16824.98,19503.04001318312,0.862684996217365,44633.251517507655,0.3769606611205617,0.3251983065128872
2023-01-06,16950.6,19484.34606123002,0.8699599127798457,44684.23520115986,0.37934183999550725,0.33001219403623766
2023-01-07,16945.34,19464.974795782782,0.8705554555185616,44735.267140829965,0.37879152362396323,0.3297590273950293
2023-01-08,17134.34,19449.943021579264,0.8809455113050895,44786.34737274841,0.3825795360669645,0.3370317250153759
2023-01-09,17181.15,19429.873165660763,0.8842646502893788,44837.47593316547,0.3831872700776052,0.33883895737051534
2023-01-10,17444.75,19410.912988206514,0.8987083714505807,44888.65285835239,0.3886227117362483,0.3492584843731922
2023-01-11,17942.22,19393.478011853684,0.9251677285030233,44939.87818459914,0.3992494133228155,0.3693726728300339
2023-01-12,18863.74,19382.9617341733,0.9732124666346589,44991.15194821702,0.4192766618136694,0.4080452742460269
2023-01-13,19909.21,19379.09946632223,1.0273547558078753,45042.47418553645,0.44200968885481495,0.45410075595815336
2023-01-14,20970.85,19382.482617314738,1.0819486034913992,45093.84493290919,0.46504905561281185,0.5031591762752758
2023-01-15,20871.25,19386.158849044325,1.0766057454970708,45145.26422670651,0.4623131652345769,0.49772900991048213
2023-01-16,21186.93,19392.538561632744,1.0925299920206104,45196.732103319904,0.4687712808874455,0.5121466837674522
2023-01-17,21153.37,19401.58090629308,1.0902910490731563,45248.24859916076,0.46749588447921364,0.5097065783262249
2023-01-18,20710.89,19408.877427930493,1.0670833528061667,45299.813750660716,0.45719591947986593,0.4878661546478736
2023-01-19,21088.14,19417.563221738794,1.0860343164167439,45351.42759427278,0.4649939620128545,0.5049993996725438
2023-01-20,22686.85,19428.810345479236,1.1676911553814644,45403.090166467635,0.4996763417824659,0.583467644852751
2023-01-21,22785.59,19440.65362121127,1.17205884349172,45454.801503739196,0.5012801562476434,0.5875298401969618
2023-01-22,22706.71,19450.324707589592,1.1674206133504677,45506.56164259907,0.4989766130505466,0.582515583655008
2023-01-23,22915.32,19455.81620690512,1.177813346729039,45558.37061958061,0.5029881378187653,0.5924261419693271
2023-01-24,22612.34,19460.351022283405,1.1619697904784634,45610.228471236725,0.49577344288595415,0.5760737635549785
2023-01-25,23072.42,19466.888684851678,1.1852135373822728,45662.135234140624,0.5052856131604908,0.598871348962316
2023-01-26,23028.35,19476.76469778588,1.1823498592976207,45714.0909448858,0.503747302505996,0.5956055522395203
2023-01-27,23072.62,19490.965798896734,1.1837597088855392,45766.09564008607,0.5041421969103024,0.5967832202514557
2023-01-28,23034.71,19508.199207848826,1.180770698237095,45818.149356375536,0.5027420426965532,0.5936230727879525
2023-01-29,23736.52,19523.91007174662,1.2157667143913717,45870.25213040826,0.5174708857609398,0.6291238785747707
2023-01-30,22832.32,19534.034697715117,1.1688481336971661,45922.40399885937,0.4971934831758179,0.5811436748964481
2023-01-31,23134.74,19544.247652732454,1.183710952248682,45974.604998422816,0.5032069334971698,0.595651558428074
2023-02-01,23740.02,19555.330791206135,1.2139922486341006,46026.85516581438,0.5157862711774511,0.6261605351613119
2023-02-02,23548.98,19567.649867702487,1.2034649106671171,46079.15453776906,0.5110549496019492,0.6150366992686979
2023-02-03,23426.4,19572.170389327628,1.196923975931357,46131.503151042954,0.5078178337978213,0.6078193406781374
2023-02-04,23318.95,19571.78518878649,1.1914574871463652,46183.901042411366,0.5049151213663363,0.6015849017253371
2023-02-05,22938.03,19570.517532250287,1.1720706906294318,46236.348248671085,0.49610384186556683,0.5814687725592893
2023-02-06,22751.79,19568.858154294106,1.162652916210517,46288.844806638896,0.4915177748557006,0.5714645743052846
2023-02-07,23260.42,19571.217183641904,1.188501449947713,46341.39075315156,0.5019361659623501,0.596551861027449
2023-02-08,22973.38,19573.44138273898,1.1737016271578737,46393.986125065836,0.49518012826209595,0.5811937222774667
2023-02-09,21804.16,19569.96619710231,1.1141644180881878,46446.63095925999,0.4694454592223323,0.523039426898592
2023-02-10,21629.58,19571.70648083288,1.1051453291097766,46499.32529263153,0.46515900744537275,0.5140683043715935
2023-02-11,21857.51,19574.33942360442,1.1166410026405456,46552.06916209913,0.46952821632675196,0.5242944582471313
2023-02-12,21784.08,19569.080691059975,1.1131887258225643,46604.862604600676,0.46742075359856444,0.5203275131214088
2023-02-13,21786.33,19560.12253499735,1.1138135745836704,46657.7056570964,0.46693959107452193,0.5200836550493506
2023-02-14,22193.69,19553.217799372735,1.135040289926703,46710.598356565,0.47513178552294777,0.5392937195933587
2023-02-15,24340.76,19556.060272622886,1.2446658304727847,46763.54074000638,0.5205072074274391,0.6478575355997435
2023-02-16,23468.21,19556.779856747704,1.2000037926439473,46816.532844440815,0.5012803933597297,0.6015383732097255
2023-02-17,24562.04,19562.147839850943,1.2555901428146632,46869.574706908264,0.5240508400939196,0.6579930691556687
2023-02-18,24626.23,19568.809003602906,1.2584429637729075,46922.666364470635,0.5248258871036094,0.6604634448314116
2023-02-19,24316.05,19575.020957891255,1.2421979037625244,46975.80785420836,0.5176292034288374,0.6429979114255672
2023-02-20,24835.63,19584.235577503914,1.2681439569961197,47028.99921322421,0.528091824522951,0.6696964560078356
2023-02-21,24447.91,19589.00779349472,1.2480422825763982,47082.24047863988,0.5192596985925394,0.6480580594813654
2023-02-22,24187.63,19594.10951423302,1.234433745633109,47135.53168759826,0.5131506770796427,0.6334505123815892
2023-02-23,23938.48,19597.232843476093,1.2215234768703125,47188.87287726233,0.507290777261489,0.6196675940246973
2023-02-24,23181.45,19594.55027738918,1.1830559860692424,47242.26408481551,0.4906930361843289,0.5805173337803617
2023-02-25,23157.01,19594.62688501926,1.1818040800615752,47295.7053474617,0.489621834157566,0.5786370812946434
2023-02-26,23551.19,19592.847923365032,1.2020299495059383,47349.19670242604,0.4973936548071005,0.5978820697723531
2023-02-27,23479.61,19590.879125492134,1.198497007183703,47402.73818695296,0.4953218083604816,0.5936417049128568
2023-02-28,23146.93,19585.72241822194,1.181826715692898,47456.32983830781,0.48775221511789313,0.5764385984647156
2023-03-01,23634.46,19582.412224690364,1.2069228105718577,47509.97169377675,0.49746314631241584,0.6003996187033002
2023-03-02,23469.09,19578.999064705527,1.1986869156302797,47563.66379066609,0.4934247728116685,0.5914618190171904
2023-03-03,22343.55,19571.62373800767,1.1416298565258696,47617.406166303015,0.4692307246212764,0.5356878048269176
2023-03-04,22345.17,19565.198581020326,1.1420875646862305,47671.19885803404,0.4687352224252728,0.5353366686623384
2023-03-05,22429.5,19561.231378987024,1.14663026909922,47725.041903228135,0.4699733956332653,0.5388857211044452
2023-03-06,22419.33,19557.985519430233,1.1463005726089281,47778.93533927283,0.4692304221683231,0.5378791016170779
2023-03-07,22198.95,19564.11684517167,1.134676825725389,47832.87920357775,0.4640939531471814,0.5265966535953912
2023-03-08,21712.64,19566.67855426992,1.1096742832350448,47886.87353357225,0.45341527641761425,0.5031432718665358
2023-03-09,20364.09,19561.30585916764,1.041039394129003,47940.91836670623,0.42477471633381036,0.4422072133334691
2023-03-10,20227.02,19555.775674329092,1.0343246075660426,47995.0137404505,0.42144002936189473,0.43590579298236326
2023-03-11,20607.79,19551.49856100365,1.0540261113847904,48049.159692296016,0.4288897065416143,0.4520609495990216
2023-03-12,22284.36,19555.64659143373,1.1395358315465556,48103.35625975431,0.4632599829347919,0.5279013498758413
2023-03-13,24239.87,19567.294736657463,1.2387951592812119,48157.60348035822,0.5033446070439652,0.6235408626563679
2023-03-14,24786.83,19587.179032464093,1.2654619615677136,48211.90139165998,0.5141226395250156,0.6506026438996968
2023-03-15,24350.57,19606.37426067116,1.241972109491214,48266.250031233554,0.5045051145312203,0.6265812813434462
2023-03-16,25040.11,19630.487837945406,1.2755724771952883,48320.649436672305,0.5182072321444452,0.6610108828070038
2023-03-17,27442.51,19660.143652790102,1.395844836367991,48375.09964559175,0.5672858598959132,0.791843038280286
2023-03-18,26991.27,19690.446565931292,1.3707799825475113,48429.60069562678,0.5573300133039777,0.7639768259100308
2023-03-19,28050.01,19723.651312245867,1.4221509778255168,48484.15262443329,0.5785397595226686,0.8227708847161025
2023-03-20,27818.07,19755.663482686534,1.4081060868636073,48538.755469687356,0.5731104914169564,0.8070003714096095
2023-03-21,28195.56,19789.879491972435,1.4247464221011172,48593.40926908645,0.5802342421349124,0.8266866604622697
2023-03-22,27324.09,19821.574895887974,1.3785024723574533,48648.114060349035,0.5616680220348085,0.774260757019104
2023-03-23,28361.31,19856.190431433828,1.428335918611152,48702.869881212195,0.5823334450141052,0.8317677761222187
2023-03-24,27488.93,19888.752522676466,1.3821344485360796,48757.67676943562,0.5637867064501275,0.7792290286114196
2023-03-25,27485.45,19926.679104443185,1.3793291825465983,48812.534762799216,0.5630818012947585,0.7766751606867653
2023-03-26,27987.14,19963.81252900916,1.401893549107028,48867.44389910312,0.5727154474824835,0.8028860912996384
2023-03-27,27139.64,19997.765280335312,1.3571336406617198,48922.40421616848,0.5547486971425365,0.7528681190053964
2023-03-28,27273.12,20022.23650214243,1.3621415368398884,48977.4157518367,0.5568509399963029,0.7585097951973004
2023-03-29,28366.67,20049.257670033,1.4148488920065492,49032.478543971,0.578528168315243,0.8185299379354
2023-03-30,28036.88,20074.413383110543,1.3966475365894686,49087.59263045368,0.5711602158017843,0.7977095083974713
2023-03-31,28492.72,20098.519682534286,1.4176526654726873,49142.758049188844,0.5797948900523768,0.8219477713101957
2023-04-01,28471.82,20133.220709352554,1.4141711557740928,49197.97483810129,0.5787193496011557,0.8184082114942975
2023-04-02,28179.21,20166.677570319953,1.3973154428507544,49253.24303513606,0.5721290267099293,0.799444724324956
2023-04-03,27807.81,20201.51207323695,1.3765212177775499,49308.56267825927,0.5639549905651741,0.7762960103845
2023-04-04,28172.02,20237.244473462153,1.39208774381033,49363.9338054573,0.5707004654658522,0.7944651233618634
2023-04-05,28187.68,20271.404480031324,1.390514408005954,49419.35645473803,0.5703773181631048,0.7931178789055933
2023-04-06,28053.47,20308.692390571083,1.3813528444118177,49474.83066412959,0.5670250837329176,0.7832617122673149
2023-04-07,27927.15,20344.921407120662,1.3726840935460964,49530.356471680425,0.563839067380177,0.7739729191126347
2023-04-08,27959.5,20384.9614158201,1.3715748305661029,49585.93391546127,0.5638595019238312,0.7733755008142659
2023-04-09,28337.04,20428.531711428244,1.3871305290212088,49641.56303356154,0.5708329526377316,0.7918198155751153
2023-04-10,29678.68,20471.992054822644,1.4497211566183914,49697.243864093405,0.5971896566570576,0.8657584797694096
2023-04-11,30243.93,20517.99929401352,1.474019448320392,49752.97644518809,0.6078818225743572,0.8960296287550483
2023-04-12,29913.06,20564.91645109374,1.4545675432787417,49808.760814998765,0.6005582052342963,0.8735524731835407
2023-04-13,30412.73,20614.497515879913,1.475307849564232,49864.597011699334,0.6099062626108159,0.8997994967281207
2023-04-14,30493.72,20662.10170671508,1.475828569273265,49920.48507348399,0.6108458272212822,0.9015037232345289
2023-04-15,30319.72,20710.044366954015,1.4640103836947673,49976.425038568115,0.6066804493639046,0.8881864774533639
2023-04-16,30328.02,20756.321461495285,1.4611461889459083,50032.41694518818,0.6061673980936227,0.8856991835877541
2023-04-17,29449.98,20798.56432421593,1.4159621568547958,50088.46083160023,0.5879593724992314,0.8325282212270039
2023-04-18,30382.37,20845.181911148647,1.4575248193804713,50144.55673608223,0.6058956739792642,0.883107982780036
2023-04-19,28814.51,20886.94743319827,1.3795462497407087,50200.70469693377,0.5739861656117344,0.7918404621727176
2023-04-20,28235.24,20927.960982002656,1.349163448091353,50256.904752472685,0.5618181250728698,0.757984478823532
2023-04-21,27259.0,20962.287170523236,1.3003829104264482,50313.156941040506,0.5417867145952195,0.704530184755715
2023-04-22,27812.19,20995.08421295791,1.3247000925499814,50369.46130099826,0.5521637373447311,0.731451353963309
2023-04-23,27582.31,21028.057108350855,1.3116908451350107,50425.81787072735,0.5469878559175891,0.71747896300713
2023-04-24,27518.81,21061.837375703002,1.3065721432141424,50482.2266886312,0.5451187834826103,0.7122370172411602
2023-04-25,28321.6,21101.045579851165,1.3421894139238082,50538.687793133606,0.5603944470407854,0.7521554944398284
2023-04-26,28406.04,21141.263184344232,1.343630215106331,50595.201222679156,0.5614374350440783,0.7543643016170217
2023-04-27,29502.8,21185.421082617846,1.3925991786968244,50651.76701573323,0.5824633914713374,0.8111380405839513
2023-04-28,29344.36,21230.930369924357,1.3821513936840513,50708.38521078286,0.5786885123243894,0.7998351338181051
2023-04-29,29249.66,21276.388506816962,1.3747474102866846,50765.05584633501,0.5761770476238269,0.7920979040874838
2023-04-30,29271.16,21321.533537980446,1.3728449667027345,50821.778960918346,0.5759570128883004,0.7906996861808452
2023-05-01,28056.44,21360.998441454205,1.3134423504077548,50878.55459308189,0.5514394075144367,0.7242838715132214
2023-05-02,28682.78,21403.980504583105,1.3400675633141381,50935.382781395936,0.563120927609409,0.7546200893127379
2023-05-03,29047.44,21449.03858515824,1.3542537062756512,50992.2635644516,0.5696440591088004,0.7714425783059992
2023-05-04,28861.56,21492.400849700487,1.3428727763749209,51049.19698086164,0.5653675612335334,0.759216706625993
2023-05-05,29514.95,21536.62451659936,1.370453850706797,51106.18306925803,0.5775220966903741,0.7914673812775863
2023-05-06,28907.66,21579.97841681161,1.3395592637608873,51163.22186829565,0.565008592977473,0.7568624948274785
2023-05-07,28425.0,21622.794580608163,1.314584934617666,51220.31341664982,0.5549556046012027,0.7295362771903794
2023-05-08,27682.7,21663.257302684127,1.2778641555704575,51277.45775301505,0.5398610074106549,0.6898690303602331
2023-05-09,27647.15,21702.94192133738,1.2738895077085626,51334.65491611004,0.538566978684874,0.6860748233449621
2023-05-10,27620.2,21742.377676543878,1.270339445432283,51391.904944671456,0.5374426192167019,0.6827345588474187
2023-05-11,27007.95,21777.461805730945,1.2401789630457578,51449.207877459325,0.5249439420783112,0.6510244337438323
2023-05-12,26811.54,21813.102245096663,1.2291484126714223,51506.56375325332,0.5205460827952534,0.6398283913901125
2023-05-13,26790.49,21844.387612830476,1.2264244013077479,51563.972610853976,0.5195583009514035,0.6371989781887958
2023-05-14,26931.38,21872.829715274653,1.2312709581052865,51621.43448908399,0.5217092524946199,0.6423654511714434
2023-05-15,27178.3,21904.83448668793,1.2407443670262321,51678.94942678654,0.525906588687594,0.6525156374961139
2023-05-16,27041.08,21934.684474548852,1.2328000446678946,51736.517462824835,0.522669118953171,0.6443465131919983
2023-05-17,27417.13,21964.834288096667,1.2482284018349312,51794.138636085125,0.5293481216598206,0.6607473599137605
2023-05-18,26829.49,21993.683755532697,1.219872500587848,51851.81298547288,0.5174262664165034,0.6311940734833339
2023-05-19,26877.99,22023.6387547086,1.2204154953392319,51909.54054991617,0.5177851646395165,0.6319130381828413
2023-05-20,27116.58,22054.572998577085,1.2295218774695618,51967.32136836272,0.5218006101909335,0.6415652659067195
2023-05-21,26749.85,22085.846043690537,1.2111761508743228,52025.15547978244,0.514171457121263,0.6227522063255733
2023-05-22,26854.54,22117.284294628138,1.214187946506726,52083.042923165354,0.5156100429772645,0.6260474992808096
2023-05-23,27223.75,22145.177781917093,1.2293308397925744,52140.98373752368,0.522118073894494,0.6418558502515997
2023-05-24,26321.63,22168.604525550723,1.1873381551672615,52198.97796188972,0.5042556584003871,0.5987219831777685
2023-05-25,26488.5,22194.820119083284,1.1934541419069657,52257.0256353176,0.5068887805604058,0.6049485146459873
2023-05-26,26728.06,22223.853713490185,1.2026744031245895,52315.12679688238,0.5109050027494688,0.6144523692350842
2023-05-27,26883.76,22265.053483527307,1.2074419681897381,52373.28148567967,0.5133105896248028,0.6197927486292069
2023-05-28,28099.42,22328.883006526645,1.2584337511100152,52431.4897408273,0.5359264087077725,0.6744278808290413
2023-05-29,27755.32,22379.96903596379,1.2401858088095752,52489.75160146283,0.5287759829906776,0.6557804701443717
2023-05-30,27696.65,22434.672715216628,1.2345466480201588,52548.067106746465,0.5270726693664461,0.6506957972293835
2023-05-31,27222.9,22489.031057479922,1.2104967942113976,52606.43629585856,0.5174823066686827,0.6264106732835597
2023-06-01,26837.1,22545.233314735993,1.1903669225928462,52664.85920800131,0.5095826781574813,0.6065903644049417
2023-06-02,27250.49,22601.33761534251,1.2057025324687642,52723.33588239704,0.5168582287885588,0.6231772753776853
2023-06-03,27073.69,22654.861700240286,1.1950498907575695,52781.86635829036,0.5129354429458817,0.6129834450581614
2023-06-04,27107.67,22710.06821435782,1.1936410645768962,52840.45067494646,0.5130098183067298,0.612349585662045
2023-06-05,25751.24,22759.451579843222,1.1314525707994845,52899.0888716524,0.48679931071175014,0.5507903315682268
2023-06-06,27245.8,22815.40660088486,1.1941842841820454,52957.780987714956,0.5144815264506726,0.6143857533893825
2023-06-07,26347.69,22867.702944741824,1.152179126327962,53016.52706246364,0.49697125518911045,0.5725999066138999
2023-06-08,26504.81,22923.630516239562,1.1562221778624229,53075.327135248575,0.49938100112806527,0.5773953887074087
2023-06-09,26483.2,22983.229659812656,1.152283660390307,53134.1812454409,0.4984211552572357,0.5743225531957731
2023-06-10,25831.06,23036.863333459085,1.121292409738898,53193.08943243367,0.4856093202259072,0.5445100448677757
2023-06-11,25946.74,23088.384787975756,1.1238005706450653,53252.051735640096,0.48724394937509197,0.5475650283510837
2023-06-12,25906.91,23139.970387044643,1.1195740343083793,53311.06819449531,0.4859574358083308,0.5440653269100881
2023-06-13,25933.04,23192.284465587814,1.1181753155226626,53370.13884845638,0.48590917242386117,0.5433316421904069
2023-06-14,25103.81,23241.335631833736,1.0801362881062322,53429.263737000096,0.4698513182508158,0.5075034588572561
2023-06-15,25542.36,23292.674744722877,1.0965833799652744,53488.44289962608,0.4775304461177081,0.5236519506400817
2023-06-16,26341.33,23349.40374849717,1.1281371586071185,53547.6763758537,0.49192293266114756,0.5549565395060279
2023-06-17,26511.06,23405.245777124717,1.1326973556462616,53606.964205224256,0.49454507251161167,0.5601698958817912
2023-06-18,26326.27,23455.249912339663,1.1224041567832501,53666.30642730104,0.49055490777370403,0.5506008676156293
2023-06-19,26822.19,23508.92535743369,1.140936456779324,53725.7030816675,0.49924316410020836,0.5696047267197903
2023-06-20,28315.01,23568.284542143803,1.2014030953066739,53785.15420792955,0.5264465709354704,0.6324745398354586
2023-06-21,29998.22,23636.116106542315,1.2691687528010027,53844.65984571281,0.5571252578427887,0.7070859686502692
2023-06-22,29885.29,23702.17078552283,1.2608672121396487,53904.22003466582,0.5544146632820355,0.6990432708617621
2023-06-23,30692.18,23772.494275144218,1.2910794990532732,53963.83481445819,0.5687546132614141,0.7343074211737847
2023-06-24,30556.69,23841.664871921985,1.2816508479651607,54023.50422477977,0.5656184366134491,0.7249253489103555
2023-06-25,30488.37,23912.50189692092,1.2749970760661316,54083.228305342396,0.5637305862710182,0.7187548491845944
2023-06-26,30279.98,23980.0228229185,1.2627168966269882,54143.00709587993,0.5592592954133163,0.7061861619140988
2023-06-27,30702.1,24050.093614552618,1.2765896254733196,54202.84063614646,0.5664297228644797,0.7230983077685224
2023-06-28,30102.6,24117.976844290446,1.2481395182666957,54262.728965917646,0.5547564704846932,0.6924134738260974
2023-06-29,30441.4,24187.713426826413,1.2585480678896117,54322.672124991615,0.5603811228202666,0.7052665794072578
2023-06-30,30475.82,24256.924423520835,1.256376095662358,54382.670153186766,0.5603958009813563,0.7040678884625362
2023-07-01,30585.0,24322.9146847804,1.2574562052441018,54442.723090342624,0.5617830678536605,0.7064176046736537
2023-07-02,30616.01,24388.85063821474,1.2553281191540844,54502.83097632165,0.5617324724526859,0.7051585681118037
2023-07-03,31163.19,24460.314974203247,1.2740306096984382,54562.993851005696,0.5711414972040726,0.7276517499069834
2023-07-04,30766.91,24535.69429932902,1.2539653300473907,54623.21175429955,0.5632570662155956,0.7063048329385643
2023-07-05,30492.71,24609.03663452398,1.2390858875483903,54683.48472612871,0.5576219246581785,0.6909414574315208
2023-07-06,29910.89,24680.45086372826,1.211926401391584,54743.81280644076,0.5463793708661977,0.6621715847284687
2023-07-07,30337.33,24756.072232791317,1.2254500517984384,54804.196035204004,0.5535585264404304,0.6783583248998926
2023-07-08,30301.5,24828.502439329524,1.2204320447455175,54864.634452407954,0.5522956691944222,0.6740393328590426
2023-07-09,30171.1,24901.13932045327,1.2116353236583877,54925.128098064175,0.5493132386715976,0.6655673237276983
2023-07-10,30427.52,24975.05900633872,1.2183162407054748,54985.677012205895,0.5533717443043504,0.6741817832335075
2023-07-11,30636.22,25050.3707053044,1.2229846959315775,55046.28123488664,0.5565538545514626,0.6806568465781678
2023-07-12,30379.01,25124.42544275601,1.2091424764803531,55106.940806183404,0.5512737516467481,0.6665685092847641
2023-07-13,31471.53,25203.169292460196,1.2487131929639916,55167.65576619211,0.5704706782064575,0.7123542620755193
2023-07-14,30312.82,25276.597694178672,1.199244469795917,55228.426155033085,0.5488626439382526,0.6582204904205149
2023-07-15,30300.67,25352.054276273553,1.1951958476342388,55289.2520128447,0.548039065403898,0.6550140153120879
2023-07-16,30236.12,25428.646088234244,1.1890574077394611,55350.133379790175,0.5462700476714664,0.6495464468099457
2023-07-17,30150.4,25504.43749613135,1.1821629081046534,55411.070296051694,0.5441223177771457,0.643241221548075
2023-07-18,29860.85,25579.372064004296,1.1673801032051396,55472.0628018345,0.5383043011519751,0.6284057306345633
2023-07-19,29918.57,25655.358487168232,1.1661723618075364,55533.110937365076,0.5387519174595619,0.6282775960121562
2023-07-20,29807.9,25730.440372854937,1.158468318771827,55594.21474289024,0.5361690984908107,0.6211349141060556
2023-07-21,29907.14,25805.816835637484,1.1589301819231175,55655.374258680335,0.5373630201639603,0.6227662227173744
2023-07-22,29806.09,25880.901981441268,1.1516634938524715,55716.589525025614,0.5349589817699147,0.6160927300129005
2023-07-23,30082.77,25956.010788714913,1.1589905030043872,55777.860582238485,0.5393317292198071,0.6250803521346902
2023-07-24,29171.26,26027.52960634988,1.1207848167381644,55839.18747065309,0.5224155529722075,0.5855154197991225
2023-07-25,29221.74,26098.500419217293,1.119671227488724,55900.57023062439,0.5227449358645586,0.5853024640029846
2023-07-26,29351.49,26170.28507509679,1.1215579010994572,55962.00890253046,0.5244895702568819,0.5882454215658648
2023-07-27,29213.16,26240.192048313085,1.113298254304432,56023.50352676928,0.5214447180376947,0.5805234943076323
2023-07-28,29311.22,26310.367698962935,1.1140558860815675,56085.05414376104,0.5226208737334457,0.5822288605718369
2023-07-29,29357.88,26378.93254307862,1.1129290372935505,56146.66079394767,0.5228784683694785,0.5819266304239699
2023-07-30,29277.85,26443.597146790125,1.1071810630557088,56208.32351779243,0.5208810398113415,0.5767096233838841
2023-07-31,29223.31,26501.53565987964,1.1027025141128264,56270.04235578078,0.5193404656642809,0.5726780371685286
2023-08-01,29728.88,26554.716115134095,1.1195329624727897,56331.81734841858,0.5277457997870645,0.590828818668184
2023-08-02,29155.83,26598.503929167102,1.0961454853868158,56393.648536235334,0.5170055628031609,0.5667133135865546
2023-08-03,29168.14,26643.054378849847,1.0947746300121899,56455.53595977952,0.5166568610876388,0.5656228239404791
2023-08-04,29073.7,26685.24365361255,1.0895047606606398,56517.47965962373,0.51441961274806,0.5604626170662141
2023-08-05,29045.71,26727.582865998764,1.0867316414515813,56579.479676360526,0.513361207387271,0.5578858675615347
2023-08-06,29040.44,26772.79464562859,1.0846996133346007,56641.536050605166,0.5127057284261225,0.5561317053782499
2023-08-07,29179.01,26816.300784843377,1.0881072014411484,56703.6488229938,0.5145878723093331,0.5599267696340635
2023-08-08,29774.42,26852.77752835865,1.1088022447047001,56765.81803418439,0.5245131847139036,0.5815813965879874
2023-08-09,29561.54,26887.755338354054,1.0994424647204344,56828.04372485719,0.5201928143634033,0.5719220699535594
2023-08-10,29418.09,26922.590714210386,1.0926916474079305,56890.325935713794,0.5171018009853294,0.5650328187962674
2023-08-11,29400.05,26956.155915328363,1.0906618173729266,56952.66470747672,0.5162190417429297,0.5630203982298543
2023-08-12,29416.98,26991.636872311152,1.089855355537064,57015.06008089122,0.5159510479909009,0.562312012847844
2023-08-13,29267.56,27023.75465943062,1.0830308507772939,57077.512096724415,0.5127686706176463,0.5553442895909715
2023-08-14,29397.35,27056.76790328657,1.0865063449218972,57140.02079576387,0.5144791617258109,0.5589848735451924
2023-08-15,29165.96,27088.491017038934,1.076691942037462,57202.586218819924,0.5098713524670019,0.5489743766769636
2023-08-16,28694.33,27118.263712724794,1.0581182594863425,57265.20840672433,0.5010778935125746,0.5301996685506083
2023-08-17,26600.98,27133.71647564205,0.9803662547988851,57327.88740032974,0.4640146568500097,0.4549043113078338
2023-08-18,26043.99,27151.577687850815,0.9592072438447504,57390.623240513036,0.4538021810785128,0.4352903393630566
2023-08-19,26081.24,27167.85734399338,0.9600035685466517,57453.415968170164,0.45395455710499966,0.4357979947788144
2023-08-20,26187.2,27181.18760329277,0.9634310458468579,57516.26562421989,0.455300769543923,0.43865089657658096
2023-08-21,26128.18,27195.316238813135,0.9607602930798018,57579.17224960239,0.4537783191244197,0.4359721908752373
2023-08-22,26038.42,27209.69406110724,0.9569537952732285,57642.13588528068,0.45172545395995795,0.43228038758850384
2023-08-23,26429.54,27226.734838791883,0.9707201453456673,57705.15657223826,0.4580100214599393,0.44459955460136447
2023-08-24,26168.12,27244.67576583976,0.9604856458894042,57768.23435148101,0.4529845908182777,0.4350851972900409
2023-08-25,26054.38,27263.14602243855,0.9556630030355379,57831.369264037196,0.4505233116830606,0.43054846098054933
2023-08-26,26004.15,27278.34986449302,0.9532889683275313,57894.561350955104,0.44916395241970347,0.42818304081209546
2023-08-27,26089.28,27295.702822873864,0.9558017307448526,57957.81065330683,0.4501426072848294,0.43024708312484045
2023-08-28,26102.51,27320.27054715374,0.9554264828727836,58021.11721218498,0.449879479303067,0.42982676862716857
2023-08-29,27713.68,27354.150139692334,1.0131435214938727,58084.48106870458,0.47712709987404694,0.4833982301665506
2023-08-30,27297.11,27384.562454321815,0.9968065053269451,58147.90226400259,0.46944273029946815,0.46794356744095245
2023-08-31,25922.51,27408.388109242896,0.9457874682991001,58211.38083923742,0.44531687148240456,0.42117511647021916
2023-09-01,25802.02,27431.58131214817,0.9405954292752889,58274.91683558899,0.44276373783244055,0.4164615480540359
2023-09-02,25871.43,27452.619970021755,0.942402948361635,58338.510294260115,0.4434708714621647,0.41792825677844764
2023-09-03,25972.64,27461.52860507303,0.9457827484228979,58402.1612564746,0.4447205281657382,0.42060900340867463
2023-09-04,25814.79,27474.617257508107,0.9395868833421321,58465.86976347825,0.44153606376562743,0.4148614940366988
2023-09-05,25778.03,27481.255984261254,0.9380222656039918,58529.6358565393,0.4404269670015368,0.41313030141987606
2023-09-06,25748.1,27487.377937593617,0.9367244870884951,58593.4595769475,0.43943641809008505,0.4116308533434404
2023-09-07,26267.36,27497.988804267326,0.9552465886495544,58657.34096601409,0.4478102751916293,0.42776923773902203
2023-09-08,25906.35,27503.79270178532,0.9419191847791366,58721.280065072795,0.4411748172262512,0.4155510241868351
2023-09-09,25898.48,27511.72037500143,0.9413617050111012,58785.27691547886,0.4405606532607933,0.4147269277143849
2023-09-10,25835.33,27520.78719923789,0.9387569408158295,58849.331558610014,0.4390080450492413,0.4121218493639636
2023-09-11,25161.68,27527.645545295043,0.9140512928575024,58913.44403586501,0.42709572342574653,0.3903873981712139
2023-09-12,25852.36,27542.659018258437,0.938629780910481,58977.61438866561,0.43834190765383585,0.41144076874500224
2023-09-13,26216.13,27559.75141730432,0.95124696892365,59041.84265845508,0.44402628406526745,0.42237865683951725
2023-09-14,26531.31,27576.174919918252,0.9621098675594945,59106.12888669731,0.44887578496062286,0.431867822019129
2023-09-15,26620.02,27593.48870169539,0.9647210719811744,59170.4731148806,0.44988688781170844,0.4340153606799857
2023-09-16,26569.87,27612.523141557507,0.9622398454421468,59234.87538451288,0.4485511251188816,0.43161376530729373
2023-09-17,26533.6,27628.50244160716,0.9603705469045513,59299.335737126064,0.4474518925072523,0.4297196187206664
2023-09-18,26767.54,27646.67494639448,0.9682010604132657,59363.854214272666,0.4509063697815693,0.4365680253696115
2023-09-19,27199.35,27673.872653467486,0.9828530448409059,59428.43085752723,0.45768245278438,0.44983459228938205
2023-09-20,27119.41,27700.679405208826,0.979016059616952,59493.06570848785,0.45584152837043806,0.4462761769149953
2023-09-21,26567.29,27724.138471087226,0.95827287934326,59557.75880877174,0.4460760534207197,0.42746258411755095
2023-09-22,26582.63,27747.76040976178,0.9580099297184402,59622.510200020646,0.44584889013932855,0.42712766390742274
2023-09-23,26580.31,27772.76209408431,0.9570639718856662,59687.31992389741,0.44532590898519914,0.4262053832369694
2023-09-24,26229.29,27799.017277413088,0.9435329939275047,59752.18802208694,0.43896785821976164,0.4141806575040361
2023-09-25,26296.86,27834.577777624992,0.9447551247261564,59817.11453629674,0.43962100485544464,0.4153341972744438
2023-09-26,26200.13,27870.611375843233,0.9400629805598338,59882.09950825494,0.43752858058004845,0.4113044215401938
2023-09-27,26351.82,27904.894927524434,0.9443439965798783,59947.14297971324,0.43958425189533623,0.4151187492684178
2023-09-28,27035.82,27931.87491288797,0.9679199869080566,60012.244992443964,0.4505050594825111,0.4360528512763254
2023-09-29,26900.3,27946.422637453674,0.9625668497530104,60077.40558824254,0.447760680352424,0.4309995875300974
2023-09-30,26959.4,27958.165335450656,0.9642764350426016,60142.62480892652,0.44825778864241755,0.4322444224121904
2023-10-01,27994.89,27977.668304968327,1.0006155514764115,60207.90269633508,0.4649703568183597,0.4652565700079868
2023-10-02,27517.12,27990.86700302103,0.9830749435889249,60273.239292329024,0.45653959075503187,0.4488126324276138
2023-10-03,27421.92,27990.761956655453,0.9796775108324552,60338.63463879279,0.4544670286982257,0.44523112743049975
2023-10-04,27782.29,27994.804854553964,0.9924087752831972,60404.08877763097,0.459940553068792,0.45644904097407624
2023-10-05,27419.39,27991.622227571643,0.9795570180634977,60469.60175077179,0.4534408894077103,0.444171205496277
2023-10-06,27949.12,27992.280025095122,0.9984581454223653,60535.17360016464,0.46170050134165275,0.4609886263101629
2023-10-07,27974.08,27991.176290037947,0.9993892257381113,60600.80436778156,0.46161235468472483,0.46133041373951356
2023-10-08,27937.62,27994.28424407606,0.9979758638019812,60666.49409561626,0.4605115297410727,0.45957939168411877
2023-10-09,27587.43,27990.412110395282,0.9856028518334813,60732.24282568561,0.4542468500493513,0.44770699084501636
2023-10-10,27391.73,27989.91637167623,0.9786285045038022,60798.05060002666,0.4505363203205727,0.4409076853799681
2023-10-11,26851.85,27986.652650285752,0.9594520050516235,60863.91746070116,0.4411784702707939,0.4232895678869213
2023-10-12,26745.5,27980.303355292846,0.9558688360303547,60929.843449790525,0.4389556658230992,0.41958404135925514
2023-10-13,26859.1,27978.849717481637,0.9599787078886949,60995.828609400356,0.4403432269442212,0.4227201220294518
2023-10-14,26857.29,27976.700421538248,0.9599877610771979,61061.87298165648,0.4398373107236354,0.42223843515979853
2023-10-15,27155.34,27970.59641030832,0.97085309164134,61127.97660870942,0.4442375080370475,0.4312893581008122
2023-10-16,28534.29,27973.055936002565,1.0200633804644526,61194.13953272938,0.46629122033391085,0.475646598494704
2023-10-17,28408.19,27972.640380856952,1.0155705579885521,61260.36179590981,0.4637287336735373,0.47094924881215894
2023-10-18,28309.35,27971.839998922915,1.012066063622918,61326.64344046689,0.46161583957356844,0.4671857256632098
2023-10-19,28734.51,27974.56939589381,1.027165408459075,61392.98450863849,0.46804224016763385,0.4807567987978881
2023-10-20,29686.66,27983.715899276045,1.060854823814446,61459.38504268424,0.48302891380026464,0.512423553246863
2023-10-21,29929.08,27992.182435223796,1.0691942319702419,61525.845084886496,0.48644728014230765,0.5201066260857677
2023-10-22,29988.13,28000.849685296056,1.0709721432399073,61592.36467755037,0.48688064108261603,0.5214356036822694
2023-10-23,33106.86,28024.04793849603,1.181373228901804,61658.94386300171,0.5369352428993791,0.6343209216152139
2023-10-24,33919.92,28051.30099310794,1.2092102255198056,61725.58268359013,0.5495277407728332,0.6644945633493069
2023-10-25,34489.91,28080.757661029296,1.2282400074932942,61792.28118168701,0.5581588726040035,0.68555305786959
2023-10-26,34140.0,28106.927064107083,1.214647190784411,61859.03939968547,0.5518999378476218,0.6703637091007049
2023-10-27,33905.16,28125.643831752688,1.2054892041874783,61925.85738000143,0.5475121610661698,0.6600199993266235
2023-10-28,34071.32,28142.40614967231,1.2106754418508285,61992.73516507358,0.5496018188143379,0.6653894248350676
2023-10-29,34557.72,28162.72326286064,1.2270730950785824,62059.67279736139,0.5568466355412255,0.683291524557667
2023-10-30,34485.49,28180.425911419086,1.2237391339790225,62126.67031934762,0.5550835063707004,0.67927740937212
2023-10-31,34667.88,28198.508446092124,1.2294224734005188,62193.72777353784,0.5574176245912449,0.6853017547420102
2023-11-01,35469.43,28220.635027756867,1.2568615116248611,62260.84520245838,0.5696907885632025,0.7160224256723059
2023-11-02,34935.25,28240.597504120742,1.237057749748475,62328.02264865995,0.5605063102503398,0.6933786748781059
2023-11-03,34735.91,28263.9170277073,1.2289842899675996,62395.26015471401,0.556707511337713,0.6841847855410086
2023-11-04,35095.0,28284.302117558058,1.2407942700560415,62462.55776321384,0.5618565946825276,0.6971484432752799
2023-11-05,35015.86,28311.88172185311,1.236790275687408,62529.91551677707,0.5599857238029544,0.6925848977232687
2023-11-06,35063.96,28342.56052128679,1.2371486328366514,62597.33345804268,0.5601510170317787,0.6929900649029249
2023-11-07,35420.95,28379.702212661785,1.248108586008937,62664.81162967091,0.5652446577088037,0.7054867104820406
2023-11-08,35581.68,28414.68136998764,1.252228717144171,62732.35007434643,0.5671982630625321,0.7102619533211966
2023-11-09,36669.3,28455.16775765011,1.2886692607932893,62799.9488347747,0.5839065266832643,0.7524623921132991
2023-11-10,37305.81,28498.492299932786,1.3090450402559712,62867.607953684565,0.5934027270050374,0.7767908966603123
2023-11-11,37156.47,28537.207150095823,1.302035963245101,62935.32747382567,0.5903913031270568,0.7687107090585679
2023-11-12,37093.34,28575.30627963587,1.2980907234031813,63003.1074379721,0.5887541346515198,0.7642562805564054
2023-11-13,36470.45,28605.614619301774,1.2749402690823985,63070.94788891929,0.5782448372938971,0.7372276284549889
2023-11-14,35552.8,28633.077534369644,1.2416688341420612,63138.84886948502,0.5630891382497577,0.6991702338086345
2023-11-15,37876.32,28670.10371690805,1.3211085796547932,63206.81042250998,0.5992442862851852,0.7916667679204713
2023-11-16,36150.03,28700.377406674474,1.2595663634581007,63274.832590856226,0.5713176711782245,0.7196125214653072
2023-11-17,36626.6,28738.654277281108,1.2744716452834948,63342.91541740922,0.5782272533343723,0.7369342389048136
2023-11-18,36595.55,28773.68355779053,1.2718409836717512,63411.05894507684,0.5771162098348972,0.7340000480093285
2023-11-19,37392.52,28810.039083601776,1.2978989681858237,63479.26321678883,0.5890509452244322,0.7645286140156747
2023-11-20,37476.08,28847.68845820413,1.299101661275117,63547.52827549841,0.5897330866675015,0.7661232325986537
2023-11-21,35734.18,28875.281585512257,1.2375352910126802,63615.85416417961,0.561718151386875,0.6951460359436611
2023-11-22,37443.86,28912.661152348457,1.295067922067028,63684.24092582998,0.5879611573545972,0.761449634311343
2023-11-23,37298.0,28951.961447744106,1.288271955850722,63752.68860347101,0.5850419930049713,0.7536931925833188
2023-11-24,37745.94,28996.881969790782,1.301724097070991,63821.19724014247,0.5914326529784752,0.7698821361767064
2023-11-25,37801.75,29042.273331841487,1.3016112605260401,63889.76687891127,0.5916714342007968,0.7701262012873492
2023-11-26,37470.52,29086.59761934123,1.288240050980863,63958.39756286467,0.5858577048177331,0.7547253595219279
2023-11-27,37244.39,29133.372998245035,1.2784098155144468,64027.08933511133,0.5816973781998214,0.743647637949671
2023-11-28,37840.46,29183.605263968122,1.2966341772282728,64095.842238784964,0.590373083156124,0.7654979169358596
2023-11-29,37864.76,29234.1327816242,1.2952243284535119,64164.65631703917,0.5901186443344959,0.7643360248160442
2023-11-30,37743.0,29283.508182056798,1.288882457844538,64233.5316130526,0.5875902982785773,0.7573348278508979
2023-12-01,38714.0,29335.353977422983,1.3197045459139505,64302.46817002533,0.6020608710949384,0.7945424685009033
2023-12-02,39467.65,29390.86846939644,1.3428541603354158,64371.466031178876,0.6131233671279679,0.8233352643466502
2023-12-03,40028.84,29446.533370426034,1.359373597443632,64440.52523975881,0.6211749493205996,0.8444088254998093
2023-12-04,41856.31,29512.08661865853,1.418276875534007,64509.645839032666,0.6488380064035961,0.9202319404498063
2023-12-05,44060.06,29585.1079567084,1.4892648039166412,64578.827872290996,0.6822678802274291,1.0160775408655247
2023-12-06,43778.51,29656.048868761696,1.4762084522363412,64648.071382846334,0.6771819957434362,0.9996617858187345
2023-12-07,43305.91,29727.570502383118,1.4567591386766159,64717.3764140337,0.6691542889957031,0.9747966256791437
2023-12-08,44223.94,29801.80826889353,1.4839347868082213,64786.74300921171,0.6826078599708588,1.0129455491594725
2023-12-09,43734.7,29872.530096833343,1.464044051783753,64856.17121175987,0.6743336706880705,0.9872541994883737
2023-12-10,43773.63,29948.598684945042,1.461625315444382,64925.66106508292,0.6742115410441543,0.9854446563549049
2023-12-11,41205.53,30014.837536776995,1.3728386818523044,64995.212612604875,0.6339779245834606,0.8703494183086177
2023-12-12,41452.65,30080.76807804893,1.3780449319792987,65064.82589777552,0.6370976857008268,0.8779492369557644
2023-12-13,42927.11,30151.23665665533,1.423726346246718,65134.500964065024,0.6590533337114698,0.9383115947867499
2023-12-14,43031.34,30215.554392394508,1.4241453074523538,65204.2378549672,0.659946982214775,0.9398603978885138
2023-12-15,41939.81,30277.984906858437,1.385158560882299,65274.036613998906,0.6425190194382039,0.8899907203045283
2023-12-16,42230.0,30341.91150424869,1.3918042043622287,65343.89728469798,0.6462730531055925,0.8994855524783775
2023-12-17,41387.55,30405.532519082542,1.3611848427264064,65413.819910626415,0.6327034571065714,0.861226355754062
2023-12-18,42638.28,30475.99786412559,1.3990774047858519,65483.804535368785,0.6511271039081186,0.9109772187214982
2023-12-19,42252.2,30542.902761567802,1.3833721152779894,65553.85120253221,0.6445418419348012,0.8916412112625175
2023-12-20,43647.01,30615.9221397039,1.4256310752566517,65623.95995574535,0.6651078360622267,0.948198399487017
2023-12-21,43876.98,30689.729985677302,1.429695863094172,65694.13083866103,0.6678980213279323,0.9548910380613279
2023-12-22,44015.6,30772.0982105898,1.4303737008369688,65764.3638949547,0.6692925680890951,0.9573384875602778
2023-12-23,43715.59,30844.93033751718,1.4172698567202802,65834.65916832275,0.6640209055875899,0.9410968137213942
2023-12-24,43006.55,30920.58870983356,1.390870995490548,65905.0167024869,0.6525535103669455,0.9076177505749252
2023-12-25,43603.68,30997.648288158627,1.4066770354529439,65975.43654118931,0.660907790625647,0.92968381162504
2023-12-26,42520.26,31071.117515498914,1.3684818377964687,66045.91872819689,0.6437984483944635,0.8810264838293704
2023-12-27,43444.45,31151.992807987528,1.3945961745619246,66116.46330729651,0.6570897447747411,0.9163748444067255
2023-12-28,42613.04,31229.363480919514,1.364518365096864,66187.0703223014,0.6438272579900209,0.8785141174773402
2023-12-29,42056.3,31305.10823963247,1.3434325055856684,66257.73981704422,0.6347379206735542,0.8527275551607101
2023-12-30,42164.76,31381.282662304486,1.3436276793952957,66328.4718353824,0.635696237727997,0.8541390606987889
2023-12-31,42300.78,31463.261107592705,1.3444499556275171,66399.26642119547,0.6370669779944597,0.8565046702964078
2024-01-01,44229.57,31549.75513268449,1.401898994587747,66470.12361838564,0.6654052616770837,0.9328309673385002
2024-01-02,45030.04,31634.452032204474,1.423449344219984,66541.04347087829,0.6767257868402292,0.963284877494477
2024-01-03,42836.3,31710.43797135337,1.3508580373029704,66612.02602262034,0.6430715676693801,0.8686983957472031
2024-01-04,44230.11,31792.80774368968,1.3911986118551896,66683.07131758417,0.6632884347715494,0.922765949713781
2024-01-05,44174.5,31872.216796274697,1.3859876858381317,66754.17939976203,0.66174882827123,0.9171757271017373
2024-01-06,44000.0,31942.540244175958,1.377473415190342,66825.35031317052,0.6584327623244512,0.9069736257922727
2024-01-07,43923.68,32003.499271515553,1.3724649178939599,66896.58410184894,0.6565907749957296,0.9011478040944455
2024-01-08,47000.31,32076.035321083582,1.4652780348170613,66967.88080985867,0.7018336168266631,1.0283813828323234
2024-01-09,46103.0,32141.355643243907,1.4343825603289642,67039.24048128548,0.6877017052851309,0.9864273327694808
2024-01-10,46590.34,32209.214835307735,1.446491019362809,67110.66316023673,0.6942315543620632,1.0041997087430081
2024-01-11,46324.98,32276.656721240375,1.4352471633009876,67182.14889084244,0.689542992667127,0.9896646241995678
2024-01-12,42797.41,32332.542181357716,1.3236636253327496,67253.69771725593,0.6363577238522464,0.8423235717627613
2024-01-13,42829.8,32386.405008763835,1.3224623106025557,67325.30968365379,0.6361619456523472,0.8413001965648205
2024-01-14,41715.82,32439.2815084443,1.2859662131894296,67396.98483423475,0.6189567693955674,0.7959574928675809
2024-01-15,42500.0,32493.451718159038,1.3079558419534967,67468.7232132214,0.6299215099370897,0.8239095188943841
2024-01-16,43152.59,32550.008432665818,1.325732068219493,67540.52486485736,0.6389140458464682,0.8470288394145222
2024-01-17,42705.07,32604.381053967412,1.309795451393901,67612.38983341178,0.631616041160796,0.8272878177398335
2024-01-18,41234.95,32652.959118510895,1.2628242925960114,67684.31816317436,0.6092245754857154,0.7693435935698539
2024-01-19,41633.68,32700.286601582746,1.2731900642725518,67756.30989845918,0.6144620340510424,0.7823269566264895
2024-01-20,41664.79,32749.900557626068,1.272211191196977,67828.36508360194,0.6142679386219322,0.7814785459083199
2024-01-21,41565.85,32800.66803352274,1.2672257149616317,67900.48376296283,0.6121583779153075,0.7757428381234782
2024-01-22,39547.64,32846.50343804771,1.2040136958441074,67972.66598092418,0.5818168145868904,0.7005154132350077
2024-01-23,39866.78,32891.39657074326,1.2120731910624103,68044.91178189004,0.5858892157548572,0.7101406113490427
2024-01-24,40051.8,32937.308200997635,1.2160010088130662,68117.22121029053,0.5879834686202575,0.714988491007639
2024-01-25,39944.5,32983.55274496654,1.2110429797801494,68189.59431057467,0.5857858578549353,0.7094118508097119
2024-01-26,41792.29,33035.9333221997,1.265055525823941,68262.03112721872,0.6122333207769991,0.7745091455424842
2024-01-27,42144.13,33088.65319428636,1.2736731758933395,68334.53170471785,0.6167325501272198,0.7855157057973343
2024-01-28,41991.74,33142.25402516023,1.2670152117029094,68407.09608759335,0.6138506441821585,0.777758103892425
2024-01-29,43272.35,33195.06358289216,1.3035778615679894,68479.72432038764,0.6319001781833553,0.8237310830006898
2024-01-30,42985.96,33253.08988751791,1.2926906986810713,68552.4164476671,0.6270524399794932,0.8105848567467616
2024-01-31,42599.49,33309.780215049796,1.27888835426038,68625.17251402087,0.6207560351312261,0.7938776641661723
2024-02-01,43090.14,33368.83360792417,1.2913289240582653,68697.9925640604,0.6272401622189868,0.809973363804376
2024-02-02,43187.41,33428.843092774674,1.2919205693162188,68770.8766424222,0.6279898135449868,0.8113129574398255
2024-02-03,42987.78,33489.80054510771,1.2836081224819291,68843.82479376224,0.6244246325473627,0.8015165302155887
2024-02-04,42566.63,33548.893673144186,1.2687938509899206,68916.83706276322,0.617652112519821,0.7836732024160834
2024-02-05,42654.6,33609.06074773944,1.269139900104735,68989.91349412907,0.6182729886105719,0.7846749190026772
2024-02-06,43093.37,33670.49906380023,1.2798553985892795,69063.0541325871,0.6239713916686835,0.7985931541924305
2024-02-07,44393.14,33737.63285915883,1.3158344625221237,69136.25902288688,0.642110820391715,0.8449115462297722
2024-02-08,45345.8,33806.927639828704,1.3413168000092708,69209.52820980201,0.6551959126572656,0.8788252849445972
2024-02-09,47154.45,33888.20312047261,1.3914709443981395,69282.86173812894,0.6806077118787538,0.9470458556125864
2024-02-10,47798.39,33971.68414271968,1.4070067824483603,69356.25965268812,0.6891719686061158,0.9696696341020934
2024-02-11,48312.28,34056.43735258688,1.4185946550962492,69429.72199832062,0.6958443532464178,0.9871210802942746
2024-02-12,49961.0,34147.93745788864,1.4630751875310795,69503.24881989264,0.7188297072193922,1.0517019086929231
2024-02-13,49691.47,34238.183647849866,1.4513465583072946,69576.84016229332,0.7141955553613938,1.0365452612321258
2024-02-14,51833.46,34335.63982457493,1.5096110124880042,69650.4960704346,0.7441936945801938,1.123442996762395
2024-02-15,51935.86,34434.18317210551,1.50826461427644,69724.21658925086,0.7448754900461193,1.1234693436783842
2024-02-16,52181.12,34534.144773342276,1.5110007890011465,69798.00176370045,0.7476019181273699,1.1296270881492265
2024-02-17,51677.7,34629.7477807265,1.4922921277746553,69871.85163876464,0.7396068486516164,1.1037094778910281
2024-02-18,52160.7,34730.61057951083,1.5018653323293996,69945.7662594482,0.7457306251606642,1.119986973185132
2024-02-19,51766.22,34830.371531911704,1.486237950478697,70019.74567077825,0.7393088835740216,1.0987889198937473
2024-02-20,52284.38,34932.72502731109,1.4967163300064064,70093.78991780542,0.7459202885349844,1.1164310767334016
2024-02-21,51833.99,35034.03250371858,1.4795325086970286,70167.8990456044,0.7387137238683946,1.0929509690839299
2024-02-22,51262.51,35133.71806611424,1.4590687471088253,70242.07309927049,0.7297977940877772,1.0648251530624375
2024-02-23,50751.19,35231.082737698925,1.4405231419610567,70316.31212392604,0.7217555708916545,1.0397056027087423
2024-02-24,51553.18,35327.91860190293,1.4592758939730772,70390.61616471282,0.7323871107956557,1.0687548558406896
2024-02-25,51729.95,35426.89793225831,1.4601885296001822,70464.9852667979,0.7341227675580657,1.0719576445066283
2024-02-26,54559.0,35536.4782299084,1.5352956375424327,70539.41947537128,0.7734540545665985,1.1874806358156054
2024-02-27,57064.29,35654.50960303623,1.6004788913192787,70613.91883564538,0.8081167415848669,1.2933737866282957
2024-02-28,62479.39,35789.04921834433,1.7457683667096429,70688.48339285787,0.8838694367336322,1.543031302951045
2024-02-29,61240.13,35921.41276908676,1.7048363435388603,70763.11319226655,0.8654244738160094,1.4754070955495275
2024-03-01,62468.47,36057.04835556467,1.7324898417637467,70837.80827915446,0.881852100135948,1.5277998054235562
2024-03-02,62026.06,36193.33994342485,1.7137423652239674,70912.56869882824,0.8746835876645506,1.4989823203468322
2024-03-03,63209.21,36336.541027423904,1.739549451124001,70987.39449661637,0.890428652132216,1.5489446730816805
2024-03-04,68277.61,36508.20551702714,1.8701990150722652,71062.28571787206,0.9608135920518003,1.796912633523322
2024-03-05,63893.71,36672.39211256188,1.7422836722481936,71137.24240796977,0.8981752431950012,1.564876061036201
2024-03-06,66092.71,36843.286750900086,1.7938874576217159,71212.26461230931,0.9281085268081143,1.6649222455528443
2024-03-07,66914.79,37016.5152328763,1.8077009566953908,71287.35237631234,0.9386628591109624,1.6968217484293175
2024-03-08,68313.7,37194.825429100034,1.8366452648156149,71362.50574542528,0.9572772044145783,1.7581786446039647
2024-03-09,68503.25,37375.15543447861,1.8328552538086755,71437.72476511644,0.9589226172198956,1.7575663569674511
2024-03-10,68997.88,37554.91109328833,1.8372531845064346,71513.0094808777,0.9648297631558879,1.772636554864744
2024-03-11,72202.19,37745.9732175268,1.9128448373527154,71588.3599382246,1.008574439508114,1.9292464096990043
2024-03-12,71471.62,37936.90454636612,1.8839602454293043,71663.77618269628,0.997318642793726,1.8789086750488886
2024-03-13,73098.48,38133.46069634182,1.9169117794497053,71739.25825985438,1.0189466935275833,1.9532309194543531
2024-03-14,71456.55,38326.055132686844,1.8644379066046224,71814.80621528471,0.9950113878437444,1.855136948999151
2024-03-15,69492.42,38514.15694582139,1.8043344450653904,71890.42009459503,0.9666436767035206,1.7441484819808155
2024-03-16,65521.12,38680.21072510988,1.693918382855808,71966.09994341848,0.9104442237597191,1.5422182071914747
2024-03-17,68360.1,38858.16262435809,1.7592211103967315,72041.84580741067,0.9488943437505325,1.6693149610619895
2024-03-18,67566.95,39044.741135072145,1.7305006522199127,72117.65773224975,0.9368988417629271,1.6213040567348262
2024-03-19,61977.96,39216.19610665686,1.5804174334358598,72193.53576363747,0.8584973619094736,1.3567841973204267
2024-03-20,67862.33,39405.74179676572,1.7221431929894517,72269.4799473005,0.9390178267435406,1.6171231584221368
2024-03-21,65505.11,39588.43218166947,1.654652796033955,72345.49032898738,0.9054484212093787,1.4982027618186287
2024-03-22,63712.44,39767.66401834538,1.6021167341035814,72421.56695447037,0.8797440138246998,1.409452606276004
2024-03-23,64032.45,39948.99267497683,1.6028551838832352,72497.70986954482,0.883234106501053,1.4156963661876905
2024-03-24,67297.56,40141.36195702933,1.676514117085537,72573.91912003097,0.9272967591662739,1.5546261074699255
2024-03-25,69914.45,40338.324580525106,1.7332016321211792,72650.19475177038,0.9623436005764634,1.6679354991804984
2024-03-26,69976.26,40539.237766995844,1.726136549537438,72726.53681062894,0.9621833111923048,1.660859780803992
2024-03-27,69372.26,40739.44765207258,1.7028277013586548,72802.94534249745,0.9528771078373549,1.6225855352159662
2024-03-28,70770.78,40945.232013462504,1.7284254239109225,72879.42039328744,0.9710667238857232,1.6784164138779718
2024-03-29,69933.54,41155.04356460392,1.69927022164903,72955.96200893598,0.9585719669001721,1.628872798661002
2024-03-30,69654.17,41359.50195232295,1.684115299074289,73032.57023540208,0.9537411839058566,1.606210119173078
2024-03-31,71213.11,41566.67226322666,1.7132261526502097,73109.24511866969,0.9740643592258146,1.6687925345901342
2024-04-01,69702.13,41767.90515372741,1.6687964058398488,73185.98670474591,0.9523972161665207,1.5893570512705673
2024-04-02,65478.7,41956.29712889191,1.5606405827198253,73262.79503965983,0.8937510501005863,1.3948241596354347
2024-04-03,65982.23,42147.550546037935,1.5655056852693574,73339.67016946546,0.8996799392134615,1.4084540597614639
2024-04-04,68415.92,42347.63343517544,1.6155783558656036,73416.6121402406,0.9318860950613157,1.505535005313178
2024-04-05,67878.68,42545.1216492184,1.5954515434144256,73493.62099808562,0.9235996142000965,1.473558429972512
2024-04-06,68946.12,42743.4454095672,1.6130220514364033,73570.69678912469,0.9371410494808811,1.5116291781189146
2024-04-07,69344.77,42944.56358503021,1.6147508371507233,73647.83955950577,0.9415723586021966,1.520404754290878
2024-04-08,71607.88,43157.995109744916,1.6592031167784995,73725.04935539875,0.9712829035190913,1.611555620792547
2024-04-09,69100.81,43364.634215848244,1.593483059399267,73802.32622300039,0.9362958261126575,1.4919715374967617
2024-04-10,70554.77,43576.81844638151,1.6190895185891814,73879.67020852824,0.9549957356449538,1.5462235858801092
2024-04-11,70001.36,43791.22748866096,1.5985247277694086,73957.08135822427,0.9465132846567589,1.5130248906860742
2024-04-12,67107.27,43996.83616063122,1.5252749028360413,74034.559718353,0.9064316753593695,1.3825574855612726
2024-04-13,64034.0,44193.86484295058,1.4489341501937945,74112.10533520466,0.8640153954658016,1.2519014127835966
2024-04-14,65643.19,44396.00365400339,1.4785833092452378,74189.71825509144,0.8848017157080265,1.308253048837438
2024-04-15,63359.28,44585.457964294,1.421075007253282,74267.39852434944,0.8531237293740256,1.2123528099081404
2024-04-16,63840.0,44778.53807538351,1.425682988857899,74345.14618933851,0.8586976187714457,1.2242305876552355
2024-04-17,61267.8,44962.71432504918,1.3626357064895234,74422.96129644121,0.8232378681621976,1.121773314092125
2024-04-18,63447.36,45147.030982134995,1.4053495572080161,74500.84389206574,0.8516327693135981,1.1968417352587017
2024-04-19,63836.5,45337.391097951855,1.4080320559707693,74578.79402264234,0.8559604755826308,1.2052197882643292
2024-04-20,64905.95,45533.125116001145,1.425466620941221,74656.81173462392,0.8693908632304784,1.2392876560863213
2024-04-21,64950.7,45726.87659673252,1.420405346571192,74734.89707449028,0.8690812798639689,1.2344476965237159
2024-04-22,66828.83,45931.01767154476,1.4549825670725751,74813.05008874147,0.893277709179471,1.299703494410656
2024-04-23,66472.3,46130.42234792778,1.4409644788995954,74891.27082390324,0.8875840838153313,1.2789771368145337
2024-04-24,64198.5,46322.42386206115,1.3859054567431577,74969.55932652339,0.8563275625029223,1.1867890416323674
2024-04-25,64510.14,46516.65412926809,1.386818145190079,75047.91564317608,0.859586031765637,1.192089506204521
2024-04-26,63747.32,46711.86665409624,1.3646921984953453,75126.33982045572,0.848534883402407,1.1579889355304223
2024-04-27,63445.48,46908.45495334085,1.352538259107197,75204.83190498302,0.843635686602687,1.1410495428783032
2024-04-28,62991.27,47108.867009197034,1.3371425381065152,75283.39194340083,0.8367219963648526,1.1188165739088494
2024-04-29,63804.4,47314.10822262942,1.3485280056379378,75362.0199823765,0.8466386651382319,1.1417159505948258
2024-04-30,60690.8,47507.35111136186,1.2775033459081913,75440.71606860071,0.8044833501422742,1.0277301715341862
2024-05-01,58278.09,47691.72505351325,1.2219748800155195,75519.48024878868,0.7716961214247071,0.9429932753863982
2024-05-02,59071.21,47877.40846741872,1.2338013249025128,75598.31256967773,0.7813826524971048,0.9640709519067677
2024-05-03,62855.86,48066.8351742349,1.3076762755891282,75677.21307802972,0.8305784190967789,1.086127693669182
2024-05-04,63994.27,48262.41122665077,1.3259650393236466,75756.18182063111,0.8447399071869811,1.120095584251439
2024-05-05,64058.54,48459.870751765375,1.321888379111419,75835.21884429171,0.8447069973059336,1.1166083634928143
2024-05-06,63145.67,48651.02004753688,1.297931059581082,75914.3241958434,0.8318017800843107,1.0796213657862597
2024-05-07,62344.02,48831.84323317439,1.276708309008618,75993.49792214391,0.820386239673716,1.0473939287877687
2024-05-08,61156.89,49006.634409600985,1.2479308309329367,76072.74007007308,0.8039264780480682,1.003244637759515
2024-05-09,63088.62,49189.21434812504,1.2825701901539879,76152.05068653662,0.8284559566188258,1.0625529138148113
2024-05-10,60801.1,49338.94436444725,1.2323145698231066,76231.4298184617,0.7975857221200279,0.982876506051394
2024-05-11,60790.01,49483.081873186195,1.2285008875516459,76310.8775128014,0.7966100244333094,0.978636122048859
2024-05-12,61493.64,49626.3610584337,1.2391325635904051,76390.39381653025,0.8049917918696903,0.9974915427287232
2024-05-13,62909.03,49778.25616487512,1.2637853321264054,76469.97877664874,0.8226631026502942,1.0396695624110412
2024-05-14,61558.14,49926.920181395486,1.2329648970203997,76549.63244018007,0.8041598377118896,0.9915008514923813
2024-05-15,66293.39,50093.36233439961,1.323396691910131,76629.35485417146,0.8651174230314064,1.1448935357535805
2024-05-16,65282.62,50252.93661613481,1.2990806984808045,76709.14606569354,0.8510408907966739,1.1055707948518692
2024-05-17,66941.22,50419.87117298629,1.3276753478867562,76789.00612184223,0.8717552600405245,1.1574079681464131
2024-05-18,66982.74,50586.18288553053,1.3241311397535687,76868.93506973499,0.8713889419598919,1.153833232886008
2024-05-19,66267.1,50744.517637082005,1.3058967369427656,76948.93295651581,0.8611828319626972,1.1246158501712162
2024-05-20,71466.21,50926.4394221114,1.4033223372959898,77028.99982934959,0.9277831746267845,1.3019788531211527
2024-05-21,70191.19,51105.87550638767,1.3734465813275596,77109.1357354272,0.910283708026975,1.2502260468278232
2024-05-22,69145.91,51279.45949831583,1.3484133935200888,77189.34072196357,0.8957960950730743,1.2079034524595282
2024-05-23,67903.82,51449.55063893586,1.3198136651676005,77269.61483619577,0.8787907140982861,1.159839993289312
2024-05-24,68567.61,51622.36250693615,1.3282540098932325,77349.95812538562,0.8864595619929195,1.1774434678252939
2024-05-25,69304.6,51795.900213070076,1.3380325414734624,77430.37063682025,0.8950570613314845,1.197615474537135
2024-05-26,68474.6,51965.714237933724,1.3176880372793027,77510.85241780775,0.8834195195132223,1.1640713327616026
2024-05-27,69363.83,52131.59984466249,1.330552490364476,77591.4035156828,0.8939628213579118,1.1894644582510228
2024-05-28,68350.32,52289.66667639285,1.307147747240432,77672.0239778023,0.8799863387045725,1.1502721602400379
2024-05-29,67573.57,52446.26747063563,1.2884343015989475,77752.71385154853,0.8690831053050659,1.1197564838151772
2024-05-30,68356.11,52606.813012287916,1.2993775156847718,77833.47318432531,0.8782353813007804,1.1411593079410762
2024-05-31,67506.03,52769.016471601586,1.2792739852623434,77914.30202356378,0.8664138450420054,1.1083806924333566
2024-06-01,67719.96,52939.3023972264,1.2792000826128755,77995.20041671667,0.868258042010052,1.110675759068552
2024-06-02,67721.84,53093.336596165886,1.2755242812313758,78076.16841126082,0.8673817040211282,1.1063664245747955
2024-06-03,68794.57,53264.42541617737,1.2915669222464916,78157.2060546972,0.8802076414023181,1.1368470743438355
2024-06-04,70596.56,53439.474785565006,1.321056396667084,78238.31339455221,0.9023272222649381,1.1920251488599383
2024-06-05,71164.39,53617.474438473575,1.3272611353908814,78319.49047837386,0.9086421472526104,1.2060054080265081
2024-06-06,70770.7,53788.78039266916,1.3157149034307773,78400.73735373556,0.9026790102839254,1.1876682268447045
2024-06-07,69283.58,53954.30193954121,1.2841159557144506,78482.05406823425,0.8827951921309696,1.133611391843382
2024-06-08,69305.9,54133.3008953058,1.280282171117518,78563.44066949168,0.8821647754909665,1.1294198340489725
2024-06-09,69654.99,54301.567711403244,1.2827436285117155,78644.89720515315,0.8856898854899377,1.1361130574494884
2024-06-10,69490.62,54470.77711768851,1.2757412997773083,78726.4237228868,0.8826848307577595,1.1260774932846176
2024-06-11,67316.44,54628.56918306321,1.232257059020145,78808.02027038696,0.8541826043725013,1.0525725439302265
2024-06-12,68270.98,54790.2707951936,1.2460420255121092,78889.68689536952,0.8653980347335768,1.0783223200736247
2024-06-13,66764.3,54948.73765852722,1.2150288222251668,78971.4236455765,0.8454235331964884,1.0272139598211687
2024-06-14,66022.42,55106.251843004145,1.198093098185949,79053.23056877415,0.8351640979752535,1.0006043416368449
2024-06-15,66154.97,55260.38457776936,1.197150010906971,79135.10771275032,0.8359749788947473,1.0007874551018017
2024-06-16,66613.62,55416.68489940162,1.2020498902257375,79217.05512531905,0.8408999791095391,1.0108037275794464
2024-06-17,66517.55,55573.921244267214,1.1969202192451318,79299.07285431857,0.8388187604942157,1.0039991347176662
2024-06-18,65126.6,55718.63815419292,1.1688476631423037,79381.16094760939,0.820428918178493,0.9589564237872997
2024-06-19,64903.53,55857.38863616669,1.1619506673102167,79463.31945307757,0.8167734553088359,0.9490504614373734
2024-06-20,64842.53,55992.26849760696,1.1580622064414356,79545.54841863338,0.8151622722964441,0.9440086196634344
2024-06-21,64136.38,56111.8749388632,1.1430090345382313,79627.84789221008,0.8054516315299588,0.9206384917223015
2024-06-22,64258.23,56217.8456722655,1.143021921804114,79710.21792176581,0.8061479654097589,0.921444796681139
2024-06-23,63214.36,56321.20951098784,1.1223899583986625,79792.65855528295,0.7922327836238597,0.8891941210536405
2024-06-24,60236.01,56414.21092190201,1.0677453254356206,79875.1698407675,0.7541268471801876,0.805215415862148
2024-06-25,61820.98,56508.77727316268,1.0940066832654722,79957.75182624975,0.7731705630535809,0.8458537632847457
2024-06-26,60794.33,56601.91109156574,1.0740685045360416,80040.40455978556,0.7595455112247733,0.8158039113682555
2024-06-27,61622.64,56698.78252487728,1.0868423845426014,80123.12808945178,0.7690992784405858,0.8358896937303604
2024-06-28,60322.28,56806.93330647053,1.0618823528910522,80205.92246335154,0.7520925905136623,0.7986338496065744
2024-06-29,60890.24,56916.25568345985,1.0698216048968767,80288.78772961292,0.7583903272404479,0.8113423570266435
2024-06-30,62678.1,57024.074121908634,1.0991515594975543,80371.72393638696,0.7798526263989161,0.8571762304846322
2024-07-01,62870.34,57132.278850480594,1.1004346625930383,80454.73113184772,0.7814374507941523,0.859920857502227
2024-07-02,62056.54,57244.313663606576,1.0840647049185048,80537.80936419618,0.7705267934390553,0.8353009009613112
2024-07-03,60187.34,57345.82077585171,1.0495505894885517,80620.95868165568,0.746547063991871,0.7835389110936157
2024-07-04,57171.19,57438.52920246351,0.9953456467953562,80704.17913247454,0.7084043306624117,0.7051071666958095
2024-07-05,56624.69,57520.06146198539,0.9844337533857274,80787.47076492409,0.7009093051664769,0.689998778068017
2024-07-06,58219.33,57612.32882957884,1.0105359596244878,80870.8336273013,0.7199051547843283,0.7274900464285966
2024-07-07,55913.47,57683.71740456186,0.9693111421348538,80954.26776792618,0.6906797077121206,0.6694835363318027
2024-07-08,56684.73,57757.63306353711,0.9814240472362008,81037.77323514507,0.6994852861457519,0.6864916805113358
2024-07-09,57995.57,57837.34229203349,1.0027357361472036,81121.35007732533,0.7149236291644344,0.7168794715792295
2024-07-10,57653.32,57917.42809830481,0.9954399201246207,81204.99834286205,0.7099725531250842,0.7067350215735069
2024-07-11,57384.82,58001.01321425841,0.9893761646545352,81288.71808017131,0.7059383067574518,0.6984385344224044
2024-07-12,57910.59,58083.36308521518,0.9970254290378865,81372.5093376969,0.7116726578956825,0.7095557370729758
2024-07-13,59251.21,58179.80496935845,1.018415411175851,81456.37216390236,0.7273980957656417,0.7407934307876971
2024-07-14,60798.13,58277.65131364327,1.0432494898051368,81540.30660728089,0.7456205713429488,0.777868280641746
2024-07-15,64772.57,58399.78976902544,1.10912334198769,81624.31271634546,0.7935450583834336,0.8801393471720504
2024-07-16,65045.81,58527.264351212296,1.1113762230483044,81708.39053963611,0.7960725890010865,0.8847361472363127
2024-07-17,64157.33,58650.228476652286,1.093897358397163,81792.54012571655,0.784390971369627,0.8580432115318196
2024-07-18,63999.59,58771.78110002349,1.0889510033919054,81876.76152317364,0.7816575644834969,0.8511867891531769
2024-07-19,66771.26,58892.9401790549,1.1337735863923974,81961.0547806186,0.8146705795663999,0.9236519847233702
2024-07-20,67216.19,59011.016329753795,1.139044778086784,82045.41994668977,0.8192558468671952,0.9331690942911447
2024-07-21,68239.64,59148.56576438105,1.1536989801550446,82129.85707004658,0.8308749392051182,0.9585795699973295
2024-07-22,67585.54,59274.09026178003,1.1402206208735217,82214.36619937488,0.8220648424887314,0.9373352851007951
2024-07-23,65923.74,59392.8612801509,1.1099606683207857,82298.94738338361,0.8010277421034209,0.889109287968603
2024-07-24,65430.69,59510.814216830935,1.0994756307920721,82383.60067080619,0.7942198382594645,0.8732253576579022
2024-07-25,65816.21,59631.27056998314,1.1037197324641645,82468.32611040113,0.7980786455140513,0.8808551491121315
2024-07-26,67929.7,59741.1884453484,1.1370664321842625,82553.12375095209,0.822860443233277,0.9356469883728231
2024-07-27,67805.48,59856.52994232933,1.1328000481372598,82637.9936412638,0.8205121762073195,0.9294762327048594
2024-07-28,68274.59,59971.00847602779,1.1384599281383003,82722.93583016953,0.825340509434626,0.9396170970605725
2024-07-29,66827.89,60080.98782935039,1.112296791620887,82807.95036652366,0.8070226313319809,0.8976486835960084
2024-07-30,66200.81,60212.17201276293,1.0994589264437709,82893.037299207,0.7986293198672949,0.878060134647815
2024-07-31,64607.71,60336.06530899966,1.0707975349258179,82978.19667712429,0.7786106783134186,0.8337343950049275
2024-08-01,65342.4,60471.59958372425,1.08054690879364,83063.42854920399,0.7866566687804531,0.850019431732621
2024-08-02,61466.66,60583.26989640144,1.014581420004387,83148.73296439977,0.739237482143198,0.7500166143533135
2024-08-03,60631.11,60686.36897974394,0.9990894334152307,83234.10997168913,0.7284406599724895,0.7277773662485313
2024-08-04,58181.05,60780.2754469025,0.9572357080024559,83319.55962007477,0.6982880162268889,0.6684262236025764
2024-08-05,54025.9,60862.43820356108,0.8876722917229255,83405.08195858386,0.6477530952709505,0.5749924745497831
2024-08-06,56096.88,60953.24286644262,0.9203264233687515,83490.67703626747,0.6718939406328218,0.6183617472657411
2024-08-07,55100.98,61038.48795799041,0.9027251795280892,83576.34490220048,0.6592891812208128,0.5951569444784852
2024-08-08,61644.69,61158.885379389336,1.007943320379321,83662.08560548438,0.7368294676598279,0.7426823401863746
2024-08-09,60818.65,61290.63809667767,0.9922991812235146,83747.89919524241,0.7262110522702522,0.7206186325632382
2024-08-10,60941.77,61420.82737282464,0.9922004083416727,83833.78572062518,0.726935679644571,0.7212658781814747
2024-08-11,58732.95,61538.50780704499,0.9544097199132312,83919.74523080504,0.6998704516853139,0.6679631617685271
2024-08-12,59337.91,61660.399966703495,0.962334172857172,84005.77777498169,0.7063551052279147,0.679749655932946
2024-08-13,60596.01,61775.04590458267,0.980914042437074,84091.8834023773,0.720592850918201,0.7068396463454284
2024-08-14,58779.3,61877.89246324913,0.949924078860807,84178.06216223861,0.6982733801440225,0.6633066974263327
2024-08-15,57502.3,61975.226136616766,0.9278271913561599,84264.31410383766,0.682403940642545,0.6331529316167481
2024-08-16,58879.72,62070.73619214672,0.9485906501532608,84350.63927647106,0.6980352550383578,0.6621497164067331
2024-08-17,59477.15,62171.59567706011,0.9566611464975749,84437.03772945929,0.7043964544394359,0.6738687196928576
2024-08-18,58448.05,62269.996614972435,0.9386229834152028,84523.50951214884,0.6915005107732668,0.6490582724551403
2024-08-19,59469.51,62370.38493035647,0.9534895458221779,84610.05467390873,0.7028657554849526,0.6701751499713093
2024-08-20,59062.49,62468.085687916384,0.9454826308440063,84696.67326413392,0.6973413207837397,0.6593241065708443
2024-08-21,61193.87,62578.480247641506,0.9778740192768793,84783.36533224405,0.7217674099181729,0.7057975981197466
2024-08-22,60378.7,62687.952365572164,0.9631627405517174,84870.13092768194,0.7114246124051445,0.6852176793800823
2024-08-23,64130.87,62815.90058654554,1.020933703109816,84956.97009991715,0.7548629609151108,0.7706650380275044
2024-08-24,64157.87,62941.02164293637,1.0193331522956013,85043.88289844176,0.7544089923153726,0.7689940962569768
2024-08-25,64286.9,63057.65572666475,1.019493973557527,85130.86937277392,0.7551538058245166,0.7698747541471257
2024-08-26,62838.55,63160.60284313159,0.9949010486183697,85217.92957245567,0.7373864903226987,0.7336265924590722
2024-08-27,59398.77,63233.546521158954,0.9393553464556067,85305.06354705444,0.6963100140853364,0.6540825345216396
2024-08-28,59024.0,63300.277981522864,0.93244456236399,85392.2713461609,0.6912100951235984,0.6445150946490956
2024-08-29,59371.27,63365.5503548586,0.9369644809760208,85479.55301939178,0.6945669215950522,0.6507845351954206
2024-08-30,59113.86,63418.87039997334,0.9321178322347546,85566.90861638848,0.6908495463476172,0.6439531815419046
2024-08-31,58956.52,63473.10622730543,0.9288425209390108,85654.33818681496,0.6883074605213091,0.6393292368117414
2024-09-01,57347.49,63505.197831037854,0.9030361601672185,85741.8417803634,0.6688390266551718,0.6039858264006663
2024-09-02,59140.6,63546.460448765676,0.9306670990382241,85829.4194467464,0.6890481187128883,0.6412744137402696
2024-09-03,57474.64,63577.168134227555,0.9040138415516783,85917.0712357055,0.6689548325305883,0.6047444279805367
2024-09-04,57994.01,63613.83519303278,0.9116571862711984,86004.79719700414,0.6743113394844461,0.614740778425153
2024-09-05,56152.01,63637.291755581195,0.8823758593572658,86092.5973804311,0.6522280859046702,0.575510317797078
2024-09-06,53930.39,63650.32483895273,0.8472916695469193,86180.47183580068,0.6257843436127081,0.5302218612759344
2024-09-07,54178.64,63661.6521260518,0.8510404331437208,86268.42061295107,0.6280240163787861,0.5344738309236614
2024-09-08,57053.9,63692.20123399885,0.8957752895113424,86356.44376174455,0.6606791284436214,0.5918200375556864
2024-09-09,57645.59,63729.58489336752,0.9045342143127516,86444.54133207024,0.666850550789075,0.6031891390220215
2024-09-10,57352.79,63768.5631239788,0.899389717916252,86532.71337383984,0.6627873755931317,0.5961041507731597
2024-09-11,58137.54,63806.89881121822,0.9111481843367467,86620.95993699123,0.6711717353662405,0.6115369080570935
2024-09-12,60543.35,63857.109931357525,0.9481066409845417,86709.28107148633,0.6982337905683456,0.662000093797658
2024-09-13,60012.35,63887.534773634776,0.9393436483757706,86797.67682731249,0.6914050259593585,0.6494669195900081
2024-09-14,59122.33,63898.85350414253,0.9252486822187996,86886.14725448043,0.6804574937226401,0.6295923993727799
2024-09-15,58208.75,63876.23697626759,0.9112739377810676,86974.69240302773,0.6692607745051785,0.6098799013857411
2024-09-16,60312.6,63871.36287631558,0.9442823400651872,87063.31232301464,0.6927441466531102,0.6541460638680602
2024-09-17,61769.18,63867.76784533834,0.9671416754313339,87152.0070645283,0.7087522373898449,0.6854638263349211
2024-09-18,62960.14,63872.54124789717,0.9857152818711874,87240.7766776785,0.7216824791990766,0.7113734484052151
2024-09-19,63210.69,63872.54872546701,0.9896378219019917,87329.62121260123,0.723817292715785,0.7163169690182458
2024-09-20,63362.74,63848.69489869505,0.9923889611296505,87418.54071945726,0.7248203811059154,0.7193037450112967
2024-09-21,63577.66,63847.11186313083,0.9957797329390803,87507.53524843151,0.7265392610991129,0.7234730713870314
2024-09-22,63338.87,63833.526881788195,0.9922508295256154,87596.60484973506,0.7230744856910009,0.7174712582357033
2024-09-23,64272.93,63820.671634379716,1.0070863930767011,87685.74957360169,0.7329917382533244,0.7381860058325619
2024-09-24,63130.89,63795.49929970475,0.9895821914241554,87774.96947029211,0.7192356816639733,0.711742822011481
2024-09-25,65177.21,63779.62534344371,1.021912713488524,87864.2645900912,0.7417942926406771,0.7580490184427345
2024-09-26,65789.0,63764.44022499281,1.0317506084561165,87953.63498330863,0.7479963734584146,0.7717457134386879
2024-09-27,65858.99,63735.129847684024,1.0333232262551537,88043.08070027744,0.7480314123060039,0.772958232304239
2024-09-28,65600.01,63707.81735910052,1.0297011060704497,88132.60179135842,0.7443330693368025,0.7664405847809184
2024-09-29,63301.25,63661.99527590276,0.9943334280627031,88222.19830693577,0.7175206605005153,0.7134547780612923
2024-09-30,60790.0,63610.556717890664,0.9556589839262108,88311.87029741851,0.6883559344318063,0.6578335328786774
2024-10-01,60631.37,63567.18743452993,0.9538155209784351,88401.61781324056,0.6858626742339866,0.6541864639441527
2024-10-02,60744.99,63543.135643720176,0.9559646275656101,88491.44090486139,0.686450456438018,0.656222354931013
2024-10-03,62090.71,63512.58098675003,0.9776127664053417,88581.33962276464,0.7009457100606235,0.6852534747123227
2024-10-04,62051.29,63485.54383026058,0.977408182339978,88671.31401745809,0.6997899003479637,0.6839803745189775
2024-10-05,62810.86,63489.78136206884,0.9893066041888364,88761.36413947803,0.7076373894085284,0.7000703427128045
2024-10-06,62200.28,63462.13073052312,0.9801164770864491,88851.49003938201,0.7000476860031353,0.6861282717979137
2024-10-07,62122.02,63445.306726043345,0.979142874479947,88941.69176775317,0.6984578184347404,0.6838899960451846
2024-10-08,60578.28,63429.30675228996,0.9550519011121459,89031.96937520035,0.6804104236390612,0.649827268633006
2024-10-09,60279.53,63410.15481523604,0.950628967483867,89122.32291235794,0.6763684790765421,0.6429754689031667
2024-10-10,62518.75,63386.805957585966,0.9863054157017028,89212.75242988455,0.7007826605185811,0.6911857332993244
2024-10-11,63187.47,63354.7510129015,0.9973596137586046,89303.25797846299,0.7075606358643571,0.7056924024964679
2024-10-12,62845.3,63320.71335107414,0.9924919773338897,89393.8396088039,0.7030160050739193,0.697737744973186
2024-10-13,66065.65,63305.2529122736,1.0436045503451612,89484.49737163846,0.7382915693834928,0.7704844412900834
2024-10-14,67056.6,63288.19154524049,1.0595436267453737,89575.23131772644,0.7486064954959248,0.7931812412428965
2024-10-15,67608.44,63277.49277863817,1.0684437235291964,89666.04149785257,0.7540027291337398,0.805609483466829
2024-10-16,67402.33,63267.09619723591,1.0653615236247362,89756.92796282357,0.7509429247391063,0.8000256984552699
2024-10-17,68426.11,63254.46856898503,1.0817593056745833,89847.89076347479,0.76157725483097,0.8238432824035054
2024-10-18,68363.73,63248.336833795795,1.0808779079779829,89938.92995066509,0.7601127791658194,0.8215891105720814
2024-10-19,69014.86,63264.97236755547,1.090885800108138,90030.04557527753,0.7665758643018131,0.8362467250724709
2024-10-20,67346.15,63271.444791903006,1.0644003819021126,90121.2376882209,0.7472839003053585,0.7954092688743238
2024-10-21,67380.08,63266.618591949875,1.0650178798803944,90212.50634043042,0.7469039796514595,0.7954660928826266
2024-10-22,66601.11,63260.608311431235,1.0528053994062705,90303.85158286482,0.7375223629181015,0.7764675258630482
2024-10-23,68156.84,63256.966563119364,1.0774598230535037,90395.2734665071,0.7539867670764135,0.8123904486388359
2024-10-24,66564.51,63244.02577201205,1.0525027334590928,90486.77204236819,0.7356269706342582,0.7742493973987886
2024-10-25,67012.56,63223.05593048091,1.0599386412717218,90578.34736148105,0.7398297932348616,0.7841741858136981
2024-10-26,67943.19,63217.71553443123,1.0747492127107166,90669.99947490665,0.7493458739768009,0.8053588881045906
2024-10-27,69924.5,63214.87927231934,1.1061398962541193,90761.72843372873,0.7704183382873389,0.852190460785428
2024-10-28,72724.35,63226.94232660731,1.1502114023533283,90853.53428905674,0.8004570275562699,0.920694800189074
2024-10-29,72322.91,63250.608985724364,1.1434342081405613,90945.41709202746,0.7952342439291539,0.90929803799339
2024-10-30,70197.83,63279.68033350659,1.1093265583838647,91037.37689379821,0.7710880123654148,0.8553884109683806
2024-10-31,69467.29,63297.59802142867,1.0974711864498026,91129.41374555578,0.7622927345276354,0.8365943117841084
2024-11-01,69358.94,63326.238327623534,1.0952638563681263,91221.52769851054,0.7603352163672709,0.8327676812109108
2024-11-02,68738.18,63349.64956464556,1.0850601459106048,91313.71880389718,0.7527694732006284,0.8168001544281229
2024-11-03,67807.48,63381.78171444915,1.069826031484721,91405.98711297763,0.7418275557397578,0.7936264300030758
2024-11-04,69380.73,63410.119252946395,1.0941586424595184,91498.33267703744,0.7582731615984067,0.8296711331079998
2024-11-05,75646.55,63463.960392887086,1.1919607527121538,91590.75554738718,0.8259190520692018,0.9844630949837143
2024-11-06,75920.0,63513.71686467966,1.1953323431181453,91683.25577536253,0.828068324558796,0.9898168506567824
2024-11-07,76566.73,63565.98923318168,1.2045235341044906,91775.83341232646,0.8342798659861178,1.0049097326098195
2024-11-08,76716.06,63609.85742677278,1.2060404330934869,91868.4885096648,0.8350639184830962,1.0071208499080977
2024-11-09,80428.92,63670.502852467966,1.2632053525062186,91961.22111878921,0.8745960419132258,1.10479440142554
2024-11-10,88770.73,63773.75725583382,1.3919633062215342,92054.03129113719,0.9643328896617991,1.3423159973918037
2024-11-11,88035.43,63872.976060801855,1.3782891518346891,92146.91907817208,0.9553811552322857,1.3167914821239526
2024-11-12,90493.82,63984.965018222814,1.4142981866791287,92239.88453138011,0.9810703955208651,1.387526081389735
2024-11-13,87340.4,64087.305041526124,1.3628346510031395,92332.92770227486,0.9459290653235524,1.2891449076139494
2024-11-14,91058.36,64205.49618626482,1.4182331016620924,92426.04864239502,0.9852023464977202,1.3972465796382332
2024-11-15,90636.24,64318.28605156519,1.409183073182877,92519.24740330288,0.9796473981776503,1.3805025311995909
2024-11-16,89886.69,64444.71768181654,1.3947875517710906,92612.52403658743,0.9705673280698994,1.353735227347624
2024-11-17,90520.3,64586.76448865453,1.4015301852735016,92705.87859386348,0.9764245954300448,1.3684885441386745
2024-11-18,92435.89,64731.52709272026,1.4279887120165806,92799.31112677029,0.996083794994191,1.4223964154743425
2024-11-19,94393.15,64863.26804191977,1.4552635543894532,92892.8216869707,1.0161511760088964,1.4787677721957293
2024-11-20,98439.09,65003.083541313434,1.5143756978457175,92986.41032615652,1.0586395329674283,1.6031779815046137
2024-11-21,99024.03,65144.80320953228,1.5200603136599906,93080.07709604244,1.0638584871156094,1.6171290656147963
2024-11-22,97778.77,65287.386143421616,1.4976670958338287,93173.82204836985,1.0494231947385346,1.5716865883647197
2024-11-23,98028.18,65435.29462059744,1.4980933541811106,93267.64523490224,1.051041652795114,1.5745585150198906
2024-11-24,93000.01,65572.57675950891,1.4182759713878978,93361.54670743363,0.9961275630044285,1.4127837870463653
2024-11-25,91929.54,65696.1274868995,1.399314442366968,93455.5265177794,0.9836715219031044,1.3764657671441092
2024-11-26,95951.19,65846.16184193382,1.4572024749192585,93549.58471778089,1.0256720036701845,1.4946117822035876
2024-11-27,95665.53,65995.61517041888,1.4495740323499555,93643.72135930615,1.0215904345891624,1.4808709656775556
2024-11-28,97490.56,66147.85157791148,1.4738280635641186,93737.93649424842,1.0400331354209171,1.532830022019929
2024-11-29,96465.42,66289.39213554251,1.4552165420789542,93832.23017452468,1.0280627436924143,1.4960539109162774
2024-11-30,97263.18,66441.18222535182,1.463898996711222,93926.60245208011,1.035523243264571,1.5159014368861559
2024-12-01,95862.89,66563.82236373932,1.4401650415469733,94021.05337888133,1.0195896190792133,1.468377326122078
2024-12-02,95924.52,66692.02637292114,1.4383206691549573,94115.58300692475,1.0192203770648922,1.4659657347563437
2024-12-03,98746.24,66821.78119397319,1.4777552803232692,94210.19138822894,1.0481481731958122,1.5489064975013
2024-12-04,97044.23,66945.76088926994,1.4495948467971516,94304.87857483928,1.029047823045409,1.4917024213944519
2024-12-05,99891.35,67083.27112654538,1.4890649833035976,94399.6446188256,1.0581750641472143,1.575691434226655
2024-12-06,99929.32,67195.80985598528,1.4871361802792393,94494.48957228604,1.057514786865497,1.5726685007279693
2024-12-07,101174.99,67318.76582470589,1.5029240177018952,94589.41348733939,1.0696227650628374,1.60756174349365
2024-12-08,97324.81,67433.92377146905,1.4432618562999537,94684.41641613434,1.027886252921085,1.4835090214560889
2024-12-09,96660.76,67553.08866767286,1.430885869268276,94779.49841084328,1.0198488240674366,1.4592872711479632
2024-12-10,101202.11,67684.70858937077,1.495199020711937,94874.65952366388,1.0666927344783557,1.5949179319925757
2024-12-11,100030.47,67809.01169854321,1.4751795888827124,94969.89980681833,1.0532860432987248,1.5537860723293115
2024-12-12,101428.75,67942.35129658073,1.4928648783031522,95065.21931255714,1.0669385789404298,1.5927951318068427
2024-12-13,101399.99,68071.4649035147,1.489610810399417,95160.61809315308,1.0655667442254229,1.5872797414003004
2024-12-14,104447.76,68215.94340254486,1.531134142404948,95256.09620090807,1.0964942315051989,1.6788797548076853
2024-12-15,106099.81,68369.99975773643,1.5518474532098305,95351.65368814467,1.11272123656091,1.7267736170895416
2024-12-16,106136.99,68520.57921964987,1.5489797548232453,95447.29060721693,1.1119958390099636,1.7224590420741224
2024-12-17,100150.73,68655.85551935811,1.458735445686226,95543.00701049884,1.0482266900914563,1.529085427950758
2024-12-18,97372.21,68780.63403444899,1.4156922419649525,95638.80295039354,1.0181245163692143,1.441350979178216
2024-12-19,97765.0,68907.01677496548,1.4187960033051217,95734.67847932797,1.0212077958888266,1.4488855393510995
2024-12-20,97230.08,69026.31366586557,1.4085944161911919,95830.63364975514,1.0146033298220651,1.429164585036351
2024-12-21,95087.75,69129.17687917559,1.375508204968142,95926.66851415424,0.9912545851206075,1.3634788150456871
2024-12-22,94764.56,69228.24179331122,1.3688713961988284,96022.78312502817,0.9868966188639847,1.3509345525682457
2024-12-23,98594.47,69343.10705754848,1.4218351929078625,96118.97753490915,1.0257544610708305,1.4584537920327447
2024-12-24,99346.28,69468.1772358612,1.4300976929723581,96215.25179635003,1.0325419114453613,1.4766358054552802
2024-12-25,95669.49,69580.2395980835,1.3749520058081994,96311.6059619329,0.9933329326666333,1.3657851082053285
2024-12-26,94171.89,69685.23439119925,1.351389441719281,96408.04008426452,0.9768053568736588,1.320044445893897
2024-12-27,95130.82,69794.74750103132,1.3630082979896776,96504.55421597614,0.9857650840715586,1.3436059894580266
2024-12-28,93563.35,69909.73623114765,1.3383450581281653,96601.14840972681,0.9685531853426607,1.2962583691376428
2024-12-29,92620.71,70016.43970768452,1.322842326554839,96697.82271819857,0.9578365613248575,1.2670667452422613
2024-12-30,93354.22,70133.89707366968,1.3310855933463865,96794.57719410125,0.964457128758336,1.283774989490442
2024-12-31,94383.59,70259.32885565917,1.3433602560295121,96891.41189016843,0.9741171911808739,1.308590319347488
2025-01-01,96903.19,70393.55119257924,1.376591866134115,96988.32685916312,0.9991221947844636,1.3753834866143575
2025-01-02,98136.51,70530.05341995288,1.3914140886250523,97085.32215386812,1.0108274641605028,1.4064795748020589
2025-01-03,98209.85,70667.59424974424,1.3897437862808728,97182.39782709727,1.0105724101882188,1.4044367276459624
2025-01-04,98345.33,70813.37335483792,1.3887960047772687,97279.55393168739,1.0109558075180014,1.4040113864873778
2025-01-05,102279.41,70974.5884553226,1.4410708427620302,97376.79052050071,1.0503468994335683,1.5136242915592177
2025-01-06,96941.98,71117.44451875224,1.3631251889884535,97474.10764642655,0.9945408307983001,1.3556836579386664
2025-01-07,95036.63,71257.41698809953,1.3337086020936144,97571.50536237958,0.9740203315203032,1.2990592947627024
2025-01-08,92547.44,71387.51325404149,1.2964093548217352,97668.98372129918,0.9475622298281138,1.22842853902491
2025-01-09,94701.18,71531.93150659931,1.3239007811674028,97766.54277615176,0.9686460962093107,1.2823913234462618
2025-01-10,94565.02,71693.42421908921,1.3190194363016763,97864.18257992914,0.9662883550145163,1.2745531213361212
2025-01-11,94509.62,71845.74032983101,1.3154519609112962,97961.90318564785,0.9647589208316479,1.2690940142146572
2025-01-12,94506.45,72004.39673825451,1.3125094338828145,98059.70464635146,0.9637643753959271,1.2649498347473325
2025-01-13,96534.96,72166.18341296996,1.3376758397708255,98157.5870151082,0.9834691635720584,1.3155629392699646
2025-01-14,100510.23,72350.64386564962,1.3892098899166796,98255.5503450134,1.0229470971061638,1.4210882241614409
2025-01-15,99981.78,72530.26533928132,1.378483582437018,98353.59468918627,1.0165544057231366,1.4013035589433633
2025-01-16,104107.0,72714.5108214922,1.4317224832272288,98451.72010077388,1.0574421644785632,1.5139637215964243
2025-01-17,104435.0,72899.25467730286,1.4325935218719839,98549.92663294802,1.0597166691860778,1.5181432352957311
2025-01-18,101211.13,73077.7709242754,1.3849783418390926,98648.21433890598,1.0259803553289786,1.4209605712830118
2025-01-19,102145.43,73271.29386951814,1.394071601654818,98746.58327187136,1.0344198919649792,1.4420553955752224
2025-01-20,106159.26,73498.37951333936,1.444375518248439,98845.03348509244,1.0739969046194988,1.551254835707008
2025-01-21,103667.11,73720.95281436564,1.4062095787210025,98943.56503184629,1.0477397895116614,1.4733417280184251
2025-01-22,103926.36,73934.85615022093,1.405647693272606,99042.17796543139,1.0493141622579558,1.4749660316961728
2025-01-23,104850.27,74167.64643979784,1.4136928301359457,99140.87233917668,1.0575887373805888,1.495105615267466
2025-01-24,104733.56,74395.65926841785,1.4077912747855852,99239.64820643335,1.055360049061626,1.485726668826244
2025-01-25,102563.0,74608.03058798853,1.3746911584677597,99338.50562057976,1.0324596626381324,1.4193131697032466
2025-01-26,102062.42,74821.3920310642,1.3640807425452057,99437.44463502144,1.0263982584690643,1.4000900985595872
2025-01-27,101290.0,75034.26480104632,1.3499166050146674,99536.46530318623,1.0176170079123519,1.373698096526226
2025-01-28,103747.25,75253.33037587059,1.3786399815371597,99635.56767853237,1.0412672142816881,1.4355326130725563
2025-01-29,104742.64,75468.00266003722,1.38790793857149,99734.75181454046,1.0502120684550542,1.457597666992355
2025-01-30,102411.26,75665.01866167616,1.3534822539054052,99834.01776471909,1.0258152711168527,1.3884227652418222
2025-01-31,100623.85,75831.85721628045,1.3269337412244855,99933.36558260157,1.0069094482445675,1.3361021212334465
2025-02-01,97676.52,75986.16857673514,1.2854513108048171,100032.79532174605,0.9764449717298481,1.2551724688389059
2025-02-02,101460.2,76160.50129485052,1.3321892355619263,100132.30703574029,1.0132613838986626,1.3498559084403787
2025-02-03,97795.05,76322.131790476,1.281345891496751,100231.90077819438,0.9756878722315468,1.2501936464670995
2025-02-04,96638.33,76463.34476016623,1.2638517227190926,100331.57660274568,0.963189588683842,1.2173288209631679
2025-02-05,96564.62,76601.98298483652,1.260602091973456,100431.33456305711,0.9614989228224449,1.2120675535401986
2025-02-06,96537.08,76734.96501596764,1.2580585653477756,100531.17471281804,0.9602700881171661,1.208076009403064
2025-02-07,96476.25,76871.63753330705,1.255030504042517,100631.09710574428,0.9587120957115441,1.203212924712517
2025-02-08,96475.82,77018.13816544198,1.2526376552074157,100731.10179557643,0.9577560284785519,1.19972126577414
2025-02-09,97444.41,77171.66900989591,1.2626966767753134,100831.18883608154,0.9664113963628127,1.2202844585851138
2025-02-10,95774.08,77316.55030751384,1.2387267618520792,100931.3582810523,0.9489031122845747,1.175431679591631
2025-02-11,97862.53,77457.81685419519,1.2634300058341972,101031.61018430784,0.9686327855358673,1.2237997258807756
2025-02-12,96625.29,77595.11521691788,1.2452496491548866,101131.94459969379,0.9554378725977011,1.1897586756415786
2025-02-13,97509.03,77733.51583574722,1.254401385961223,101232.36158108058,0.9632199474266099,1.2082644370374358
2025-02-14,97596.94,77880.85366785157,1.2531570392927913,101332.86118236513,0.9631321849716478,1.206955877366667
2025-02-15,96119.88,78026.19932601831,1.231892375000614,101433.44345747087,0.9476152708973274,1.167360026652559
2025-02-16,95781.8,78179.96039350177,1.2251451589116087,101534.10846034685,0.9433460484602241,1.1557358444494394
2025-02-17,95607.4,78328.88206744322,1.2205893595887085,101634.856244967,0.9406949892226026,1.1482022944635235
2025-02-18,96632.03,78506.26856405524,1.2308829825627936,101735.68686533341,0.9498341533577193,1.1691346956249553
2025-02-19,98347.2,78696.3641621651,1.2497044945728564,101836.60037547383,0.965735301820678,1.2068837472529754
2025-02-20,96157.03,78894.30695673371,1.2188082221538914,101937.59682944094,0.9432930831289577,1.1496933656184678
2025-02-21,96582.12,79123.80047078915,1.220645613902938,102038.67628131302,0.9465246269339117,1.155371134317994
2025-02-22,96265.98,79337.7371985952,1.2133693674553718,102139.83878519744,0.9424919908327806,1.1435909107485251
2025-02-23,91510.82,79539.22871739372,1.150511784884687,102241.08439522312,0.895049387839587,1.0297648687632697
2025-02-24,88583.74,79683.54869085804,1.1116942136158035,102342.41316555049,0.8655623534761266,0.9622406598830867
2025-02-25,84111.78,79812.84048009217,1.0538627555923175,102443.82515035989,0.8210527074379212,0.8652768687470606
2025-02-26,84625.19,79943.96610498342,1.0585563129163387,102545.32040386405,0.8252467266835045,0.873570132244368
2025-02-27,84297.73,80088.53704406279,1.0525567467117225,102646.8989802981,0.8212399092171307,0.8644016071154135
2025-02-28,86018.76,80237.36634240462,1.0720536318817329,102748.5609339229,0.8371772725393034,0.8974989355546035
2025-03-01,94265.48,80414.84117666975,1.1722398331037012,102850.30631902671,0.9165308628989608,1.074393985759069
2025-03-02,86161.1,80568.75313640689,1.0694108652038465,102952.1351899244,0.8369044492477152,0.8949947111629478
2025-03-03,87249.96,80736.89491968746,1.0806702448340548,103054.04760095662,0.8466427280745651,0.9149416042353123
2025-03-04,90603.73,80911.06999425113,1.1197939911860955,103156.04360648886,0.8783172253642026,0.9835343513180778
2025-03-05,89921.85,81078.46536641494,1.1090719291937692,103258.12326091497,0.8708452871333273,0.9658300626302612
2025-03-06,86756.98,81238.74241846816,1.0679261817361339,103360.28661865287,0.8393647389938974,0.8963795807976994
2025-03-07,86206.69,81389.69573421284,1.0591843257593392,103462.53373414878,0.8332164976890246,0.8825298543163075
2025-03-08,80699.17,81516.81665077772,0.9899695954237202,103564.86466187214,0.7792137832021881,0.7713979537052567
2025-03-09,78544.71,81618.62171395501,0.9623381080272587,103667.27945632162,0.7576615342075552,0.7291265673543289
2025-03-10,82914.51,81748.16079712744,1.014267589527391,103769.77817202079,0.799023679732179,0.8104238216172632
2025-03-11,83659.43,81856.88791654386,1.0220206524989552,103872.36086351905,0.8054060705323005,0.8231416377320413
2025-03-12,81073.43,81952.72001640718,0.9892707647015114,103975.02758539325,0.7797394420830088,0.771373434137388
2025-03-13,83980.49,82062.2937695,1.0233748795261306,104077.77839224528,0.8069012549777609,0.8257624746023496
2025-03-14,84351.46,82183.18802201525,1.0263834006707542,104180.61333870278,0.8096656114488788,0.8310273436850658
2025-03-15,82562.57,82318.60706632085,1.0029636426365014,104283.5324794218,0.7917124404688921,0.7940587932133143
2025-03-16,84011.4,82464.0311520146,1.0187641669509577,104386.53586908337,0.8048106903879165,0.819912292546271
2025-03-17,82698.76,82600.7849144537,1.0011861277789038,104489.62356239345,0.7914542820667588,0.7923930479764506
2025-03-18,86877.96,82759.96068930313,1.0497583526671386,104592.79561408646,0.8306304415129274,0.8719612439577887
2025-03-19,84183.42,82907.4865871334,1.015389845542183,104696.05207892263,0.8040744452956099,0.8164490268131258
2025-03-20,84061.96,83066.1677546161,1.0119879401241376,104799.39301168805,0.8021225847236039,0.811738382241489
2025-03-21,83852.03,83211.30135973255,1.007700019466076,104902.81846719384,0.7993305730505512,0.8054854340228701
2025-03-22,86092.94,83379.59292460667,1.032542100293615,105006.32850028035,0.8198833463620258,0.8465640724484035
2025-03-23,87523.62,83551.35185669025,1.047542835095273,105109.92316581127,0.8326865567386171,0.8722748363916918
2025-03-24,87427.88,83736.51927422942,1.044083044742781,105213.60251867959,0.8309560542276659,0.8675871271454688
2025-03-25,86926.01,83936.62162857702,1.0356148283481212,105317.36661380074,0.8253720425688013,0.8547675261882274
2025-03-26,87217.48,84136.6783572893,1.0366166302599678,105421.21550612031,0.8273237941838806,0.8576176036607854
2025-03-27,84381.8,84301.47621745824,1.0009528158479049,105525.1492506081,0.7996368694973796,0.8003987761792056
2025-03-28,82616.83,84453.31315693779,0.9782544569503734,105629.16790226151,0.782140308787107,0.7651322430315287
2025-03-29,82379.98,84606.3632438815,0.9736853924631667,105733.27151610298,0.7791301528720189,0.7586276486790787
2025-03-30,82534.32,84754.72463002878,0.9738019958212208,105837.46014718172,0.7798214345395719,0.7593916693388026
2025-03-31,85170.37,84899.47948533653,1.0031907205592496,105941.73385057373,0.8039359646513728,0.8065010996621061
2025-04-01,82490.08,85034.63131335302,0.9700762939281017,106046.0926813809,0.7778700555035465,0.7545933006005271
2025-04-02,83174.33,85179.8796093922,0.9764551251000939,106150.53669473281,0.7835507251290903,0.7651021213281952
2025-04-03,83860.16,85335.52387908543,0.9827110233579169,106255.06594578325,0.7892344638211389,0.7755894076110084
2025-04-04,83498.25,85474.42848159392,0.9768798865730999,106359.68048971449,0.7850554798166651,0.7669049080768944
2025-04-05,78370.75,85576.22337936687,0.9158005215137343,106464.38038173392,0.7361217875781303,0.674140716961674
2025-04-06,79140.01,85674.1429301382,0.9237327307088864,106569.16567707574,0.7426163984412606,0.685979073601344
2025-04-07,76251.64,85754.5281814325,0.8891849983556896,106674.03643100009,0.7148097376939684,0.6355980954360422
2025-04-08,82594.75,85868.2583496243,0.9618775504180396,106778.99269879483,0.7735112301816293,0.7440230873079499
2025-04-09,79552.34,85964.5504466969,0.9254086665564214,106884.03453577377,0.7442864628521677,0.6887691431240199
2025-04-10,83380.47,86082.79637962882,0.9686078230113314,106989.16199727583,0.7793356676830784,0.754870624469589
2025-04-11,85271.01,86204.55872045537,0.9891705411603267,107094.37513866852,0.7962230498995762,0.7876003851534895
2025-04-12,83733.07,86326.37581025885,0.9699592878084121,107199.67401534358,0.7810944461269091,0.757629812676363
2025-04-13,84590.36,86438.98012602507,0.9786135823984753,107305.05868272226,0.7883166090996261,0.7714573408952036
2025-04-14,83629.78,86542.74624041263,0.9663407233193119,107410.52919624913,0.7785994597159142,0.7523923650779019
2025-04-15,84028.72,86648.2380266108,0.9697683636012736,107516.08561139659,0.7815455661556661,0.7579181647706112
2025-04-16,84961.97,86760.35876242086,0.9792717689498559,107621.72798366382,0.7894499706685308,0.773086069273984
2025-04-17,84466.47,86885.5789829388,0.9721575316495984,107727.45636857611,0.784075600105218,0.7622450000249663
2025-04-18,85074.99,87031.71634780502,0.977517088827878,107833.2708216847,0.7889493599863232,0.7712114816064483
2025-04-19,85177.34,87179.76254227504,0.9770311080934175,107939.1713985704,0.7891235303769261,0.7709982373067576
2025-04-20,87522.07,87339.10100418895,1.0020949264843277,108045.15815483565,0.8100508296223257,0.8117478265589532
2025-04-21,93489.1,87518.00094608485,1.0682270960187221,108151.2311461133,0.8644293644119073,0.9234068696590415
2025-04-22,93740.92,87698.72532954141,1.0688971777839884,108257.39042806052,0.8659078112758773,0.9255664156938957
2025-04-23,94021.96,87875.79233893273,1.069941533356101,108363.63605636402,0.8676523178965279,0.9283372514301863
2025-04-24,94708.79,88060.72235841131,1.0754941302267627,108469.96808673214,0.8731337500189106,0.9390502230482198
2025-04-25,94666.64,88246.40064427018,1.0727535549195988,108576.38657490553,0.8718897633850675,0.935322843169339
2025-04-26,93780.57,88439.43924666,1.060393087052977,108682.89157664726,0.8628825442490405,0.9149946848603671
2025-04-27,95042.57,88641.01529494887,1.0722188784023994,108789.48314774923,0.8736374808484083,0.936730599845578
2025-04-28,94271.09,88823.2302191812,1.0613337273073224,108896.16134402755,0.8656970901129962,0.9187935193687293
2025-04-29,94182.54,89000.6667532977,1.0582228587238116,109002.92622132627,0.8640368040098846,0.9143434967819258
2025-04-30,96524.98,89191.83412698837,1.0822176821991454,109109.77783551812,0.8846593029041854,0.9573939403248791
2025-05-01,96929.81,89362.95123345766,1.0846755692610708,109216.71624250017,0.8874997650064954,0.962649312827487
2025-05-02,95861.33,89522.7702119102,1.0708038834487106,109323.74149819471,0.8768573841902675,0.9389422922216164
2025-05-03,94272.55,89671.70642491033,1.051307639371649,109430.85365855545,0.8614805317533922,0.9056810642022917
2025-05-04,94733.99,89824.45460179204,1.0546570020377282,109538.05277955689,0.8648500461355675,0.9121201568695285
2025-05-05,96839.17,89980.56896361135,1.0762231347877151,109645.33891720408,0.8832037089431195,0.9505242642949009
2025-05-06,97058.32,90138.3844734921,1.076770130360423,109752.71212753,0.884336415187814,0.9522270370642516
2025-05-07,103253.49,90320.13555147593,1.1431945863406394,109860.17246658834,0.93986280634506,1.0744460721165934
2025-05-08,102986.96,90512.15977522163,1.1378245779987832,109967.71999046615,0.9365199170168177,1.065595379367116
2025-05-09,104821.19,90712.37044786883,1.1555335780828186,110075.354755273,0.9522675646428357,1.1003771462639478
2025-05-10,104137.62,90915.33571496535,1.1454351367792195,110183.07681714639,0.9451326193478959,1.0825881111172593
2025-05-11,102800.21,91102.34784147142,1.128403520169252,110290.88623225085,0.9320825456377515,1.0517652255859562
2025-05-12,104131.06,91306.4078592422,1.1404573067919643,110398.78305677803,0.9432265204087028,1.0757095771600649
2025-05-13,103545.38,91505.27485668418,1.1315782632440925,110506.76734694385,0.9370048774923614,1.06029435192405
2025-05-14,103786.43,91699.31744645438,1.131812459352313,110614.83915899406,0.938268597496407,1.0619440888654539
2025-05-15,103500.03,91879.29594021307,1.1264782663043988,110722.99854919966,0.9347654178098316,1.0529929272557261
2025-05-16,103161.07,92040.04843503138,1.1208280716281747,110831.24557385783,0.9307941047297315,1.0432601614870982
2025-05-17,106473.46,92218.20528927208,1.154581784215077,110939.58028929464,0.9597427691933895,1.1081015188428225
2025-05-18,105616.18,92406.75077397806,1.1429487468759885,111048.0027518605,0.9510858131865906,1.0870423383531442
2025-05-19,106883.24,92606.04695874132,1.15417128265522,111156.513017933,0.961556251613942,1.109800612270409
2025-05-20,109699.54,92818.56670862074,1.1818706524996512,111265.11114391858,0.9859293616136908,1.1652409779289372
2025-05-21,111722.53,93044.25684692258,1.2007461157307873,111373.79718624809,1.0031311926374273,1.204505883127783
2025-05-22,107329.61,93258.14684148639,1.1508872268546284,111482.57120138132,0.9627478882427332,1.1080142472598289
2025-05-23,107794.01,93463.82704730536,1.1533233059827694,111591.43324580153,0.965970297760788,1.1140760572946322
2025-05-24,109048.68,93634.89255340623,1.1646158502056512,111700.38337602277,0.9762605705022854,1.1369685343377731
2025-05-25,109464.32,93806.36306195098,1.1669178553240391,111809.42164858441,0.9790259030589119,1.142442807104186
2025-05-26,108978.46,93972.071666372,1.1596898745289455,111918.54812005111,0.9737301084633677,1.1292249473089393
2025-05-27,107819.29,94132.1226732367,1.145403789249244,112027.76284701654,0.9624336616204363,1.1023751629210723
2025-05-28,105572.58,94260.24117205942,1.1200117747130671,112137.06588609876,0.9414601600797499,1.0544464647125689
2025-05-29,104033.26,94335.0445070569,1.1028060732214697,112246.45729394576,0.926828895165596,1.0221125344257642
2025-05-30,104645.87,94416.60533381782,1.1083417967635645,112355.93712722992,0.9313781957200964,1.0322853829108185
2025-05-31,105697.94,94489.95011496196,1.1186156821058932,112465.50544265265,0.9398254121028825,1.051303444419918
2025-06-01,105904.94,94581.04866118965,1.119726853308373,112575.16229693982,0.9407487214688997,1.0533816056442462
2025-06-02,105447.82,94650.45669920865,1.1140761880854362,112684.90774684535,0.9357758914520836,1.0425256380511883
2025-06-03,104753.38,94718.98698519751,1.1059385592496955,112794.74184915223,0.9287080078616922,1.0270939961782148
2025-06-04,101570.2,94776.8781160546,1.0716769956869328,112904.66466066513,0.8996103066712889,0.9640916707424871
2025-06-05,104397.99,94844.49533501186,1.10072798248589,113014.67623822053,0.9237560419139046,1.0168041243250434
2025-06-06,105619.02,94907.74124530704,1.1128599059902566,113124.77663868027,0.933650639040344,1.0390223623901802
2025-06-07,105784.4,94961.82300394659,1.113967662516374,113234.96591893159,0.9342026037764194,1.0406714908455281
2025-06-08,110301.15,95015.86043099113,1.160870927229148,113345.2441358917,0.9731431683870028,1.1296936122121308
2025-06-09,110300.24,95067.10848714616,1.1602355615445428,113455.61134650136,0.9721884946098908,1.1279676639708502
2025-06-10,108669.37,95117.31835945786,1.1424772257490228,113566.06760773138,0.9568823882795249,1.0932163363296907
2025-06-11,105721.05,95153.25525375045,1.1110607799813872,113676.61297657792,0.9300158337914494,1.0333041176873679
2025-06-12,106118.7,95216.05745867579,1.1145042425859315,113787.24751006348,0.9326062658349719,1.0393936399352992
2025-06-13,105465.42,95281.4746480102,1.1068827428375918,113897.97126523874,0.9259639906526383,1.0249335617424347
2025-06-14,105599.25,95327.13095694117,1.1077565110786634,114008.78429918169,0.9262378390325311,1.0260459969957172
2025-06-15,106853.38,95379.8612334069,1.1202928859218604,114119.68666899568,0.9363273166875089,1.048960831779321
2025-06-16,104590.44,95413.39152494629,1.0961819753850206,114230.67843181324,0.9156072732460597,1.0036721894637581
2025-06-17,104915.6,95453.4600189118,1.099128307965091,114341.75964479137,0.9175615306772065,1.008517852667097
2025-06-18,104671.9,95488.50273564298,1.0961728061626537,114452.93036511623,0.9145410228124892,1.0024949993272296
2025-06-19,103317.8,95524.26545102826,1.0815869613042688,114564.19065000037,0.9018332815324582,0.9754111185757487
2025-06-20,102160.03,95554.35024053771,1.0691300787754183,114675.54055668363,0.8908615516793901,0.9524468809249778
2025-06-21,100996.87,95565.11800652351,1.0568382282864517,114786.98014243128,0.8798634642594475,0.9298733447019342
2025-06-22,105419.39,95604.68046722676,1.102659299574122,114898.50946453684,0.91750006585192,1.011689979971489
2025-06-23,106141.0,95633.69386399825,1.109870336609023,115010.12858032309,0.9228839347472871,1.0242815033090311
2025-06-24,107400.22,95668.17559248813,1.1226326762777012,115121.83754713538,0.9329265610099922,1.0473338419571996
2025-06-25,107029.64,95695.08806704717,1.1184444485281362,115233.63642234926,0.9288055408380906,1.0388174009125355
2025-06-26,107113.38,95740.9532501954,1.1187833039439827,115345.5252633676,0.9286305624377609,1.038936368787477
2025-06-27,107352.2,95791.18613847723,1.1206897453468212,115457.50412761781,0.9297983774302029,1.0420155068261416
2025-06-28,108386.44,95824.04018905143,1.131098623958708,115569.5730725575,0.9378458111284382,1.0607961064528149
2025-06-29,107173.21,95857.09151281836,1.11805196995434,115681.7321556688,0.9264488696951808,1.0358179838246686
2025-06-30,105711.78,95876.91669061688,1.1025780098990774,115793.98143446213,0.9129298318482251,1.0065763571767155
2025-07-01,108888.32,95911.07882017209,1.1353049234714534,115906.32096647534,0.939451093711229,1.0665634520510001
2025-07-02,109628.83,95934.29851128321,1.1427490657797026,116018.75080927362,0.9449233786374912,1.0798103081713932
2025-07-03,108028.6,95942.94054317356,1.125967157024836,116131.27102044676,0.9302283446202863,1.047406564576023
2025-07-04,108246.65,95952.38265721756,1.1281288385167334,116243.88165761567,0.9312029885480709,1.0505169458940462
2025-07-05,109217.98,95993.97232141643,1.1377587296242482,116356.58277842589,0.9386489134695567,1.0679559953523037
2025-07-06,108269.84,96044.90380411112,1.1272835487536361,116469.3744405503,0.9295992231439725,1.0479219111843605
2025-07-07,108958.04,96096.97243277429,1.133834263886126,116582.25670168924,0.9346022549452092,1.0596840597621149
2025-07-08,111282.85,96161.85739643982,1.1572452218889857,116695.2296195705,0.9536195298024178,1.1035716443638692
2025-07-09,116031.3,96257.61485848007,1.2054246323326379,116808.29325194923,0.9933481328224418,1.1974063077858044
2025-07-10,117582.16,96361.50484875806,1.220219217046769,116921.44765660806,1.0056509079953613,1.227114563576472
2025-07-11,117472.65,96445.94986460583,1.2180153771611164,117034.69289135419,1.00374211353767,1.2225733289930814
2025-07-12,119130.81,96533.56767744744,1.234086886729991,117148.02901402707,1.0169254318887049,1.2549743402760833
2025-07-13,119863.71,96642.44935195602,1.240280133665445,117261.45608248687,1.0221918949708642,1.2678043001261978
2025-07-14,117781.64,96750.60956874203,1.2173736219854538,117374.97415462794,1.0034646725019623,1.221591422898161
2025-07-15,118681.68,96857.67104261088,1.225320397677,117488.58328836635,1.010155001262593,1.237763527862491
2025-07-16,119273.69,96975.31894094255,1.2299386204920557,117602.28354164759,1.0142123639781238,1.2474189558372402
2025-07-17,118023.05,97092.90834783546,1.2155681811196992,117716.07497244552,1.0026077579262334,1.2187380886788912
2025-07-18,117914.17,97206.35769051823,1.2130294026179902,117829.95763875966,1.0007146939787461,1.2138963474280833
2025-07-19,117312.7,97312.11532944048,1.2055302631419482,117943.93159861697,0.9946480366555428,1.1990783093629787
2025-07-20,117428.79,97405.63809780954,1.2055646089201149,118057.99691007286,0.9946703575654248,1.1991393806227921
2025-07-21,120026.42,97503.75178121187,1.2309928367610572,118172.15363120836,1.01569122937861,1.2503086277261009
2025-07-22,118810.44,97596.6306603889,1.2173621076472372,118286.40182013295,1.004430248716703,1.222755324562404
2025-07-23,118397.04,97687.22217995298,1.212001297179858,118400.74153498268,0.9999687372314169,1.2119634066637817
2025-07-24,117633.27,97755.56046684233,1.203340960230083,118515.17283392209,0.9925587347777156,1.1943865809921728
2025-07-25,117969.63,97851.5617760609,1.2055978244882846,118629.69577514229,0.9944359144577644,1.1988897750632985
2025-07-26,119465.52,97963.55106938319,1.2194894804843073,118744.31041686093,1.0060736348597017,1.2268962143040163
2025-07-27,118070.59,98082.92438481808,1.2037833368096,118859.01681732424,0.9933667058803289,1.195798287880183
2025-07-28,117933.39,98190.57720659969,1.2010662667952352,118973.8150348069,0.9912550082175433,1.190562952161925
2025-07-29,117830.15,98298.62490857087,1.1986958119668074,119088.70512760733,0.989431784263178,1.1860277360231173
2025-07-30,115761.13,98398.36365628726,1.176453811817056,119203.6871540534,0.9711203802814892,1.1424782731153869
2025-07-31,113248.73,98487.41433157376,1.149880223464187,119318.76117250255,0.9491276048053588,1.0913830623096146
2025-08-01,112542.74,98562.99687432582,1.1418356134554153,119433.92724133586,0.942301258942854,1.0759531360648238
2025-08-02,114215.73,98626.01331110709,1.158069014101954,119549.18541896397,0.9553869363452983,1.1064040074592858
2025-08-03,115051.85,98695.27057634569,1.165728097487728,119664.53576382513,0.9614531930084206,1.1207930015092074
2025-08-04,114112.95,98740.56706108991,1.1556845721718343,119779.9783343822,0.9526880167020741,1.10100684299557
2025-08-05,115028.83,98788.27912792702,1.164397548124531,119895.5131891296,0.9594089631907022,1.1171334443879521
2025-08-06,117515.49,98862.08247297598,1.1886811106990687,120011.14038658545,0.9792048439957629,1.1639623015627918
2025-08-07,116683.79,98927.88226899484,1.179483350131008,120126.85998529741,0.971338050576542,1.1456770580037423
2025-08-08,116492.51,98973.83829312488,1.177003054635419,120242.67204384276,0.9688117206637309,1.1402943545878077
2025-08-09,119309.37,99043.40915884146,1.2046169554670405,120358.57662081951,0.9912826601121666,1.1941159000315873
2025-08-10,118701.84,99109.26134801106,1.1976866579924534,120474.57377486023,0.9852854115244842,1.1800631916974786
2025-08-11,120113.18,99176.62953824164,1.2111036698790556,120590.66356462015,0.9960404599286056,1.2063082563675567
2025-08-12,123365.63,99257.85519072488,1.242880271419847,120706.84604878516,1.0220267867005677,1.2702569300527558
2025-08-13,118389.79,99329.10086048879,1.1918943086606875,120823.1212860668,0.9798603838390706,1.167890014779865
2025-08-14,117436.96,99398.81316515514,1.1814724568680086,120939.4893352043,0.9710389935127274,1.1472558253801204
2025-08-15,117455.68,99472.43200605299,1.1807862503336874,121055.95025496552,0.9702594523657638,1.1456690206097873
2025-08-16,117488.6,99534.31497038803,1.180382866300466,121172.50410414503,0.9695978544688753,1.1444966946167532
2025-08-17,116286.76,99586.3615874942,1.167697646005806,121289.15094156309,0.9587564847908513,1.1195376903830783
2025-08-18,112856.19,99634.73131532401,1.1326992958191728,121405.8908260716,0.9295775454724841,1.0529318311659979
2025-08-19,114276.0,99698.1327524301,1.1462200629551367,121522.7238165472,0.940367335515891,1.0778679065159786
2025-08-20,112480.3,99768.50302904118,1.1274129267756838,121639.64997189323,0.9247009509316276,1.0425198054820843
2025-08-21,116908.68,99839.22729547862,1.1709693991721668,121756.66935104372,0.9601829667575236,1.124344871679406
2025-08-22,115383.87,99921.82379468085,1.1547414330335937,121873.78201295742,0.9467489077161203,1.0932501904191023
2025-08-23,113478.0,100002.11000947398,1.1347560565397004,121990.98801662182,0.9302162548641553,1.0555685290987777
2025-08-24,110127.74,100067.84726467515,1.1005307200095638,122108.28742105211,0.9018858779032667,0.9925531145753396
2025-08-25,111788.01,100141.26250375654,1.116303182175345,122225.68028529224,0.9146032956337062,1.0209745693439642
2025-08-26,111253.21,100212.64454590986,1.1101713811078222,122343.16666840986,0.9093536895406077,1.0095384414327901
2025-08-27,112574.85,100290.00143370977,1.122493253471637,122460.74662950441,0.9192729351927486,1.0318776678529296
2025-08-28,108378.32,100343.34282025725,1.0800748405814586,122578.42022770106,0.8841549744129267,0.9549535430383455
2025-08-29,108827.93,100407.47062095496,1.0838628772039567,122696.18752215175,0.8869707543305047,0.9613546737844246
2025-08-30,108247.95,100458.11922499086,1.077543068047717,122814.04857203917,0.8813971305286372,0.9497433681982818
2025-08-31,109240.55,100519.77513264645,1.0867568083578139,122932.00343656978,0.8886258008181387,0.9657201391215268
2025-09-01,111247.94,100586.0477517282,1.105997725197316,123050.05217498085,0.9040868982469191,0.9999180528417899
2025-09-02,111756.41,100654.2055345869,1.110300452986022,123168.19484653439,0.9073479573135477,1.0074288480211737
2025-09-03,110720.79,100725.40100813664,1.0992340451546667,123286.43151052424,0.8980776606430401,0.987197539771689
2025-09-04,110670.02,100798.19147428677,1.0979365639534466,123404.76222626702,0.8968050989562508,0.9846351088839567
2025-09-05,110212.6,100869.86480507658,1.092621668651758,123523.18705311012,0.8922421986457726,0.9748831599258574
2025-09-06,111129.61,100940.39088637997,1.1009429329938811,123641.70605042779,0.8988035958892003,0.9895314670437033
2025-09-07,112072.57,101006.34796788238,1.1095596688203837,123760.3192776231,0.9055614162451798,1.0047744251055193
2025-09-08,111549.32,101081.36506597431,1.103559691019145,123879.02679412387,0.9004697799683657,0.9937221521539672
2025-09-09,113983.97,101165.1275664374,1.126712067111705,123997.82865938984,0.9192416611834636,1.0357206722472179
2025-09-10,115540.0,101257.48378988821,1.1410514628207469,124116.72493290452,0.9308979113206464,1.0622024234492013
2025-09-11,116106.03,101378.07554489738,1.1452775107037818,124235.71567418026,0.9345624112191608,1.0703333119184046
2025-09-12,115968.35,101514.70808461546,1.142379781098686,124354.8009427593,0.9325602961913823,1.065338027024437
2025-09-13,115314.13,101674.98069534764,1.1341445969438622,124473.98079820974,0.9264115219946314,1.0506846222167512
2025-09-14,115381.08,101832.70339907972,1.1330454377492518,124593.25530012748,0.9260620065031879,1.049270331541355
2025-09-15,116832.56,101999.02335617522,1.1454282223078436,124712.62450813633,0.9368142195770868,1.0730534461628924
2025-09-16,116484.4,102153.7670312725,1.140284919344584,124832.08848188794,0.933128664405073,1.0640325438292582
2025-09-17,117117.99,102264.69819164986,1.1452435891466108,124951.64728106087,0.9373064905383747,1.073444249354582
2025-09-18,115690.55,102415.49637672097,1.129619579974974,125071.30096536457,0.9249967746960405,1.044894468110347
2025-09-19,115752.4,102560.35090038713,1.1286271837391215,125191.04959453337,0.9246060351350747,1.0435355055026945
2025-09-20,115282.27,102683.95324395437,1.122690219435892,125310.89322832949,0.9199700603038853,1.0328413888770198
2025-09-21,112736.59,102800.10981541475,1.0966582642997846,125430.831926543,0.8987948837493382,0.985670837174076
2025-09-22,112017.21,102931.54230880363,1.0882690328678704,125550.86574899404,0.8922057950914412,0.9709599377432719
2025-09-23,113348.17,103072.50902944054,1.099693517382258,125670.9947555285,0.901943763718108,0.9918617100041583
2025-09-24,109035.72,103227.72271599187,1.056263929215871,125791.2190060203,0.8667991363910832,0.9155686616453693
2025-09-25,109697.29,103400.28632527724,1.0608992866316986,125911.5385603712,0.8712250779733193,0.9242820637175404
2025-09-26,109681.16,103545.02775238302,1.0592605205755596,126031.95347851099,0.8702646985369559,0.9218370376107884
2025-09-27,112197.67,103697.0958162789,1.0819750458468156,126152.46382039937,0.8893815198071239,0.9622886106686234
2025-09-28,114365.07,103875.62928740052,1.1009807669475347,126273.06964601994,0.9056964428012916,0.99715436421702
2025-09-29,114067.71,104034.78868847628,1.0964381380306014,126393.7710153863,0.9024788886638583,0.9895122722985272
2025-09-30,118659.97,104212.45993461604,1.1386351504843901,126514.56798854102,0.9379154660730261,1.067943517853697
2025-10-01,120621.32,104410.1817865925,1.1552639592807339,126635.46062555263,0.9525082421950058,1.1003984431257348
2025-10-02,122318.4,104606.48756008623,1.1693194452183475,126756.4489865186,0.964987588229214,1.1283787513107757
2025-10-03,122458.56,104812.01504232307,1.168363760114251,126877.53313156444,0.9651713504944786,1.1276712282182786
2025-10-04,123520.79,104996.59679956204,1.1764266058622885,126998.71312084157,0.9726145010813435,1.144209576319568
2025-10-05,124720.09,105203.15685519711,1.1855166111760906,127119.98901453351,0.9811209941635605,1.1631352361545013
2025-10-06,121393.95,105396.63846353741,1.151781990105851,127241.36087284873,0.9540447317386679,1.0988515397719656
2025-10-07,123343.25,105600.20679642145,1.1680209134228685,127362.82875602158,0.968439938125734,1.1311581011248062
2025-10-08,121714.51,105783.18592815066,1.1506035570026232,127484.39272431967,0.9547404776300984,1.0985277895755745
2025-10-09,112980.28,105918.30681704154,1.0666737733558844,127606.05283803547,0.8853833927721336,0.9444152444348869
2025-10-10,110768.89,106043.6991448326,1.044558902539922,127727.80915748843,0.8672261015878063,0.9058687449285339
2025-10-11,115067.98,106192.5116102028,1.0835790420173512,127849.66174302921,0.90002568979244,0.9752489747362979
2025-10-12,115274.03,106340.70429957952,1.084006644109238,127971.61065503232,0.9007781445428498,0.9764494935528407
2025-10-13,113068.0,106496.41466777783,1.0617071039689236,128093.65595390444,0.8826978913045347,0.9371666218564133
2025-10-14,110804.12,106652.83983923012,1.038923296998257,128215.7977000783,0.8642002154772876,0.8978377371302677
2025-10-15,108198.0,106798.31768562959,1.0131058460910451,128338.03595401357,0.8430704054000779,0.8541195563771664
2025-10-16,106463.3,106934.35109333864,0.9955949506540935,128460.37077620014,0.8287637608136537,0.8251130155511704
2025-10-17,107208.91,107057.46365090071,1.0014146267241408,128582.80222715382,0.8337733207167566,0.8349527987381181
2025-10-18,108676.78,107205.14419005143,1.013727287259086,128705.33036742064,0.8443844531516739,0.8559755610971931
2025-10-19,110568.06,107357.85535204971,1.0299019073865003,128827.95525757363,0.8582613903863838,0.8839250429951265
2025-10-20,108362.27,107495.538391852,1.0080629542501431,128950.67695821184,0.8403388997726333,0.8471145138761157
2025-10-21,107585.98,107631.85635798142,0.9995737659877496,129073.4955299677,0.833524958460749,0.8331696817733935
2025-10-22,110116.03,107815.03133522822,1.0213420952187762,129196.41103349533,0.8523149297967064,0.8705051161848123
2025-10-23,111042.13,107997.76598477515,1.0281891387980566,129319.42352948233,0.8586655196052938,0.8828705611185529
2025-10-24,111666.21,108203.95492536826,1.0319974910068654,129442.53307864016,0.8626701544241219,0.8902734349321989
2025-10-25,114548.09,108381.03944234522,1.0569015631275194,129565.73974171157,0.8840924323694739,0.9343986737205077
2025-10-26,114087.06,108576.5977741808,1.0507518409932124,129689.04357946532,0.8796969801854896,0.9243432214460726
2025-10-27,112906.75,108741.2965353505,1.0383060860718665,129812.44465270043,0.8697683053583203,0.9030857249259575
2025-10-28,110032.13,108879.99629233243,1.010581683935534,129935.9430222409,0.8468182662988485,0.8557790295436597
2025-10-29,108308.18,109020.1859947808,0.9934690443949996,130059.53874894202,0.8327584507974509,0.8273197423256039
2025-10-30,109555.27,109161.24510230977,1.0036095676384136,130183.23189368518,0.8415467061800163,0.8445843259368572
2025-10-31,110052.25,109311.20215039128,1.0067792489244531,130307.02251738196,0.84456115928303,0.8502866496137343
2025-11-01,110536.01,109461.16112278833,1.009819454372551,130430.91068096795,0.8474679002308695,0.855789572609388
2025-11-02,106557.98,109585.18816742799,0.9723757542597553,130554.89644541325,0.8161929035312231,0.7936461901926327
2025-11-03,101468.15,109685.71855667773,0.9250807792955152,130678.97987170974,0.7764687947488829,0.718296357744946
2025-11-04,100291.85,109776.00034733106,0.9136045190449349,130803.16102088285,0.766738733355139,0.7004959717200443
2025-11-05,103472.0,109882.84548150853,0.9416574493187168,130927.43995398191,0.7903003376249327,0.7441922001236148
2025-11-06,101447.93,109963.99901199341,0.9225558447445641,131051.81673208662,0.774105483843793,0.7141555385689099
2025-11-07,102882.15,110016.6509981468,0.9351507164286705,131176.29141630483,0.7843044569196599,0.7334428747866193
2025-11-08,101838.43,110062.23633960387,0.9252803994075787,131300.86406777267,0.7756112705201601,0.7176579061719133
2025-11-09,106496.49,110130.81747592987,0.9669999046658835,131425.53474765335,0.8103181029811373,0.7835775283317993
2025-11-10,106071.01,110193.22533907034,0.9625910274757267,131550.30351713943,0.8063152053935034,0.776151782029034
2025-11-11,102734.93,110238.29835428031,0.9319350129102479,131675.17043745168,0.780214900491062,0.7271095833619057
2025-11-12,101945.44,110284.32146655144,0.9243874255591211,131800.1355698391,0.7734850920997763,0.714999892994472
2025-11-13,98906.39,110306.29722823766,0.896652253636528,131925.19897557897,0.7497156780359212,0.6722342522975464
2025-11-14,94829.23,110309.55303680092,0.8596647107106267,132050.36071597566,0.7181292764808586,0.6173503967187489
2025-11-15,95095.36,110314.8730437828,0.8620357108352711,132175.620852363,0.7194621775691845,0.620202089659944
2025-11-16,95197.96,110307.23768651333,0.8630255094461435,132300.97944610298,0.7195559730438876,0.6209951602112167
2025-11-17,91855.7,110277.58654177938,0.83294985754154,132426.43655858483,0.6936356696373346,0.5777637322101485
2025-11-18,92184.51,110256.02356161954,0.8360949998208507,132551.9922512282,0.6954592566611977,0.581470007073553
2025-11-19,91783.66,110241.27462477775,0.8325707436928598,132677.64658547993,0.6917793792857695,0.575955272283338
2025-11-20,87214.0,110195.69487863134,0.791446526981447,132803.39962281517,0.6567151160866588,0.5197548978430039
2025-11-21,84826.0,110122.74223534783,0.7702859398353419,132929.25142473629,0.6381289226474577,0.4915417369176111
2025-11-22,85133.92,110050.58786595638,0.7735889616845543,133055.20205277498,0.639839094500285,0.49497246075966084
2025-11-23,86499.25,109953.20798302721,0.7866914625478899,133181.25156849352,0.6494851864003881,0.5109444511925102
2025-11-24,87981.12,109866.66483088437,0.8007990425069117,133307.40003347804,0.6599867672605192,0.5285167712894557
2025-11-25,87366.12,109766.65020558986,0.7959259013221748,133433.64750934634,0.6547532922224917,0.521135104255848
2025-11-26,90635.53,109690.46183494627,0.8262845144765762,133559.99405774454,0.6786128633759434,0.5607273003321506
2025-11-27,91094.0,109624.1764792699,0.8309663335735619,133686.43974034482,0.6814004485191554,0.5662208324013431
2025-11-28,90919.78,109549.83664649201,0.8299398956968816,133812.98461884892,0.679454092283904,0.5639060584809227
2025-11-29,90946.75,109478.79701128548,0.8307247840020098,133939.62875498793,0.6790130064222172,0.5640729330946517
2025-11-30,87446.89,109385.06660183161,0.799440844318467,134066.37221052134,0.6522656543781475,0.5214478054560037
2025-12-01,86628.25,109287.78674885935,0.7926617655737653,134193.21504723583,0.6455486588461792,0.5117017396847887
2025-12-02,91532.75,109222.45507204057,0.8380396681216069,134320.15732694656,0.6814520755600486,0.5710838712431233
2025-12-03,93150.03,109149.4728108874,0.8534171315824121,134447.19911149694,0.6928372670876599,0.5912791931313482
2025-12-04,92353.31,109076.26351764979,0.8466856768068167,134574.34046276216,0.6862624010076789,0.5810485454642577
2025-12-05,89347.18,108978.57095492723,0.8198600809048355,134701.58144264025,0.6632971865890569,0.543810885060854
2025-12-06,89480.46,108867.61923309656,0.8219198750770265,134828.92211306197,0.6636592401514965,0.5454747197590323
2025-12-07,90435.42,108752.61653433475,0.8315700613184626,134956.36253598437,0.6701086062236344,0.5572422547674172
2025-12-08,90338.37,108658.94353038441,0.8313937819093427,135083.90277339506,0.6687574769848317,0.5560008079705694
2025-12-09,92243.57,108574.33686754637,0.8495890710576585,135211.54288730785,0.6822166808412242,0.5796038361359348
2025-12-10,91194.97,108477.31768966564,0.8406823835826457,135339.2829397672,0.6738248350302429,0.5664726684304077
2025-12-11,91784.59,108381.81606001277,0.8468633700433418,135467.12299284377,0.6775414430617873,0.5737850298153342
2025-12-12,90350.0,108280.27779370346,0.8344086461630217,135595.06310863886,0.6663221943973839,0.5559850001354949
2025-12-13,90326.01,108184.475302434,0.8349258037947686,135723.10334927993,0.6655168336929956,0.5556571773100737
2025-12-14,88460.01,108088.85649293881,0.818400831225177,135851.24377692633,0.6511534789129733,0.5329045483975431
2025-12-15,85950.0,107985.71064633816,0.7959386430441072,135979.4844537613,0.6320806432328149,0.5030974094691731
2025-12-16,87599.87,107889.75267655392,0.8119387414170686,136107.82544200105,0.6436064180404417,0.5225689850317039
2025-12-17,86064.34,107778.95814439209,0.798526368056918,136236.26680388907,0.6317285552450499,0.5044519088176738
2025-12-18,85352.25,107662.75154288241,0.7927741839851077,136364.8086016952,0.6259111194098721,0.4962061769373666
2025-12-19,88016.09,107565.52400829042,0.8182555778114957,136493.45089772096,0.6448374586554585,0.5276418473266187
2025-12-20,88322.39,107473.80157927769,0.821803906646489,136622.19375429532,0.6464717596237778,0.5312730175954505
2025-12-21,88716.0,107401.11480802573,0.8260249454447055,136751.0372337746,0.6487409660252949,0.5358762210687897
2025-12-22,88837.97,107314.47907083853,0.8278283673292386,136879.98139854474,0.6490209093566146,0.537277919755224
2025-12-23,87594.74,107214.12392871147,0.8170074687010759,137009.02631102013,0.6393355413033429,0.5223419122508763
2025-12-24,87516.0,107112.5430480291,0.8170471684231972,137138.17203364483,0.6381593009605614,0.5214062498527536
2025-12-25,87159.35,106986.50493355647,0.814676113161468,137267.41862888917,0.6349602175855046,0.5172869220747189
2025-12-26,87280.65,106861.36261209066,0.8167652729343428,137396.7661592553,0.6352453004522233,0.5188463012041187
2025-12-27,87844.66,106747.75464458489,0.8229181053266885,137526.21468726947,0.6387484756979326,0.525637685401653
2025-12-28,88029.48,106650.05459199031,0.8254049220769103,137655.76427549205,0.639489965882036,0.5278381654578279
2025-12-29,87055.23,106544.51500920056,0.8170784764704444,137785.41498650855,0.6318174533097289,0.5162444421577495
2025-12-30,88185.26,106449.23050746783,0.82842552810951,137915.1668829331,0.6394166935595599,0.5297091120441151
2025-12-31,87696.0,106350.39839720789,0.8245949363768661,138045.02002740937,0.6352710150832506,0.5238412622646401
2026-01-01,88642.88,106251.09123825999,0.8342773609846988,138174.97448260972,0.6415262990416281,0.5352108677667302
2026-01-02,90112.01,106171.96434430678,0.8487363924790381,138305.0303112361,0.6515454267803241,0.5529903150617476
2026-01-03,91351.98,106098.49952445587,0.8610110454855512,138435.18757601685,0.6598898849314395,0.5681724797301588
2026-01-04,92392.38,106032.32203500706,0.871360526929668,138565.44633971102,0.6667779193197141,0.5810039591234938
2026-01-05,93891.94,105981.61618442005,0.8859266670987292,138695.80666510755,0.6769630766610689,0.5997396422552423
2026-01-06,92771.99,105930.54760918501,0.875781274559898,138826.26861501814,0.6682596235246215,0.5852492648273107
2026-01-07,91377.92,105877.55023110988,0.86305283604069,138956.83225228998,0.6575993315254501,0.5675429680515017
2026-01-08,91246.53,105801.14395209879,0.8624342477933097,139087.49763979652,0.6560368943893632,0.5657886855373494
2026-01-09,90476.01,105716.70409298745,0.8558345701017894,139218.2648404387,0.6498860627497165,0.5561949591285482
2026-01-10,90509.91,105626.30060497855,0.856888004991192,139349.1339171473,0.6495189991910133,0.556565039420663
2026-01-11,91538.05,105543.75894589657,0.8672995060458656,139480.10493288268,0.6562803350631818,0.5691916104279128
2026-01-12,91293.98,105459.46155453907,0.8656784195013806,139611.17795063282,0.6539159782197524,0.5660809505119745
2026-01-13,95222.7,105396.25931523388,0.9034732410682111,139742.35303341426,0.6814161772217402,0.6156412821508361
2026-01-14,96852.91,105336.98555880542,0.9194577715149339,139873.63024427454,0.6924315171548534,0.6366615396899062
2026-01-15,95569.99,105276.65136040442,0.9077985361903791,140005.00964628631,0.6826183594533615,0.6196799474884396
2026-01-16,95467.76,105223.0119766558,0.9072897478089673,140136.49130255322,0.681248396564219,0.6180896859140136
2026-01-17,95015.57,105151.336388691,0.9036078214809918,140268.0752762087,0.6773855691175645,0.6120908984129844
2026-01-18,92624.74,105062.76052384257,0.881613423616259,140399.76163041254,0.6597214904383156,0.5816193218185446
2026-01-19,92572.21,104981.6796885803,0.8817939499025735,140531.55042835666,0.658729016493656,0.5808632613693785
2026-01-20,88916.02,104878.47042745638,0.8478005031690705,140663.4417332582,0.6321188995831094,0.5359107211292393
2026-01-21,89936.47,104776.66076658829,0.8583635834735381,140795.4356083664,0.6387740455604356,0.5483003787771447
2026-01-22,89522.33,104677.09769546858,0.8552236541792788,140927.53211695462,0.6352366259114375,0.5432693884804951
2026-01-23,89365.99,104573.4022223714,0.8545766715131501,141059.73132233068,0.6335329662282774,0.5414024935732142
2026-01-24,89155.13,104457.54825539852,0.8535058642388951,141192.0332878299,0.6314458962302143,0.5389427753820727
2026-01-25,86978.89,104307.13617761861,0.8338728603562527,141324.43807681286,0.6154554101444586,0.5132115632788904
2026-01-26,88136.48,104156.91138183592,0.8461894542638123,141456.94575267116,0.6230622295076359,0.5272286879594607
2026-01-27,89296.0,104014.18469677167,0.8584982929041938,141589.55637882862,0.6306679834569502,0.541427387187122
2026-01-28,88963.96,103862.43957479042,0.8565556553862559,141722.27001873308,0.6277345119312625,0.537689546275854
2026-01-29,83943.96,103677.62213022621,0.8096632453101656,141855.08673586466,0.5917585469198179,0.47912514553912766
2026-01-30,83986.02,103502.4607115774,0.8114398384598565,141988.0065937287,0.5915008035876566,0.47996731651204333
2026-01-31,78727.3,103290.26303359722,0.7621947866895487,142121.0296558639,0.553945465992138,0.42221434628952026
2026-02-01,77831.33,103070.03709758914,0.755130513112239,142254.1559858343,0.54712868991856,0.4131535683566293
2026-02-02,78938.16,102862.96371822854,0.767410904241827,142387.3856472361,0.5543901212960594,0.42544502428654507
2026-02-03,76313.98,102639.42814741746,0.7435152492314441,142520.7187036908,0.5354588490299532,0.39812181958968784
2026-02-04,72853.79,102395.23788923334,0.7114958810761299,142654.1552188522,0.5107021936250766,0.3633625072207862
2026-02-05,63845.99,102083.7357153859,0.625427640873229,142787.69525640042,0.44713929926071916,0.2796532770783403
2026-02-06,69936.2,101808.41598402691,0.6869392802553036,142921.33888004688,0.48933350714477336,0.33614240720283406
2026-02-07,69199.99,101533.63568344321,0.6815474451811071,143055.0861535328,0.4837296726781992,0.32968472257211984
2026-02-08,70477.92,101270.62696662544,0.6959364438735683,143188.93714062235,0.49220227070185846,0.34254149793874683
2026-02-09,69986.8,101008.03641196787,0.6928834822068441,143322.8919051145,0.4883155724092846,0.33834579422677347
2026-02-10,69219.0,100739.1318927522,0.6871113409403923,143456.950510838,0.48250711975625454,0.3315361140690065
2026-02-11,67479.13,100451.82665652173,0.6717561267525143,143591.11302164587,0.4699394592047473,0.3156847109235522
2026-02-12,66001.99,100160.1381821788,0.6589646459947032,143725.3795014222,0.45922293076531345,0.30261167600441485
2026-02-13,68970.18,99891.84575847721,0.6904485493916996,143859.75001408346,0.47942652474544134,0.3310193485503938
2026-02-14,69801.43,99630.6760722104,0.7006017900491738,143994.22462356792,0.4847515946037145,0.3396178349085538
2026-02-15,68913.72,99372.63183317705,0.6934879224663155,144128.8033938509,0.4781398192260308,0.33158418988347976
2026-02-16,68810.28,99125.38610621102,0.6941741435061958,144263.48638893064,0.47697641116539535,0.3311046916933974
2026-02-17,67191.37,98870.07691726036,0.6795925733549215,144398.27367283902,0.46531975965470657,0.31622785289663563
2026-02-18,66533.36,98603.2976829512,0.6747579600626664,144533.16530963313,0.46033282297156997,0.31061323657818507
2026-02-19,67214.29,98338.65855448326,0.6834981378433262,144668.16136340136,0.46461010748011133,0.31756014328584375
2026-02-20,67885.32,98083.61962351836,0.6921167903526528,144803.26189826216,0.46881070985607903,0.3244717637885382
2026-02-21,67969.48,97825.93796619381,0.6948001870780788,144938.46697835927,0.46895404247754674,0.3258293564444208
2026-02-22,66238.9,97545.92034254562,0.6790535141540844,145073.77666787,0.4565876860822784,0.3100474727536531
2026-02-23,64743.99,97259.05719350661,0.6656859717567009,145209.19103099706,0.4458670249473357,0.29680742377633634
2026-02-24,64290.01,96970.42136598444,0.6629857753980208,145344.71013197562,0.44232782838552237,0.29325705828229826
2026-02-25,68448.27,96701.39125425999,0.7078312846609086,145480.33403506846,0.47049843852778306,0.33303351417407223
2026-02-26,67068.86,96425.75316279964,0.6955492469606624,145616.062804565,0.46058696209919375,0.3203609146479934
2026-02-27,65950.0,96137.13166123506,0.6859992477453196,145751.8965047907,0.4524812478020298,0.310401795611056
2026-02-28,66680.36,95841.84802198358,0.6957332457185643,145887.83520009147,0.4570659363650506,0.3179959674146514
2026-03-01,66474.29,95565.66285687449,0.6955875992777482,146023.87895484825,0.45522890143573286,0.31665157867152804
2026-03-02,69016.92,95312.01044425754,0.7241156668326075,146160.02783346965,0.4722010595033261,0.34192818508131473
2026-03-03,68222.81,95053.4552261961,0.7177309845039515,146296.28190039322,0.466333177533862,0.33470177061823475
2026-03-04,72776.66,94826.10019707664,0.7674749868311427,146432.64122008785,0.4969975231862197,0.3814331675624545
2026-03-05,70955.49,94592.16571248598,0.7501201549361928,146569.1058570466,0.48410945529820654,0.3631402596143666
2026-03-06,68350.0,94355.28582230088,0.7243897297786095,146705.67587579624,0.46589881128979893,0.33749231401439284
2026-03-07,67193.87,94105.08854317461,0.7140301448116912,146842.3513408937,0.45759189625076074,0.3267344079445871
2026-03-08,66055.14,93854.96637027504,0.7038001562900824,146979.132316919,0.44941849199089534,0.3163008049028453
2026-03-09,68480.54,93604.31307688105,0.7315959889984356,147116.01886848808,0.4654866310732418,0.3405481522255782
2026-03-10,69847.95,93369.68708428176,0.7480795125397661,147253.01106024132,0.4743397061770448,0.35484381617517957
2026-03-11,70210.72,93145.81823572503,0.7537721105451781,147390.10895685272,0.47635978083545366,0.3590667173791784
2026-03-12,70500.54,92938.32492090654,0.758573387889207,147527.31262301936,0.4778812732809143,0.36250801648151115
2026-03-13,70838.78,92726.57525280748,0.7639533737428226,147664.62212347685,0.47972749993403807,0.3664894420518181
2026-03-14,71118.53,92519.349590448,0.7686881751203157,147802.03752298144,0.4811742191912742,0.36987293246508335
2026-03-15,72953.27,92318.89294871109,0.7902312047928273,147939.55888632082,0.4931288868858835,0.38968583440197757
2026-03-16,74758.54,92147.63214738222,0.8112909497276082,148077.18627831645,0.5048619701585132,0.40958994725125153
2026-03-17,73845.35,91969.13331468355,0.8029362389153889,148214.91976381402,0.4982315553499966,0.40004817116169067
2026-03-18,71204.95,91776.72295128182,0.7758497766127256,148352.75940768945,0.4799705127447012,0.3723850150936718
2026-03-19,69858.95,91571.79708999122,0.7628871794592701,148490.70527485135,0.4704600861763934,0.3589079681912739
2026-03-20,70560.99,91363.57832372545,0.7723098339032175,148628.75743023248,0.4747465512057577,0.36665143010784407
2026-03-21,68398.68,91139.57039138737,0.750482800240011,148766.91593880075,0.4597707734167025,0.3450500575022825
2026-03-22,67977.71,90917.53739879867,0.7476853415180406,148905.18086554707,0.45651675519188295,0.34133088601435074
2026-03-23,70906.0,90715.38098642048,0.7816315075677649,149043.55227549616,0.47574013714417795,0.37185348060649903
2026-03-24,70555.44,90513.30544677378,0.7795035177617066,149182.03023370192,0.4729486513186005,0.3686651374235039
2026-03-25,71277.56,90312.53657402091,0.7892321786530745,149320.6148052461,0.4773457442092972,0.37673662167307687
2026-03-26,68762.2,90092.22078663157,0.7632423687595827,149459.30605523943,0.46007305811112104,0.3511472506751972
2026-03-27,66390.02,89858.77046023059,0.7388262677084224,149598.1040488243,0.443789180498787,0.3278831038772982
2026-03-28,66392.04,89616.26364797585,0.7408481150340793,149737.00885117202,0.44339098603197674,0.32848537622489177
2026-03-29,65862.79,89364.77614422695,0.7370106303819661,149876.02052748075,0.4394484839415897,0.32387820417019036
2026-03-30,66683.77,89117.336630507,0.748269332559615,150015.13914298004,0.44451360296672077,0.33261589700557787
2026-03-31,68133.96,88880.66993435752,0.7665779302779793,150154.36476292985,0.4537594368806583,0.3478419699680764
2026-04-01,68100.65,88646.9225012358,0.7682235105121741,150293.69745261798,0.45311713767285283,0.3480952381762671
2026-04-02,66959.99,88406.06635354293,0.7574139735187588,150433.13727736266,0.4451146284115702,0.3371360393765332
2026-04-03,66911.51,88160.0345411681,0.7589778106172851,150572.68430250994,0.4443801364766174,0.3372746630648334
2026-04-04,67284.16,87918.44071238667,0.7653020169012217,150712.33859343623,0.4464409525321395,0.34166216140014893
2026-04-05,69279.05,87687.940200469,0.7900636032915899,150852.10021555083,0.45925147811006917,0.36283787761263
2026-04-06,68909.06,87461.06487757943,0.7878827006789026,150991.96923428602,0.45637566255644735,0.35957048953909726
2026-04-07,71872.04,87252.90807930798,0.8237208544920057,151131.94571510685,0.47555822602511366,0.39172722830210904
2026-04-08,71015.98,87041.80298600167,0.8158836049320004,151272.0297235101,0.4694587633272364,0.3830237081903444
2026-04-09,71798.73,86845.66355057948,0.8267393795452314,151412.22132502036,0.4741937564331572,0.39203465197777093
2026-04-10,72905.26,86659.36618364397,0.8412854052671352,151552.52058518908,0.48105607032130665,0.404705451076476
2026-04-11,72997.99,86468.91116419395,0.8442108153922014,151692.9275695992,0.4812221055362474,0.4062529060995074
2026-04-12,70661.26,86281.57281255117,0.8189611952660311,151833.44234386669,0.4653866691632336,0.38113362283879876
2026-04-13,74505.1,86114.84092983269,0.8651830415701235,151974.06497363164,0.49024878036214314,0.4241549309197624
2026-04-14,74386.01,85947.80698361313,0.8654788599106721,152114.79552456585,0.4890123261414567,0.4232298305111737
2026-04-15,74725.02,85773.31809578442,0.8711919004526956,152255.63406237162,0.49078656734232146,0.4275692823196119
2026-04-16,75124.72,85593.27783109776,0.8776941589764153,152396.58065277914,0.49295541722923825,0.43266409033788417
2026-04-17,75736.82,85418.19302070486,0.8866591216890043,152537.63536155035,0.49651235133208793,0.4402372053398514
2026-04-18,73823.14,85215.74031545469,0.8663087327143887,152678.79825447386,0.48351926294937814,0.418876959928671
2026-04-19,74201.44,85008.97165360255,0.8728659876319708,152820.06939737135,0.4855477444330773,0.42381811148705373
2026-04-20,75854.66,84806.1240775287,0.8944479048547793,152961.44885608988,0.49590704433877353,0.44356301681154214
2026-04-21,76434.02,84606.49477669253,0.9034060588579792,153102.93669651076,0.499232879846791,0.4510100084347085
2026-04-22,78416.36,84414.49677260127,0.9289442334915617,153244.53298454214,0.5117073899654867,0.47534762914345674
2026-04-23,78281.09,84218.13854207128,0.929503921069148,153386.23778612132,0.5103527613028332,0.47437489275945044
2026-04-24,77490.01,84029.32626162986,0.9221781662122418,153528.05116721737,0.50472867603589,0.4654497649015097
2026-04-25,77650.51,83835.12689934627,0.9262288120972058,153669.97319382615,0.5053069795363229,0.4680298834003554
2026-04-26,78818.4,83653.17950439401,0.9422044740793138,153812.0039319778,0.5124333471063601,0.4828169923110505
2026-04-27,77302.47,83494.60336577565,0.9258379210612097,153954.14344772793,0.5021136051869012,0.46487581636278963
2026-04-28,76361.99,83339.46403607618,0.9162764709759142,154096.3918071615,0.4955469047942441,0.45405796912790736
2026-04-29,75794.4,83165.67491284708,0.9113663789709905,154238.74907639777,0.491409587110029,0.44785417599609667
2026-04-30,76442.08,82995.03671458898,0.9210439928218371,154381.21532158143,0.4951514330339251,0.4560562529330209
2026-05-01,78285.16,82842.6189543953,0.9449865418076152,154523.79060888782,0.5066220527695057,0.47875102165013034
2026-05-02,78705.06,82701.05576000799,0.9516814419926626,154666.47500452286,0.5088695530023456,0.4842817099874339
2026-05-03,78496.31,82568.46366224553,0.9506814892559576,154809.2685747217,0.5070517464664089,0.4820447094605199
2026-05-04,79926.19,82450.18790846344,0.9693876027151619,154952.17138574886,0.5158120036990389,0.5000217617175156
2026-05-05,81028.26,82334.84607502092,0.9841308250721644,155095.18350389943,0.5224421427501181,0.5141514169971433
2026-05-06,81476.51,82216.34315871476,0.9910013857307354,155238.30499549914,0.5248479748755455,0.5201250703996357
2026-05-07,80047.2,82083.66485269982,0.9751903761076667,155381.5359268992,0.515165457224332,0.5023843959882744
2026-05-08,80150.27,81959.98551193895,0.9779195237696164,155524.87636448527,0.5153533754443327,0.5039741274875862
2026-05-09,80645.62,81841.95564908908,0.985382367276039,155668.326374671,0.5180605578420476,0.5104877388787422
2026-05-10,82103.78,81721.91999781554,1.0046726753629218,155811.88602390088,0.5269416993476712,0.5294039268439092
2026-05-11,81734.25,81596.80295800084,1.0016844660209285,155955.55537864595,0.5240868130766914,0.5249696195053357
2026-05-12,80414.77,81462.96504375013,0.9871328640789445,156099.3345054106,0.5151512673310771,0.5085227459544241
2026-05-13,79371.63,81313.67703772991,0.9761166004480551,156243.22347072855,0.5080004638720854,0.49586768582085505
2026-05-14,79142.38,81165.12541841426,0.975078638664244,156387.22234116038,0.5060667925116674,0.49345491911545714
2026-05-15,79026.0,81020.46185518957,0.975383232710345,156531.33118329983,0.5048573943797854,0.49242943738787665
2026-05-16,78183.58,80882.15141555277,0.966635761186814,156675.55006377006,0.4990158321970322,0.4823665488000497
2026-05-17,77269.08,80745.70246341766,0.956943560370996,156819.87904922236,0.4927250324925127,0.4715100468772998
2026-05-18,76952.14,80603.21305437348,0.9547031325921147,156964.31820633868,0.4902524400408121,0.4680455402678912
2026-05-19,76799.23,80458.35406269084,0.9545215148219444,157108.86760183168,0.4888281048186017,0.4665969430989919
2026-05-20,77494.61,80315.61376060909,0.9648760231227586,157253.5273024434,0.49280045624004193,0.47549134440997265
2026-05-21,77451.06,80187.59522564367,0.9658733346729852,157398.29737494406,0.4920705070621005,0.4752777815502977
2026-05-22,75478.44,80069.04623666123,0.9426669049723321,157543.17788613716,0.4790968483227584,0.45162874319041346
2026-05-23,76627.99,79961.37697572321,0.9583125366045755,157688.16890285173,0.485946349261046,0.46568847861408597
2026-05-24,77078.18,79843.72815367073,0.9653629882068127,157833.27049195144,0.48835191566236047,0.4714368646003377
2026-05-25,77196.83,79734.74115549582,0.9681705725921091,157978.48272032678,0.48865407915496606,0.47310049961493333
2026-05-26,75834.53,79613.22623208386,0.9525368282266513,158123.8056548978,0.4795895828962492,0.4568267401425359
2026-05-27,74422.7,79488.47996559381,0.9362702624608432,158269.2393626177,0.47022845563493765,0.44026091957388
2026-05-28,74025.1,79344.05842184633,0.9329633683020451,158414.78391046802,0.4672865636191954,0.4359612463564524
2026-05-29,73897.41,79200.80089499525,0.9330386708838146,158560.4393654558,0.46605200071171976,0.43484453930680567
2026-05-30,73758.31,79069.69024003806,0.9328265960836081,158706.20579462664,0.4647474850192484,0.4335288144889231
2026-05-31,73688.35,78941.46695767228,0.9334555442136774,158852.08326505046,0.4638802871539829,0.43301162589531805
2026-06-01,71319.7734375,78812.50302484834,0.9049296837459153,158998.07184382534,0.4485574737507088,0.40591297286309563
2026-06-02,66703.65625,78673.9866346394,0.8478489409691491,159144.17159808535,0.4191397999699193,0.35536723552251703
2026-06-03,64014.3671875,78518.45551893262,0.8152779720949128,159290.3825949902,0.4018721415859874,0.3276375046336635
2026-06-04,63801.57421875,78361.50476062506,0.8141953681676732,159436.70490173163,0.4001686704330344,0.32581547795239274
2026-06-05,60714.25,78199.44840530543,0.7764025352879708,159583.1385855284,0.38045529457650235,0.2953864552729282
