date,value,ma30
2009-01-03,2.0,
2009-01-09,14.0,
2009-01-10,60.0,
2009-01-11,93.0,
2009-01-12,102.0,
2009-01-13,123.0,
2009-01-14,130.0,74.85714285714286
2009-01-15,134.0,82.25
2009-01-16,110.0,85.33333333333333
2009-01-17,109.0,87.7
2009-01-18,108.0,89.54545454545455
2009-01-19,117.0,91.83333333333333
2009-01-20,115.0,93.61538461538461
2009-01-21,105.0,94.42857142857143
2009-01-22,90.0,94.13333333333334
2009-01-23,86.0,93.625
2009-01-24,202.0,100.0
2009-01-25,192.0,105.11111111111111
2009-01-26,97.0,104.6842105263158
2009-01-27,98.0,104.35
2009-01-28,112.0,104.71428571428571
2009-01-29,122.0,105.5
2009-01-30,117.0,106.0
2009-01-31,139.0,107.375
2009-02-01,114.0,107.64
2009-02-02,129.0,108.46153846153847
2009-02-03,153.0,110.11111111111111
2009-02-04,119.0,110.42857142857143
2009-02-05,126.0,110.96551724137932
2009-02-06,122.0,111.33333333333333
2009-02-07,134.0,115.73333333333333
2009-02-08,133.0,119.7
2009-02-09,135.0,122.2
2009-02-10,120.0,123.1
2009-02-11,135.0,124.2
2009-02-12,119.0,124.06666666666666
2009-02-14,136.0,124.26666666666667
2009-02-15,131.0,124.16666666666667
2009-02-16,123.0,124.6
2009-02-17,117.0,124.86666666666666
2009-02-18,118.0,125.2
2009-02-19,125.0,125.46666666666667
2009-02-20,122.0,125.7
2009-02-21,114.0,126.0
2009-02-22,125.0,127.16666666666667
2009-02-23,108.0,127.9
2009-02-24,106.0,124.7
2009-02-25,105.0,121.8
2009-02-26,107.0,122.13333333333334
2009-02-27,116.0,122.73333333333333
2009-02-28,100.0,122.33333333333333
2009-03-01,105.0,121.76666666666667
2009-03-02,108.0,121.46666666666667
2009-03-03,106.0,120.36666666666666
2009-03-04,106.0,120.1
2009-03-05,113.0,119.56666666666666
2009-03-06,117.0,118.36666666666666
2009-03-07,109.0,118.03333333333333
2009-03-08,118.0,117.76666666666667
2009-03-09,108.0,117.3
2009-03-10,107.0,116.4
2009-03-11,114.0,115.76666666666667
2009-03-12,119.0,115.23333333333333
2009-03-14,110.0,114.9
2009-03-15,123.0,114.5
2009-03-16,122.0,114.6
2009-03-17,114.0,113.86666666666666
2009-03-18,115.0,113.33333333333333
2009-03-19,122.0,113.3
2009-03-20,119.0,113.36666666666666
2009-03-21,51.0,111.13333333333334
2009-03-22,119.0,110.93333333333334
2009-03-23,130.0,111.2
2009-03-24,105.0,110.9
2009-03-25,117.0,110.63333333333334
2009-03-26,118.0,110.96666666666667
2009-03-27,106.0,110.96666666666667
2009-03-28,120.0,111.46666666666667
2009-03-29,116.0,111.76666666666667
2009-03-30,120.0,111.9
2009-03-31,111.0,112.26666666666667
2009-04-01,114.0,112.56666666666666
2009-04-02,115.0,112.8
2009-04-03,116.0,113.13333333333334
2009-04-04,113.0,113.36666666666666
2009-04-05,131.0,113.96666666666667
2009-04-06,109.0,113.7
2009-04-07,100.0,113.4
2009-04-08,105.0,112.96666666666667
2009-04-09,99.0,112.66666666666667
2009-04-10,108.0,112.7
2009-04-11,121.0,112.93333333333334
2009-04-12,120.0,112.96666666666667
2009-04-13,117.0,113.2
2009-04-14,124.0,113.23333333333333
2009-04-15,113.0,112.93333333333334
2009-04-16,123.0,113.23333333333333
2009-04-17,112.0,113.13333333333334
2009-04-18,129.0,113.36666666666666
2009-04-19,120.0,113.4
2009-04-20,121.0,115.73333333333333
2009-04-21,125.0,115.93333333333334
2009-04-22,121.0,115.63333333333334
2009-04-23,75.0,114.63333333333334
2009-04-24,115.0,114.56666666666666
2009-04-25,118.0,114.56666666666666
2009-04-26,113.0,114.8
2009-04-27,104.0,114.26666666666667
2009-04-28,117.0,114.3
2009-04-29,129.0,114.6
2009-04-30,131.0,115.26666666666667
2009-05-01,121.0,115.5
2009-05-02,130.0,116.0
2009-05-03,110.0,115.8
2009-05-04,129.0,116.33333333333333
2009-05-05,136.0,116.5
2009-05-06,135.0,117.36666666666666
2009-05-07,122.0,118.1
2009-05-08,108.0,118.2
2009-05-09,77.0,117.46666666666667
2009-05-10,85.0,116.7
2009-05-11,122.0,116.73333333333333
2009-05-12,130.0,117.06666666666666
2009-05-13,116.0,117.03333333333333
2009-05-14,143.0,117.66666666666667
2009-05-15,137.0,118.46666666666667
2009-05-16,119.0,118.33333333333333
2009-05-17,127.0,118.83333333333333
2009-05-18,118.0,118.46666666666667
2009-05-19,86.0,117.33333333333333
2009-05-20,120.0,117.3
2009-05-21,82.0,115.86666666666666
2009-05-22,62.0,113.9
2009-05-23,31.0,112.43333333333334
2009-05-24,100.0,111.93333333333334
2009-05-25,109.0,111.63333333333334
2009-05-26,125.0,112.03333333333333
2009-05-27,119.0,112.53333333333333
2009-05-28,95.0,111.8
2009-05-29,107.0,111.06666666666666
2009-05-30,109.0,110.33333333333333
2009-05-31,97.0,109.53333333333333
2009-06-01,73.0,107.63333333333334
2009-06-02,110.0,107.63333333333334
2009-06-03,72.0,105.73333333333333
2009-06-04,65.0,103.36666666666666
2009-06-05,31.0,99.9
2009-06-07,16.0,96.36666666666666
2009-06-08,82.0,95.5
2009-06-09,91.0,95.96666666666667
2009-06-10,82.0,95.86666666666666
2009-06-11,89.0,94.76666666666667
2009-06-12,86.0,93.3
2009-06-13,78.0,92.03333333333333
2009-06-14,72.0,89.66666666666667
2009-06-15,84.0,87.9
2009-06-16,71.0,86.3
2009-06-17,79.0,84.7
2009-06-18,80.0,83.43333333333334
2009-06-19,87.0,83.46666666666667
2009-06-20,78.0,82.06666666666666
2009-06-21,81.0,82.03333333333333
2009-06-22,77.0,82.53333333333333
2009-06-23,76.0,84.03333333333333
2009-06-24,98.0,83.96666666666667
2009-06-25,69.0,82.63333333333334
2009-06-26,90.0,81.46666666666667
2009-06-27,84.0,80.3
2009-06-28,48.0,78.73333333333333
2009-06-29,85.0,78.0
2009-06-30,86.0,77.23333333333333
2009-07-01,75.0,76.5
2009-07-02,85.0,76.9
2009-07-03,82.0,75.96666666666667
2009-07-05,79.0,76.2
2009-07-06,84.0,76.83333333333333
2009-07-07,69.0,78.1
2009-07-08,74.0,80.03333333333333
2009-07-09,86.0,80.16666666666667
2009-07-10,81.0,79.83333333333333
2009-07-11,83.0,79.86666666666666
2009-07-12,77.0,79.46666666666667
2009-07-13,78.0,79.2
2009-07-14,69.0,78.9
2009-07-15,45.0,78.0
2009-07-16,71.0,77.56666666666666
2009-07-17,48.0,76.8
2009-07-18,4.0,74.3
2009-07-19,69.0,73.93333333333334
2009-07-20,72.0,73.43333333333334
2009-07-21,82.0,73.56666666666666
2009-07-22,61.0,72.9
2009-07-23,75.0,72.83333333333333
2009-07-24,73.0,72.73333333333333
2009-07-25,33.0,70.56666666666666
2009-07-26,20.0,68.93333333333334
2009-07-27,74.0,68.4
2009-07-28,41.0,66.96666666666667
2009-07-29,21.0,66.06666666666666
2009-07-30,16.0,63.766666666666666
2009-07-31,17.0,61.46666666666667
2009-08-01,28.0,59.9
2009-08-02,23.0,57.833333333333336
2009-08-03,12.0,55.5
2009-08-04,81.0,55.56666666666667
2009-08-05,87.0,55.666666666666664
2009-08-06,90.0,56.36666666666667
2009-08-07,82.0,56.63333333333333
2009-08-08,80.0,56.43333333333333
2009-08-09,101.0,57.1
2009-08-10,75.0,56.833333333333336
2009-08-11,70.0,56.6
2009-08-12,63.0,56.1
2009-08-13,85.0,56.63333333333333
2009-08-14,63.0,57.233333333333334
2009-08-15,26.0,55.733333333333334
2009-08-16,20.0,54.8
2009-08-17,17.0,55.233333333333334
2009-08-18,9.0,53.233333333333334
2009-08-19,18.0,51.43333333333333
2009-08-20,23.0,49.46666666666667
2009-08-21,13.0,47.86666666666667
2009-08-22,7.0,45.6
2009-08-23,15.0,43.666666666666664
2009-08-24,15.0,43.06666666666667
2009-08-25,51.0,44.1
2009-08-26,51.0,43.333333333333336
2009-08-27,29.0,42.93333333333333
2009-08-28,75.0,44.733333333333334
2009-08-29,78.0,46.8
2009-08-30,97.0,49.46666666666667
2009-08-31,87.0,51.43333333333333
2009-09-01,79.0,53.3
2009-09-02,65.0,55.06666666666667
2009-09-03,62.0,54.43333333333333
2009-09-04,64.0,53.666666666666664
2009-09-05,76.0,53.2
2009-09-06,68.0,52.733333333333334
2009-09-07,79.0,52.7
2009-09-08,69.0,51.63333333333333
2009-09-09,54.0,50.93333333333333
2009-09-10,67.0,50.833333333333336
2009-09-11,67.0,50.96666666666667
2009-09-12,69.0,50.43333333333333
2009-09-13,75.0,50.833333333333336
2009-09-14,74.0,52.43333333333333
2009-09-15,45.0,53.266666666666666
2009-09-16,72.0,55.1
2009-09-17,86.0,57.666666666666664
2009-09-18,78.0,59.666666666666664
2009-09-19,74.0,61.36666666666667
2009-09-20,78.0,63.53333333333333
2009-09-21,70.0,65.63333333333334
2009-09-22,27.0,66.03333333333333
2009-09-23,35.0,66.7
2009-09-24,97.0,68.23333333333333
2009-09-25,93.0,69.63333333333334
2009-09-26,100.0,72.0
2009-09-27,88.0,72.43333333333334
2009-09-28,85.0,72.66666666666667
2009-09-29,90.0,72.43333333333334
2009-09-30,85.0,72.36666666666666
2009-10-01,82.0,72.46666666666667
2009-10-02,73.0,72.73333333333333
2009-10-03,58.0,72.6
2009-10-04,53.0,72.23333333333333
2009-10-05,55.0,71.53333333333333
2009-10-06,45.0,70.76666666666667
2009-10-07,59.0,70.1
2009-10-08,70.0,70.13333333333334
2009-10-09,77.0,70.9
2009-10-10,79.0,71.3
2009-10-11,74.0,71.53333333333333
2009-10-12,59.0,71.2
2009-10-13,57.0,70.6
2009-10-14,69.0,70.43333333333334
2009-10-15,71.0,71.3
2009-10-16,61.0,70.93333333333334
2009-10-17,57.0,69.96666666666667
2009-10-18,75.0,69.86666666666666
2009-10-19,112.0,71.13333333333334
2009-10-20,97.0,71.76666666666667
2009-10-21,81.0,72.13333333333334
2009-10-22,91.0,74.26666666666667
2009-10-23,89.0,76.06666666666666
2009-10-24,63.0,74.93333333333334
2009-10-25,76.0,74.36666666666666
2009-10-26,71.0,73.4
2009-10-27,65.0,72.63333333333334
2009-10-28,67.0,72.03333333333333
2009-10-29,47.0,70.6
2009-10-30,60.0,69.76666666666667
2009-10-31,46.0,68.56666666666666
2009-11-01,25.0,66.96666666666667
2009-11-02,33.0,66.13333333333334
2009-11-03,62.0,66.43333333333334
2009-11-04,64.0,66.73333333333333
2009-11-05,58.0,67.16666666666667
2009-11-06,61.0,67.23333333333333
2009-11-07,69.0,67.2
2009-11-08,73.0,67.06666666666666
2009-11-09,64.0,66.56666666666666
2009-11-10,78.0,66.7
2009-11-11,66.0,66.93333333333334
2009-11-12,66.0,67.23333333333333
2009-11-13,83.0,67.7
2009-11-14,79.0,67.96666666666667
2009-11-15,96.0,69.13333333333334
2009-11-16,97.0,70.46666666666667
2009-11-17,92.0,71.03333333333333
2009-11-18,79.0,69.93333333333334
2009-11-19,72.0,69.1
2009-11-20,86.0,69.26666666666667
2009-11-21,73.0,68.66666666666667
2009-11-22,106.0,69.23333333333333
2009-11-23,96.0,70.33333333333333
2009-11-24,93.0,70.9
2009-11-25,90.0,71.53333333333333
2009-11-26,84.0,72.16666666666667
2009-11-27,74.0,72.4
2009-11-28,71.0,73.2
2009-11-29,60.0,73.2
2009-11-30,75.0,74.16666666666667
2009-12-01,75.0,75.83333333333333
2009-12-02,94.0,77.86666666666666
2009-12-03,88.0,78.73333333333333
2009-12-04,36.0,77.8
2009-12-06,105.0,79.36666666666666
2009-12-07,112.0,81.06666666666666
2009-12-08,106.0,82.3
2009-12-09,109.0,83.5
2009-12-10,104.0,84.83333333333333
2009-12-11,112.0,85.96666666666667
2009-12-12,111.0,87.46666666666667
2009-12-13,114.0,89.06666666666666
2009-12-14,108.0,89.9
2009-12-15,113.0,91.03333333333333
2009-12-16,137.0,92.4
2009-12-17,173.0,94.93333333333334
2009-12-18,225.0,99.36666666666666
2009-12-19,199.0,103.36666666666666
2009-12-20,175.0,106.8
2009-12-21,176.0,109.8
2009-12-22,162.0,112.76666666666667
2009-12-23,154.0,114.36666666666666
2009-12-24,154.0,116.3
2009-12-25,151.0,118.23333333333333
2009-12-26,174.0,121.03333333333333
2009-12-27,168.0,123.83333333333333
2009-12-28,137.0,125.93333333333334
2009-12-29,171.0,129.26666666666668
2009-12-30,141.0,131.96666666666667
2009-12-31,138.0,134.06666666666666
2010-01-01,133.0,136.0
2010-01-02,127.0,137.1
2010-01-03,186.0,140.36666666666667
2010-01-04,184.0,145.3
2010-01-05,198.0,148.4
2010-01-06,163.0,150.1
2010-01-07,154.0,151.7
2010-01-08,153.0,153.16666666666666
2010-01-09,151.0,154.73333333333332
2010-01-10,190.0,157.33333333333334
2010-01-11,159.0,158.93333333333334
2010-01-12,162.0,160.53333333333333
2010-01-13,168.0,162.53333333333333
2010-01-14,146.0,163.63333333333333
2010-01-15,142.0,163.8
2010-01-16,126.0,162.23333333333332
2010-01-17,131.0,159.1
2010-01-18,127.0,156.7
2010-01-19,124.0,155.0
2010-01-20,158.0,154.4
2010-01-21,183.0,155.1
2010-01-22,136.0,154.5
2010-01-23,163.0,154.8
2010-01-24,155.0,154.93333333333334
2010-01-25,215.0,156.3
2010-01-26,201.0,157.4
2010-01-27,165.0,158.33333333333334
2010-01-28,178.0,158.56666666666666
2010-01-29,199.0,160.5
2010-01-30,214.0,163.03333333333333
2010-01-31,167.0,164.16666666666666
2010-02-01,193.0,166.36666666666667
2010-02-02,146.0,165.03333333333333
2010-02-03,271.0,167.93333333333334
2010-02-04,234.0,169.13333333333333
2010-02-05,228.0,171.3
2010-02-06,195.0,172.66666666666666
2010-02-07,224.0,175.03333333333333
2010-02-08,208.0,176.93333333333334
2010-02-09,211.0,177.63333333333333
2010-02-10,171.0,178.03333333333333
2010-02-11,172.0,178.36666666666667
2010-02-12,189.0,179.06666666666666
2010-02-13,235.0,182.03333333333333
2010-02-14,215.0,184.46666666666667
2010-02-15,187.0,186.5
2010-02-16,202.0,188.86666666666667
2010-02-17,248.0,192.9
2010-02-18,214.0,195.9
2010-02-19,197.0,197.2
2010-02-20,210.0,198.1
2010-02-21,227.0,201.13333333333333
2010-02-22,266.0,204.56666666666666
2010-02-23,251.0,207.76666666666668
2010-02-24,176.0,206.46666666666667
2010-02-25,158.0,205.03333333333333
2010-02-26,177.0,205.43333333333334
2010-02-27,175.0,205.33333333333334
2010-02-28,159.0,204.0
2010-03-01,199.0,203.5
2010-03-02,193.0,204.36666666666667
2010-03-03,157.0,203.16666666666666
2010-03-04,188.0,204.56666666666666
2010-03-05,173.0,201.3
2010-03-06,182.0,199.56666666666666
2010-03-07,183.0,198.06666666666666
2010-03-08,132.0,195.96666666666667
2010-03-09,148.0,193.43333333333334
2010-03-10,170.0,192.16666666666666
2010-03-11,136.0,189.66666666666666
2010-03-12,123.0,188.06666666666666
2010-03-13,154.0,187.46666666666667
2010-03-14,127.0,185.4
2010-03-15,143.0,182.33333333333334
2010-03-16,129.0,179.46666666666667
2010-03-17,139.0,177.86666666666667
2010-03-18,148.0,176.06666666666666
2010-03-19,162.0,173.2
2010-03-20,207.0,172.96666666666667
2010-03-21,187.0,172.63333333333333
2010-03-22,185.0,171.8
2010-03-23,215.0,171.4
2010-03-24,180.0,168.53333333333333
2010-03-25,201.0,166.86666666666667
2010-03-26,204.0,167.8
2010-03-27,183.0,168.63333333333333
2010-03-28,190.0,169.06666666666666
2010-03-29,201.0,169.93333333333334
2010-03-30,218.0,171.9
2010-03-31,213.0,172.36666666666667
2010-04-01,173.0,171.7
2010-04-02,159.0,171.76666666666668
2010-04-03,168.0,171.1
2010-04-04,178.0,171.26666666666668
2010-04-05,181.0,171.23333333333332
2010-04-06,174.0,170.93333333333334
2010-04-07,202.0,173.26666666666668
2010-04-08,196.0,174.86666666666667
2010-04-09,234.0,177.0
2010-04-10,295.0,182.3
2010-04-11,261.0,186.9
2010-04-12,237.0,189.66666666666666
2010-04-13,204.0,192.23333333333332
2010-04-14,221.0,194.83333333333334
2010-04-15,290.0,200.2
2010-04-16,229.0,203.2
2010-04-17,241.0,206.3
2010-04-18,3359.0,312.8666666666667
2010-04-19,268.0,314.9
2010-04-20,232.0,316.4
2010-04-21,243.0,318.3333333333333
2010-04-22,191.0,317.53333333333336
2010-04-23,201.0,318.23333333333335
2010-04-24,195.0,318.03333333333336
2010-04-25,189.0,317.53333333333336
2010-04-26,207.0,318.3333333333333
2010-04-27,222.0,319.4
2010-04-28,218.0,319.96666666666664
2010-04-29,174.0,318.5
2010-04-30,170.0,317.06666666666666
2010-05-01,203.0,318.06666666666666
2010-05-02,170.0,318.43333333333334
2010-05-03,178.0,318.76666666666665
2010-05-04,161.0,318.2
2010-05-05,158.0,317.43333333333334
2010-05-06,169.0,317.26666666666665
2010-05-07,147.0,315.43333333333334
2010-05-09,178.0,314.8333333333333
2010-05-10,148.0,311.96666666666664
2010-05-11,126.0,306.3333333333333
2010-05-12,144.0,302.43333333333334
2010-05-13,155.0,299.7
2010-05-14,149.0,297.8666666666667
2010-05-15,106.0,294.03333333333336
2010-05-16,127.0,288.6
2010-05-17,163.0,286.4
2010-05-18,208.0,285.3
2010-05-19,204.0,180.13333333333333
2010-05-20,226.0,178.73333333333332
2010-05-21,215.0,178.16666666666666
2010-05-22,223.0,177.5
2010-05-23,306.0,181.33333333333334
2010-05-24,239.0,182.6
2010-05-25,247.0,184.33333333333334
2010-05-26,279.0,187.33333333333334
2010-05-27,244.0,188.56666666666666
2010-05-28,278.0,190.43333333333334
2010-05-29,233.0,190.93333333333334
2010-05-30,195.0,191.63333333333333
2010-05-31,190.0,192.3
2010-06-01,178.0,191.46666666666667
2010-06-02,189.0,192.1
2010-06-03,219.0,193.46666666666667
2010-06-04,172.0,193.83333333333334
2010-06-05,181.0,194.6
2010-06-06,191.0,195.33333333333334
2010-06-07,200.0,197.1
2010-06-08,220.0,198.5
2010-06-09,223.0,201.0
2010-06-10,218.0,204.06666666666666
2010-06-11,251.0,207.63333333333333
2010-06-12,203.0,209.23333333333332
2010-06-13,233.0,212.03333333333333
2010-06-14,255.0,217.0
2010-06-15,279.0,222.06666666666666
2010-06-16,195.0,223.13333333333333
2010-06-17,204.0,223.0
2010-06-18,190.0,222.53333333333333
2010-06-19,216.0,222.2
2010-06-20,232.0,222.76666666666668
2010-06-21,264.0,224.13333333333333
2010-06-22,236.0,221.8
2010-06-23,264.0,222.63333333333333
2010-06-24,239.0,222.36666666666667
2010-06-25,206.0,219.93333333333334
2010-06-26,199.0,218.43333333333334
2010-06-27,220.0,216.5
2010-06-28,206.0,215.6
2010-06-29,244.0,217.23333333333332
2010-06-30,261.0,219.6
2010-07-01,268.0,222.6
2010-07-02,223.0,223.73333333333332
2010-07-03,261.0,225.13333333333333
2010-07-04,205.0,226.23333333333332
2010-07-05,226.0,227.73333333333332
2010-07-06,199.0,228.0
2010-07-07,222.0,228.73333333333332
2010-07-08,223.0,228.83333333333334
2010-07-09,267.0,230.3
2010-07-10,239.0,231.0
2010-07-11,452.0,237.7
2010-07-12,3368.0,343.2
2010-07-13,1796.0,395.3
2010-07-14,6548.0,605.0666666666667
2010-07-15,1568.0,648.0333333333333
2010-07-16,1436.0,689.4
2010-07-18,519.0,699.9
2010-07-19,667.0,715.8
2010-07-20,714.0,732.4
2010-07-21,524.0,742.1333333333333
2010-07-22,477.0,749.2333333333333
2010-07-23,481.0,757.4
2010-07-24,743.0,773.3666666666667
2010-07-25,1881.0,828.1
2010-07-26,524.0,838.7
2010-07-27,511.0,849.1
2010-07-28,429.0,856.0666666666667
2010-07-29,431.0,863.5666666666667
2010-07-30,374.0,867.9
2010-07-31,339.0,870.5
2010-08-01,429.0,875.8666666666667
2010-08-02,431.0,882.8
2010-08-03,701.0,897.4666666666667
2010-08-04,539.0,908.6
2010-08-05,634.0,922.2
2010-08-06,422.0,929.6333333333333
2010-08-07,303.0,932.3333333333334
2010-08-08,437.0,939.4666666666667
2010-08-09,511.0,947.6
2010-08-10,370.0,951.9666666666667
2010-08-11,451.0,951.9333333333333
2010-08-12,450.0,854.6666666666666
2010-08-13,609.0,815.1
2010-08-14,440.0,611.5
2010-08-15,297.0,569.1333333333333
2010-08-16,521.0,538.6333333333333
2010-08-17,365.0,533.5
2010-08-18,450.0,526.2666666666667
2010-08-19,355.0,514.3
2010-08-20,458.0,512.1
2010-08-21,389.0,509.1666666666667
2010-08-22,373.0,505.56666666666666
2010-08-23,415.0,494.6333333333333
2010-08-24,431.0,446.3
2010-08-25,379.0,441.46666666666664
2010-08-26,388.0,437.3666666666667
2010-08-27,323.0,433.8333333333333
2010-08-28,382.0,432.2
2010-08-29,291.0,429.43333333333334
2010-08-30,359.0,430.1
2010-08-31,456.0,431.0
2010-09-01,431.0,431.0
2010-09-02,343.0,419.06666666666666
2010-09-03,373.0,413.53333333333336
2010-09-04,307.0,402.6333333333333
2010-09-05,354.0,400.3666666666667
2010-09-06,309.0,400.56666666666666
2010-09-07,290.0,395.6666666666667
2010-09-08,387.0,391.53333333333336
2010-09-09,362.0,391.26666666666665
2010-09-10,394.0,389.3666666666667
2010-09-11,330.0,385.3666666666667
2010-09-12,425.0,379.23333333333335
2010-09-13,512.0,381.6333333333333
2010-09-14,459.0,387.03333333333336
2010-09-15,484.0,385.8
2010-09-16,425.0,387.8
2010-09-17,375.0,385.3
2010-09-18,410.0,387.1333333333333
2010-09-19,389.0,384.8333333333333
2010-09-20,525.0,389.3666666666667
2010-09-21,968.0,409.2
2010-09-22,845.0,423.53333333333336
2010-09-23,725.0,433.3333333333333
2010-09-24,572.0,439.76666666666665
2010-09-25,602.0,446.9
2010-09-26,435.0,450.6333333333333
2010-09-27,693.0,461.0
2010-09-28,492.0,467.7
2010-09-29,971.0,488.1
2010-09-30,456.0,488.1
2010-10-01,672.0,496.1333333333333
2010-10-02,602.0,504.76666666666665
2010-10-03,488.0,508.6
2010-10-04,512.0,515.4333333333333
2010-10-05,491.0,520.0
2010-10-06,484.0,525.8333333333334
2010-10-07,407.0,529.7333333333333
2010-10-08,454.0,531.9666666666667
2010-10-09,484.0,536.0333333333333
2010-10-10,451.0,537.9333333333333
2010-10-11,424.0,541.0666666666667
2010-10-12,447.0,541.8
2010-10-13,457.0,539.9666666666667
2010-10-14,443.0,539.4333333333333
2010-10-15,403.0,536.7333333333333
2010-10-16,511.0,539.6
2010-10-17,541.0,545.1333333333333
2010-10-18,713.0,555.2333333333333
2010-10-19,1197.0,582.1666666666666
2010-10-20,912.0,595.0666666666667
2010-10-21,697.0,586.0333333333333
2010-10-22,764.0,583.3333333333334
2010-10-23,671.0,581.5333333333333
2010-10-24,671.0,584.8333333333334
2010-10-25,517.0,582.0
2010-10-26,683.0,590.2666666666667
2010-10-27,770.0,592.8333333333334
2010-10-28,644.0,597.9
2010-10-29,542.0,583.6
2010-10-30,463.0,583.8333333333334
2010-10-31,345.0,572.9333333333333
2010-11-01,399.0,566.1666666666666
2010-11-02,322.0,560.6333333333333
2010-11-03,407.0,557.1333333333333
2010-11-04,378.0,553.3666666666667
2010-11-05,490.0,553.5666666666667
2010-11-06,447.0,554.9
2010-11-07,486.0,555.9666666666667
2010-11-08,572.0,558.9
2010-11-09,446.0,558.7333333333333
2010-11-10,458.0,559.8666666666667
2010-11-11,442.0,559.7
2010-11-12,315.0,554.9666666666667
2010-11-13,373.0,552.6333333333333
2010-11-14,457.0,554.4333333333333
2010-11-15,4210.0,677.7333333333333
2010-11-16,3075.0,762.2
2010-11-17,496.0,754.9666666666667
2010-11-18,469.0,730.7
2010-11-19,402.0,713.7
2010-11-20,645.0,711.9666666666667
2010-11-21,578.0,705.7666666666667
2010-11-22,418.0,697.3333333333334
2010-11-23,411.0,688.6666666666666
2010-11-24,621.0,692.1333333333333
2010-11-25,668.0,691.6333333333333
2010-11-26,955.0,697.8
2010-11-27,564.0,695.1333333333333
2010-11-28,542.0,695.1333333333333
2010-11-29,544.0,697.8333333333334
2010-11-30,577.0,705.5666666666667
2010-12-01,701.0,715.6333333333333
2010-12-02,557.0,723.4666666666667
2010-12-03,481.0,725.9333333333333
2010-12-04,537.0,731.2333333333333
2010-12-05,531.0,732.6
2010-12-06,564.0,736.5
2010-12-07,745.0,745.1333333333333
2010-12-08,674.0,748.5333333333333
2010-12-09,599.0,753.6333333333333
2010-12-10,501.0,755.0666666666667
2010-12-11,856.0,768.8666666666667
2010-12-12,979.0,791.0
2010-12-13,965.0,810.7333333333333
2010-12-14,908.0,825.7666666666667
2010-12-15,895.0,715.2666666666667
2010-12-16,706.0,636.3
2010-12-17,604.0,639.9
2010-12-18,688.0,647.2
2010-12-19,741.0,658.5
2010-12-20,1120.0,674.3333333333334
2010-12-21,846.0,683.2666666666667
2010-12-22,888.0,698.9333333333333
2010-12-23,822.0,712.6333333333333
2010-12-24,711.0,715.6333333333333
2010-12-25,914.0,723.8333333333334
2010-12-26,843.0,720.1
2010-12-27,701.0,724.6666666666666
2010-12-28,877.0,735.8333333333334
2010-12-29,696.0,740.9
2010-12-30,797.0,748.2333333333333
2010-12-31,724.0,749.0
2011-01-02,740.0,755.1
2011-01-03,1023.0,773.1666666666666
2011-01-04,907.0,785.5
2011-01-05,1111.0,804.8333333333334
2011-01-06,842.0,814.1
2011-01-07,1005.0,822.7666666666667
2011-01-08,1263.0,842.4
2011-01-09,1132.0,860.1666666666666
2011-01-10,1187.0,883.0333333333333
2011-01-11,1257.0,896.4
2011-01-12,1039.0,898.4
2011-01-13,1152.0,904.6333333333333
2011-01-14,1096.0,910.9
2011-01-15,1171.0,920.1
2011-01-16,1214.0,937.0333333333333
2011-01-17,1116.0,954.1
2011-01-18,1126.0,968.7
2011-01-19,1221.0,984.7
2011-01-20,1206.0,987.5666666666667
2011-01-21,1520.0,1010.0333333333333
2011-01-22,1703.0,1037.2
2011-01-23,1413.0,1056.9
2011-01-24,1673.0,1088.9666666666667
2011-01-25,1166.0,1097.3666666666666
2011-01-26,1251.0,1110.9666666666667
2011-01-27,1119.0,1124.9
2011-01-28,1403.0,1142.4333333333334
2011-01-29,1694.0,1175.7
2011-01-30,2852.0,1244.2
2011-01-31,1777.0,1279.3
2011-02-01,1336.0,1299.1666666666667
2011-02-02,1127.0,1302.6333333333334
2011-02-03,989.0,1305.3666666666666
2011-02-04,1169.0,1307.3
2011-02-05,1055.0,1314.4
2011-02-06,1102.0,1317.6333333333334
2011-02-07,1091.0,1311.9
2011-02-08,1092.0,1310.5666666666666
2011-02-09,1726.0,1328.5333333333333
2011-02-10,3019.0,1387.2666666666667
2011-02-11,3680.0,1475.3
2011-02-12,2872.0,1532.6333333333334
2011-02-13,2626.0,1583.6333333333334
2011-02-14,2829.0,1638.9
2011-02-15,2893.0,1694.8666666666666
2011-02-16,2557.0,1742.9
2011-02-17,3147.0,1810.2666666666667
2011-02-18,2992.0,1869.3
2011-02-19,2313.0,1906.2
2011-02-20,2752.0,1947.2666666666667
2011-02-21,2900.0,1987.1666666666667
2011-02-22,3230.0,2047.7333333333333
2011-02-23,3287.0,2101.5333333333333
2011-02-24,3083.0,2165.4333333333334
2011-02-25,2959.0,2222.366666666667
2011-02-27,3122.0,2289.133333333333
2011-02-28,2510.0,2326.0333333333333
2011-03-01,4420.0,2416.9
2011-03-02,2979.0,2421.133333333333
2011-03-03,4402.0,2508.633333333333
2011-03-04,2802.0,2557.5
2011-03-05,2923.0,2617.366666666667
2011-03-06,2870.0,2680.0666666666666
2011-03-07,2857.0,2736.3333333333335
2011-03-08,3483.0,2817.266666666667
2011-03-09,2849.0,2875.5
2011-03-10,2519.0,2923.1
2011-03-11,2579.0,2972.6666666666665
2011-03-12,2722.0,3005.866666666667
2011-03-13,2490.0,2988.233333333333
2011-03-14,2161.0,2937.6
2011-03-15,2849.0,2936.8333333333335
2011-03-16,2541.0,2934.0
2011-03-17,2782.0,2932.4333333333334
2011-03-18,2541.0,2920.7
2011-03-19,2751.0,2927.1666666666665
2011-03-20,4021.0,2956.3
2011-03-21,4196.0,2996.4333333333334
2011-03-22,3340.0,3030.6666666666665
2011-03-23,6112.0,3142.6666666666665
2011-03-24,3675.0,3168.5
2011-03-25,3421.0,3174.866666666667
2011-03-26,4144.0,3203.4333333333334
2011-03-27,4110.0,3237.6666666666665
2011-03-28,4225.0,3279.866666666667
2011-03-29,3966.0,3308.0
2011-03-30,3024.0,3325.133333333333
2011-03-31,3556.0,3296.3333333333335
2011-04-01,2714.0,3287.5
2011-04-02,2878.0,3236.7
2011-04-03,3089.0,3246.266666666667
2011-04-04,3829.0,3276.4666666666667
2011-04-05,3576.0,3300.0
2011-04-06,3212.0,3311.8333333333335
2011-04-07,2792.0,3288.8
2011-04-08,3002.0,3293.9
2011-04-09,3069.0,3312.233333333333
2011-04-10,2907.0,3323.1666666666665
2011-04-11,3239.0,3340.4
2011-04-12,3373.0,3369.8333333333335
2011-04-13,3658.0,3419.733333333333
2011-04-14,5169.0,3497.0666666666666
2011-04-15,3162.0,3517.766666666667
2011-04-16,3277.0,3534.266666666667
2011-04-17,3549.0,3567.866666666667
2011-04-18,4471.0,3625.2
2011-04-19,5303.0,3667.9333333333334
2011-04-20,4321.0,3672.1
2011-04-21,3329.0,3671.733333333333
2011-04-22,3411.0,3581.7
2011-04-23,3854.0,3587.6666666666665
2011-04-24,3668.0,3595.9
2011-04-25,4239.0,3599.0666666666666
2011-04-26,5159.0,3634.0333333333333
2011-04-27,6326.0,3704.0666666666666
2011-04-28,5070.0,3740.866666666667
2011-04-29,5637.0,3827.9666666666667
2011-04-30,6883.0,3938.866666666667
2011-05-01,6246.0,4056.6
2011-05-02,4894.0,4123.8
2011-05-03,5023.0,4188.266666666666
2011-05-04,5060.0,4229.3
2011-05-05,5822.0,4304.166666666667
2011-05-06,5777.0,4389.666666666667
2011-05-07,6034.0,4497.733333333334
2011-05-08,5207.0,4571.233333333334
2011-05-09,6069.0,4671.233333333334
2011-05-10,5567.0,4759.9
2011-05-11,5601.0,4838.633333333333
2011-05-12,5738.0,4917.466666666666
2011-05-13,7459.0,5044.166666666667
2011-05-14,7550.0,5123.533333333334
2011-05-15,6879.0,5247.433333333333
2011-05-16,9982.0,5470.933333333333
2011-05-17,8950.0,5650.966666666666
2011-05-18,10834.0,5863.066666666667
2011-05-19,10305.0,6029.8
2011-05-20,9754.0,6210.9
2011-05-21,9084.0,6402.733333333334
2011-05-22,9506.0,6605.9
2011-05-23,10231.0,6818.466666666666
2011-05-24,11578.0,7082.133333333333
2011-05-25,12714.0,7364.633333333333
2011-05-26,12132.0,7597.066666666667
2011-05-27,8881.0,7682.233333333334
2011-05-28,9810.0,7840.233333333334
2011-05-29,9193.0,7958.766666666666
2011-05-30,11089.0,8098.966666666666
2011-05-31,11804.0,8284.233333333334
2011-06-01,11928.0,8518.7
2011-06-02,12933.0,8782.366666666667
2011-06-03,14972.0,9112.766666666666
2011-06-04,16869.0,9481.0
2011-06-05,15506.0,9805.3
2011-06-06,17873.0,10199.933333333332
2011-06-07,16136.0,10564.233333333334
2011-06-08,21324.0,11072.733333333334
2011-06-09,22685.0,11643.333333333334
2011-06-10,20979.0,12155.933333333332
2011-06-11,20595.0,12651.166666666666
2011-06-12,23112.0,13172.933333333332
2011-06-13,21838.0,13649.2
2011-06-14,26107.0,14290.133333333333
2011-06-15,23970.0,14756.4
2011-06-16,24631.0,15279.1
2011-06-17,22327.0,15662.2
2011-06-18,22951.0,16083.733333333334
2011-06-19,23996.0,16558.466666666667
2011-06-20,22601.0,17009.033333333333
2011-06-21,21761.0,17417.533333333333
2011-06-22,24061.0,17878.533333333333
2011-06-23,21729.0,18216.9
2011-06-24,21877.0,18522.333333333332
2011-06-25,19567.0,18770.166666666668
2011-06-26,19998.0,19140.733333333334
2011-06-27,25710.0,19670.733333333334
2011-06-28,22438.0,20112.233333333334
2011-06-29,21233.0,20450.366666666665
2011-06-30,20208.0,20730.5
2011-07-01,26938.0,21230.833333333332
2011-07-02,29542.0,21784.466666666667
2011-07-03,19736.0,21943.266666666666
2011-07-04,20513.0,22064.733333333334
2011-07-05,19584.0,22200.666666666668
2011-07-06,22736.0,22362.766666666666
2011-07-07,19681.0,22480.933333333334
2011-07-08,21353.0,22481.9
2011-07-09,19626.0,22379.933333333334
2011-07-10,25407.0,22527.533333333333
2011-07-11,22477.0,22590.266666666666
2011-07-12,19827.0,22480.766666666666
2011-07-13,24091.0,22555.866666666665
2011-07-14,25886.0,22548.5
2011-07-15,21625.0,22470.333333333332
2011-07-17,21649.0,22370.933333333334
2011-07-18,21558.0,22345.3
2011-07-19,21575.0,22299.433333333334
2011-07-20,22021.0,22233.6
2011-07-21,22186.0,22219.766666666666
2011-07-22,21517.0,22211.633333333335
2011-07-23,19426.0,22057.133333333335
2011-07-24,20587.0,22019.066666666666
2011-07-25,23494.0,22072.966666666667
2011-07-26,20483.0,22103.5
2011-07-27,20996.0,22136.766666666666
2011-07-28,22503.0,22029.866666666665
2011-07-29,20037.0,21949.833333333332
2011-07-30,17605.0,21828.9
2011-07-31,21881.0,21884.666666666668
2011-08-01,21068.0,21689.0
2011-08-02,18784.0,21330.4
2011-08-03,15066.0,21174.733333333334
2011-08-04,15847.0,21019.2
2011-08-05,19056.0,21001.6
2011-08-06,17405.0,20823.9
2011-08-07,17704.0,20758.0
2011-08-08,18340.0,20657.566666666666
2011-08-09,20710.0,20693.7
2011-08-10,16663.0,20402.233333333334
2011-08-11,15400.0,20166.333333333332
2011-08-12,14112.0,19975.833333333332
2011-08-13,16697.0,19729.366666666665
2011-08-14,18601.0,19486.533333333333
2011-08-15,16081.0,19301.733333333334
2011-08-16,17699.0,19170.066666666666
2011-08-17,17089.0,19021.1
2011-08-18,18093.0,18905.033333333333
2011-08-19,19350.0,18816.0
2011-08-20,18706.0,18700.0
2011-08-21,20093.0,18652.533333333333
2011-08-22,22198.0,18744.933333333334
2011-08-23,19780.0,18718.033333333333
2011-08-24,19095.0,18571.4
2011-08-25,19879.0,18551.266666666666
2011-08-26,17687.0,18440.966666666667
2011-08-27,16982.0,18256.933333333334
2011-08-28,16263.0,18131.133333333335
2011-08-29,16529.0,18095.266666666666
2011-08-30,15081.0,17868.6
2011-08-31,14533.0,17650.766666666666
2011-09-01,14081.0,17494.0
2011-09-02,13795.0,17451.633333333335
2011-09-03,12341.0,17334.766666666666
2011-09-04,15131.0,17203.933333333334
2011-09-05,15423.0,17137.866666666665
2011-09-06,15718.0,17071.666666666668
2011-09-07,14155.0,16932.166666666668
2011-09-08,13070.0,16677.5
2011-09-09,14345.0,16600.233333333334
2011-09-10,12320.0,16497.566666666666
2011-09-11,12860.0,16455.833333333332
2011-09-12,13591.0,16352.3
2011-09-13,12622.0,16153.0
2011-09-14,12408.0,16030.566666666668
2011-09-15,12988.0,15873.533333333333
2011-09-16,12059.0,15705.866666666667
2011-09-17,10988.0,15469.033333333333
2011-09-18,12230.0,15231.7
2011-09-19,13227.0,15049.066666666668
2011-09-20,18674.0,15001.766666666666
2011-09-21,13718.0,14719.1
2011-09-22,15221.0,14567.133333333333
2011-09-23,17920.0,14527.966666666667
2011-09-25,17371.0,14444.366666666667
2011-09-26,15796.0,14381.333333333334
2011-09-27,16396.0,14361.8
2011-09-28,11834.0,14214.166666666666
2011-09-29,10937.0,14027.766666666666
2011-09-30,11283.0,13901.166666666666
2011-10-01,10633.0,13771.166666666666
2011-10-02,9967.0,13634.033333333333
2011-10-03,11909.0,13571.166666666666
2011-10-04,11300.0,13536.466666666667
2011-10-05,11675.0,13421.266666666666
2011-10-06,11840.0,13301.833333333334
2011-10-07,11509.0,13161.533333333333
2011-10-08,10489.0,13039.333333333334
2011-10-09,10536.0,12954.866666666667
2011-10-10,11354.0,12855.166666666666
2011-10-11,11528.0,12828.766666666666
2011-10-12,11384.0,12779.566666666668
2011-10-13,9707.0,12650.1
2011-10-14,11513.0,12613.133333333333
2011-10-15,10932.0,12563.933333333332
2011-10-16,9703.0,12454.433333333332
2011-10-17,11314.0,12429.6
2011-10-18,9916.0,12393.866666666667
2011-10-19,10071.0,12321.9
2011-10-20,9169.0,12186.633333333333
2011-10-21,10025.0,11898.333333333334
2011-10-22,9824.0,11768.533333333333
2011-10-23,10766.0,11620.033333333333
2011-10-24,11426.0,11403.566666666668
2011-10-25,10847.0,11186.1
2011-10-26,10186.0,10999.1
2011-10-27,9205.0,10759.4
2011-10-28,9929.0,10695.9
2011-10-29,10704.0,10688.133333333333
2011-10-30,9209.0,10619.0
2011-10-31,9983.0,10597.333333333334
2011-11-01,10579.0,10617.733333333334
2011-11-02,10787.0,10580.333333333334
2011-11-03,10696.0,10560.2
2011-11-04,12456.0,10586.233333333334
2011-11-05,11062.0,10560.3
2011-11-06,9719.0,10500.633333333333
2011-11-07,10242.0,10492.4
2011-11-08,11275.0,10517.033333333333
2011-11-09,11835.0,10533.066666666668
2011-11-10,11906.0,10545.666666666666
2011-11-11,9129.0,10470.5
2011-11-12,10466.0,10495.8
2011-11-13,10130.0,10449.7
2011-11-14,10912.0,10449.033333333333
2011-11-15,11428.0,10506.533333333333
2011-11-16,10803.0,10489.5
2011-11-17,9659.0,10480.933333333332
2011-11-18,10146.0,10483.433333333332
2011-11-19,8109.0,10448.1
2011-11-20,8506.0,10397.466666666667
2011-11-21,8063.0,10338.766666666666
2011-11-22,9044.0,10281.366666666667
2011-11-23,8817.0,10194.4
2011-11-24,8288.0,10109.1
2011-11-25,9369.0,10081.866666666667
2011-11-26,7999.0,10041.666666666666
2011-11-27,8501.0,9994.066666666668
2011-11-28,9949.0,9968.9
2011-11-29,11231.0,10036.3
2011-11-30,10954.0,10068.666666666666
2011-12-01,11078.0,10085.3
2011-12-02,10573.0,10078.166666666666
2011-12-03,9455.0,10036.8
2011-12-04,9284.0,9931.066666666668
2011-12-05,10376.0,9908.2
2011-12-06,12283.0,9993.666666666666
2011-12-07,9967.0,9984.5
2011-12-08,9560.0,9927.333333333334
2011-12-09,9378.0,9845.433333333332
2011-12-10,9451.0,9763.6
2011-12-11,8796.0,9752.5
2011-12-12,8547.0,9688.533333333333
2011-12-13,9606.0,9671.066666666668
2011-12-14,9481.0,9623.366666666667
2011-12-15,7800.0,9502.433333333332
2011-12-16,8457.0,9424.233333333334
2011-12-17,7831.0,9363.3
2011-12-18,8017.0,9292.333333333334
2011-12-19,9898.0,9351.966666666667
2011-12-20,10326.0,9412.633333333333
2011-12-21,9152.0,9448.933333333332
2011-12-22,9649.0,9469.1
2011-12-23,9532.0,9492.933333333332
2011-12-24,7872.0,9479.066666666668
2011-12-25,9007.0,9467.0
2011-12-26,9349.0,9512.0
2011-12-27,8865.0,9524.133333333333
2011-12-28,8370.0,9471.5
2011-12-29,8976.0,9396.333333333334
2011-12-30,8259.0,9306.5
2011-12-31,8198.0,9210.5
2012-01-01,8531.0,9142.433333333332
2012-01-02,8928.0,9124.866666666667
2012-01-03,9528.0,9133.0
2012-01-04,9542.0,9105.2
2012-01-05,11636.0,9083.633333333333
2012-01-06,11057.0,9119.966666666667
2012-01-07,9897.0,9131.2
2012-01-08,10661.0,9173.966666666667
2012-01-09,10270.0,9201.266666666666
2012-01-10,11358.0,9286.666666666666
2012-01-11,11775.0,9394.266666666666
2012-01-12,10691.0,9430.433333333332
2012-01-13,11166.0,9486.6
2012-01-14,11493.0,9609.7
2012-01-15,10178.0,9667.066666666668
2012-01-16,11532.0,9790.433333333332
2012-01-17,11172.0,9895.6
2012-01-18,11230.0,9940.0
2012-01-19,11554.0,9980.933333333332
2012-01-20,10999.0,10042.5
2012-01-21,10374.0,10066.666666666666
2012-01-22,8947.0,10047.166666666666
2012-01-23,10480.0,10134.1
2012-01-24,11684.0,10223.333333333334
2012-01-25,12953.0,10343.466666666667
2012-01-26,11011.0,10415.0
2012-01-27,10766.0,10494.866666666667
2012-01-28,10203.0,10535.766666666666
2012-01-29,10694.0,10616.933333333332
2012-01-30,10641.0,10698.366666666667
2012-01-31,11903.0,10810.766666666666
2012-02-01,11456.0,10895.033333333333
2012-02-02,12431.0,10991.8
2012-02-03,12425.0,11087.9
2012-02-04,12232.0,11107.766666666666
2012-02-05,11451.0,11120.9
2012-02-06,10597.0,11144.233333333334
2012-02-07,11419.0,11169.5
2012-02-08,11594.0,11213.633333333333
2012-02-09,12023.0,11235.8
2012-02-10,12577.0,11262.533333333333
2012-02-11,11710.0,11296.5
2012-02-12,11267.0,11299.866666666667
2012-02-13,12755.0,11341.933333333332
2012-02-14,14360.0,11481.333333333334
2012-02-15,14247.0,11571.833333333334
2012-02-16,14682.0,11688.833333333334
2012-02-17,11012.0,11681.566666666668
2012-02-18,11467.0,11678.666666666666
2012-02-19,10566.0,11664.233333333334
2012-02-20,11159.0,11690.4
2012-02-21,11225.0,11766.333333333334
2012-02-22,12304.0,11827.133333333333
2012-02-23,13499.0,11887.633333333333
2012-02-24,12250.0,11864.2
2012-02-25,11022.0,11864.566666666668
2012-02-26,10374.0,11851.5
2012-02-27,11537.0,11895.966666666667
2012-02-28,12245.0,11947.666666666666
2012-02-29,12043.0,11994.4
2012-03-01,11932.0,11995.366666666667
2012-03-02,13076.0,12049.366666666667
2012-03-03,9575.0,11954.166666666666
2012-03-04,12059.0,11941.966666666667
2012-03-05,12553.0,11952.666666666666
2012-03-06,11618.0,11958.233333333334
2012-03-07,11938.0,12002.933333333332
2012-03-08,12185.0,12028.466666666667
2012-03-09,11952.0,12040.4
2012-03-10,10033.0,11974.066666666668
2012-03-11,9876.0,11884.033333333333
2012-03-12,11290.0,11870.033333333333
2012-03-13,12963.0,11926.566666666668
2012-03-14,12218.0,11908.666666666666
2012-03-15,11360.0,11808.666666666666
2012-03-16,12250.0,11742.1
2012-03-17,12429.0,11667.0
2012-03-18,10952.0,11665.0
2012-03-19,11570.0,11668.433333333332
2012-03-20,12143.0,11721.0
2012-03-21,12485.0,11765.2
2012-03-22,12135.0,11795.533333333333
2012-03-23,10784.0,11744.866666666667
2012-03-24,10955.0,11660.066666666668
2012-03-25,10624.0,11605.866666666667
2012-03-26,11761.0,11630.5
2012-03-27,11792.0,11677.766666666666
2012-03-28,12531.0,11710.9
2012-03-29,12927.0,11733.633333333333
2012-03-30,11737.0,11723.433333333332
2012-03-31,10981.0,11691.733333333334
2012-04-01,9862.0,11584.6
2012-04-02,11210.0,11639.1
2012-04-03,13314.0,11680.933333333332
2012-04-04,12518.0,11679.766666666666
2012-04-05,12119.0,11696.466666666667
2012-04-06,11820.0,11692.533333333333
2012-04-08,10835.0,11647.533333333333
2012-04-09,11654.0,11637.6
2012-04-10,13537.0,11754.4
2012-04-11,14008.0,11892.133333333333
2012-04-12,14109.0,11986.1
2012-04-13,12315.0,11964.5
2012-04-14,13106.0,11994.1
2012-04-15,12278.0,12024.7
2012-04-16,14672.0,12105.433333333332
2012-04-17,13656.0,12146.333333333334
2012-04-18,14652.0,12269.666666666666
2012-04-19,13400.0,12330.666666666666
2012-04-20,14597.0,12412.466666666667
2012-04-21,12406.0,12409.833333333334
2012-04-22,11365.0,12384.166666666666
2012-04-23,12625.0,12445.533333333333
2012-04-24,13263.0,12522.466666666667
2012-04-25,13544.0,12619.8
2012-04-26,14837.0,12722.333333333334
2012-04-27,13007.0,12762.833333333334
2012-04-28,12431.0,12759.5
2012-04-29,12516.0,12745.8
2012-04-30,15186.0,12860.766666666666
2012-05-01,15590.0,13014.4
2012-05-02,15556.0,13204.2
2012-05-03,17694.0,13420.333333333334
2012-05-04,17784.0,13569.333333333334
2012-05-05,16230.0,13693.066666666668
2012-05-06,15256.0,13797.633333333333
2012-05-07,20276.0,14079.5
2012-05-08,19584.0,14371.133333333333
2012-05-09,20110.0,14653.0
2012-05-10,16147.0,14740.0
2012-05-11,21107.0,14976.633333333333
2012-05-12,19032.0,15140.733333333334
2012-05-13,17073.0,15299.333333333334
2012-05-14,27775.0,15788.3
2012-05-15,22549.0,16130.666666666666
2012-05-16,20227.0,16315.833333333334
2012-05-17,18420.0,16474.633333333335
2012-05-18,21855.0,16714.733333333334
2012-05-19,26811.0,17161.766666666666
2012-05-20,24706.0,17498.733333333334
2012-05-21,25443.0,17933.3
2012-05-22,22280.0,18297.133333333335
2012-05-23,24036.0,18677.5
2012-05-24,23103.0,19005.5
2012-05-25,24344.0,19365.5
2012-05-26,20731.0,19561.966666666667
2012-05-27,21644.0,19849.866666666665
2012-05-28,24094.0,20238.633333333335
2012-05-29,26201.0,20694.8
2012-05-30,22959.0,20953.9
2012-05-31,22548.0,21185.833333333332
2012-06-01,23507.0,21450.866666666665
2012-06-02,16162.0,21399.8
2012-06-03,26003.0,21673.766666666666
2012-06-04,33322.0,22243.5
2012-06-05,34403.0,22881.733333333334
2012-06-06,19044.0,22840.666666666668
2012-06-07,26891.0,23084.233333333334
2012-06-08,21927.0,23144.8
2012-06-09,25160.0,23445.233333333334
2012-06-10,28282.0,23684.4
2012-06-11,25883.0,23912.766666666666
2012-06-12,17736.0,23934.866666666665
2012-06-13,38857.0,24304.266666666666
2012-06-14,39968.0,24884.9
2012-06-15,37978.0,25476.6
2012-06-16,32401.0,25942.633333333335
2012-06-17,32557.0,26299.366666666665
2012-06-18,31461.0,26454.366666666665
2012-06-19,28121.0,26568.2
2012-06-20,25366.0,26565.633333333335
2012-06-21,23348.0,26601.233333333334
2012-06-22,23129.0,26571.0
2012-06-23,22952.0,26565.966666666667
2012-06-24,22447.0,26502.733333333334
2012-06-25,26708.0,26701.966666666667
2012-06-26,28849.0,26942.133333333335
2012-06-27,30787.0,27165.233333333334
2012-06-28,26239.0,27166.5
2012-06-29,26456.0,27283.066666666666
2012-06-30,25747.0,27389.7
2012-07-01,25189.0,27445.766666666666
2012-07-02,29159.0,27879.0
2012-07-03,26886.0,27908.433333333334
2012-07-04,24504.0,27614.5
2012-07-05,22014.0,27201.533333333333
2012-07-06,23077.0,27335.966666666667
2012-07-07,25832.0,27300.666666666668
2012-07-08,21939.0,27301.066666666666
2012-07-09,25581.0,27315.1
2012-07-10,30529.0,27390.0
2012-07-11,28013.0,27461.0
2012-07-12,27087.0,27772.7
2012-07-13,24169.0,27283.1
2012-07-14,23902.0,26747.566666666666
2012-07-15,24275.0,26290.8
2012-07-16,30128.0,26215.033333333333
2012-07-17,32645.0,26217.966666666667
2012-07-18,27648.0,26090.866666666665
2012-07-19,27587.0,26073.066666666666
2012-07-20,30410.0,26241.2
2012-07-21,29404.0,26443.066666666666
2012-07-22,32265.0,26747.6
2012-07-23,33404.0,27096.0
2012-07-24,28741.0,27305.8
2012-07-25,25567.0,27267.766666666666
2012-07-26,25129.0,27143.766666666666
2012-07-27,26568.0,27003.133333333335
2012-07-28,31455.0,27177.0
2012-07-29,27777.0,27221.033333333333
2012-07-30,29054.0,27331.266666666666
2012-07-31,45337.0,28002.866666666665
2012-08-01,31895.0,28094.066666666666
2012-08-02,32876.0,28293.733333333334
2012-08-03,29112.0,28447.333333333332
2012-08-04,28146.0,28651.733333333334
2012-08-05,29815.0,28876.333333333332
2012-08-06,34508.0,29165.533333333333
2012-08-07,32321.0,29511.6
2012-08-08,39343.0,29970.333333333332
2012-08-09,30353.0,29964.466666666667
2012-08-10,30415.0,30044.533333333333
2012-08-11,30148.0,30146.566666666666
2012-08-12,31503.0,30391.033333333333
2012-08-13,39310.0,30904.633333333335
2012-08-14,33320.0,31206.133333333335
2012-08-15,37533.0,31452.966666666667
2012-08-16,47583.0,31950.9
2012-08-17,44100.0,32499.3
2012-08-18,40251.0,32921.433333333334
2012-08-19,34644.0,33062.566666666666
2012-08-20,33907.0,33212.666666666664
2012-08-21,41676.0,33526.36666666667
2012-08-22,38616.0,33700.1
2012-08-23,35374.0,33921.2
2012-08-24,35254.0,34244.1
2012-08-25,29497.0,34389.7
2012-08-26,27899.0,34434.066666666666
2012-08-27,31081.0,34421.6
2012-08-28,31789.0,34555.333333333336
2012-08-29,32397.0,34666.76666666667
2012-08-30,28480.0,34104.86666666667
2012-08-31,39334.0,34352.833333333336
2012-09-01,36448.0,34471.9
2012-09-02,28751.0,34459.86666666667
2012-09-03,27685.0,34444.5
2012-09-04,33419.0,34564.63333333333
2012-09-05,34684.0,34570.5
2012-09-06,37914.0,34756.933333333334
2012-09-07,33314.0,34555.96666666667
2012-09-08,27940.0,34475.53333333333
2012-09-09,32968.0,34560.63333333333
2012-09-10,30504.0,34572.5
2012-09-11,36736.0,34746.933333333334
2012-09-12,28684.0,34392.73333333333
2012-09-13,27581.0,34201.433333333334
2012-09-14,31170.0,33989.333333333336
2012-09-15,24938.0,33234.5
2012-09-16,25556.0,32616.366666666665
2012-09-17,26455.0,32156.5
2012-09-18,32392.0,32081.433333333334
2012-09-19,34730.0,32108.866666666665
2012-09-20,37342.0,31964.4
2012-09-21,29568.0,31662.8
2012-09-23,23802.0,31277.066666666666
2012-09-24,26882.0,30998.0
2012-09-25,34082.0,31150.833333333332
2012-09-26,36372.0,31433.266666666666
2012-09-27,31699.0,31453.866666666665
2012-09-28,36637.0,31615.466666666667
2012-09-29,27182.0,31441.633333333335
2012-09-30,25258.0,31334.233333333334
2012-10-01,30827.0,31050.666666666668
2012-10-02,38050.0,31104.066666666666
2012-10-03,33564.0,31264.5
2012-10-04,36409.0,31555.3
2012-10-05,35733.0,31632.433333333334
2012-10-06,31354.0,31521.433333333334
2012-10-07,33223.0,31365.066666666666
2012-10-08,38115.0,31525.1
2012-10-09,38387.0,31873.333333333332
2012-10-10,35957.0,31972.966666666667
2012-10-11,31805.0,32016.333333333332
2012-10-12,35240.0,31966.466666666667
2012-10-13,29748.0,32001.933333333334
2012-10-14,30286.0,32092.1
2012-10-15,33578.0,32172.366666666665
2012-10-16,31821.0,32401.8
2012-10-17,34926.0,32714.133333333335
2012-10-18,34499.0,32982.26666666667
2012-10-19,29062.0,32871.26666666667
2012-10-20,32674.0,32802.73333333333
2012-10-21,31467.0,32606.9
2012-10-22,33118.0,32725.233333333334
2012-10-23,30902.0,32961.9
2012-10-24,32550.0,33150.833333333336
2012-10-25,28710.0,32971.76666666667
2012-10-26,27826.0,32686.9
2012-10-27,22005.0,32363.766666666666
2012-10-28,21241.0,31850.566666666666
2012-10-29,22575.0,31697.0
2012-10-30,27715.0,31778.9
2012-10-31,25607.0,31604.9
2012-11-01,23851.0,31131.6
2012-11-02,26334.0,30890.6
2012-11-03,25558.0,30528.9
2012-11-04,22730.0,30095.466666666667
2012-11-05,28848.0,30011.933333333334
2012-11-06,31444.0,29952.633333333335
2012-11-07,33072.0,29784.533333333333
2012-11-08,29633.0,29492.733333333334
2012-11-09,28298.0,29237.433333333334
2012-11-10,23652.0,28965.666666666668
2012-11-11,24277.0,28600.233333333334
2012-11-12,23693.0,28398.4
2012-11-13,25520.0,28239.533333333333
2012-11-14,28340.0,28064.933333333334
2012-11-15,35026.0,28171.766666666666
2012-11-16,36029.0,28208.533333333333
2012-11-17,44133.0,28529.666666666668
2012-11-18,33322.0,28671.666666666668
2012-11-19,33235.0,28690.366666666665
2012-11-20,34778.0,28800.733333333334
2012-11-21,33493.0,28813.233333333334
2012-11-22,32289.0,28859.466666666667
2012-11-23,26228.0,28648.733333333334
2012-11-24,28021.0,28625.766666666666
2012-11-25,27861.0,28626.933333333334
2012-11-26,31791.0,28953.133333333335
2012-11-27,30416.0,29258.966666666667
2012-11-28,34110.0,29643.466666666667
2012-11-29,31421.0,29767.0
2012-11-30,28996.0,29879.966666666667
2012-12-01,26710.0,29975.266666666666
2012-12-02,21747.0,29822.366666666665
2012-12-03,23875.0,29766.266666666666
2012-12-04,28801.0,29968.633333333335
2012-12-05,31337.0,30051.6
2012-12-06,30658.0,30025.4
2012-12-07,30025.0,29923.833333333332
2012-12-08,29769.0,29928.366666666665
2012-12-09,28424.0,29932.566666666666
2012-12-10,26226.0,30018.366666666665
2012-12-11,29038.0,30177.066666666666
2012-12-12,31539.0,30438.6
2012-12-13,34817.0,30748.5
2012-12-14,32210.0,30877.5
2012-12-16,28686.0,30666.166666666668
2012-12-17,33323.0,30575.966666666667
2012-12-18,39283.0,30414.3
2012-12-19,34067.0,30439.133333333335
2012-12-20,29958.0,30329.9
2012-12-21,35121.0,30341.333333333332
2012-12-22,43835.0,30686.066666666666
2012-12-23,29746.0,30601.3
2012-12-24,28575.0,30679.533333333333
2012-12-25,24658.0,30567.433333333334
2012-12-26,24736.0,30463.266666666666
2012-12-27,27831.0,30331.266666666666
2012-12-28,33348.0,30429.0
2012-12-30,36923.0,30522.766666666666
2012-12-31,27480.0,30391.4
2013-01-01,28598.0,30378.133333333335
2013-01-02,34292.0,30630.866666666665
2013-01-03,40002.0,31239.366666666665
2013-01-04,36915.0,31674.033333333333
2013-01-05,41729.0,32104.966666666667
2013-01-06,32347.0,32138.633333333335
2013-01-07,39429.0,32431.0
2013-01-08,38444.0,32711.633333333335
2013-01-09,40874.0,33081.8
2013-01-10,44686.0,33623.86666666667
2013-01-11,47149.0,34321.3
2013-01-12,36943.0,34584.8
2013-01-13,40542.0,34884.9
2013-01-14,33866.0,34853.2
2013-01-15,46471.0,35328.566666666666
2013-01-16,45758.0,35897.63333333333
2013-01-17,42864.0,36215.666666666664
2013-01-18,43006.0,36339.76666666667
2013-01-19,37727.0,36461.76666666667
2013-01-20,35085.0,36632.666666666664
2013-01-21,33381.0,36574.666666666664
2013-01-22,38013.0,36380.6
2013-01-23,36638.0,36610.333333333336
2013-01-24,39848.0,36986.1
2013-01-25,38998.0,37464.1
2013-01-26,41077.0,38008.8
2013-01-27,40829.0,38442.066666666666
2013-01-28,41953.0,38728.9
2013-01-29,41048.0,38866.4
2013-01-30,34666.0,39105.933333333334
2013-01-31,37431.0,39400.36666666667
2013-02-01,49764.0,39916.1
2013-02-02,42923.0,40013.46666666667
2013-02-03,43416.0,40230.166666666664
2013-02-04,42775.0,40265.03333333333
2013-02-05,47429.0,40767.76666666667
2013-02-06,41276.0,40829.333333333336
2013-02-07,44492.0,41030.933333333334
2013-02-08,44976.0,41167.666666666664
2013-02-09,42569.0,41097.1
2013-02-10,45056.0,41027.333333333336
2013-02-11,39656.0,41117.76666666667
2013-02-12,40824.0,41127.166666666664
2013-02-13,40623.0,41352.4
2013-02-14,38823.0,41097.46666666667
2013-02-15,38769.0,40864.5
2013-02-16,37997.0,40702.26666666667
2013-02-17,36995.0,40501.9
2013-02-18,38461.0,40526.36666666667
2013-02-19,39820.0,40684.2
2013-02-20,39704.0,40894.96666666667
2013-02-21,41331.0,41005.566666666666
2013-02-22,43738.0,41242.23333333333
2013-02-23,41790.0,41306.96666666667
2013-02-24,42055.0,41408.86666666667
2013-02-25,44281.0,41515.666666666664
2013-02-26,46081.0,41690.73333333333
2013-02-27,42868.0,41721.23333333333
2013-02-28,46076.0,41888.833333333336
2013-03-01,49555.0,42385.13333333333
2013-03-02,38118.0,42408.03333333333
2013-03-03,35819.0,41943.2
2013-03-04,41993.0,41912.2
2013-03-05,45962.0,41997.066666666666
2013-03-06,53581.0,42357.26666666667
2013-03-07,50988.0,42475.9
2013-03-08,45918.0,42630.63333333333
2013-03-09,41221.0,42521.6
2013-03-10,46473.0,42571.5
2013-03-11,41067.0,42521.433333333334
2013-03-12,44677.0,42508.8
2013-03-13,51534.0,42904.73333333333
2013-03-14,47665.0,43132.76666666667
2013-03-15,51708.0,43502.26666666667
2013-03-16,40333.0,43552.6
2013-03-17,41231.0,43634.666666666664
2013-03-18,46404.0,43914.9
2013-03-19,52413.0,44428.833333333336
2013-03-20,49801.0,44806.833333333336
2013-03-21,52089.0,45215.8
2013-03-22,58133.0,45830.1
2013-03-23,50305.0,46129.23333333333
2013-03-24,57217.0,46578.53333333333
2013-03-25,52660.0,46940.86666666667
2013-03-26,58296.0,47482.23333333333
2013-03-27,58532.0,47957.26666666667
2013-03-28,65989.0,48620.86666666667
2013-03-29,66780.0,49417.933333333334
2013-03-30,60965.0,49914.23333333333
2013-03-31,48515.0,49879.566666666666
2013-04-01,57955.0,50540.8
2013-04-02,72700.0,51770.166666666664
2013-04-03,87142.0,53275.13333333333
2013-04-04,86454.0,54624.86666666667
2013-04-05,84264.0,55647.63333333333
2013-04-06,63661.0,56070.066666666666
2013-04-07,62954.0,56637.933333333334
2013-04-08,94011.0,58397.6
2013-04-09,91121.0,59885.86666666667
2013-04-10,106348.0,62061.9
2013-04-11,96628.0,63793.6
2013-04-12,81347.0,64787.36666666667
2013-04-13,68259.0,65473.833333333336
2013-04-14,57893.0,65680.0
2013-04-15,84240.0,67143.56666666667
2013-04-16,81694.0,68492.33333333333
2013-04-17,86804.0,69839.0
2013-04-18,66435.0,70306.4
2013-04-19,86659.0,71535.0
2013-04-20,62602.0,71885.43333333333
2013-04-21,58843.0,71909.1
2013-04-22,78066.0,72834.46666666666
2013-04-23,78421.0,73541.26666666666
2013-04-24,81580.0,74505.26666666666
2013-04-25,76058.0,75097.33333333333
2013-04-26,72592.0,75566.0
2013-04-27,65463.0,75548.46666666666
2013-04-28,104608.0,76809.4
2013-04-29,73560.0,77229.23333333334
2013-04-30,58629.0,77566.36666666667
2013-05-01,67962.0,77899.93333333333
2013-05-02,65415.0,77657.1
2013-05-03,64825.0,76913.2
2013-05-05,57862.0,75960.13333333333
2013-05-06,69183.0,75457.43333333333
2013-05-07,94788.0,76495.0
2013-05-08,87495.0,77313.03333333334
2013-05-09,69602.0,76499.4
2013-05-10,71443.0,75843.46666666666
2013-05-11,66176.0,74504.4
2013-05-12,58799.0,73243.43333333333
2013-05-13,69374.0,72844.33333333333
2013-05-14,69012.0,72869.43333333333
2013-05-15,68388.0,73219.26666666666
2013-05-16,68536.0,72695.8
2013-05-17,61929.0,72036.96666666666
2013-05-18,55552.0,70995.23333333334
2013-05-19,51697.0,70503.96666666666
2013-05-20,57600.0,69535.33333333333
2013-05-21,67890.0,69711.6
2013-05-22,61102.0,69786.9
2013-05-23,68378.0,69463.96666666666
2013-05-24,68107.0,69120.16666666667
2013-05-25,53317.0,68178.06666666667
2013-05-26,53395.0,67422.63333333333
2013-05-27,59658.0,66991.5
2013-05-28,61517.0,66859.96666666666
2013-05-29,64923.0,65537.13333333333
2013-05-30,63472.0,65200.86666666667
2013-05-31,61670.0,65302.23333333333
2013-06-01,55356.0,64882.03333333333
2013-06-02,51180.0,64407.53333333333
2013-06-03,63443.0,64361.46666666667
2013-06-04,64541.0,64584.1
2013-06-05,65079.0,64447.3
2013-06-06,60676.0,63310.23333333333
2013-06-07,59933.0,62391.5
2013-06-08,47541.0,61656.13333333333
2013-06-09,45478.0,60790.63333333333
2013-06-10,50635.0,60272.6
2013-06-11,56360.0,60191.3
2013-06-12,52892.0,59641.9
2013-06-13,55259.0,59183.46666666667
2013-06-14,63694.0,59027.0
2013-06-15,43528.0,58193.4
2013-06-16,39659.0,57451.066666666666
2013-06-17,47538.0,57183.933333333334
2013-06-18,51399.0,57174.0
2013-06-19,57558.0,57172.6
2013-06-20,54098.0,56712.86666666667
2013-06-21,55870.0,56538.46666666667
2013-06-22,47672.0,55848.26666666667
2013-06-23,40871.0,54940.4
2013-06-24,52722.0,54920.566666666666
2013-06-25,50043.0,54808.833333333336
2013-06-26,54144.0,54625.03333333333
2013-06-27,50989.0,54274.1
2013-06-28,56602.0,53996.73333333333
2013-06-29,50788.0,53573.933333333334
2013-06-30,41358.0,52896.86666666667
2013-07-01,56374.0,52930.8
2013-07-02,51868.0,52953.73333333333
2013-07-03,55754.0,52697.433333333334
2013-07-04,50059.0,52214.7
2013-07-05,50395.0,51725.23333333333
2013-07-06,42492.0,51119.1
2013-07-07,38512.0,50405.066666666666
2013-07-08,52297.0,50563.6
2013-07-09,55509.0,50897.96666666667
2013-07-10,54321.0,51020.833333333336
2013-07-11,61548.0,51193.76666666667
2013-07-12,66681.0,51653.4
2013-07-13,50760.0,51503.433333333334
2013-07-14,38901.0,50677.0
2013-07-15,49774.0,50885.2
2013-07-16,55925.0,51427.4
2013-07-17,53170.0,51615.13333333333
2013-07-18,52109.0,51638.8
2013-07-19,50353.0,51398.63333333333
2013-07-20,42223.0,51002.8
2013-07-21,42370.0,50552.8
2013-07-22,50290.0,50640.066666666666
2013-07-23,53996.0,51077.566666666666
2013-07-24,54327.0,51131.066666666666
2013-07-25,54353.0,51274.73333333333
2013-07-26,51523.0,51187.36666666667
2013-07-27,41923.0,50885.166666666664
2013-07-28,40133.0,50336.2
2013-07-29,56108.0,50513.53333333333
2013-07-30,58704.0,51091.73333333333
2013-07-31,66141.0,51417.3
2013-08-01,103351.0,53133.4
2013-08-02,64646.0,53429.8
2013-08-03,49767.0,53420.066666666666
2013-08-04,46551.0,53291.933333333334
2013-08-05,62137.0,53946.76666666667
2013-08-06,61187.0,54702.6
2013-08-07,64954.0,55124.5
2013-08-08,60891.0,55303.9
2013-08-09,54319.0,55303.833333333336
2013-08-10,51094.0,54955.36666666667
2013-08-11,43353.0,54177.76666666667
2013-08-12,88571.0,55438.13333333333
2013-08-13,61005.0,56174.933333333334
2013-08-14,64243.0,56657.23333333333
2013-08-15,64588.0,56946.0
2013-08-16,69111.0,57477.36666666667
2013-08-17,51598.0,57460.333333333336
2013-08-18,47444.0,57363.36666666667
2013-08-19,69236.0,58263.8
2013-08-20,67419.0,59098.76666666667
2013-08-21,69302.0,59732.5
2013-08-22,72393.0,60345.73333333333
2013-08-23,63359.0,60646.8
2013-08-24,52996.0,60601.566666666666
2013-08-25,48353.0,60495.9
2013-08-26,62217.0,61172.36666666667
2013-08-27,72059.0,62236.566666666666
2013-08-28,73597.0,62819.53333333333
2013-08-29,65094.0,63032.53333333333
2013-08-30,75212.0,63334.9
2013-08-31,77866.0,62485.4
2013-09-01,47233.0,61904.96666666667
2013-09-02,52321.0,61990.1
2013-09-03,57454.0,62353.53333333333
2013-09-04,62447.0,62363.86666666667
2013-09-05,59898.0,62320.9
2013-09-06,58464.0,62104.566666666666
2013-09-07,50956.0,61773.4
2013-09-08,44651.0,61451.13333333333
2013-09-09,56478.0,61630.6
2013-09-10,55495.0,62035.333333333336
2013-09-11,61906.0,61146.5
2013-09-12,63265.0,61221.833333333336
2013-09-13,57481.0,60996.433333333334
2013-09-14,45429.0,60357.8
2013-09-15,44238.0,59528.7
2013-09-16,57572.0,59727.833333333336
2013-09-17,60864.0,60175.166666666664
2013-09-18,64710.0,60024.3
2013-09-19,67276.0,60019.53333333333
2013-09-20,66115.0,59913.3
2013-09-21,55887.0,59363.1
2013-09-22,51054.0,58952.933333333334
2013-09-23,67019.0,59420.36666666667
2013-09-24,65926.0,60006.13333333333
2013-09-25,64982.0,60098.3
2013-09-26,65886.0,59892.53333333333
2013-09-27,64406.0,59586.166666666664
2013-09-28,56523.0,59300.46666666667
2013-09-29,56535.0,58677.9
2013-09-30,67081.0,58318.4
2013-10-01,73655.0,59199.13333333333
2013-10-02,77728.0,60046.03333333333
2013-10-03,66403.0,60344.333333333336
2013-10-04,63208.0,60369.7
2013-10-05,51842.0,60101.166666666664
2013-10-06,49517.0,59802.933333333334
2013-10-07,62040.0,60172.4
2013-10-08,64024.0,60818.166666666664
2013-10-09,67064.0,61171.03333333333
2013-10-10,67237.0,61562.433333333334
2013-10-11,65117.0,61669.46666666667
2013-10-12,55313.0,61404.4
2013-10-13,66517.0,61705.6
2013-10-14,68679.0,62480.6
2013-10-15,71738.0,63397.26666666667
2013-10-16,77361.0,64056.9
2013-10-17,65903.0,64224.86666666667
2013-10-18,70030.0,64402.2
2013-10-19,74510.0,64643.333333333336
2013-10-20,61813.0,64499.933333333334
2013-10-21,79056.0,65272.23333333333
2013-10-22,91759.0,66629.06666666667
2013-10-23,87018.0,67295.7
2013-10-24,89418.0,68078.76666666666
2013-10-25,80608.0,68599.63333333333
2013-10-26,60631.0,68424.46666666666
2013-10-27,54721.0,68101.63333333333
2013-10-28,68820.0,68511.53333333334
2013-10-29,70371.0,68972.73333333334
2013-10-30,78591.0,69356.4
2013-10-31,79243.0,69542.66666666667
2013-11-01,71947.0,69349.96666666666
2013-11-02,65176.0,69309.06666666667
2013-11-03,65338.0,69380.06666666667
2013-11-04,83348.0,70430.26666666666
2013-11-05,97335.0,72024.2
2013-11-06,97369.0,73201.83333333333
2013-11-07,109301.0,74711.06666666667
2013-11-08,106680.0,76031.6
2013-11-09,106130.0,77328.03333333334
2013-11-10,95024.0,78324.93333333333
2013-11-11,88300.0,79424.5
2013-11-12,98250.0,80482.26666666666
2013-11-13,101388.0,81572.56666666667
2013-11-14,112531.0,82932.33333333333
2013-11-15,102176.0,83759.5
2013-11-16,88478.0,84512.0
2013-11-17,89325.0,85155.16666666667
2013-11-18,140360.0,87350.16666666667
2013-11-19,170557.0,90974.96666666666
2013-11-20,139562.0,92991.83333333333
2013-11-21,128839.0,94227.83333333333
2013-11-22,137706.0,95917.43333333333
2013-11-23,130687.0,97293.06666666667
2013-11-24,102145.0,98010.96666666666
2013-11-25,121251.0,100031.63333333333
2013-11-26,153552.0,103326.0
2013-11-27,170801.0,106725.36666666667
2013-11-28,174633.0,110200.76666666666
2013-11-29,162274.0,112990.2
2013-11-30,138750.0,114973.76666666666
2013-12-01,136377.0,117121.43333333333
2013-12-02,146063.0,119817.66666666667
2013-12-03,148813.0,122600.16666666667
2013-12-04,154055.0,124957.06666666667
2013-12-05,157285.0,126955.4
2013-12-06,142973.0,128475.53333333334
2013-12-07,129059.0,129134.13333333333
2013-12-08,95435.0,128759.3
2013-12-09,136327.0,129765.86666666667
2013-12-10,128426.0,130879.26666666666
2013-12-11,127804.0,132196.06666666668
2013-12-12,111331.0,132632.1
2013-12-13,121972.0,133318.23333333334
2013-12-14,111422.0,133281.26666666666
2013-12-15,106045.0,133410.23333333334
2013-12-16,145742.0,135319.03333333333
2013-12-17,133831.0,136802.56666666668
2013-12-18,152236.0,137198.43333333332
2013-12-19,134046.0,135981.4
2013-12-20,118892.0,135292.4
2013-12-21,107061.0,134566.46666666667
2013-12-22,99505.0,133293.1
2013-12-23,132256.0,133345.4
2013-12-24,114065.0,133742.73333333334
2013-12-25,113223.0,133475.13333333333
2013-12-26,106343.0,131901.5
2013-12-27,110058.0,129876.73333333334
2013-12-28,95057.0,127224.2
2013-12-29,94132.0,124952.8
2013-12-30,133540.0,124779.13333333333
2013-12-31,100706.0,123590.1
2014-01-01,85153.0,121559.76666666666
2014-01-02,114151.0,120404.36666666667
2014-01-03,122070.0,119338.2
2014-01-04,99666.0,117417.56666666667
2014-01-05,114078.0,116454.4
2014-01-06,151592.0,117205.5
2014-01-07,121168.0,118063.26666666666
2014-01-08,128008.0,117785.96666666666
2014-01-09,116570.0,117390.76666666666
2014-01-10,108863.0,116759.4
2014-01-11,111256.0,116756.9
2014-01-12,100294.0,116034.3
2014-01-13,133710.0,116777.23333333334
2014-01-14,110009.0,116909.36666666667
2014-01-15,115651.0,115906.33333333333
2014-01-16,108455.0,115060.46666666666
2014-01-17,113841.0,113780.63333333333
2014-01-18,92393.0,112392.2
2014-01-19,95238.0,111603.73333333334
2014-01-20,152042.0,113103.1
2014-01-21,137213.0,114360.03333333334
2014-01-22,132174.0,114357.3
2014-01-23,124504.0,114705.26666666666
2014-01-24,123371.0,115043.53333333334
2014-01-25,107992.0,115098.5
2014-01-26,109747.0,115088.13333333333
2014-01-27,151306.0,116963.1
2014-01-28,134406.0,118305.56666666667
2014-01-29,122232.0,117928.63333333333
2014-01-30,131665.0,118960.6
2014-01-31,131259.0,120497.46666666666
2014-02-01,120110.0,120696.1
2014-02-02,115532.0,120478.16666666667
2014-02-03,151697.0,122212.53333333334
2014-02-04,146783.0,123302.7
2014-02-05,134434.0,122730.76666666666
2014-02-06,143631.0,123479.53333333334
2014-02-07,142073.0,123948.36666666667
2014-02-08,128846.0,124357.56666666667
2014-02-09,110355.0,124407.3
2014-02-10,152323.0,125776.2
2014-02-11,129779.0,126759.03333333334
2014-02-12,124023.0,126436.13333333333
2014-02-13,129640.0,127090.5
2014-02-14,144009.0,128035.76666666666
2014-02-15,128245.0,128695.43333333333
2014-02-16,107390.0,128480.4
2014-02-17,148093.0,130337.06666666667
2014-02-18,132286.0,131572.0
2014-02-19,154079.0,131639.9
2014-02-20,159785.0,132392.3
2014-02-21,156400.0,133199.83333333334
2014-02-22,134765.0,133541.86666666667
2014-02-23,144957.0,134261.4
2014-02-24,193162.0,137100.4
2014-02-25,183668.0,139564.43333333332
2014-02-26,166942.0,140085.63333333333
2014-02-27,162312.0,141015.83333333334
2014-02-28,145370.0,141787.1
2014-03-01,153084.0,142501.06666666668
2014-03-02,134483.0,142608.53333333333
2014-03-03,207617.0,145525.43333333332
2014-03-04,201000.0,148374.36666666667
2014-03-05,172202.0,149057.86666666667
2014-03-06,169426.0,149812.63333333333
2014-03-07,156936.0,150562.7
2014-03-08,149419.0,150755.63333333333
2014-03-09,149990.0,151019.53333333333
2014-03-10,171342.0,152436.06666666668
2014-03-11,155145.0,153929.06666666668
2014-03-12,166882.0,154414.36666666667
2014-03-13,163734.0,155546.2
2014-03-14,135298.0,155922.03333333333
2014-03-15,120614.0,155621.16666666666
2014-03-16,120423.0,154834.96666666667
2014-03-17,162111.0,155963.83333333334
2014-03-18,118351.0,156329.2
2014-03-19,141597.0,156112.66666666666
2014-03-20,136364.0,156248.6
2014-03-21,157457.0,156361.2
2014-03-22,135217.0,155542.26666666666
2014-03-23,126956.0,154560.8
2014-03-24,169414.0,155715.76666666666
2014-03-25,143947.0,155682.1
2014-03-26,146839.0,154138.0
2014-03-27,160637.0,153370.3
2014-03-28,158001.0,153072.26666666666
2014-03-29,127427.0,151909.43333333332
2014-03-30,147993.0,151996.86666666667
2014-03-31,148468.0,151843.0
2014-04-01,155429.0,152541.2
2014-04-02,153963.0,150752.73333333334
2014-04-03,125717.0,148243.3
2014-04-04,154707.0,147660.13333333333
2014-04-05,131344.0,146390.73333333334
2014-04-06,167245.0,146734.36666666667
2014-04-07,136394.0,146300.2
2014-04-08,142384.0,146046.66666666666
2014-04-09,153632.0,145456.33333333334
2014-04-10,159374.0,145597.3
2014-04-11,148338.0,144979.16666666666
2014-04-12,112455.0,143269.86666666667
2014-04-13,156895.0,143989.76666666666
2014-04-14,158066.0,145238.16666666666
2014-04-15,156359.0,146436.03333333333
2014-04-16,149841.0,146027.03333333333
2014-04-17,131868.0,146477.6
2014-04-18,128648.0,146045.96666666667
2014-04-19,118692.0,145456.9
2014-04-20,147204.0,145115.13333333333
2014-04-21,121759.0,144666.53333333333
2014-04-22,162297.0,145844.56666666668
2014-04-23,135242.0,144705.5
2014-04-24,135134.0,144411.73333333334
2014-04-25,154706.0,144673.96666666667
2014-04-26,114923.0,143150.16666666666
2014-04-27,148161.0,142822.16666666666
2014-04-28,146280.0,143450.6
2014-04-29,141443.0,143232.26666666666
2014-04-30,138804.0,142910.13333333333
2014-05-01,132989.0,142162.13333333333
2014-05-02,122570.0,141115.7
2014-05-03,98010.0,140192.13333333333
2014-05-04,136682.0,139591.3
2014-05-05,126823.0,139440.6
2014-05-06,144318.0,138676.36666666667
2014-05-07,139545.0,138781.4
2014-05-08,140028.0,138702.86666666667
2014-05-09,136384.0,138127.93333333332
2014-05-10,115894.0,136678.6
2014-05-11,145663.0,136589.43333333332
2014-05-12,128562.0,137126.33333333334
2014-05-13,126152.0,136101.56666666668
2014-05-14,136797.0,135392.6
2014-05-15,149729.0,135171.6
2014-05-16,123629.0,134297.86666666667
2014-05-17,109902.0,133565.66666666666
2014-05-18,151253.0,134319.16666666666
2014-05-19,137175.0,134935.26666666666
2014-05-20,162024.0,135429.26666666666
2014-05-21,131323.0,135748.06666666668
2014-05-22,137973.0,134937.26666666666
2014-05-23,150893.0,135458.96666666667
2014-05-24,103212.0,134394.9
2014-05-25,165704.0,134761.5
2014-05-26,143041.0,135698.76666666666
2014-05-27,150775.0,135785.9
2014-05-28,156184.0,136116.03333333333
2014-05-29,145139.0,136239.23333333334
2014-05-30,127995.0,135878.93333333332
2014-05-31,123644.0,135567.43333333332
2014-06-01,167932.0,137079.5
2014-06-02,149237.0,138787.06666666668
2014-06-03,160756.0,139589.53333333333
2014-06-04,148353.0,140307.2
2014-06-05,154509.0,140646.9
2014-06-06,143645.0,140783.56666666668
2014-06-07,120890.0,140145.63333333333
2014-06-08,153210.0,140706.5
2014-06-09,137265.0,141418.86666666667
2014-06-10,146486.0,141446.3
2014-06-11,145154.0,141999.36666666667
2014-06-12,146361.0,142673.0
2014-06-13,146417.0,142993.66666666666
2014-06-14,128268.0,142278.3
2014-06-15,156625.0,143378.16666666666
2014-06-16,151411.0,144761.8
2014-06-17,161493.0,145103.13333333333
2014-06-18,144626.0,145351.5
2014-06-19,132614.0,144371.16666666666
2014-06-20,133214.0,144434.2
2014-06-21,130125.0,144172.6
2014-06-22,163514.0,144593.3
2014-06-23,136813.0,145713.33333333334
2014-06-24,148534.0,145141.0
2014-06-25,150394.0,145386.1
2014-06-26,136793.0,144920.03333333333
2014-06-27,144281.0,144523.26666666666
2014-06-28,119637.0,143673.2
2014-06-29,155427.0,144587.6
2014-06-30,153158.0,145571.4
2014-07-01,157472.0,145222.73333333334
2014-07-02,152173.0,145320.6
2014-07-03,135992.0,144495.13333333333
2014-07-04,122293.0,143626.46666666667
2014-07-05,110447.0,142157.73333333334
2014-07-06,163144.0,142807.7
2014-07-07,159811.0,144105.06666666668
2014-07-08,184360.0,145143.4
2014-07-09,157335.0,145812.4
2014-07-10,147432.0,145843.93333333332
2014-07-11,145271.0,145847.83333333334
2014-07-12,134802.0,145462.53333333333
2014-07-13,168917.0,146212.53333333333
2014-07-14,138366.0,146549.13333333333
2014-07-15,154269.0,146470.6
2014-07-16,144076.0,146226.1
2014-07-17,147920.0,145773.66666666666
2014-07-18,141523.0,145670.23333333334
2014-07-19,131462.0,145631.83333333334
2014-07-20,170737.0,146882.6
2014-07-21,135234.0,147052.9
2014-07-22,141538.0,146320.36666666667
2014-07-23,151146.0,146798.13333333333
2014-07-24,149324.0,146824.46666666667
2014-07-25,152439.0,146892.63333333333
2014-07-26,119755.0,146324.7
2014-07-27,162972.0,146947.73333333334
2014-07-28,147974.0,147892.3
2014-07-29,142385.0,147457.56666666668
2014-07-30,156102.0,147555.7
2014-07-31,148020.0,147240.63333333333
2014-08-01,150907.0,147198.43333333332
2014-08-02,121519.0,146716.0
2014-08-03,151735.0,147697.4
2014-08-04,134288.0,148492.1
2014-08-05,168882.0,148683.36666666667
2014-08-06,173282.0,149132.4
2014-08-07,151230.0,148028.06666666668
2014-08-08,149498.0,147766.83333333334
2014-08-09,130462.0,147201.16666666666
2014-08-10,174825.0,148186.3
2014-08-11,170341.0,149370.93333333332
2014-08-12,175058.0,149575.63333333333
2014-08-13,169355.0,150608.6
2014-08-14,165350.0,150977.96666666667
2014-08-15,158933.0,151473.2
2014-08-16,146332.0,151420.26666666666
2014-08-17,179878.0,152698.76666666666
2014-08-18,167625.0,153904.2
2014-08-19,161716.0,153603.5
2014-08-20,163469.0,154544.66666666666
2014-08-21,169811.0,155487.1
2014-08-22,156690.0,155671.9
2014-08-23,128246.0,154969.3
2014-08-24,185028.0,156055.6
2014-08-25,154245.0,157205.26666666666
2014-08-26,163451.0,157221.23333333334
2014-08-27,157523.0,157539.53333333333
2014-08-28,167080.0,158362.7
2014-08-29,140682.0,157848.7
2014-08-30,141380.0,157627.36666666667
2014-08-31,170749.0,158288.76666666666
2014-09-01,167302.0,159814.86666666667
2014-09-02,155595.0,159943.53333333333
2014-09-03,146140.0,160338.6
2014-09-04,153958.0,159841.13333333333
2014-09-05,156320.0,159275.73333333334
2014-09-06,133875.0,158697.23333333334
2014-09-07,212749.0,160805.6
2014-09-08,161630.0,161844.53333333333
2014-09-09,174038.0,161818.3
2014-09-10,155747.0,161331.83333333334
2014-09-11,149290.0,160472.9
2014-09-12,146245.0,159702.56666666668
2014-09-13,132966.0,158623.1
2014-09-14,213769.0,160450.96666666667
2014-09-15,160989.0,160939.53333333333
2014-09-16,182666.0,161032.46666666667
2014-09-17,163698.0,160901.56666666668
2014-09-18,165517.0,161028.26666666666
2014-09-19,143062.0,160348.03333333333
2014-09-20,140496.0,159370.86666666667
2014-09-21,183275.0,160257.03333333333
2014-09-22,170784.0,161674.96666666667
2014-09-23,163696.0,160963.9
2014-09-24,164370.0,161301.4
2014-09-25,168665.0,161475.2
2014-09-26,154395.0,161370.93333333332
2014-09-27,141428.0,160515.86666666667
2014-09-28,214115.0,162963.63333333333
2014-09-29,159257.0,163559.53333333333
2014-09-30,184878.0,164030.5
2014-10-01,184302.0,164597.16666666666
2014-10-02,156333.0,164621.76666666666
2014-10-03,150088.0,164753.36666666667
2014-10-04,140633.0,164309.2
2014-10-05,220026.0,166432.73333333334
2014-10-06,157072.0,167205.96666666667
2014-10-07,171824.0,165841.8
2014-10-08,161782.0,165846.86666666667
2014-10-09,159411.0,165359.3
2014-10-10,171643.0,165889.16666666666
2014-10-11,139081.0,165548.86666666667
2014-10-12,211008.0,167707.63333333333
2014-10-13,181958.0,169340.7
2014-10-14,172300.0,167958.4
2014-10-15,180663.0,168614.2
2014-10-16,159050.0,167827.0
2014-10-17,157606.0,167623.93333333332
2014-10-19,208126.0,169044.23333333334
2014-10-20,166994.0,169841.96666666667
2014-10-21,174424.0,170972.9
2014-10-22,171493.0,170580.16666666666
2014-10-23,164169.0,170359.66666666666
2014-10-24,158148.0,170174.73333333334
2014-10-25,185238.0,170870.33333333334
2014-10-26,184703.0,171404.93333333332
2014-10-27,189730.0,172582.76666666666
2014-10-28,174018.0,173669.1
2014-10-29,174417.0,172345.83333333334
2014-10-30,176402.0,172917.33333333334
2014-10-31,170099.0,172424.7
2014-11-01,143835.0,171075.8
2014-11-02,237620.0,173785.36666666667
2014-11-03,173647.0,174570.66666666666
2014-11-04,172105.0,175619.73333333334
2014-11-05,171281.0,173994.9
2014-11-06,175366.0,174604.7
2014-11-07,163758.0,174335.83333333334
2014-11-08,134292.0,173419.5
2014-11-09,225316.0,175616.33333333334
2014-11-10,175663.0,175750.33333333334
2014-11-11,170263.0,176789.73333333334
2014-11-12,196274.0,176298.6
2014-11-13,183931.0,176364.36666666667
2014-11-14,196365.0,177166.53333333333
2014-11-15,150621.0,176165.13333333333
2014-11-16,222035.0,178264.63333333333
2014-11-17,177323.0,178921.86666666667
2014-11-18,180223.0,177991.76666666666
2014-11-19,172491.0,178175.0
2014-11-20,179016.0,178328.06666666668
2014-11-21,171057.0,178313.53333333333
2014-11-22,154860.0,178003.23333333334
2014-11-23,223748.0,180189.9
2014-11-24,173690.0,179804.96666666667
2014-11-25,175123.0,179485.63333333333
2014-11-26,170725.0,178852.13333333333
2014-11-27,181363.0,179096.96666666667
2014-11-28,177683.0,179205.83333333334
2014-11-29,155964.0,178524.56666666668
2014-11-30,246494.0,181071.06666666668
2014-12-01,181684.0,182332.7
2014-12-02,209968.0,181410.96666666667
2014-12-03,194808.0,182116.33333333334
2014-12-04,187186.0,182619.03333333333
2014-12-05,194196.0,183382.86666666667
2014-12-06,157776.0,182796.53333333333
2014-12-07,229659.0,184993.23333333334
2014-12-08,198822.0,187144.23333333334
2014-12-09,186519.0,185851.0
2014-12-10,187861.0,186257.6
2014-12-11,181976.0,186648.03333333333
2014-12-12,190237.0,186446.8
2014-12-13,155092.0,185485.5
2014-12-14,250811.0,187300.36666666667
2014-12-15,202124.0,189017.13333333333
2014-12-16,219102.0,188919.36666666667
2014-12-17,209988.0,190008.2
2014-12-18,200207.0,190674.33333333334
2014-12-19,189380.0,191237.3
2014-12-20,224411.0,192750.46666666667
2014-12-21,205666.0,193904.1
2014-12-22,212181.0,195814.8
2014-12-23,202314.0,195100.33333333334
2014-12-24,161207.0,194684.23333333334
2014-12-25,140109.0,193517.1
2014-12-26,162298.0,193236.2
2014-12-27,180035.0,193191.93333333332
2014-12-28,238616.0,195223.03333333333
2014-12-29,163563.0,195476.33333333334
2014-12-30,179514.0,193243.66666666666
2014-12-31,150108.0,192191.13333333333
2015-01-01,117529.0,189109.83333333334
2015-01-02,179406.0,188596.43333333332
2015-01-03,205926.0,189221.1
2015-01-04,207255.0,189656.4
2015-01-05,200612.0,191084.26666666666
2015-01-06,179159.0,189400.93333333332
2015-01-07,171674.0,188496.0
2015-01-08,197689.0,188868.33333333334
2015-01-09,202190.0,189345.96666666667
2015-01-10,242729.0,191371.06666666668
2015-01-11,211904.0,192093.3
2015-01-12,186352.0,193135.3
2015-01-13,213182.0,191881.0
2015-01-14,217076.0,192379.4
2015-01-15,229796.0,192735.86666666667
2015-01-16,209325.0,192713.76666666666
2015-01-17,250389.0,194386.5
2015-01-18,214984.0,195239.96666666667
2015-01-19,207358.0,194671.53333333333
2015-01-20,191743.0,194207.43333333332
2015-01-21,189969.0,193467.03333333333
2015-01-22,186251.0,192931.6
2015-01-23,178774.0,193517.16666666666
2015-01-24,167143.0,194418.3
2015-01-25,281521.0,198392.4
2015-01-26,216080.0,199593.9
2015-01-27,205787.0,198499.6
2015-01-28,156833.0,198275.26666666666
2015-01-29,178726.0,198249.0
2015-01-30,161500.0,198628.73333333334
2015-01-31,243132.0,202815.5
2015-02-01,217101.0,204072.0
2015-02-02,184674.0,203363.6
2015-02-03,203192.0,203228.16666666666
2015-02-04,198579.0,203160.4
2015-02-05,176000.0,203055.1
2015-02-06,201370.0,204044.96666666667
2015-02-07,159160.0,202760.66666666666
2015-02-08,264578.0,204840.26666666666
2015-02-09,191360.0,203127.96666666667
2015-02-10,196075.0,202600.33333333334
2015-02-11,191881.0,202784.63333333333
2015-02-12,198875.0,202307.73333333334
2015-02-13,274903.0,204235.3
2015-02-14,214118.0,203712.7
2015-02-15,300913.0,206765.63333333333
2015-02-16,227349.0,205997.63333333333
2015-02-17,229875.0,206494.0
2015-02-18,209069.0,206551.03333333333
2015-02-19,180964.0,206191.73333333334
2015-02-20,196964.0,206424.9
2015-02-21,237585.0,208136.03333333333
2015-02-22,232004.0,209910.36666666667
2015-02-23,213050.0,211440.6
2015-02-24,197476.0,208639.1
2015-02-25,193898.0,207899.7
2015-02-26,190948.0,207405.06666666668
2015-02-27,198801.0,208804.0
2015-02-28,238945.0,210811.3
2015-03-01,230566.0,213113.5
2015-03-02,221621.0,212396.46666666667
2015-03-03,218185.0,212432.6
2015-03-04,200738.0,212968.06666666668
2015-03-05,210532.0,213212.73333333334
2015-03-06,190781.0,212952.8
2015-03-07,213542.0,214204.2
2015-03-08,219897.0,214821.76666666666
2015-03-09,213987.0,216649.33333333334
2015-03-10,202831.0,214591.1
2015-03-11,202784.0,214971.9
2015-03-12,191013.0,214803.16666666666
2015-03-13,196893.0,214970.23333333334
2015-03-14,221145.0,215712.56666666668
2015-03-15,219686.0,213872.0
2015-03-16,215332.0,213912.46666666667
2015-03-17,189410.0,210195.7
2015-03-18,192033.0,209018.5
2015-03-19,191319.0,207733.3
2015-03-20,196439.0,207312.3
2015-03-21,209563.0,208265.6
2015-03-22,229566.0,209352.33333333334
2015-03-23,217678.0,208688.76666666666
2015-03-24,182247.0,207030.2
2015-03-25,186186.0,206134.73333333334
2015-03-26,187578.0,205804.8
2015-03-27,196455.0,205890.03333333333
2015-03-28,200239.0,206199.73333333334
2015-03-29,231523.0,207290.46666666667
2015-03-30,213673.0,206448.06666666668
2015-03-31,226307.0,206306.1
2015-04-01,223233.0,206359.83333333334
2015-04-02,211292.0,206130.06666666668
2015-04-03,194634.0,205926.6
2015-04-04,215923.0,206106.3
2015-04-05,221968.0,207145.86666666667
2015-04-06,205697.0,206884.36666666667
2015-04-07,215918.0,206751.73333333334
2015-04-08,215255.0,206794.0
2015-04-09,201791.0,206759.33333333334
2015-04-10,218653.0,207288.3
2015-04-11,235064.0,208756.66666666666
2015-04-12,217732.0,209451.3
2015-04-13,221789.0,209472.76666666666
2015-04-14,213708.0,209273.5
2015-04-15,186694.0,208318.9
2015-04-16,188970.0,208304.23333333334
2015-04-17,193199.0,208343.1
2015-04-18,216541.0,209183.83333333334
2015-04-19,222517.0,210053.1
2015-04-20,209796.0,210060.86666666667
2015-04-21,202389.0,209154.96666666667
2015-04-22,220819.0,209259.66666666666
2015-04-23,217563.0,210436.86666666667
2015-04-24,204006.0,211030.86666666667
2015-04-25,230746.0,212469.8
2015-04-26,231840.0,213649.3
2015-04-27,215145.0,214146.16666666666
2015-04-28,209313.0,213405.83333333334
2015-04-29,219107.0,213586.96666666667
2015-04-30,206785.0,212936.23333333334
2015-05-01,188699.0,211785.1
2015-05-02,233284.0,212518.16666666666
2015-05-03,214577.0,213182.93333333332
2015-05-04,208572.0,212937.9
2015-05-05,219742.0,212863.7
2015-05-06,225289.0,213516.76666666666
2015-05-07,220987.0,213685.73333333334
2015-05-08,258964.0,215142.7
2015-05-09,189134.0,214720.8
2015-05-10,219078.0,214734.96666666667
2015-05-11,225581.0,214418.86666666667
2015-05-12,226586.0,214714.0
2015-05-13,210288.0,214330.63333333333
2015-05-14,200454.0,213888.83333333334
2015-05-15,209511.0,214649.4
2015-05-16,229024.0,215984.53333333333
2015-05-17,213882.0,216673.96666666667
2015-05-18,206913.0,216353.03333333333
2015-05-19,212508.0,216019.4
2015-05-20,214856.0,216188.06666666668
2015-05-21,202037.0,216176.33333333334
2015-05-22,208304.0,215759.16666666666
2015-05-23,187976.0,214772.93333333332
2015-05-24,249786.0,216298.93333333332
2015-05-25,221655.0,215995.9
2015-05-26,227723.0,215858.66666666666
2015-05-27,214649.0,215842.13333333333
2015-05-28,212935.0,215962.86666666667
2015-05-29,243480.0,216775.3
2015-05-30,266265.0,218757.96666666667
2015-05-31,251225.0,220842.16666666666
2015-06-01,258970.0,221698.36666666667
2015-06-02,253269.0,222988.1
2015-06-03,246454.0,224250.83333333334
2015-06-04,231919.0,224656.73333333334
2015-06-05,223180.0,224586.43333333332
2015-06-06,234953.0,225051.96666666667
2015-06-07,220164.0,223758.63333333333
2015-06-08,202272.0,224196.56666666668
2015-06-09,230578.0,224579.9
2015-06-10,272533.0,226144.96666666667
2015-06-11,233951.0,226390.46666666667
2015-06-12,248877.0,227676.76666666666
2015-06-13,239474.0,228977.43333333332
2015-06-14,247680.0,230249.73333333334
2015-06-15,272423.0,231696.36666666667
2015-06-16,231099.0,232270.26666666666
2015-06-17,264842.0,234201.23333333334
2015-06-18,234569.0,234936.6
2015-06-19,253777.0,236233.96666666667
2015-06-20,228622.0,237120.13333333333
2015-06-21,236321.0,238054.03333333333
2015-06-22,222817.0,239215.4
2015-06-23,256698.0,239445.8
2015-06-24,224581.0,239543.33333333334
2015-06-25,189264.0,238261.36666666667
2015-06-26,248150.0,239378.06666666668
2015-06-27,254786.0,240773.1
2015-06-28,236527.0,240541.33333333334
2015-06-29,240752.0,239690.9
2015-06-30,257561.0,239902.1
2015-07-01,253870.0,239732.1
2015-07-02,267808.0,240216.73333333334
2015-07-03,252129.0,240405.9
2015-07-04,234937.0,240506.5
2015-07-05,269467.0,242049.4
2015-07-06,290419.0,243898.26666666666
2015-07-07,276934.0,245790.6
2015-07-08,278945.0,248346.36666666667
2015-07-09,269424.0,249641.23333333334
2015-07-10,266692.0,249446.53333333333
2015-07-11,275689.0,250837.8
2015-07-12,270698.0,251565.16666666666
2015-07-13,240377.0,251595.26666666666
2015-07-14,230438.0,251020.53333333333
2015-07-15,231980.0,249672.43333333332
2015-07-16,222932.0,249400.2
2015-07-17,205768.0,247431.06666666668
2015-07-18,213960.0,246744.1
2015-07-19,248240.0,246559.53333333333
2015-07-20,236910.0,246835.8
2015-07-21,255725.0,247482.6
2015-07-22,247466.0,248304.23333333334
2015-07-23,208474.0,246696.76666666666
2015-07-24,217965.0,246476.23333333334
2015-07-25,195286.0,246676.96666666667
2015-07-26,256518.0,246955.9
2015-07-27,236624.0,246350.5
2015-07-28,243025.0,246567.1
2015-07-29,269690.0,247531.7
2015-07-30,230385.0,246625.83333333334
2015-07-31,253234.0,246604.63333333333
2015-08-01,256672.0,246233.43333333332
2015-08-02,255245.0,246337.3
2015-08-03,245877.0,246701.96666666667
2015-08-04,252264.0,246128.53333333333
2015-08-05,257740.0,245039.23333333334
2015-08-06,245603.0,243994.86666666667
2015-08-07,225700.0,242220.03333333333
2015-08-08,232174.0,240978.36666666667
2015-08-09,222025.0,239489.46666666667
2015-08-10,235211.0,238140.2
2015-08-11,221431.0,236497.96666666667
2015-08-12,234117.0,236289.3
2015-08-13,228212.0,236215.1
2015-08-14,227327.0,236060.0
2015-08-15,226697.0,236185.5
2015-08-16,233711.0,237116.93333333332
2015-08-17,233221.0,237758.96666666667
2015-08-18,249286.0,237793.83333333334
2015-08-19,238988.0,237863.1
2015-08-20,227464.0,236921.06666666668
2015-08-21,238831.0,236633.23333333334
2015-08-22,258265.0,238292.93333333332
2015-08-23,243426.0,239141.63333333333
2015-08-24,247849.0,240893.73333333334
2015-08-25,242047.0,240411.36666666667
2015-08-26,237648.0,240445.5
2015-08-27,233997.0,240144.56666666668
2015-08-28,243645.0,239276.4
2015-08-29,243100.0,239700.23333333334
2015-08-30,245385.0,239438.6
2015-08-31,247407.0,239129.76666666666
2015-09-01,253803.0,239081.7
2015-09-02,239660.0,238874.46666666667
2015-09-03,246972.0,238698.06666666668
2015-09-04,217670.0,237362.4
2015-09-05,269716.0,238166.16666666666
2015-09-06,252302.0,239052.9
2015-09-07,263783.0,240106.53333333333
2015-09-08,274079.0,241841.66666666666
2015-09-09,251368.0,242380.23333333334
2015-09-10,233575.0,242785.03333333333
2015-09-11,276094.0,244184.26666666666
2015-09-12,229007.0,244210.76666666666
2015-09-13,277388.0,245879.46666666667
2015-09-14,251592.0,246709.3
2015-09-15,268665.0,247874.43333333332
2015-09-16,245432.0,248281.46666666667
2015-09-17,266333.0,248849.7
2015-09-18,259008.0,249517.03333333333
2015-09-19,221522.0,249318.96666666667
2015-09-20,300561.0,251376.63333333333
2015-09-21,291556.0,252486.33333333334
2015-09-22,304462.0,254520.86666666667
2015-09-23,244535.0,254410.4
2015-09-24,243301.0,254452.2
2015-09-25,243983.0,254663.36666666667
2015-09-26,245195.0,255036.63333333333
2015-09-27,256084.0,255451.26666666666
2015-09-28,248280.0,255623.93333333332
2015-09-29,273176.0,256550.3
2015-09-30,264581.0,257122.76666666666
2015-10-01,248462.0,256944.73333333334
2015-10-02,256031.0,257490.43333333332
2015-10-03,213681.0,256380.73333333334
2015-10-04,265061.0,257960.43333333332
2015-10-05,233960.0,256768.56666666668
2015-10-06,251844.0,256753.3
2015-10-07,250370.0,256306.2
2015-10-08,258198.0,255776.83333333334
2015-10-09,209703.0,254388.0
2015-10-10,270141.0,255606.86666666667
2015-10-11,240051.0,254405.43333333332
2015-10-12,233677.0,254561.1
2015-10-13,239237.0,253289.4
2015-10-14,246958.0,253134.93333333332
2015-10-15,303248.0,254287.7
2015-10-16,273117.0,255210.53333333333
2015-10-17,307347.0,256577.66666666666
2015-10-18,276825.0,257171.56666666668
2015-10-19,277830.0,259048.5
2015-10-20,303898.0,259159.73333333334
2015-10-21,289412.0,259088.26666666666
2015-10-22,284740.0,258430.86666666667
2015-10-23,281026.0,259647.23333333334
2015-10-24,316588.0,262090.13333333333
2015-10-25,296929.0,263855.0
2015-10-26,261228.0,264389.43333333335
2015-10-27,294013.0,265653.73333333334
2015-10-28,285466.0,266893.26666666666
2015-10-29,292094.0,267523.86666666664
2015-10-30,308255.0,268979.6666666667
2015-10-31,313886.0,271160.4666666667
2015-11-01,321892.0,273355.8333333333
2015-11-02,309823.0,276560.56666666665
2015-11-03,368050.0,279993.5333333333
2015-11-04,400987.0,285561.1
2015-11-05,358734.0,289124.1
2015-11-06,358682.0,292734.5
2015-11-07,304747.0,294286.13333333336
2015-11-08,312946.0,297727.56666666665
2015-11-09,327911.0,299653.23333333334
2015-11-10,311998.0,302051.4666666667
2015-11-11,308741.0,304553.6
2015-11-12,312404.0,306992.5
2015-11-13,298854.0,308722.36666666664
2015-11-14,328381.0,309560.13333333336
2015-11-15,336548.0,311674.5
2015-11-16,313297.0,311872.8333333333
2015-11-17,298212.0,312585.73333333334
2015-11-18,324903.0,314154.8333333333
2015-11-19,298707.0,313981.8
2015-11-20,301700.0,314391.4
2015-11-21,317723.0,315490.8333333333
2015-11-22,319199.0,316763.26666666666
2015-11-23,280821.0,315571.0333333333
2015-11-24,325114.0,316510.5333333333
2015-11-25,296736.0,317694.13333333336
2015-11-26,314907.0,318390.6
2015-11-27,296759.0,318767.0333333333
2015-11-28,357319.0,320941.2
2015-11-29,239211.0,318639.73333333334
2015-11-30,409952.0,321841.93333333335
2015-12-01,347354.0,322690.6666666667
2015-12-02,357585.0,324282.73333333334
2015-12-03,287996.0,321614.26666666666
2015-12-04,329534.0,319232.5
2015-12-05,393380.0,320387.36666666664
2015-12-06,370392.0,320777.7
2015-12-07,350186.0,322292.3333333333
2015-12-08,388080.0,324796.8
2015-12-09,404946.0,327364.63333333336
2015-12-10,400918.0,330328.63333333336
2015-12-11,381204.0,332744.06666666665
2015-12-12,445120.0,337167.93333333335
2015-12-13,403645.0,340660.9666666667
2015-12-14,412673.0,343470.7
2015-12-15,420762.0,346277.8333333333
2015-12-16,396918.0,349065.2
2015-12-17,383742.0,351916.2
2015-12-18,382615.0,353839.93333333335
2015-12-19,444349.0,358694.6666666667
2015-12-20,409195.0,362277.8333333333
2015-12-21,415736.0,365544.93333333335
2015-12-22,408415.0,368518.8
2015-12-23,382171.0,371897.13333333336
2015-12-24,382616.0,373813.86666666664
2015-12-25,328222.0,374863.4
2015-12-26,367108.0,376603.43333333335
2015-12-27,333548.0,377829.73333333334
2015-12-28,335134.0,377090.23333333334
2015-12-29,331379.0,380162.5
2015-12-30,340697.0,377854.0
2015-12-31,280589.0,375628.5
2016-01-01,263121.0,372479.7
2016-01-02,333102.0,373983.23333333334
2016-01-03,335666.0,374187.63333333336
2016-01-04,344268.0,372550.56666666665
2016-01-05,359763.0,372196.26666666666
2016-01-06,312004.0,370923.5333333333
2016-01-07,364236.0,370128.73333333334
2016-01-08,339456.0,367945.73333333334
2016-01-09,390146.0,367586.6666666667
2016-01-10,365165.0,367052.0333333333
2016-01-11,365729.0,364405.6666666667
2016-01-12,382496.0,363700.7
2016-01-13,339655.0,361266.76666666666
2016-01-14,350090.0,358911.0333333333
2016-01-15,334141.0,356818.4666666667
2016-01-16,406524.0,357577.86666666664
2016-01-17,462215.0,360231.2
2016-01-18,386741.0,358310.93333333335
2016-01-19,336941.0,355902.4666666667
2016-01-20,431135.0,356415.76666666666
2016-01-21,415801.0,356661.9666666667
2016-01-22,398872.0,357218.6666666667
2016-01-23,404860.0,357960.13333333336
2016-01-24,421393.0,361065.8333333333
2016-01-25,420289.0,362838.5333333333
2016-01-26,445932.0,366584.6666666667
2016-01-27,433098.0,369850.13333333336
2016-01-28,430552.0,373155.9
2016-01-29,410455.0,375481.1666666667
2016-01-30,415762.0,379986.93333333335
2016-01-31,402413.0,384630.0
2016-02-01,410364.0,387205.4
2016-02-02,488072.0,392285.6
2016-02-03,368096.0,393079.86666666664
2016-02-04,392766.0,394179.9666666667
2016-02-05,419711.0,397770.2
2016-02-06,419675.0,399618.1666666667
2016-02-07,458609.0,403589.93333333335
2016-02-08,396885.0,403814.56666666665
2016-02-09,425454.0,405824.2
2016-02-10,417816.0,407560.43333333335
2016-02-11,417748.0,408735.5
2016-02-12,399936.0,410744.86666666664
2016-02-13,381881.0,411804.56666666665
2016-02-14,421715.0,414723.7
2016-02-15,421244.0,415214.36666666664
2016-02-16,395344.0,412985.3333333333
2016-02-17,455388.0,415273.56666666665
2016-02-18,415599.0,417895.5
2016-02-19,408091.0,417127.36666666664
2016-02-20,425551.0,417452.36666666664
2016-02-21,442857.0,418918.5333333333
2016-02-22,465054.0,420925.0
2016-02-23,449558.0,421863.8333333333
2016-02-24,382913.0,420617.9666666667
2016-02-25,420045.0,419755.06666666665
2016-02-26,391078.0,418354.4
2016-02-27,386100.0,416872.6666666667
2016-02-28,417877.0,417120.06666666665
2016-02-29,473553.0,419046.43333333335
2016-03-01,483492.0,421749.06666666665
2016-03-02,460661.0,423425.63333333336
2016-03-03,451340.0,422201.23333333334
2016-03-04,377324.0,422508.8333333333
2016-03-05,411654.0,423138.43333333335
2016-03-06,339111.0,420451.76666666666
2016-03-07,327348.0,417374.2
2016-03-08,377293.0,414663.6666666667
2016-03-09,337006.0,412667.7
2016-03-10,366983.0,410718.6666666667
2016-03-11,353190.0,408564.4666666667
2016-03-12,311881.0,405035.56666666665
2016-03-13,351625.0,403425.2
2016-03-14,372768.0,403121.43333333335
2016-03-15,372120.0,401468.26666666666
2016-03-16,371938.0,399824.73333333334
2016-03-17,397923.0,399910.7
2016-03-18,368378.0,397010.36666666664
2016-03-19,358458.0,395105.6666666667
2016-03-20,365674.0,393691.76666666666
2016-03-21,355209.0,391347.0333333333
2016-03-22,391714.0,389642.26666666666
2016-03-23,358206.0,386080.6666666667
2016-03-24,346163.0,382634.1666666667
2016-03-25,332910.0,380967.4
2016-03-26,319631.0,377620.26666666666
2016-03-27,333879.0,375713.63333333336
2016-03-28,355562.0,374695.7
2016-03-29,384087.0,373569.36666666664
2016-03-30,348944.0,369415.73333333334
2016-03-31,340536.0,364650.5333333333
2016-04-01,388740.0,362253.1666666667
2016-04-02,349858.0,358870.43333333335
2016-04-03,362201.0,358366.3333333333
2016-04-04,395904.0,357841.3333333333
2016-04-05,372056.0,358939.5
2016-04-06,400648.0,361382.8333333333
2016-04-07,374629.0,361294.0333333333
2016-04-08,369066.0,362362.7
2016-04-09,353010.0,361896.93333333335
2016-04-10,369611.0,362444.3
2016-04-11,383925.0,364845.76666666666
2016-04-12,418258.0,367066.86666666664
2016-04-13,392831.0,367735.63333333336
2016-04-14,386126.0,368202.5
2016-04-15,368762.0,368096.63333333336
2016-04-16,337492.0,366082.26666666666
2016-04-17,392585.0,366889.1666666667
2016-04-18,391408.0,367987.5
2016-04-19,399580.0,369117.7
2016-04-20,373801.0,369737.43333333335
2016-04-21,401683.0,370069.73333333334
2016-04-22,360541.0,370147.56666666665
2016-04-23,365592.0,370795.2
2016-04-24,377166.0,372270.4
2016-04-25,403588.0,375068.9666666667
2016-04-26,438403.0,378553.1
2016-04-27,386129.0,379572.0
2016-04-28,376362.0,379314.5
2016-04-29,432470.0,382098.7
2016-04-30,370399.0,383094.13333333336
2016-05-01,368769.0,382428.43333333335
2016-05-02,395720.0,383957.1666666667
2016-05-03,374877.0,384379.7
2016-05-04,393861.0,384311.6
2016-05-05,374113.0,384380.1666666667
2016-05-06,374471.0,383507.6
2016-05-07,337983.0,382286.06666666665
2016-05-08,363477.0,382099.76666666666
2016-05-09,405890.0,383862.43333333335
2016-05-10,405685.0,385064.9
2016-05-11,383096.0,385037.26666666666
2016-05-12,373340.0,383540.0
2016-05-13,379120.0,383082.9666666667
2016-05-14,372390.0,382625.1
2016-05-15,350006.0,381999.9
2016-05-16,428469.0,385032.4666666667
2016-05-17,390061.0,384948.3333333333
2016-05-18,413891.0,385697.76666666666
2016-05-19,373229.0,384819.4
2016-05-20,352825.0,384120.2
2016-05-21,358023.0,382664.86666666664
2016-05-22,337746.0,381905.0333333333
2016-05-23,412183.0,383458.06666666665
2016-05-24,407284.0,384462.0
2016-05-25,397789.0,384268.7
2016-05-26,364856.0,381817.13333333336
2016-05-27,407025.0,382513.6666666667
2016-05-28,378992.0,382601.3333333333
2016-05-29,342422.0,379599.73333333334
2016-05-30,415243.0,381094.5333333333
2016-05-31,385667.0,381657.8
2016-06-01,411100.0,382170.4666666667
2016-06-02,388996.0,382641.1
2016-06-03,406598.0,383065.6666666667
2016-06-04,368222.0,382869.3
2016-06-05,370336.0,382731.4666666667
2016-06-06,413551.0,385250.4
2016-06-07,424459.0,387283.13333333336
2016-06-08,393284.0,386862.93333333335
2016-06-09,433264.0,387782.23333333334
2016-06-10,409704.0,388669.1666666667
2016-06-11,375798.0,388751.1
2016-06-12,412969.0,389879.4
2016-06-13,450475.0,392482.23333333334
2016-06-14,407360.0,394394.0333333333
2016-06-15,456788.0,395338.0
2016-06-16,472980.0,398101.9666666667
2016-06-17,456749.0,399530.56666666665
2016-06-18,425975.0,401288.76666666666
2016-06-19,415726.0,403385.4666666667
2016-06-20,465872.0,406980.43333333335
2016-06-21,466563.0,411274.3333333333
2016-06-22,412966.0,411300.43333333335
2016-06-23,442288.0,412467.23333333334
2016-06-24,437712.0,413798.0
2016-06-25,410558.0,415321.4
2016-06-26,387274.0,414663.0333333333
2016-06-27,381090.0,414732.9666666667
2016-06-28,428793.0,417612.0
2016-06-29,370956.0,416135.76666666666
2016-06-30,404729.0,416771.1666666667
2016-07-01,369568.0,415386.76666666666
2016-07-02,348963.0,414052.3333333333
2016-07-03,349825.0,412159.9
2016-07-04,406696.0,413442.36666666664
2016-07-05,384212.0,413904.9
2016-07-06,373739.0,412577.8333333333
2016-07-07,364951.0,410594.23333333334
2016-07-08,363255.0,409593.26666666666
2016-07-09,356931.0,407048.8333333333
2016-07-10,324972.0,404224.43333333335
2016-07-11,392909.0,404794.8
2016-07-12,382315.0,403773.0
2016-07-13,367230.0,400998.1666666667
2016-07-14,369011.0,399719.86666666664
2016-07-15,367025.0,396727.76666666666
2016-07-16,356242.0,392836.5
2016-07-17,327405.0,388525.0333333333
2016-07-18,388294.0,387269.0
2016-07-19,372107.0,385815.0333333333
2016-07-20,378263.0,382894.73333333334
2016-07-21,359014.0,379309.76666666666
2016-07-22,370239.0,377885.5333333333
2016-07-23,338444.0,374424.06666666665
2016-07-24,345915.0,371364.1666666667
2016-07-25,395753.0,370870.6666666667
2016-07-26,407264.0,371537.0
2016-07-27,373465.0,371282.8333333333
2016-07-28,395387.0,370169.3
2016-07-29,358526.0,369754.9666666667
2016-07-30,362121.0,368334.7
2016-07-31,344641.0,367503.8
2016-08-01,401276.0,369247.56666666665
2016-08-02,412747.0,371344.9666666667
2016-08-03,407728.0,371379.36666666664
2016-08-04,384713.0,371396.06666666665
2016-08-05,382173.0,371677.2
2016-08-06,344354.0,370990.63333333336
2016-08-07,344197.0,370355.36666666664
2016-08-08,412180.0,372197.0
2016-08-09,390239.0,374372.56666666665
2016-08-10,409835.0,374936.76666666666
2016-08-11,420150.0,376197.93333333335
2016-08-12,389404.0,376937.06666666665
2016-08-13,361767.0,376695.6
2016-08-14,363865.0,376590.26666666666
2016-08-15,354911.0,376545.9
2016-08-16,423764.0,379757.86666666664
2016-08-17,415204.0,380654.86666666664
2016-08-18,405863.0,381780.06666666665
2016-08-19,402063.0,382573.4
2016-08-20,399739.0,383930.9
2016-08-21,359919.0,383586.9
2016-08-22,408558.0,385924.0333333333
2016-08-23,396831.0,387621.23333333334
2016-08-24,408587.0,388049.0333333333
2016-08-25,393474.0,387589.36666666664
2016-08-26,382302.0,387883.93333333335
2016-08-27,365095.0,386874.2
2016-08-28,331778.0,385982.6
2016-08-29,372022.0,386312.63333333336
2016-08-30,435638.0,389345.86666666664
2016-08-31,390847.0,388998.23333333334
2016-09-01,385974.0,388105.8
2016-09-02,384392.0,387327.93333333335
2016-09-03,361959.0,386569.4666666667
2016-09-04,349000.0,385463.7
2016-09-05,422188.0,388058.1666666667
2016-09-06,413110.0,390355.26666666666
2016-09-07,405005.0,390116.1
2016-09-08,397984.0,390374.26666666666
2016-09-09,380834.0,389407.56666666665
2016-09-10,354816.0,387229.76666666666
2016-09-11,372934.0,386680.76666666666
2016-09-12,393992.0,387754.93333333335
2016-09-13,410171.0,389298.4666666667
2016-09-14,391216.0,390508.63333333336
2016-09-15,398012.0,389650.23333333334
2016-09-16,358967.0,387775.6666666667
2016-09-17,394081.0,387382.93333333335
2016-09-18,366454.0,386195.9666666667
2016-09-19,397745.0,386129.5
2016-09-20,425244.0,388307.0
2016-09-21,408745.0,388313.23333333334
2016-09-22,390664.0,388107.6666666667
2016-09-23,388020.0,387422.1
2016-09-24,368915.0,386603.4666666667
2016-09-25,377263.0,386435.5
2016-09-26,424003.0,388399.1
2016-09-27,429499.0,391656.4666666667
2016-09-28,430960.0,393621.06666666665
2016-09-29,438502.0,393716.5333333333
2016-09-30,446430.0,395569.3
2016-10-01,393902.0,395833.56666666665
2016-10-02,366925.0,395251.3333333333
2016-10-03,494066.0,399654.9
2016-10-04,481501.0,404071.6
2016-10-05,466804.0,405558.8
2016-10-06,499902.0,408451.86666666664
2016-10-07,470157.0,410623.6
2016-10-08,444224.0,412164.93333333335
2016-10-09,410025.0,413137.9666666667
2016-10-10,394805.0,414470.93333333335
2016-10-11,456719.0,417263.76666666666
2016-10-12,413349.0,417909.0
2016-10-13,398109.0,417506.93333333335
2016-10-14,421160.0,418505.06666666665
2016-10-15,390688.0,418260.93333333335
2016-10-16,379932.0,418959.76666666666
2016-10-17,419627.0,419811.3
2016-10-18,450933.0,422627.26666666666
2016-10-19,340010.0,420702.76666666666
2016-10-20,475343.0,422372.73333333334
2016-10-21,458618.0,424035.1666666667
2016-10-22,389920.0,424010.36666666664
2016-10-23,370500.0,423426.36666666664
2016-10-24,406335.0,424673.7
2016-10-25,426577.0,426317.5
2016-10-26,390127.0,425188.3
2016-10-27,544308.0,429015.26666666666
2016-10-28,444636.0,429471.13333333336
2016-10-29,419590.0,428840.73333333334
2016-10-30,359909.0,425956.7
2016-10-31,456149.0,428031.6
2016-11-01,437870.0,430396.43333333335
2016-11-02,455987.0,429127.13333333336
2016-11-03,466632.0,428631.5
2016-11-04,429052.0,427373.1
2016-11-05,438573.0,425328.8
2016-11-06,410270.0,423332.56666666665
2016-11-07,490444.0,424873.23333333334
2016-11-08,515899.0,428402.36666666664
2016-11-09,471046.0,430943.73333333334
2016-11-10,480416.0,431733.63333333336
2016-11-11,438416.0,432569.2
2016-11-12,441806.0,434025.76666666666
2016-11-13,420695.0,434010.26666666666
2016-11-14,489541.0,437305.36666666664
2016-11-15,514156.0,441779.5
2016-11-16,481300.0,443835.26666666666
2016-11-17,483350.0,444915.8333333333
2016-11-18,493764.0,450040.9666666667
2016-11-19,458553.0,449481.3
2016-11-20,452258.0,449269.3
2016-11-21,488212.0,452545.7
2016-11-22,491371.0,456574.73333333334
2016-11-23,478502.0,458980.3
2016-11-24,555782.0,463287.13333333336
2016-11-25,525260.0,467791.56666666665
2016-11-26,501367.0,466360.2
2016-11-27,434305.0,466015.8333333333
2016-11-28,531725.0,469753.6666666667
2016-11-29,498908.0,474386.9666666667
2016-11-30,497916.0,475779.2
2016-12-01,408505.0,474800.36666666664
2016-12-02,579169.0,478906.43333333335
2016-12-03,520037.0,480686.6
2016-12-04,440364.0,481063.6666666667
2016-12-05,517986.0,483710.76666666666
2016-12-06,569492.0,489018.1666666667
2016-12-07,560156.0,491341.9
2016-12-08,493590.0,490598.26666666666
2016-12-09,471691.0,490619.76666666666
2016-12-10,456468.0,489821.5
2016-12-11,440785.0,489900.4666666667
2016-12-12,491332.0,491551.3333333333
2016-12-13,507067.0,494430.4
2016-12-14,495462.0,494627.76666666666
2016-12-15,479423.0,493470.0
2016-12-16,495267.0,493935.56666666665
2016-12-17,458681.0,493113.26666666666
2016-12-18,418499.0,490604.43333333335
2016-12-19,508682.0,492275.4
2016-12-20,508909.0,494163.76666666666
2016-12-21,540311.0,495900.4
2016-12-22,528879.0,497150.6666666667
2016-12-23,522517.0,498617.8333333333
2016-12-24,420207.0,494098.6666666667
2016-12-25,353857.0,488385.23333333334
2016-12-26,448558.0,486624.93333333335
2016-12-27,509116.0,489118.63333333336
2016-12-28,514773.0,488553.56666666665
2016-12-29,512157.0,488995.2
2016-12-30,496025.0,488932.1666666667
2016-12-31,449832.0,490309.73333333334
2017-01-01,355325.0,482848.26666666666
2017-01-02,529709.0,483170.6666666667
2017-01-03,515024.0,485659.3333333333
2017-01-04,545609.0,486580.1
2017-01-05,495910.0,484127.36666666664
2017-01-06,562750.0,484213.8333333333
2017-01-07,503341.0,484538.86666666664
2017-01-08,455739.0,484007.13333333336
2017-01-09,475572.0,484643.93333333335
2017-01-10,541168.0,487990.0333333333
2017-01-11,491693.0,488002.06666666665
2017-01-12,483078.0,487202.43333333335
2017-01-13,466561.0,486239.06666666665
2017-01-14,446469.0,485140.6
2017-01-15,417279.0,482541.0
2017-01-16,473647.0,483039.86666666664
2017-01-17,502462.0,485838.63333333336
2017-01-18,500306.0,485559.43333333335
2017-01-19,516339.0,485807.1
2017-01-20,516010.0,484997.06666666665
2017-01-21,484669.0,483523.4
2017-01-22,428798.0,480399.43333333335
2017-01-23,425650.0,480580.86666666664
2017-01-24,497859.0,485380.93333333335
2017-01-25,514639.0,487583.63333333336
2017-01-26,518117.0,487883.6666666667
2017-01-27,462951.0,486156.26666666666
2017-01-28,461292.0,484460.76666666666
2017-01-29,438728.0,482550.86666666664
2017-01-30,449342.0,482534.5333333333
2017-01-31,523037.0,488124.93333333335
2017-02-01,599053.0,490436.4
2017-02-02,452586.0,488355.13333333336
2017-02-03,560375.0,488847.3333333333
2017-02-04,500098.0,488986.93333333335
2017-02-05,510278.0,487237.86666666664
2017-02-06,440410.0,485140.1666666667
2017-02-07,557391.0,488528.56666666665
2017-02-08,516491.0,489892.5333333333
2017-02-09,575008.0,491020.5333333333
2017-02-10,507436.0,491545.3
2017-02-11,474677.0,491265.26666666666
2017-02-12,422085.0,489782.73333333334
2017-02-13,503161.0,491672.4666666667
2017-02-14,530240.0,495437.8333333333
2017-02-15,495897.0,496179.5
2017-02-16,489190.0,495737.1
2017-02-17,550073.0,497396.0
2017-02-18,510386.0,497197.56666666665
2017-02-19,458999.0,495297.2
2017-02-20,503953.0,495940.0
2017-02-21,487721.0,497904.1
2017-02-22,489248.0,500024.0333333333
2017-02-23,551455.0,501810.56666666665
2017-02-24,590852.0,504351.0
2017-02-25,561872.0,505809.5
2017-02-26,462927.0,505808.7
2017-02-27,501497.0,507148.86666666664
2017-02-28,542157.0,510596.5
2017-03-01,531643.0,513339.86666666664
2017-03-02,565742.0,514763.36666666664
2017-03-03,583123.0,514232.36666666664
2017-03-04,489858.0,515474.76666666666
2017-03-05,524843.0,514290.36666666664
2017-03-06,537229.0,515528.06666666665
2017-03-07,571329.0,517563.1
2017-03-08,526233.0,520423.86666666664
2017-03-09,541482.0,519893.56666666665
2017-03-10,551015.0,521044.36666666664
2017-03-11,518976.0,519176.63333333336
2017-03-12,422479.0,516344.73333333334
2017-03-13,516185.0,517728.3333333333
2017-03-14,561535.0,522376.6666666667
2017-03-15,526479.0,523153.93333333335
2017-03-16,594406.0,525292.8
2017-03-17,532934.0,526527.3666666667
2017-03-18,505651.0,527076.0666666667
2017-03-19,512176.0,525812.8333333334
2017-03-20,512638.0,525887.9
2017-03-21,541182.0,528627.3333333334
2017-03-22,572753.0,530920.6666666666
2017-03-23,537475.0,532579.1333333333
2017-03-24,540390.0,534283.8666666667
2017-03-25,490877.0,532264.6
2017-03-26,462863.0,527998.3
2017-03-27,459508.0,524586.1666666666
2017-03-28,553957.0,527620.5
2017-03-29,534780.0,528729.9333333333
2017-03-30,521048.0,528026.3
2017-03-31,489452.0,526619.9333333333
2017-04-01,502791.0,524521.5666666667
2017-04-02,501563.0,521802.9
2017-04-03,564025.0,524275.13333333336
2017-04-04,496731.0,523338.06666666665
2017-04-05,577217.0,524671.0
2017-04-06,548640.0,523914.7
2017-04-07,542132.0,524444.6666666666
2017-04-08,468194.0,522001.73333333334
2017-04-09,489533.0,519952.3333333333
2017-04-10,548201.0,520926.5
2017-04-11,582104.0,526247.3333333334
2017-04-12,548652.0,527329.5666666667
2017-04-13,449522.0,523595.8
2017-04-14,558991.0,524679.5333333333
2017-04-15,520822.0,522226.73333333334
2017-04-16,429264.0,518771.06666666665
2017-04-17,469210.0,517556.36666666664
2017-04-18,553139.0,518921.8
2017-04-19,566249.0,520708.8333333333
2017-04-20,491206.0,519042.9666666667
2017-04-21,612636.0,520372.4
2017-04-22,530090.0,520126.23333333334
2017-04-23,490004.0,518446.7
2017-04-24,449880.0,517080.13333333336
2017-04-25,580199.0,520991.3333333333
2017-04-26,606557.0,525892.9666666667
2017-04-27,554692.0,525917.4666666667
2017-04-28,582827.0,527519.0333333333
2017-04-29,634026.0,531284.9666666667
2017-04-30,526653.0,532525.0
2017-05-01,542848.0,533860.2333333333
2017-05-02,609091.0,537444.5
2017-05-03,547222.0,536884.4
2017-05-04,676231.0,542867.7333333333
2017-05-05,523630.0,541081.5
2017-05-06,677422.0,545374.2333333333
2017-05-07,581370.0,546682.1666666666
2017-05-08,691481.0,554125.0666666667
2017-05-09,621157.0,558512.5333333333
2017-05-10,592447.0,559987.4
2017-05-11,568522.0,559534.6666666666
2017-05-12,600569.0,561265.2333333333
2017-05-13,623294.0,567057.6333333333
2017-05-14,691331.0,571468.9666666667
2017-05-15,636240.0,575316.2333333333
2017-05-16,453277.0,576116.6666666666
2017-05-17,591516.0,580193.5333333333
2017-05-18,570190.0,580761.9
2017-05-19,633618.0,583007.5333333333
2017-05-20,646322.0,588178.0666666667
2017-05-21,608720.0,588047.5333333333
2017-05-22,604611.0,590531.5666666667
2017-05-23,687291.0,597107.8
2017-05-24,631836.0,603173.0
2017-05-25,659056.0,605801.5666666667
2017-05-26,641521.0,606967.0333333333
2017-05-27,651462.0,610192.7
2017-05-28,592663.0,610520.5666666667
2017-05-29,594356.0,609198.2333333333
2017-05-30,634489.0,612792.7666666667
2017-05-31,614127.0,615168.7333333333
2017-06-01,610355.0,615210.8666666667
2017-06-02,534562.0,614788.8666666667
2017-06-03,601584.0,612300.6333333333
2017-06-04,537388.0,612759.2333333333
2017-06-05,576033.0,609379.6
2017-06-06,617594.0,610587.0666666667
2017-06-07,657365.0,609449.8666666667
2017-06-08,609713.0,609068.4
2017-06-09,571965.0,608385.6666666666
2017-06-10,516466.0,606650.4666666667
2017-06-11,467562.0,602216.9
2017-06-12,538625.0,599394.6
2017-06-13,611163.0,596722.3333333334
2017-06-14,565825.0,594375.1666666666
2017-06-15,573732.0,598390.3333333334
2017-06-16,536166.0,596545.3333333334
2017-06-17,477379.0,593451.6333333333
2017-06-18,433247.0,586772.6
2017-06-19,532520.0,582979.2
2017-06-20,591484.0,582404.6666666666
2017-06-21,585195.0,581757.4666666667
2017-06-22,534178.0,576653.7
2017-06-23,506613.0,572479.6
2017-06-24,469728.0,566168.6666666666
2017-06-25,378449.0,557399.6
2017-06-26,515884.0,552880.3333333334
2017-06-27,556139.0,551662.8666666667
2017-06-28,549137.0,550155.5666666667
2017-06-29,467648.0,544594.2
2017-06-30,533428.0,541904.2333333333
2017-07-01,440617.0,536246.3
2017-07-02,409306.0,532071.1
2017-07-03,497459.0,528600.2666666667
2017-07-04,548402.0,528967.4
2017-07-05,476017.0,525633.5333333333
2017-07-06,459295.0,520356.9
2017-07-07,559414.0,517091.86666666664
2017-07-08,451049.0,511803.06666666665
2017-07-09,390403.0,505751.0
2017-07-10,567053.0,507437.23333333334
2017-07-11,563335.0,510629.6666666667
2017-07-12,513003.0,509775.6
2017-07-13,489849.0,505731.8
2017-07-14,473083.0,502640.4
2017-07-15,446600.0,498402.6666666667
2017-07-16,406437.0,494078.36666666664
2017-07-17,475432.0,494013.4666666667
2017-07-18,561056.0,498273.76666666666
2017-07-19,519401.0,497836.4666666667
2017-07-20,477428.0,494034.6
2017-07-21,542765.0,492620.26666666666
2017-07-22,433136.0,489252.2
2017-07-23,353198.0,484138.36666666664
2017-07-24,469353.0,484125.86666666664
2017-07-25,511832.0,488571.9666666667
2017-07-26,460147.0,486714.06666666665
2017-07-27,443426.0,482956.9666666667
2017-07-28,487087.0,480888.63333333336
2017-07-29,416823.0,479194.4666666667
2017-07-30,386559.0,474298.8333333333
2017-07-31,485989.0,475811.23333333334
2017-08-01,301132.0,472205.43333333335
2017-08-02,403176.0,469062.6666666667
2017-08-03,427729.0,465040.23333333334
2017-08-04,467901.0,464769.7
2017-08-05,463850.0,464921.5333333333
2017-08-06,408436.0,459888.93333333335
2017-08-07,512718.0,461944.56666666665
2017-08-08,587788.0,468524.06666666665
2017-08-09,532300.0,467365.63333333336
2017-08-10,550475.0,466936.9666666667
2017-08-11,580988.0,469203.13333333336
2017-08-12,530700.0,470564.8333333333
2017-08-13,516471.0,472011.1
2017-08-14,542910.0,475221.43333333335
2017-08-15,650900.0,483370.2
2017-08-16,543437.0,485637.0333333333
2017-08-17,631516.0,487985.7
2017-08-18,580733.0,490030.1
2017-08-19,535351.0,491960.86666666664
2017-08-20,444726.0,488692.9
2017-08-21,501756.0,490980.23333333334
2017-08-22,419159.0,493178.93333333335
2017-08-23,628517.0,498484.4
2017-08-24,423333.0,495534.43333333335
2017-08-25,471225.0,495903.7
2017-08-26,472785.0,496882.3333333333
2017-08-27,509083.0,497615.5333333333
2017-08-28,504371.0,500533.8
2017-08-29,593018.0,507415.76666666666
2017-08-30,565809.0,510076.43333333335
2017-08-31,589298.0,519681.9666666667
2017-09-01,591521.0,525960.1333333333
2017-09-02,536082.0,529571.9
2017-09-03,437077.0,528544.4333333333
2017-09-04,561329.0,531793.7333333333
2017-09-05,601577.0,538231.7666666667
2017-09-06,587814.0,540734.9666666667
2017-09-07,526960.0,538707.3666666667
2017-09-08,606486.0,541180.2333333333
2017-09-09,452504.0,537914.5333333333
2017-09-10,412030.0,532282.6
2017-09-11,537475.0,532508.4333333333
2017-09-12,549110.0,533596.4
2017-09-13,543778.0,533625.3333333334
2017-09-14,552955.0,530360.5
2017-09-15,637365.0,533491.4333333333
2017-09-16,486763.0,528666.3333333334
2017-09-17,433779.0,523767.86666666664
2017-09-18,481945.0,521987.6666666667
2017-09-19,578179.0,526436.1
2017-09-20,480583.0,525730.3333333334
2017-09-21,533109.0,529528.6666666666
2017-09-22,515184.0,525750.9
2017-09-23,427805.0,525899.9666666667
2017-09-24,383449.0,522974.1
2017-09-25,505249.0,524056.23333333334
2017-09-26,544622.0,525240.8666666667
2017-09-27,548155.0,526700.3333333334
2017-09-28,561793.0,525659.5
2017-09-29,569238.0,525773.8
2017-09-30,467808.0,521724.13333333336
2017-10-01,416590.0,515893.1
2017-10-02,606138.0,518228.3
2017-10-03,591542.0,523377.13333333336
2017-10-04,496068.0,521201.76666666666
2017-10-05,552623.0,519569.9666666667
2017-10-06,609683.0,520298.93333333335
2017-10-07,505785.0,519593.1
2017-10-08,496286.0,515919.76666666666
2017-10-09,585028.0,520337.23333333334
2017-10-10,613364.0,527048.3666666667
2017-10-11,604455.0,529281.0333333333
2017-10-12,588010.0,530577.7
2017-10-13,660222.0,534459.1666666666
2017-10-14,594482.0,535843.4
2017-10-15,578165.0,533870.0666666667
2017-10-16,643476.0,539093.8333333334
2017-10-17,670982.0,547000.6
2017-10-18,646494.0,552485.5666666667
2017-10-19,692419.0,556293.5666666667
2017-10-20,644681.0,561763.5
2017-10-21,606428.0,564207.4666666667
2017-10-22,573815.0,566161.8333333334
2017-10-23,640565.0,573253.8333333334
2017-10-24,716464.0,584354.3333333334
2017-10-25,636265.0,588721.5333333333
2017-10-26,555570.0,589086.4666666667
2017-10-27,552393.0,589227.7333333333
2017-10-28,440634.0,585189.1
2017-10-29,666758.0,588439.7666666667
2017-10-30,672661.0,595268.2
2017-10-31,611388.0,601761.4666666667
2017-11-01,733925.0,606021.0333333333
2017-11-02,705011.0,609803.3333333334
2017-11-03,670963.0,615633.1666666666
2017-11-04,588106.0,616815.9333333333
2017-11-05,555522.0,615010.5666666667
2017-11-06,608698.0,618441.0
2017-11-07,714417.0,625712.0333333333
2017-11-08,646147.0,627749.3333333334
2017-11-09,727946.0,631568.7333333333
2017-11-10,619944.0,632085.0333333333
2017-11-11,459977.0,627817.2666666667
2017-11-12,463412.0,621256.9333333333
2017-11-13,694905.0,624604.3666666667
2017-11-14,604148.0,625470.4666666667
2017-11-15,709294.0,627664.4
2017-11-16,677402.0,627878.4
2017-11-17,684299.0,629138.5666666667
2017-11-18,614840.0,626552.6
2017-11-19,603430.0,625177.5666666667
2017-11-20,734768.0,629455.5666666667
2017-11-21,753814.0,635455.5333333333
2017-11-22,673819.0,636564.0
2017-11-23,747162.0,637587.2666666667
2017-11-24,698359.0,639657.0666666667
2017-11-25,697526.0,644388.9333333333
2017-11-26,712607.0,649729.4
2017-11-27,829651.0,662696.6333333333
2017-11-28,816745.0,667696.2
2017-11-29,903005.0,675374.3333333334
2017-11-30,851420.0,683375.4
2017-12-01,869275.0,687887.0666666667
2017-12-02,683883.0,687182.8
2017-12-03,762993.0,690250.4666666667
2017-12-04,885110.0,700150.6
2017-12-05,891236.0,711341.0666666667
2017-12-06,978252.0,723659.5333333333
2017-12-07,869099.0,728815.6
2017-12-08,902012.0,737344.4333333333
2017-12-09,877575.0,742332.0666666667
2017-12-10,739392.0,746313.6666666666
2017-12-11,867655.0,759902.9333333333
2017-12-12,867772.0,773381.6
2017-12-13,958477.0,782167.3333333334
2017-12-14,1072862.0,797791.1333333333
2017-12-15,942514.0,805565.1333333333
2017-12-16,819305.0,810295.2333333333
2017-12-17,877465.0,816734.1
2017-12-18,922524.0,826990.2333333333
2017-12-19,887698.0,836465.8333333334
2017-12-20,853864.0,840435.7
2017-12-21,840740.0,843333.2333333333
2017-12-22,890732.0,850563.6666666666
2017-12-23,729638.0,849979.5333333333
2017-12-24,652210.0,848441.2333333333
2017-12-25,565075.0,844026.2
2017-12-26,605854.0,840467.7666666667
2017-12-27,749192.0,837785.8
2017-12-28,741489.0,835277.2666666667
2017-12-29,838926.0,833141.3
2017-12-30,815100.0,831930.6333333333
2017-12-31,678713.0,825578.5666666667
2018-01-01,593283.0,822558.5666666667
2018-01-02,850802.0,825485.5333333333
2018-01-03,937531.0,827232.9
2018-01-04,1054712.0,832682.1
2018-01-05,888403.0,829687.1333333333
2018-01-06,889099.0,830353.8
2018-01-07,910005.0,830620.2333333333
2018-01-08,895997.0,831234.3
2018-01-09,919150.0,837226.2333333333
2018-01-10,876990.0,837537.4
2018-01-11,822011.0,836012.0333333333
2018-01-12,746540.0,828947.4666666667
2018-01-13,652050.0,814920.4
2018-01-14,592042.0,803238.0
2018-01-15,670840.0,798289.1666666666
2018-01-16,737399.0,793620.3
2018-01-17,768382.0,788482.2333333333
2018-01-18,744190.0,783698.6333333333
2018-01-19,578407.0,774516.7333333333
2018-01-20,559712.0,765149.1333333333
2018-01-21,522862.0,752886.8
2018-01-22,574421.0,747712.9
2018-01-23,547569.0,744224.8666666667
2018-01-24,576213.0,744596.1333333333
2018-01-25,539582.0,742387.0666666667
2018-01-26,514622.0,734568.0666666667
2018-01-27,541700.0,727908.4333333333
2018-01-28,492739.0,716368.8666666667
2018-01-29,532631.0,706953.2333333333
2018-01-30,531441.0,702044.1666666666
2018-01-31,481101.0,698304.7666666667
2018-02-01,591551.0,689663.0666666667
2018-02-02,551199.0,676785.3333333334
2018-02-03,436197.0,656168.1666666666
2018-02-04,396695.0,639777.9
2018-02-05,486554.0,626359.7333333333
2018-02-06,589897.0,615689.4666666667
2018-02-07,489403.0,602136.3333333334
2018-02-08,398608.0,584784.9333333333
2018-02-09,462087.0,570954.8333333334
2018-02-10,421548.0,557606.0666666667
2018-02-11,368625.0,545008.9
2018-02-12,437381.0,537853.2666666667
2018-02-13,414750.0,531943.5333333333
2018-02-14,450368.0,524594.4666666667
2018-02-15,475030.0,515848.8333333333
2018-02-16,422416.0,504316.63333333336
2018-02-17,401861.0,492905.6666666667
2018-02-18,378870.0,486254.43333333335
2018-02-19,436342.0,482142.1
2018-02-20,455117.0,479883.93333333335
2018-02-21,459676.0,476059.1
2018-02-22,499534.0,474457.93333333335
2018-02-23,424503.0,469400.93333333335
2018-02-24,355222.0,463255.6
2018-02-25,355806.0,457961.73333333334
2018-02-26,435990.0,454438.06666666665
2018-02-27,494788.0,454506.36666666664
2018-02-28,469401.0,452398.7
2018-03-01,514905.0,451847.5
2018-03-02,524247.0,453285.7
2018-03-03,416967.0,447466.23333333334
2018-03-04,383192.0,441866.0
2018-03-05,457317.0,442570.0
2018-03-06,453774.0,444472.63333333336
2018-03-07,474917.0,444084.73333333334
2018-03-08,439934.0,439085.9666666667
2018-03-09,487167.0,439011.43333333335
2018-03-10,354483.0,437540.6
2018-03-11,349041.0,433772.4
2018-03-12,426765.0,433946.3
2018-03-13,419995.0,435658.63333333336
2018-03-14,418369.0,435024.9
2018-03-15,459150.0,436504.9
2018-03-16,457061.0,436728.0
2018-03-17,352699.0,432650.3
2018-03-18,382258.0,431311.7
2018-03-19,421648.0,431971.26666666666
2018-03-20,423963.0,433474.36666666664
2018-03-21,424456.0,433078.1666666667
2018-03-22,418188.0,431847.2
2018-03-23,430897.0,430887.9
2018-03-24,360667.0,426259.0
2018-03-25,318933.0,422740.0
2018-03-26,416732.0,424790.3333333333
2018-03-27,414091.0,426733.1666666667
2018-03-28,395196.0,425373.36666666664
2018-03-29,428778.0,423173.0333333333
2018-03-30,449630.0,422514.0
2018-03-31,332753.0,416442.26666666666
2018-04-01,316429.0,409515.0
2018-04-02,377674.0,408205.23333333334
2018-04-03,435411.0,409945.86666666664
2018-04-04,432978.0,409134.56666666665
2018-04-05,398398.0,407288.7
2018-04-06,471571.0,407177.1666666667
2018-04-07,331189.0,403552.3333333333
2018-04-08,311300.0,397690.1
2018-04-09,384890.0,398703.6666666667
2018-04-10,414049.0,400870.6
2018-04-11,399073.0,399947.5333333333
2018-04-12,442158.0,400686.3
2018-04-13,503406.0,403520.86666666664
2018-04-14,363643.0,400337.3
2018-04-15,408545.0,398720.1
2018-04-16,433712.0,401420.5333333333
2018-04-17,451453.0,403727.0333333333
2018-04-18,451617.0,404726.0
2018-04-19,499810.0,407254.23333333334
2018-04-20,509923.0,410103.13333333336
2018-04-21,437088.0,410733.13333333336
2018-04-22,396698.0,409593.1666666667
2018-04-23,488406.0,413851.13333333336
2018-04-24,548252.0,421495.1
2018-04-25,476860.0,423499.36666666664
2018-04-26,482589.0,425782.63333333336
2018-04-27,502992.0,429375.8333333333
2018-04-28,429929.0,429414.2
2018-04-29,415427.0,428274.1
2018-04-30,480943.0,433213.76666666666
2018-05-01,490969.0,439031.76666666666
2018-05-02,468951.0,442074.3333333333
2018-05-03,501840.0,444288.63333333336
2018-05-04,513488.0,446972.3
2018-05-05,450118.0,448696.3
2018-05-06,386315.0,445854.43333333335
2018-05-07,450524.0,449832.26666666666
2018-05-08,480690.0,455478.6
2018-05-09,459143.0,457953.7
2018-05-10,465046.0,459653.6
2018-05-11,510499.0,463367.8
2018-05-12,434891.0,463125.56666666665
2018-05-13,364085.0,458481.5333333333
2018-05-14,469798.0,462020.0333333333
2018-05-15,477899.0,464331.8333333333
2018-05-16,455067.0,465043.6666666667
2018-05-17,420625.0,464016.06666666665
2018-05-18,499648.0,465617.1
2018-05-19,378136.0,461561.3
2018-05-20,369971.0,456896.23333333334
2018-05-21,445196.0,457166.5
2018-05-22,441616.0,458663.76666666666
2018-05-23,481669.0,458439.2
2018-05-24,447546.0,455082.3333333333
2018-05-25,464174.0,454659.4666666667
2018-05-26,356716.0,450463.7
2018-05-27,337618.0,444951.23333333334
2018-05-28,407911.0,444217.3
2018-05-29,442314.0,445113.5333333333
2018-05-30,443065.0,443850.93333333335
2018-05-31,454486.0,442634.8333333333
2018-06-01,551183.0,445375.9
2018-06-02,386674.0,441537.0333333333
2018-06-03,369975.0,436753.26666666666
2018-06-04,449728.0,436740.26666666666
2018-06-05,460260.0,439205.1
2018-06-06,451994.0,439254.1
2018-06-07,433804.0,437691.23333333334
2018-06-08,477386.0,438299.3333333333
2018-06-09,370067.0,435133.36666666664
2018-06-10,392109.0,431187.0333333333
2018-06-11,446188.0,431563.6
2018-06-12,447810.0,434354.43333333335
2018-06-13,458587.0,433980.73333333334
2018-06-14,440336.0,432728.63333333336
2018-06-15,476263.0,433435.1666666667
2018-06-16,343365.0,430859.8333333333
2018-06-17,326154.0,425076.7
2018-06-18,424739.0,426630.13333333336
2018-06-19,413610.0,428084.76666666666
2018-06-20,425849.0,427439.86666666664
2018-06-21,421062.0,426754.73333333334
2018-06-22,469523.0,426349.86666666664
2018-06-23,368137.0,423702.9
2018-06-24,350052.0,419898.8333333333
2018-06-25,415603.0,421861.73333333334
2018-06-26,410398.0,424287.73333333334
2018-06-27,397242.0,423932.1
2018-06-28,396406.0,422401.8333333333
2018-06-29,453051.0,422734.7
2018-06-30,368308.0,419862.1
2018-07-01,341862.0,412884.73333333334
2018-07-02,433258.0,414437.5333333333
2018-07-03,456150.0,417310.0333333333
2018-07-04,435402.0,416832.5
2018-07-05,413998.0,415290.43333333335
2018-07-06,529418.0,417871.23333333334
2018-07-07,357621.0,415331.8
2018-07-08,350857.0,411114.1666666667
2018-07-09,425385.0,412958.1
2018-07-10,445234.0,414728.93333333335
2018-07-11,413229.0,413630.3
2018-07-12,405288.0,412212.9
2018-07-13,473175.0,412699.1666666667
2018-07-14,362896.0,410117.8333333333
2018-07-15,346483.0,405791.8333333333
2018-07-16,431583.0,408732.43333333335
2018-07-17,487160.0,414099.3
2018-07-18,494823.0,416435.43333333335
2018-07-19,465957.0,418180.3333333333
2018-07-20,496860.0,420547.36666666664
2018-07-21,385950.0,419376.9666666667
2018-07-22,366446.0,415941.06666666665
2018-07-23,473606.0,419456.7
2018-07-24,532884.0,425551.1
2018-07-25,525952.0,429229.4
2018-07-26,479850.0,431544.4666666667
2018-07-27,517778.0,435562.3333333333
2018-07-28,395734.0,435539.93333333335
2018-07-29,380501.0,433121.6
2018-07-30,479275.0,436820.5
2018-07-31,500312.0,442102.1666666667
2018-08-01,495640.0,444181.56666666665
2018-08-02,470017.0,444643.8
2018-08-03,537623.0,448051.1666666667
2018-08-04,416161.0,448123.26666666666
2018-08-05,374557.0,442961.23333333334
2018-08-06,452410.0,446120.86666666664
2018-08-07,477951.0,450357.3333333333
2018-08-08,498558.0,452796.43333333335
2018-08-09,467197.0,453528.5333333333
2018-08-10,510030.0,456755.23333333334
2018-08-11,389256.0,456220.8333333333
2018-08-12,361544.0,452499.8
2018-08-13,459526.0,455720.8
2018-08-14,514445.0,461319.5333333333
2018-08-15,539383.0,464912.86666666664
2018-08-16,479347.0,464652.43333333335
2018-08-17,512305.0,465235.1666666667
2018-08-18,399289.0,463012.9
2018-08-19,402087.0,459853.8
2018-08-20,459856.0,462317.3333333333
2018-08-21,449916.0,465099.6666666667
2018-08-22,484463.0,465461.56666666665
2018-08-23,444346.0,462510.3
2018-08-24,487991.0,461244.93333333335
2018-08-25,415348.0,459094.86666666664
2018-08-26,368938.0,454133.5333333333
2018-08-27,464084.0,456411.86666666664
2018-08-28,488605.0,460015.3333333333
2018-08-29,509197.0,461012.73333333334
2018-08-30,463657.0,459790.9
2018-08-31,511307.0,460313.13333333336
2018-09-01,437404.0,459226.0333333333
2018-09-02,387889.0,454234.9
2018-09-03,455957.0,455561.43333333335
2018-09-04,474899.0,458906.1666666667
2018-09-05,497298.0,460402.43333333335
2018-09-06,501001.0,461170.76666666666
2018-09-07,539383.0,462531.6
2018-09-08,414919.0,460789.0
2018-09-09,387389.0,456700.9666666667
2018-09-10,451965.0,458791.26666666666
2018-09-11,474061.0,462541.8333333333
2018-09-12,461586.0,462610.5
2018-09-13,466217.0,461002.9
2018-09-14,471373.0,458735.9
2018-09-15,427958.0,457022.93333333335
2018-09-16,370212.0,452286.5
2018-09-17,481968.0,455042.4666666667
2018-09-18,479309.0,457616.5333333333
2018-09-19,480228.0,458295.6
2018-09-20,493141.0,459736.43333333335
2018-09-21,563131.0,462358.7
2018-09-22,445042.0,462381.9
2018-09-23,401264.0,459491.0
2018-09-24,469029.0,461280.36666666664
2018-09-25,490589.0,465335.4
2018-09-26,474080.0,465668.6
2018-09-27,481908.0,465445.36666666664
2018-09-28,527058.0,466040.73333333334
2018-09-29,429819.0,464912.8
2018-09-30,413889.0,461665.5333333333
2018-10-01,484983.0,463251.5
2018-10-02,484847.0,466483.43333333335
2018-10-03,552113.0,469688.63333333336
2018-10-04,506880.0,470754.6666666667
2018-10-05,533087.0,471947.63333333336
2018-10-06,441965.0,469979.76666666666
2018-10-07,444618.0,466820.93333333335
2018-10-08,477298.0,468900.23333333334
2018-10-09,463257.0,471429.1666666667
2018-10-10,482435.0,472444.8333333333
2018-10-11,499968.0,473308.4
2018-10-12,498115.0,474526.0333333333
2018-10-13,400481.0,472334.8333333333
2018-10-14,378043.0,469223.8333333333
2018-10-15,502796.0,471718.43333333335
2018-10-16,490756.0,475736.56666666665
2018-10-17,490531.0,476022.0
2018-10-18,479720.0,476035.7
2018-10-19,504471.0,476843.8
2018-10-20,428970.0,474704.76666666666
2018-10-21,403199.0,469373.7
2018-10-22,489860.0,470867.63333333336
2018-10-23,487826.0,473753.0333333333
2018-10-24,478551.0,474070.43333333335
2018-10-25,474715.0,473541.3
2018-10-26,503384.0,474518.1
2018-10-27,418914.0,472418.3
2018-10-28,403764.0,468308.5
2018-10-29,495174.0,470487.0
2018-10-30,505404.0,473537.5
2018-10-31,510367.0,474383.63333333336
2018-11-01,505058.0,475057.3333333333
2018-11-02,565269.0,475495.86666666664
2018-11-03,453208.0,473706.8
2018-11-04,418053.0,469872.3333333333
2018-11-05,531376.0,472852.7
2018-11-06,519342.0,475343.5
2018-11-07,522948.0,476865.1666666667
2018-11-08,498004.0,478023.4
2018-11-09,541364.0,479987.7
2018-11-10,448643.0,478276.86666666664
2018-11-11,422963.0,475771.8
2018-11-12,510342.0,479433.8333333333
2018-11-13,491741.0,483223.76666666666
2018-11-14,524970.0,483962.9
2018-11-15,523899.0,485067.6666666667
2018-11-16,533315.0,486493.8
2018-11-17,428640.0,484791.13333333336
2018-11-18,393876.0,481104.63333333336
2018-11-19,470247.0,482480.5333333333
2018-11-20,543711.0,487164.26666666666
2018-11-21,472552.0,486587.3333333333
2018-11-22,467175.0,485898.9666666667
2018-11-23,479022.0,485914.6666666667
2018-11-24,406861.0,483652.86666666664
2018-11-25,410530.0,480557.73333333334
2018-11-26,469613.0,482247.7
2018-11-27,462322.0,484199.63333333336
2018-11-28,454764.0,482852.63333333336
2018-11-29,461335.0,481383.6666666667
2018-11-30,460123.0,479708.86666666664
2018-12-01,420225.0,476881.1
2018-12-02,364379.0,470184.76666666666
2018-12-03,426800.0,469304.5
2018-12-04,492965.0,471801.56666666665
2018-12-05,438438.0,468703.63333333336
2018-12-06,480400.0,467405.56666666665
2018-12-07,495221.0,466481.3333333333
2018-12-08,382550.0,462632.86666666664
2018-12-09,364579.0,456740.0333333333
2018-12-10,443067.0,456554.1666666667
2018-12-11,432511.0,456872.43333333335
2018-12-12,439270.0,454503.36666666664
2018-12-13,439018.0,452745.93333333335
2018-12-14,464524.0,450731.06666666665
2018-12-15,397644.0,446522.56666666665
2018-12-16,364388.0,440891.6666666667
2018-12-17,466784.0,442163.13333333336
2018-12-18,461773.0,444426.36666666664
2018-12-19,495568.0,445270.4
2018-12-20,475406.0,442993.56666666665
2018-12-21,492726.0,443666.0333333333
2018-12-22,386813.0,440987.3
2018-12-23,371648.0,437408.1666666667
2018-12-24,419725.0,437836.9666666667
2018-12-25,353052.0,435921.0333333333
2018-12-26,397075.0,433503.1
2018-12-27,434318.0,432569.63333333336
2018-12-28,485694.0,433600.63333333336
2018-12-29,423956.0,432354.6666666667
2018-12-30,391259.0,430059.2
2018-12-31,391031.0,429086.06666666665
2019-01-01,310120.0,427277.43333333335
2019-01-02,415822.0,426911.5
2019-01-03,450626.0,425500.2
2019-01-04,454702.0,426042.3333333333
2019-01-05,385489.0,422878.63333333336
2019-01-06,389294.0,419347.73333333334
2019-01-07,448076.0,421531.93333333335
2019-01-08,465085.0,424882.13333333336
2019-01-09,463346.0,425558.1
2019-01-10,489566.0,427459.93333333335
2019-01-11,486650.0,429039.26666666666
2019-01-12,396628.0,427626.26666666666
2019-01-13,372207.0,424549.0333333333
2019-01-14,455377.0,426473.4666666667
2019-01-15,466212.0,429867.6
2019-01-16,493982.0,430774.2
2019-01-17,462879.0,430811.06666666665
2019-01-18,484530.0,430443.13333333336
2019-01-19,400053.0,427931.36666666664
2019-01-20,379374.0,424152.9666666667
2019-01-21,449404.0,426239.3333333333
2019-01-22,450118.0,428855.0
2019-01-23,482794.0,430957.3
2019-01-24,470446.0,434870.43333333335
2019-01-25,492261.0,438043.3
2019-01-26,444594.0,438385.8333333333
2019-01-27,383276.0,434971.9
2019-01-28,481279.0,436882.6666666667
2019-01-29,480702.0,439864.1
2019-01-30,462721.0,442253.76666666666
2019-01-31,487936.0,448180.9666666667
2019-02-01,502881.0,451082.93333333335
2019-02-02,418174.0,450001.2
2019-02-03,389608.0,447831.4
2019-02-04,456122.0,450185.8333333333
2019-02-05,503603.0,453996.13333333336
2019-02-06,482655.0,455148.76666666666
2019-02-07,474847.0,455474.1666666667
2019-02-08,516886.0,457258.8333333333
2019-02-09,422178.0,455012.56666666665
2019-02-10,380922.0,451488.3
2019-02-11,463119.0,453704.6666666667
2019-02-12,486292.0,457507.5
2019-02-13,546276.0,460537.4666666667
2019-02-14,473265.0,460772.56666666665
2019-02-15,467228.0,459880.76666666666
2019-02-16,452438.0,459532.73333333334
2019-02-17,393160.0,456487.06666666665
2019-02-18,508261.0,460094.0
2019-02-19,538532.0,465399.26666666666
2019-02-20,521878.0,467815.06666666665
2019-02-21,491327.0,469188.7
2019-02-22,542172.0,471167.9666666667
2019-02-23,441275.0,470195.6
2019-02-24,433694.0,468243.36666666664
2019-02-25,502106.0,470160.43333333335
2019-02-26,532149.0,475122.86666666664
2019-02-27,519740.0,476404.9
2019-02-28,523892.0,477844.56666666665
2019-03-01,552623.0,480841.3
2019-03-02,481021.0,480610.8
2019-03-03,420093.0,477851.2
2019-03-04,506186.0,480784.93333333335
2019-03-05,536821.0,485692.0333333333
2019-03-06,524992.0,487987.7
2019-03-07,524085.0,488670.43333333335
2019-03-08,545571.0,490767.63333333336
2019-03-09,458538.0,490224.0
2019-03-10,392557.0,486079.7
2019-03-11,554792.0,490500.1666666667
2019-03-12,532589.0,495555.73333333334
2019-03-13,515962.0,497317.1666666667
2019-03-14,551001.0,499474.13333333336
2019-03-15,558693.0,499888.0333333333
2019-03-16,468300.0,499722.5333333333
2019-03-17,413098.0,497918.2
2019-03-18,533680.0,500626.26666666666
2019-03-19,551374.0,505900.06666666665
2019-03-20,538723.0,506915.4666666667
2019-03-21,535702.0,506821.13333333336
2019-03-22,550986.0,507791.4
2019-03-23,450872.0,506442.9
2019-03-24,417726.0,502294.7
2019-03-25,530401.0,505265.56666666665
2019-03-26,522961.0,508241.13333333336
2019-03-27,569697.0,510494.1666666667
2019-03-28,578059.0,512024.5
2019-03-29,563925.0,513497.3333333333
2019-03-30,513840.0,513162.26666666666
2019-03-31,459478.0,510057.43333333335
2019-04-01,528288.0,511633.0
2019-04-02,666741.0,519854.6
2019-04-03,626468.0,523864.0
2019-04-04,603757.0,526095.2
2019-04-05,632546.0,529680.3333333334
2019-04-06,478034.0,528145.3
2019-04-07,447559.0,524878.2333333333
2019-04-08,579028.0,528894.5666666667
2019-04-09,572096.0,534879.2
2019-04-10,593178.0,536158.7333333333
2019-04-11,620631.0,539093.4666666667
2019-04-12,578099.0,541164.7
2019-04-13,458376.0,538077.2
2019-04-14,430064.0,533789.5666666667
2019-04-15,576183.0,537385.6666666666
2019-04-16,560007.0,542282.6333333333
2019-04-17,555678.0,543015.9
2019-04-18,563075.0,543405.9333333333
2019-04-19,597098.0,545351.7666666667
2019-04-20,456520.0,542712.3666666667
2019-04-21,426630.0,538567.1666666666
2019-04-22,498668.0,540160.3666666667
2019-04-23,548492.0,544519.2333333333
2019-04-24,645489.0,548355.5
2019-04-25,577184.0,550162.9333333333
2019-04-26,593570.0,550958.7
2019-04-27,460846.0,547051.6
2019-04-28,445722.0,543111.5
2019-04-29,573010.0,545083.8333333334
2019-04-30,604307.0,549911.4666666667
2019-05-01,565408.0,551148.8
2019-05-02,584864.0,548419.5666666667
2019-05-03,615404.0,548050.7666666667
2019-05-04,508298.0,544868.8
2019-05-05,460613.0,539137.7
2019-05-06,573048.0,542304.8333333334
2019-05-07,578857.0,546681.4333333333
2019-05-08,635596.0,548567.0333333333
2019-05-09,619054.0,550132.3
2019-05-10,618182.0,550965.7666666667
2019-05-11,573741.0,549402.7666666667
2019-05-12,551654.0,548521.2666666667
2019-05-13,648734.0,554866.5333333333
2019-05-14,669376.0,562843.6
2019-05-15,675925.0,566168.3333333334
2019-05-16,682196.0,570241.3
2019-05-17,676115.0,574255.8666666667
2019-05-18,588499.0,575103.3333333334
2019-05-19,516859.0,572428.7
2019-05-20,617241.0,577786.0666666667
2019-05-21,657474.0,585480.8666666667
2019-05-22,646106.0,590395.4666666667
2019-05-23,630228.0,593120.0
2019-05-24,644200.0,593077.0333333333
2019-05-25,511153.0,590876.0
2019-05-26,476819.0,586984.3
2019-05-27,644814.0,593116.5666666667
2019-05-28,685040.0,601093.8333333334
2019-05-29,680323.0,604670.9333333333
2019-05-30,642352.0,605939.1
2019-05-31,598627.0,607046.4
2019-06-01,578368.0,606829.8666666667
2019-06-02,489569.0,602635.3666666667
2019-06-03,550346.0,604036.9666666667
2019-06-04,687738.0,611607.8
2019-06-05,631420.0,613553.5333333333
2019-06-06,602273.0,614334.0666666667
2019-06-07,619327.0,613791.7666666667
2019-06-08,471819.0,608883.9333333333
2019-06-09,438208.0,602884.8
2019-06-10,607094.0,603996.5666666667
2019-06-11,623398.0,606388.0333333333
2019-06-12,601949.0,604828.5333333333
2019-06-13,667841.0,604777.3666666667
2019-06-14,731367.0,606625.4333333333
2019-06-15,601012.0,603919.3
2019-06-16,520293.0,598725.2333333333
2019-06-17,628484.0,600058.0666666667
2019-06-18,696937.0,606060.6666666666
2019-06-19,664204.0,607626.1
2019-06-20,635532.0,606894.7
2019-06-21,654639.0,607179.1333333333
2019-06-22,643642.0,607626.2666666667
2019-06-23,596158.0,606024.8666666667
2019-06-24,659329.0,610964.0666666667
2019-06-25,682866.0,617832.3
2019-06-26,768792.0,621964.9
2019-06-27,694016.0,622264.1
2019-06-28,729817.0,623913.9
2019-06-29,573175.0,621608.0
2019-06-30,497075.0,618222.9333333333
2019-07-01,624927.0,619774.9
2019-07-02,671396.0,625835.8
2019-07-03,651074.0,629193.4
2019-07-04,603018.0,626369.4
2019-07-05,617685.0,625911.5666666667
2019-07-06,523872.0,623298.2
2019-07-07,447034.0,617555.1
2019-07-08,622449.0,622576.1
2019-07-09,623107.0,628739.4
2019-07-10,616784.0,629062.4
2019-07-11,598394.0,628228.9333333333
2019-07-12,637928.0,629428.2333333333
2019-07-13,472491.0,622916.5666666667
2019-07-14,437636.0,613125.5333333333
2019-07-15,585913.0,612622.2333333333
2019-07-16,595749.0,615137.4333333333
2019-07-17,569185.0,613160.8
2019-07-18,588257.0,609538.1333333333
2019-07-19,566404.0,606278.1333333333
2019-07-20,488968.0,601392.6666666666
2019-07-21,400500.0,592921.3666666667
2019-07-22,533399.0,589246.6
2019-07-23,531460.0,587090.0
2019-07-24,490408.0,581459.3
2019-07-25,568629.0,577651.4
2019-07-26,563023.0,570792.4333333333
2019-07-27,445312.0,562502.3
2019-07-28,391947.0,551239.9666666667
2019-07-29,521007.0,549501.0333333333
2019-07-30,548807.0,551225.4333333333
2019-07-31,573802.0,549521.2666666667
2019-08-01,558918.0,545772.0
2019-08-02,581154.0,543441.3333333334
2019-08-03,470981.0,539040.1
2019-08-04,421536.0,532501.8
2019-08-05,583599.0,534492.7
2019-08-06,617620.0,540178.9
2019-08-07,545941.0,537628.6333333333
2019-08-08,568245.0,535799.9
2019-08-09,562840.0,534001.7666666667
2019-08-10,453016.0,529155.8333333334
2019-08-11,414832.0,521719.3
2019-08-12,459560.0,521288.26666666666
2019-08-13,566410.0,525580.7333333333
2019-08-14,554189.0,524523.2666666667
2019-08-15,538837.0,522626.2
2019-08-16,533245.0,521428.2
2019-08-17,441149.0,516524.6
2019-08-18,407213.0,511218.23333333334
2019-08-19,517545.0,512170.8
2019-08-20,558999.0,517454.1
2019-08-21,599152.0,519645.86666666664
2019-08-22,609067.0,522232.76666666666
2019-08-23,564675.0,524708.3333333334
2019-08-24,452008.0,520820.9666666667
2019-08-25,393555.0,515172.0333333333
2019-08-26,539168.0,518300.56666666665
2019-08-27,535379.0,523081.63333333336
2019-08-28,526015.0,523248.56666666665
2019-08-29,545362.0,523133.73333333334
2019-08-30,543570.0,522126.0
2019-08-31,464447.0,518976.9666666667
2019-09-01,423910.0,513735.5
2019-09-02,529944.0,515700.93333333335
2019-09-03,595785.0,521509.23333333334
2019-09-04,544449.0,520204.23333333334
2019-09-05,550315.0,517960.73333333334
2019-09-06,601748.0,519820.9666666667
2019-09-07,472297.0,516622.7
2019-09-08,436798.0,512421.3
2019-09-09,536567.0,515206.3333333333
2019-09-10,564563.0,520197.36666666664
2019-09-11,556853.0,523440.4666666667
2019-09-12,564060.0,523362.13333333336
2019-09-13,546950.0,523120.8333333333
2019-09-14,491282.0,521535.6666666667
2019-09-15,422886.0,517857.0333333333
2019-09-16,562077.0,521887.9666666667
2019-09-17,567927.0,527245.1
2019-09-18,578686.0,529283.1333333333
2019-09-19,552276.0,529059.0333333333
2019-09-20,557003.0,527654.0666666667
2019-09-21,493311.0,523795.5333333333
2019-09-22,456990.0,520206.0333333333
2019-09-23,544681.0,523295.13333333336
2019-09-24,596954.0,530075.1
2019-09-25,571599.0,531156.1333333333
2019-09-26,554702.0,531800.2333333333
2019-09-27,532292.0,532009.4666666667
2019-09-28,474974.0,529663.2
2019-09-29,435119.0,526048.1666666666
2019-09-30,540376.0,528579.1333333333
2019-10-01,573854.0,533577.2666666667
2019-10-02,535484.0,533761.9333333333
2019-10-03,525476.0,531418.3
2019-10-04,545609.0,531456.9666666667
2019-10-05,480438.0,529127.7333333333
2019-10-06,435006.0,523569.6666666667
2019-10-07,538987.0,525792.6666666666
2019-10-08,534935.0,529063.9
2019-10-09,524494.0,528661.4666666667
2019-10-10,549668.0,528164.9666666667
2019-10-11,547368.0,527848.8
2019-10-12,452069.0,524115.76666666666
2019-10-13,417760.0,519809.43333333335
2019-10-14,513254.0,520541.8333333333
2019-10-15,533673.0,524234.73333333334
2019-10-16,545056.0,523667.36666666664
2019-10-17,528543.0,522354.56666666665
2019-10-18,518606.0,520351.9
2019-10-19,486396.0,518155.9
2019-10-20,437713.0,514179.56666666665
2019-10-21,545843.0,515930.63333333336
2019-10-22,541300.0,518740.9666666667
2019-10-23,544470.0,518733.93333333335
2019-10-24,515253.0,516010.56666666665
2019-10-25,570469.0,515972.9
2019-10-26,541095.0,515519.3333333333
2019-10-27,438755.0,512401.43333333335
2019-10-28,540579.0,514588.26666666666
2019-10-29,527526.0,517668.5
2019-10-30,536888.0,517552.23333333334
2019-10-31,504880.0,515253.1
2019-11-01,563151.0,516175.3333333333
2019-11-02,472031.0,514393.8333333333
2019-11-03,465534.0,511724.6666666667
2019-11-04,549112.0,514013.8
2019-11-05,576664.0,518735.73333333334
2019-11-06,559293.0,519412.6
2019-11-07,553447.0,520029.6666666667
2019-11-08,541512.0,520596.93333333335
2019-11-09,519291.0,519584.36666666664
2019-11-10,435494.0,515855.23333333334
2019-11-11,511673.0,517842.0333333333
2019-11-12,501680.0,520639.36666666664
2019-11-13,555616.0,522051.43333333335
2019-11-14,535548.0,522113.93333333335
2019-11-15,575887.0,523141.63333333336
2019-11-16,495077.0,522026.1
2019-11-17,430853.0,519101.0
2019-11-18,510494.0,519904.26666666666
2019-11-19,561226.0,524021.36666666664
2019-11-20,525739.0,523351.23333333334
2019-11-21,584765.0,524800.0666666667
2019-11-22,607299.0,526894.3666666667
2019-11-23,514757.0,526877.8333333334
2019-11-24,436089.0,522398.5
2019-11-25,495578.0,520881.26666666666
2019-11-26,576620.0,525476.7666666667
2019-11-27,566552.0,526342.5333333333
2019-11-28,533010.0,526525.3333333334
2019-11-29,543960.0,526761.0666666667
2019-11-30,493866.0,526393.9333333333
2019-12-01,468193.0,523228.6666666667
2019-12-02,552276.0,525903.5
2019-12-03,565368.0,529231.3
2019-12-04,569753.0,529919.3333333334
2019-12-05,535061.0,528532.5666666667
2019-12-06,534431.0,527703.8333333334
2019-12-07,465570.0,524774.6
2019-12-08,434939.0,521222.1666666667
2019-12-09,538820.0,521873.13333333336
2019-12-10,548706.0,525646.8666666667
2019-12-11,521113.0,525961.5333333333
2019-12-12,531404.0,526952.3333333334
2019-12-13,547987.0,526698.0333333333
2019-12-14,475246.0,524687.9666666667
2019-12-15,434034.0,519959.5333333333
2019-12-16,549300.0,521766.9666666667
2019-12-17,557300.0,525981.8666666667
2019-12-18,560284.0,527641.5333333333
2019-12-19,539310.0,526911.0
2019-12-21,479841.0,525381.0666666667
2019-12-22,432257.0,520297.4666666667
2019-12-23,518639.0,517342.13333333336
2019-12-24,493086.0,516619.76666666666
2019-12-25,401735.0,515474.63333333336
2019-12-26,476783.0,514848.13333333336
2019-12-27,539658.0,513616.06666666665
2019-12-28,490465.0,511079.8333333333
2019-12-29,449701.0,508302.86666666664
2019-12-30,544505.0,508321.0333333333
2019-12-31,489182.0,508164.9
2020-01-01,389706.0,505548.6666666667
2020-01-02,475461.0,502988.1666666667
2020-01-03,523231.0,501583.6
2020-01-04,465366.0,498104.0333333333
2020-01-05,459065.0,495570.8333333333
2020-01-06,522665.0,495178.63333333336
2020-01-07,576831.0,498887.3333333333
2020-01-08,558689.0,503012.3333333333
2020-01-09,553318.0,503495.6
2020-01-10,590633.0,504893.1666666667
2020-01-11,509544.0,504507.5333333333
2020-01-12,450668.0,501816.3333333333
2020-01-13,501600.0,500270.1
2020-01-14,616194.0,504968.36666666664
2020-01-15,580574.0,509853.0333333333
2020-01-16,555072.0,510045.43333333335
2020-01-17,562153.0,510207.2
2020-01-18,491063.0,507899.8333333333
2020-01-19,477110.0,505826.5
2020-01-20,532773.0,507590.9
2020-01-21,544525.0,511333.1666666667
2020-01-22,544484.0,512194.6666666667
2020-01-23,535923.0,513622.56666666665
2020-01-24,534403.0,518044.8333333333
2020-01-25,461312.0,517529.13333333336
2020-01-26,429535.0,513858.36666666664
2020-01-27,504693.0,514332.63333333336
2020-01-28,589168.0,518981.5333333333
2020-01-29,573372.0,519943.76666666666
2020-01-30,570253.0,522646.13333333336
2020-01-31,572887.0,528752.1666666666
2020-02-01,523782.0,530362.8666666667
2020-02-02,501222.0,529629.2333333333
2020-02-03,573277.0,533226.2666666667
2020-02-04,555771.0,536449.8
2020-02-05,618126.0,539631.8333333334
2020-02-06,552411.0,538817.8333333334
2020-02-07,599280.0,540170.8666666667
2020-02-08,529398.0,539373.5333333333
2020-02-09,508254.0,536627.5666666667
2020-02-10,526825.0,537203.6
2020-02-11,641161.0,543553.3666666667
2020-02-12,612313.0,547243.8
2020-02-13,608036.0,546971.8666666667
2020-02-14,564227.0,546426.9666666667
2020-02-15,563001.0,546691.2666666667
2020-02-16,474183.0,543758.9333333333
2020-02-17,584197.0,546863.4
2020-02-18,569291.0,549936.1
2020-02-19,580124.0,551514.4666666667
2020-02-20,563175.0,552136.1333333333
2020-02-21,574950.0,553151.6666666666
2020-02-22,525819.0,552814.8666666667
2020-02-23,465169.0,550507.0666666667
2020-02-24,558687.0,553752.9
2020-02-25,566484.0,558317.8666666667
2020-02-26,588558.0,561113.3666666667
2020-02-27,578398.0,560754.3666666667
2020-02-28,611266.0,562017.5
2020-02-29,519628.0,560330.0
2020-03-01,505885.0,558096.6
2020-03-02,608032.0,560904.9333333333
2020-03-03,593725.0,563988.3666666667
2020-03-04,625096.0,565715.6666666666
2020-03-05,603996.0,567323.1666666666
2020-03-06,601698.0,566775.5666666667
2020-03-07,526880.0,565924.5333333333
2020-03-08,501571.0,562667.5666666667
2020-03-09,606002.0,565221.0333333333
2020-03-10,601526.0,568330.1
2020-03-11,528053.0,568371.0333333333
2020-03-12,653156.0,568770.8666666667
2020-03-14,517382.0,565606.5
2020-03-15,413935.0,559136.4666666667
2020-03-16,532450.0,558077.2333333333
2020-03-17,540902.0,557340.6
2020-03-18,476482.0,557417.2333333333
2020-03-19,525607.0,555464.2333333333
2020-03-20,564748.0,555312.8
2020-03-21,469859.0,551637.3
2020-03-22,409829.0,546525.7666666667
2020-03-23,509038.0,544328.7
2020-03-24,528586.0,544420.9333333333
2020-03-25,456328.0,544126.2333333333
2020-03-26,539881.0,543499.3666666667
2020-03-27,529197.0,542256.4666666667
2020-03-28,469113.0,538274.9666666667
2020-03-29,428425.0,533275.8666666667
2020-03-30,535787.0,530759.9
2020-03-31,546702.0,531662.3666666667
2020-04-01,544088.0,532935.8
2020-04-02,569905.0,531664.9
2020-04-03,548300.0,530150.7333333333
2020-04-04,479599.0,525300.8333333334
2020-04-05,452282.0,520243.7
2020-04-06,557192.0,518760.1666666667
2020-04-07,598670.0,521153.1666666667
2020-04-08,554336.0,522912.0
2020-04-09,544185.0,520851.43333333335
2020-04-10,550585.0,519153.4
2020-04-11,474445.0,517366.4666666667
2020-04-12,437242.0,510169.3333333333
2020-04-13,549230.0,511230.93333333335
2020-04-14,583665.0,516888.6
2020-04-15,612959.0,519572.23333333334
2020-04-16,635870.0,522737.8333333333
2020-04-17,579437.0,526169.6666666666
2020-04-18,562996.0,527415.9666666667
2020-04-19,485888.0,524787.3
2020-04-20,619559.0,529777.3
2020-04-21,610555.0,536468.1666666666
2020-04-22,574265.0,538642.4
2020-04-23,666919.0,543253.5
2020-04-24,641059.0,549411.2
2020-04-25,554934.0,549912.9666666667
2020-04-26,499998.0,548939.6666666666
2020-04-27,629817.0,554296.4666666667
2020-04-28,644967.0,561514.5333333333
2020-04-29,679872.0,566317.3666666667
2020-04-30,687395.0,571007.1333333333
2020-05-01,680654.0,575559.3333333334
2020-05-02,578296.0,575839.0333333333
2020-05-03,553075.0,575998.2
2020-05-04,651350.0,581723.2333333333
2020-05-05,652289.0,588390.1333333333
2020-05-06,671519.0,592201.0333333333
2020-05-07,696092.0,595448.4333333333
2020-05-08,670883.0,599333.3333333334
2020-05-09,631542.0,602245.2333333333
2020-05-10,571802.0,602952.4666666667
2020-05-11,645065.0,608639.8
2020-05-12,686850.0,616960.0666666667
2020-05-13,619855.0,619314.2333333333
2020-05-14,593862.0,619654.1333333333
2020-05-15,644507.0,620705.7333333333
2020-05-16,589910.0,619173.7333333333
2020-05-17,495954.0,616390.9666666667
2020-05-18,602631.0,617712.1333333333
2020-05-19,581379.0,620895.1666666666
2020-05-20,604523.0,620393.9666666667
2020-05-21,624412.0,620855.8666666667
2020-05-23,558174.0,620319.5
2020-05-24,458476.0,613371.4
2020-05-25,551378.0,610382.0333333333
2020-05-26,605213.0,612058.0
2020-05-27,603823.0,615518.8333333334
2020-05-28,617362.0,615103.6666666666
2020-05-29,591013.0,613305.2
2020-05-30,556912.0,609206.5333333333
2020-05-31,495162.0,602798.7666666667
2020-06-01,623944.0,600908.4333333333
2020-06-02,638403.0,602912.0
2020-06-03,646746.0,606034.3666666667
2020-06-04,628388.0,605268.9666666667
2020-06-05,643217.0,604966.5666666667
2020-06-06,548424.0,600863.4
2020-06-07,487527.0,593911.2333333333
2020-06-08,625333.0,592392.9
2020-06-09,644690.0,592831.1666666666
2020-06-10,645485.0,595287.2666666667
2020-06-11,673800.0,596245.1
2020-06-12,635165.0,594522.2666666667
2020-06-13,541115.0,591897.6
2020-06-14,502951.0,588867.2333333333
2020-06-15,606713.0,587607.4333333333
2020-06-16,683561.0,590729.1333333333
2020-06-17,669086.0,596500.2
2020-06-18,582343.0,595823.9333333333
2020-06-19,674050.0,598912.9666666667
2020-06-20,553650.0,597217.2
2020-06-21,475037.0,592238.0333333333
2020-06-22,603576.0,593751.4333333333
2020-06-23,704215.0,601942.7333333333
2020-06-24,625283.0,604406.2333333333
2020-06-25,631260.0,605274.4666666667
2020-06-26,646111.0,606684.0666666667
2020-06-27,546558.0,604323.9333333333
2020-06-28,500152.0,601295.2333333333
2020-06-29,625207.0,603571.7333333333
2020-06-30,621031.0,607767.3666666667
2020-07-01,758469.0,612251.5333333333
2020-07-02,674745.0,613462.9333333333
2020-07-03,661454.0,613953.2
2020-07-04,561108.0,611710.5333333333
2020-07-05,509206.0,607243.5
2020-07-06,678157.0,611567.9333333333
2020-07-07,706177.0,618856.2666666667
2020-07-08,702636.0,621433.0333333333
2020-07-09,708162.0,623548.7666666667
2020-07-10,681724.0,624756.7333333333
2020-07-11,601249.0,622338.3666666667
2020-07-12,525851.0,618694.5666666667
2020-07-13,638906.0,621954.2666666667
2020-07-14,734433.0,629670.3333333334
2020-07-15,671171.0,631818.9333333333
2020-07-16,709099.0,632670.2
2020-07-17,629600.0,631354.0
2020-07-18,632584.0,633028.7
2020-07-19,550119.0,628897.6666666666
2020-07-20,644972.0,631941.7333333333
2020-07-21,660884.0,638136.6333333333
2020-07-22,748958.0,642982.7
2020-07-23,696765.0,642734.3666666667
2020-07-24,740460.0,646573.6
2020-07-25,619497.0,646181.5
2020-07-26,608050.0,644912.8
2020-07-27,690892.0,649723.9333333333
2020-07-28,745966.0,657917.7333333333
2020-07-29,717842.0,661005.5666666667
2020-07-30,689993.0,663304.3
2020-07-31,733209.0,662462.3
2020-08-01,644333.0,661448.5666666667
2020-08-02,616214.0,659940.5666666667
2020-08-03,708227.0,664844.5333333333
2020-08-04,708169.0,671476.6333333333
2020-08-05,655315.0,670715.2333333333
2020-08-06,762479.0,672591.9666666667
2020-08-07,707225.0,672744.9333333333
2020-08-08,625679.0,669995.5
2020-08-09,564507.0,666088.2666666667
2020-08-10,683507.0,668830.2
2020-08-11,744212.0,676108.9
2020-08-12,733894.0,679275.1666666666
2020-08-13,690043.0,677795.5
2020-08-14,755913.0,680620.2333333333
2020-08-15,664922.0,679147.6666666666
2020-08-16,571198.0,677200.9333333333
2020-08-17,652100.0,677851.4666666667
2020-08-18,739835.0,684175.3333333334
2020-08-19,710405.0,686356.4333333333
2020-08-20,705709.0,687850.6
2020-08-21,675988.0,685418.2666666667
2020-08-22,649053.0,683827.8666666667
2020-08-23,569381.0,678125.2333333333
2020-08-24,674821.0,679969.3666666667
2020-08-25,678008.0,682301.3
2020-08-26,696908.0,682501.8333333334
2020-08-27,702891.0,681066.0
2020-08-28,720277.0,681147.1666666666
2020-08-29,617518.0,678731.3333333334
2020-08-30,555079.0,672793.6666666666
2020-08-31,662241.0,673390.6
2020-09-01,795329.0,679361.1
2020-09-02,714425.0,679567.7
2020-09-03,691592.0,679015.1333333333
2020-09-04,680093.0,679841.0666666667
2020-09-05,685736.0,677282.9666666667
2020-09-06,557370.0,672287.8
2020-09-07,672721.0,673855.8666666667
2020-09-08,693543.0,678157.0666666667
2020-09-09,681429.0,678087.8
2020-09-10,745318.0,678124.6666666666
2020-09-11,677215.0,676235.3666666667
2020-09-12,604531.0,673384.9666666667
2020-09-13,540351.0,666199.5666666667
2020-09-14,726085.0,668238.3333333334
2020-09-15,718787.0,673157.9666666667
2020-09-16,747111.0,676325.0
2020-09-17,740029.0,676331.4666666667
2020-09-18,687638.0,675572.5666666667
2020-09-19,624125.0,672853.1
2020-09-20,535691.0,668176.5333333333
2020-09-21,644695.0,668031.2666666667
2020-09-22,678668.0,671674.1666666666
2020-09-23,733591.0,673633.1666666666
2020-09-24,684217.0,673840.1333333333
2020-09-25,741029.0,675310.8333333334
2020-09-26,591249.0,671589.4333333333
2020-09-27,538619.0,665534.1666666666
2020-09-28,629197.0,665923.4666666667
2020-09-29,735651.0,671942.5333333333
2020-09-30,748143.0,674805.9333333333
2020-10-01,679937.0,670959.5333333333
2020-10-02,689077.0,670114.6
2020-10-03,642826.0,668489.0666666667
2020-10-04,562147.0,664557.5333333333
2020-10-05,635097.0,662869.5666666667
2020-10-06,692891.0,667386.9333333333
2020-10-07,762636.0,670384.1
2020-10-08,698982.0,670565.4
2020-10-09,714645.0,671672.6
2020-10-10,631182.0,667868.0666666667
2020-10-11,541483.0,663343.6666666666
2020-10-12,658073.0,665128.4
2020-10-13,732250.0,671525.0333333333
2020-10-14,680468.0,670004.4666666667
2020-10-15,743078.0,670814.1666666666
2020-10-16,712317.0,669654.3666666667
2020-10-17,586741.0,664544.7666666667
2020-10-18,512486.0,658706.3666666667
2020-10-19,679146.0,660540.4
2020-10-20,713764.0,666476.1666666666
2020-10-21,687152.0,667891.4
2020-10-22,753892.0,670398.8666666667
2020-10-23,712518.0,669696.4333333333
2020-10-24,657714.0,668813.0
2020-10-25,547380.0,662358.0333333333
2020-10-26,579939.0,661981.0333333333
2020-10-27,600338.0,664038.3333333334
2020-10-28,615001.0,663565.1333333333
2020-10-29,652778.0,660802.7
2020-10-30,635998.0,657064.5333333333
2020-10-31,613906.0,654863.5
2020-11-01,592197.0,651634.1666666666
2020-11-02,543348.0,648318.2333333333
2020-11-03,727413.0,653827.1
2020-11-04,707247.0,656232.1
2020-11-05,729209.0,657442.7
2020-11-06,756129.0,657225.8
2020-11-07,608746.0,654217.9333333333
2020-11-08,555482.0,648912.5
2020-11-09,713629.0,651660.7333333333
2020-11-10,684892.0,656441.0333333333
2020-11-11,713744.0,658296.7333333333
2020-11-12,721180.0,657927.7333333333
2020-11-13,685725.0,658102.9666666667
2020-11-14,613373.0,653779.4666666667
2020-11-15,555375.0,648548.0666666667
2020-11-16,681273.0,651699.1333333333
2020-11-17,770689.0,660305.9
2020-11-18,807705.0,664591.2
2020-11-19,717377.0,664711.6333333333
2020-11-20,772326.0,667550.7666666667
2020-11-21,663959.0,664553.0
2020-11-22,587237.0,660376.9666666667
2020-11-23,671932.0,660850.9
2020-11-24,756417.0,667818.8
2020-11-25,812699.0,675577.4666666667
2020-11-26,736612.0,680119.9333333333
2020-11-27,719237.0,683594.4666666667
2020-11-28,644206.0,683308.7333333333
2020-11-29,589008.0,681742.4
2020-11-30,623554.0,682064.0
2020-12-01,841581.0,690376.8
2020-12-02,756978.0,697497.8
2020-12-03,777633.0,699171.8
2020-12-04,729984.0,699929.7
2020-12-05,642981.0,697055.4333333333
2020-12-06,582059.0,691253.1
2020-12-07,673269.0,693403.8666666667
2020-12-08,737193.0,699460.9
2020-12-09,748572.0,700625.6666666666
2020-12-10,713602.0,701582.6666666666
2020-12-11,711679.0,701513.8333333334
2020-12-12,654893.0,699304.2666666667
2020-12-13,611911.0,696843.8
2020-12-14,696656.0,699619.9
2020-12-15,722550.0,705192.4
2020-12-16,751162.0,707522.0333333333
2020-12-17,754492.0,706982.1333333333
2020-12-18,851929.0,708456.2666666667
2020-12-19,756109.0,709747.3333333334
2020-12-20,638816.0,705297.0
2020-12-21,649848.0,704826.6333333333
2020-12-22,738842.0,709880.1333333333
2020-12-23,782736.0,713573.6
2020-12-24,639280.0,709669.0333333333
2020-12-25,662980.0,704678.4
2020-12-26,627843.0,701052.7666666667
2020-12-27,696527.0,700295.7666666667
2020-12-28,717073.0,702724.6666666666
2020-12-29,775919.0,708955.0333333333
2020-12-30,807268.0,715078.8333333334
2020-12-31,809871.0,714021.8333333334
2021-01-01,609741.0,709113.9333333333
2021-01-02,711719.0,706916.8
2021-01-03,812749.0,709675.6333333333
2021-01-04,851667.0,716631.8333333334
2021-01-05,845343.0,725407.9666666667
2021-01-06,924851.0,733794.0333333333
2021-01-07,940647.0,740575.8333333334
2021-01-08,883788.0,745083.0333333333
2021-01-09,760179.0,746635.6
2021-01-10,768365.0,748525.1333333333
2021-01-11,801285.0,753404.8666666667
2021-01-12,796457.0,759556.4
2021-01-13,772596.0,762087.7333333333
2021-01-14,802110.0,764739.7333333333
2021-01-15,808283.0,766643.7666666667
2021-01-16,733398.0,765940.6333333333
2021-01-17,642730.0,758967.3333333334
2021-01-18,720228.0,757771.3
2021-01-19,757920.0,761741.4333333333
2021-01-20,755823.0,765273.9333333333
2021-01-21,736588.0,765198.8
2021-01-22,783335.0,765218.7666666667
2021-01-23,710703.0,767599.5333333333
2021-01-24,608849.0,765795.1666666666
2021-01-25,732867.0,769295.9666666667
2021-01-26,768537.0,771696.3
2021-01-27,787548.0,774045.4666666667
2021-01-28,767142.0,773752.9
2021-01-29,888960.0,776475.9666666667
2021-01-30,756022.0,774681.0
2021-01-31,702062.0,777758.3666666667
2021-02-01,724841.0,778195.7666666667
2021-02-02,865515.0,779954.6333333333
2021-02-03,836448.0,779447.3333333334
2021-02-04,895626.0,781123.4333333333
2021-02-05,856297.0,778838.3
2021-02-06,795079.0,773986.0333333333
2021-02-07,718596.0,768479.6333333333
2021-02-08,822971.0,770572.7
2021-02-09,903883.0,775089.9666666667
2021-02-10,861426.0,777094.6666666666
2021-02-11,796146.0,777084.3
2021-02-12,857246.0,779905.9666666667
2021-02-13,788028.0,779436.5666666667
2021-02-14,698818.0,775787.7333333333
2021-02-15,769869.0,777003.4333333333
2021-02-16,745457.0,780427.6666666666
2021-02-17,829226.0,784060.9333333333
2021-02-18,820203.0,786137.0333333333
2021-02-19,884319.0,790420.2333333333
2021-02-20,830094.0,793537.1
2021-02-21,680893.0,790122.3666666667
2021-02-22,761941.0,791830.3
2021-02-23,796658.0,798090.6
2021-02-24,874171.0,802800.7333333333
2021-02-25,830544.0,804867.6333333333
2021-02-26,817077.0,805851.9333333333
2021-02-27,775777.0,806139.7666666667
2021-02-28,629972.0,797506.8333333334
2021-03-01,748049.0,797241.0666666667
2021-03-02,810035.0,800840.1666666666
2021-03-03,840642.0,804700.2
2021-03-04,752764.0,800941.8333333334
2021-03-05,806404.0,799940.3666666667
2021-03-06,677322.0,792663.5666666667
2021-03-07,654593.0,785940.1
2021-03-08,723503.0,783554.2333333333
2021-03-09,782612.0,785688.1
2021-03-10,833186.0,786028.6
2021-03-11,766597.0,781452.4
2021-03-12,818834.0,780032.6666666666
2021-03-13,739312.0,778138.2
2021-03-14,736008.0,774096.9333333333
2021-03-15,782966.0,773928.2
2021-03-16,822884.0,778063.7333333333
2021-03-17,808119.0,779338.7333333333
2021-03-18,885634.0,784011.3
2021-03-19,833389.0,784150.0666666667
2021-03-20,742019.0,781543.9333333333
2021-03-21,612850.0,772494.9666666667
2021-03-22,781908.0,770888.7666666667
2021-03-23,810265.0,775201.1666666666
2021-03-24,780464.0,775818.6
2021-03-25,847860.0,777525.3333333334
2021-03-26,790548.0,774737.9
2021-03-27,722993.0,771152.8666666667
2021-03-28,629197.0,764890.2
2021-03-29,776764.0,764923.1
2021-03-30,826466.0,771472.9
2021-03-31,900660.0,776559.9333333333
2021-04-01,814587.0,776711.6666666666
2021-04-02,795716.0,775214.1333333333
2021-04-03,704293.0,773598.4333333333
2021-04-04,618857.0,767346.8666666667
2021-04-05,763702.0,770226.2
2021-04-06,841579.0,776459.0666666667
2021-04-07,860993.0,781042.0666666667
2021-04-08,761635.0,780342.8333333334
2021-04-09,853581.0,781022.6666666666
2021-04-10,762965.0,780901.6
2021-04-11,653736.0,775398.3333333334
2021-04-12,762819.0,776181.9
2021-04-13,839652.0,779636.7
2021-04-14,854552.0,782022.9
2021-04-15,952400.0,786340.1
2021-04-16,733666.0,783858.3333333334
2021-04-17,611196.0,774710.4
2021-04-18,754058.0,772066.0333333333
2021-04-19,674744.0,769823.5333333333
2021-04-20,829989.0,777061.5
2021-04-21,719498.0,774981.1666666666
2021-04-22,757844.0,773233.8
2021-04-23,794322.0,773695.7333333333
2021-04-24,695216.0,768607.6
2021-04-25,585806.0,761782.8666666667
2021-04-26,677984.0,760282.5666666667
2021-04-27,748381.0,764255.3666666667
2021-04-28,728620.0,762650.5666666667
2021-04-29,703520.0,758552.3666666667
2021-04-30,738101.0,753133.7333333333
2021-05-01,677778.0,748573.4333333333
2021-05-02,587240.0,741624.2333333333
2021-05-03,746177.0,743020.3666666667
2021-05-04,772207.0,748132.0333333333
2021-05-05,808208.0,749615.5666666667
2021-05-06,843433.0,749677.3666666667
2021-05-07,804452.0,747792.6666666666
2021-05-08,744143.0,747209.6
2021-05-09,690253.0,741765.3333333334
2021-05-10,824736.0,743824.3666666667
2021-05-11,854634.0,750520.9666666667
2021-05-12,852846.0,753521.8666666667
2021-05-13,806882.0,752429.5333333333
2021-05-14,752353.0,749022.9
2021-05-15,646899.0,738839.5333333333
2021-05-16,604353.0,734529.1
2021-05-17,684281.0,736965.2666666667
2021-05-18,619246.0,732471.5333333333
2021-05-19,734818.0,734474.0
2021-05-20,694786.0,729967.2333333333
2021-05-21,695822.0,729178.0333333333
2021-05-22,603588.0,724036.1666666666
2021-05-23,555526.0,716076.3
2021-05-24,643231.0,714343.4666666667
2021-05-25,640506.0,716166.8
2021-05-26,641585.0,714953.5
2021-05-27,602300.0,710084.1333333333
2021-05-28,616432.0,706344.5333333333
2021-05-29,537305.0,700804.0333333333
2021-05-30,476088.0,692070.2666666667
2021-05-31,599311.0,689454.7
2021-06-01,615006.0,690380.2333333333
2021-06-02,663855.0,687636.1666666666
2021-06-03,692529.0,684980.2333333333
2021-06-04,632737.0,679131.2
2021-06-05,537842.0,668944.8333333334
2021-06-06,467665.0,657718.6
2021-06-07,615279.0,653423.1333333333
2021-06-08,656191.0,652287.7333333333
2021-06-09,581779.0,644189.1666666666
2021-06-10,679752.0,638359.7666666667
2021-06-11,616007.0,630465.1333333333
2021-06-12,584529.0,623053.3666666667
2021-06-13,480484.0,613991.0666666667
2021-06-14,624698.0,613251.0333333333
2021-06-15,677276.0,615681.8
2021-06-16,651528.0,614590.0333333333
2021-06-17,601894.0,614011.6333333333
2021-06-18,567037.0,608418.9333333333
2021-06-19,489074.0,601561.8666666667
2021-06-20,441204.0,593074.6
2021-06-21,549345.0,591266.5
2021-06-22,550948.0,591113.9
2021-06-23,598493.0,589622.6333333333
2021-06-24,594998.0,588105.7
2021-06-25,564091.0,585522.5666666667
2021-06-26,490112.0,581782.9666666667
2021-06-27,379066.0,573870.7666666667
2021-06-28,580308.0,575304.2
2021-06-29,566351.0,578312.9666666667
2021-06-30,567655.0,577257.7666666667
2021-07-01,609509.0,577074.5333333333
2021-07-02,532456.0,572694.5666666667
2021-07-03,583136.0,569048.1333333333
2021-07-04,467442.0,563538.3
2021-07-05,547735.0,563868.0666666667
2021-07-06,579824.0,567606.7
2021-07-07,568382.0,566043.4666666667
2021-07-08,580441.0,563518.4666666667
2021-07-09,569423.0,563106.6
2021-07-10,485683.0,556637.6333333333
2021-07-11,436977.0,550669.9666666667
2021-07-12,560833.0,549880.1
2021-07-13,542415.0,551944.4666666667
2021-07-14,564753.0,549946.3
2021-07-15,572802.0,546463.8333333334
2021-07-16,552751.0,543171.2666666667
2021-07-17,458821.0,538402.1666666666
2021-07-18,422214.0,533574.7333333333
2021-07-19,552678.0,535694.8666666667
2021-07-20,571829.0,540049.0333333333
2021-07-21,571507.0,540787.7666666667
2021-07-22,571344.0,541467.6333333333
2021-07-23,581850.0,540912.8666666667
2021-07-24,497255.0,537654.7666666667
2021-07-25,440908.0,533548.6666666666
2021-07-26,644448.0,538693.2
2021-07-27,600692.0,546080.7333333333
2021-07-28,605433.0,546918.2333333333
2021-07-29,620900.0,548736.5333333333
2021-07-30,629903.0,550811.4666666667
2021-07-31,532121.0,548231.8666666667
2021-08-01,474430.0,546297.6666666666
2021-08-02,583866.0,546322.0
2021-08-03,593856.0,550535.8
2021-08-04,587149.0,551849.6
2021-08-05,614597.0,553008.7
2021-08-06,636514.0,555279.7666666667
2021-08-07,529222.0,553572.4666666667
2021-08-08,482998.0,550691.6333333333
2021-08-09,611235.0,554876.7
2021-08-10,626461.0,561192.8333333334
2021-08-11,631031.0,563532.7666666667
2021-08-12,605994.0,565652.0666666667
2021-08-13,639596.0,568146.8333333334
2021-08-14,520081.0,566389.4666666667
2021-08-15,474649.0,563786.0666666667
2021-08-16,628859.0,569454.0
2021-08-17,618951.0,576011.9
2021-08-18,604474.0,577738.4333333333
2021-08-19,613135.0,579115.3
2021-08-20,676861.0,582627.1
2021-08-21,555440.0,582096.9666666667
2021-08-22,474281.0,578511.3333333334
2021-08-23,648964.0,583568.3
2021-08-24,637990.0,590137.7
2021-08-25,636566.0,589874.9666666667
2021-08-26,625141.0,590689.9333333333
2021-08-27,619412.0,591155.9
2021-08-28,538074.0,588395.0333333333
2021-08-29,474721.0,583222.3
2021-08-30,591561.0,585203.6333333333
2021-08-31,656399.0,591269.2666666667
2021-09-01,682571.0,594559.4333333333
2021-09-02,714181.0,598570.2666666667
2021-09-03,686568.0,601884.2333333333
2021-09-04,574763.0,600556.4333333333
2021-09-05,506792.0,596232.3666666667
2021-09-06,627019.0,599492.2666666667
2021-09-07,662890.0,605488.6666666666
2021-09-08,653910.0,606911.1666666666
2021-09-09,691292.0,609072.2
2021-09-10,640477.0,609387.0666666667
2021-09-11,552535.0,607605.1
2021-09-12,495873.0,602814.3333333334
2021-09-13,609049.0,605779.9333333333
2021-09-14,646621.0,611512.3333333334
2021-09-15,654103.0,612353.8
2021-09-16,673139.0,614160.0666666667
2021-09-17,652602.0,615764.3333333334
2021-09-18,561878.0,614055.7666666667
2021-09-19,501580.0,608213.0666666667
2021-09-20,645684.0,611221.2
2021-09-21,596757.0,615303.7333333333
2021-09-22,645903.0,615201.7
2021-09-23,642773.0,615361.1333333333
2021-09-24,679045.0,616777.1
2021-09-25,536442.0,613820.4666666667
2021-09-26,494512.0,609657.1333333333
2021-09-27,613346.0,612166.2
2021-09-28,620834.0,617036.6333333333
2021-09-29,589252.0,616959.6666666666
2021-09-30,706763.0,618638.4666666667
2021-10-01,697433.0,619133.8666666667
2021-10-02,631501.0,616377.8666666667
2021-10-03,553275.0,611934.7666666667
2021-10-04,650133.0,614447.1
2021-10-05,729159.0,621859.3333333334
2021-10-06,657752.0,622883.7666666667
2021-10-07,784172.0,626926.5
2021-10-08,689788.0,628122.4333333333
2021-10-09,620238.0,625753.9666666667
2021-10-10,536877.0,622300.6333333333
2021-10-11,676676.0,626438.6666666666
2021-10-12,673664.0,632365.0333333333
2021-10-13,677323.0,634640.8333333334
2021-10-14,690594.0,636106.6
2021-10-15,744869.0,639132.1333333333
2021-10-16,674026.0,639161.7
2021-10-17,559522.0,636059.0333333333
2021-10-18,693822.0,640457.1666666666
2021-10-19,743673.0,648526.9333333333
2021-10-20,713105.0,650774.3
2021-10-21,765389.0,656395.3666666667
2021-10-22,693316.0,657975.8
2021-10-23,597144.0,656454.8333333334
2021-10-24,554996.0,652319.8666666667
2021-10-25,704167.0,657910.7
2021-10-26,715943.0,665291.7333333333
2021-10-27,715873.0,668709.3
2021-10-28,749957.0,673013.4
2021-10-29,758210.0,678645.3333333334
2021-10-30,666759.0,677311.8666666667
2021-10-31,574308.0,673207.7
2021-11-01,732119.0,676561.6333333333
2021-11-02,736296.0,682662.3333333334
2021-11-03,724143.0,685129.3333333334
2021-11-04,729141.0,685128.7333333333
2021-11-05,721315.0,687247.5
2021-11-06,623103.0,681878.5333333333
2021-11-07,591980.0,678618.2666666667
2021-11-08,707131.0,681514.7
2021-11-09,796734.0,690176.6
2021-11-10,743397.0,692400.6333333333
2021-11-11,724206.0,694085.3666666667
2021-11-12,697196.0,694747.8
2021-11-13,628022.0,692662.0666666667
2021-11-14,582647.0,687254.6666666666
2021-11-15,708944.0,688418.6
2021-11-16,740829.0,694462.1666666666
2021-11-17,708703.0,694958.2
2021-11-18,725020.0,694336.4333333333
2021-11-19,713194.0,694339.4
2021-11-20,634393.0,689972.8666666667
2021-11-21,586185.0,686401.8333333334
2021-11-22,676350.0,689042.0333333333
2021-11-23,700954.0,693907.3
2021-11-24,737069.0,695004.0333333333
2021-11-25,741152.0,695844.3333333334
2021-11-26,742035.0,696716.4
2021-11-27,619406.0,692364.7
2021-11-28,560812.0,685784.7666666667
2021-11-29,727580.0,687812.1333333333
2021-11-30,737531.0,693252.9
2021-12-01,727357.0,693094.1666666666
2021-12-02,781370.0,694596.6333333333
2021-12-03,738749.0,695083.5
2021-12-04,697287.0,694021.7
2021-12-05,588178.0,689583.8
2021-12-06,701524.0,692197.8333333334
2021-12-07,725368.0,696644.1
2021-12-08,660440.0,695087.7333333333
2021-12-09,707394.0,692109.7333333333
2021-12-10,716381.0,691209.2
2021-12-11,599422.0,687049.7333333333
2021-12-12,567489.0,682726.1666666666
2021-12-13,690479.0,684808.0666666667
2021-12-14,684529.0,688204.1333333333
2021-12-15,707659.0,688161.3
2021-12-16,664445.0,685615.1666666666
2021-12-17,660755.0,684016.9
2021-12-18,616818.0,680410.1666666666
2021-12-19,557914.0,675234.1666666666
2021-12-20,678671.0,676710.1
2021-12-21,747663.0,682092.7
2021-12-22,719298.0,683524.3
2021-12-23,744101.0,684962.5333333333
2021-12-24,678663.0,683015.6666666666
2021-12-25,580922.0,677674.6666666666
2021-12-26,574433.0,672087.9333333333
2021-12-27,674082.0,673910.4666666667
2021-12-28,729388.0,679529.6666666666
2021-12-29,741024.0,679977.8
2021-12-30,679386.0,678039.6333333333
2021-12-31,703405.0,677241.2333333333
2022-01-01,512154.0,668267.3666666667
2022-01-02,534857.0,661470.9666666667
2022-01-03,630932.0,659259.1333333333
2022-01-04,680570.0,662338.8666666667
2022-01-05,698013.0,662221.8333333334
2022-01-06,690161.0,661048.2666666667
2022-01-07,667941.0,661298.3
2022-01-08,591014.0,657418.9666666667
2022-01-09,568134.0,652477.4
2022-01-10,672264.0,654905.4666666667
2022-01-11,694475.0,659138.3333333334
2022-01-12,679922.0,658786.4333333333
2022-01-13,695923.0,659166.2333333333
2022-01-14,688859.0,658539.5666666667
2022-01-15,619262.0,657033.4666666667
2022-01-16,569876.0,654004.1666666666
2022-01-17,638947.0,654741.8
2022-01-18,654446.0,657959.5333333333
2022-01-19,663454.0,657452.3
2022-01-20,683613.0,655317.3
2022-01-21,721363.0,655386.1333333333
2022-01-22,662382.0,652662.1666666666
2022-01-23,554355.0,648518.5666666667
2022-01-24,668850.0,651449.5
2022-01-25,653685.0,654091.2333333333
2022-01-26,648504.0,653238.6333333333
2022-01-27,648622.0,650546.4333333333
2022-01-28,680599.0,648532.2666666667
2022-01-29,595231.0,645727.1
2022-01-30,553241.0,640721.6333333333
2022-01-31,671364.0,646028.6333333333
2022-02-01,687763.0,651125.5
2022-02-02,680004.0,652761.2333333333
2022-02-03,664854.0,652237.3666666667
2022-02-04,651781.0,650696.3
2022-02-05,673249.0,650132.5666666667
2022-02-06,569036.0,646835.7333333333
2022-02-07,660755.0,649160.4333333333
2022-02-08,685310.0,653066.3
2022-02-09,663348.0,652769.1
2022-02-10,673697.0,652076.5
2022-02-11,664971.0,651578.1333333333
2022-02-12,604018.0,648514.6333333333
2022-02-13,590527.0,645236.9
2022-02-14,630477.0,645610.7333333333
2022-02-15,680501.0,649298.2333333333
2022-02-16,677777.0,650592.5666666667
2022-02-17,665429.0,650958.6666666666
2022-02-18,672505.0,651260.3666666667
2022-02-19,573700.0,647596.6
2022-02-20,549160.0,641856.5
2022-02-21,615656.0,640298.9666666667
2022-02-22,647191.0,643393.5
2022-02-23,622682.0,641854.5666666667
2022-02-24,676575.0,642617.5666666667
2022-02-25,687447.0,643915.6666666666
2022-02-26,582374.0,641707.4
2022-02-27,583361.0,638466.1333333333
2022-02-28,702483.0,642041.2
2022-03-01,722863.0,647695.2666666667
2022-03-02,731603.0,649703.2333333333
2022-03-03,701198.0,650151.0666666667
2022-03-04,675228.0,649991.8666666667
2022-03-05,594977.0,647662.6333333333
2022-03-06,555454.0,644451.7333333333
2022-03-07,648259.0,643618.7333333333
2022-03-08,659214.0,646624.6666666666
2022-03-09,702360.0,648011.5
2022-03-10,687025.0,648068.6666666666
2022-03-11,659116.0,647927.6
2022-03-12,592255.0,645212.8666666667
2022-03-13,554544.0,641531.9666666667
2022-03-14,658358.0,643343.3
2022-03-15,679170.0,646298.0666666667
2022-03-16,721364.0,649327.6333333333
2022-03-17,743399.0,651424.2333333333
2022-03-18,700248.0,652173.2666666667
2022-03-19,638704.0,651282.4333333333
2022-03-20,572086.0,647935.1333333333
2022-03-21,663684.0,650934.6
2022-03-22,681184.0,655335.4
2022-03-23,671738.0,657204.8
2022-03-24,677148.0,658203.3666666667
2022-03-25,752938.0,662545.2333333333
2022-03-26,611979.0,660392.0333333333
2022-03-27,589872.0,657139.5333333333
2022-03-28,720718.0,661751.0
2022-03-29,706611.0,665859.3333333334
2022-03-30,662686.0,664532.7666666667
2022-03-31,711182.0,664143.4
2022-04-01,738464.0,664372.1
2022-04-02,660755.0,663024.0
2022-04-03,585946.0,660047.9333333333
2022-04-04,691360.0,663260.7
2022-04-05,692888.0,667841.8333333334
2022-04-06,666088.0,668436.1333333333
2022-04-07,677721.0,669053.0333333333
2022-04-08,685851.0,668502.7333333333
2022-04-09,597681.0,665524.6
2022-04-10,551596.0,661940.6
2022-04-11,684991.0,665031.8
2022-04-12,683425.0,669327.8333333334
2022-04-13,682050.0,670117.5666666667
2022-04-14,673582.0,669931.3
2022-04-15,666824.0,668113.3
2022-04-16,600335.0,663344.5
2022-04-17,557466.0,658585.1
2022-04-18,631282.0,658337.7
2022-04-19,697163.0,662506.9333333333
2022-04-20,703937.0,663848.7
2022-04-21,710624.0,664830.0333333333
2022-04-22,671463.0,664820.8666666667
2022-04-23,613940.0,662713.9333333333
2022-04-24,581643.0,657004.1
2022-04-25,680074.0,659273.9333333333
2022-04-26,689345.0,662589.7
2022-04-27,697020.0,661799.7666666667
2022-04-28,697124.0,661483.5333333333
2022-04-29,729033.0,663695.1
2022-04-30,684282.0,662798.4333333333
2022-05-01,625556.0,659034.8333333334
2022-05-02,687096.0,659912.8666666667
2022-05-03,692327.0,663458.9
2022-05-04,615048.0,660915.1666666666
2022-05-05,778504.0,663769.0333333333
2022-05-06,723743.0,665690.8666666667
2022-05-07,609656.0,663422.0333333333
2022-05-08,597305.0,660470.5
2022-05-09,705421.0,664061.8333333334
2022-05-10,714602.0,669495.3666666667
2022-05-11,694927.0,669826.5666666667
2022-05-12,730516.0,671396.2666666667
2022-05-13,727914.0,672925.0666666667
2022-05-14,725013.0,674639.4333333333
2022-05-15,599841.0,672406.6666666666
2022-05-16,663779.0,674521.4666666667
2022-05-17,683798.0,678732.5333333333
2022-05-18,646333.0,679234.2333333333
2022-05-19,662000.0,678062.1333333333
2022-05-20,668605.0,676884.4
2022-05-21,579268.0,672505.8666666667
2022-05-22,535873.0,667986.2
2022-05-23,638912.0,668818.6
2022-05-24,600094.0,669433.6333333333
2022-05-25,700322.0,670108.5666666667
2022-05-26,653373.0,668909.5
2022-05-27,688580.0,668628.1666666666
2022-05-28,576357.0,664602.6
2022-05-29,530365.0,657980.3333333334
2022-05-30,644720.0,656661.6
2022-05-31,685567.0,658661.9666666667
2022-06-01,683372.0,658537.8333333334
2022-06-02,664442.0,657608.3333333334
2022-06-03,678027.0,659707.6333333333
2022-06-04,569230.0,652731.8333333334
2022-06-05,538083.0,646543.1666666666
2022-06-06,652057.0,647956.5333333333
2022-06-07,648390.0,649659.3666666667
2022-06-08,656376.0,648024.5333333333
2022-06-09,661923.0,646268.5666666667
2022-06-10,669839.0,645432.3
2022-06-11,589547.0,640733.3333333334
2022-06-12,557721.0,635060.2333333333
2022-06-13,708381.0,634505.8333333334
2022-06-14,717234.0,638418.9333333333
2022-06-15,732637.0,640714.2
2022-06-16,662185.0,639993.7666666667
2022-06-17,663831.0,640577.0333333333
2022-06-18,654430.0,640324.7
2022-06-19,548972.0,636336.9333333333
2022-06-20,605998.0,637227.9333333333
2022-06-21,647716.0,640956.0333333333
2022-06-22,639691.0,640982.0
2022-06-23,633984.0,642111.6666666666
2022-06-24,650157.0,640439.5
2022-06-25,557791.0,637253.4333333333
2022-06-26,528289.0,631910.4
2022-06-27,621986.0,633431.3666666667
2022-06-28,624229.0,636560.1666666666
2022-06-29,654949.0,636901.1333333333
2022-06-30,699397.0,637362.1333333333
2022-07-01,714094.0,638386.2
2022-07-02,614214.0,636711.9333333333
2022-07-03,548190.0,632384.0333333333
2022-07-04,610225.0,633750.5333333333
2022-07-05,616343.0,636359.2
2022-07-06,687966.0,637556.1666666666
2022-07-07,691644.0,638997.9666666667
2022-07-08,682201.0,639858.8
2022-07-09,576270.0,637003.7
2022-07-10,523353.0,632120.8333333334
2022-07-11,590261.0,632144.6333333333
2022-07-12,657668.0,635476.2
2022-07-13,597185.0,631769.6666666666
2022-07-14,685931.0,630726.2333333333
2022-07-15,661194.0,628344.8
2022-07-16,577967.0,625537.5333333333
2022-07-17,519659.0,620731.8
2022-07-18,611990.0,619317.1333333333
2022-07-19,682638.0,623772.6666666666
2022-07-20,642244.0,624980.8666666667
2022-07-21,686329.0,626267.9666666667
2022-07-22,650694.0,626634.7333333333
2022-07-23,572761.0,624593.9666666667
2022-07-24,531268.0,620631.0
2022-07-25,629329.0,623015.6
2022-07-26,655695.0,627262.4666666667
2022-07-27,644191.0,628002.6333333333
2022-07-28,697022.0,630429.0666666667
2022-07-29,708268.0,632206.3666666667
2022-07-30,601643.0,628947.9
2022-07-31,561055.0,623846.6
2022-08-01,635502.0,624556.2
2022-08-02,663588.0,628402.8
2022-08-03,693063.0,631164.0666666667
2022-08-04,695558.0,633804.5666666667
2022-08-05,687443.0,633787.1333333333
2022-08-06,610889.0,631095.3
2022-08-07,522072.0,625757.6666666666
2022-08-08,652517.0,628299.2333333333
2022-08-09,646055.0,632389.3
2022-08-10,663480.0,634829.9333333333
2022-08-11,725127.0,637078.5666666667
2022-08-12,703328.0,640616.6666666666
2022-08-13,613804.0,638212.4333333333
2022-08-14,551189.0,634545.6
2022-08-15,620533.0,635964.4666666667
2022-08-16,677726.0,641233.3666666667
2022-08-17,648642.0,642455.1
2022-08-18,685923.0,642564.6
2022-08-19,736405.0,645703.3
2022-08-20,597278.0,642734.9333333333
2022-08-21,549247.0,639353.3666666667
2022-08-22,629040.0,641229.3333333334
2022-08-23,641154.0,644892.2
2022-08-24,649399.0,645561.2
2022-08-25,656808.0,645598.3
2022-08-26,686060.0,646993.9333333333
2022-08-27,605125.0,643930.7
2022-08-28,547812.0,638582.1666666666
2022-08-29,641513.0,639911.1666666666
2022-08-30,660170.0,643215.0
2022-08-31,652024.0,643765.7333333333
2022-09-01,685449.0,644494.4333333333
2022-09-02,710783.0,645085.1
2022-09-03,641511.0,643283.5333333333
2022-09-04,541540.0,638420.1
2022-09-05,628765.0,639015.9666666667
2022-09-06,657784.0,643539.7
2022-09-07,676262.0,644331.2
2022-09-08,685564.0,645648.1666666666
2022-09-09,753468.0,648647.7666666667
2022-09-10,646199.0,646016.8333333334
2022-09-11,607174.0,642811.7
2022-09-12,665425.0,644532.4
2022-09-13,663498.0,648276.0333333333
2022-09-14,687667.0,650513.8333333334
2022-09-15,700513.0,651273.4
2022-09-16,706574.0,653204.4666666667
2022-09-17,641808.0,651733.9666666667
2022-09-18,556563.0,645739.2333333333
2022-09-19,631537.0,646881.2
2022-09-20,650202.0,650246.3666666667
2022-09-21,632611.0,650365.4
2022-09-22,614742.0,649485.0
2022-09-23,689899.0,650835.0
2022-09-24,588364.0,648553.5333333333
2022-09-25,574037.0,644819.4333333333
2022-09-26,614435.0,645129.7666666667
2022-09-27,648681.0,648492.0666666667
2022-09-28,620268.0,647783.9
2022-09-29,652313.0,647522.0
2022-09-30,717755.0,649713.0333333333
2022-10-01,627906.0,647794.9333333333
2022-10-02,570649.0,643123.8
2022-10-03,656236.0,643614.6333333333
2022-10-04,655477.0,647412.5333333333
2022-10-05,644568.0,647939.3
2022-10-06,677796.0,648606.3666666667
2022-10-07,675013.0,648564.7333333333
2022-10-08,610636.0,646067.1333333333
2022-10-09,553851.0,639413.2333333333
2022-10-10,619704.0,638530.0666666667
2022-10-11,635320.0,639468.2666666667
2022-10-12,646003.0,638820.8666666667
2022-10-13,691476.0,639753.4666666667
2022-10-14,694651.0,639986.2666666667
2022-10-15,612380.0,637048.5
2022-10-16,558957.0,632127.9333333333
2022-10-17,613662.0,631189.7333333333
2022-10-18,615413.0,633151.4
2022-10-19,612805.0,632527.0
2022-10-20,633545.0,631971.7666666667
2022-10-21,671089.0,633254.3666666667
2022-10-22,598580.0,632715.6333333333
2022-10-23,582380.0,629131.6666666666
2022-10-24,629949.0,630517.8333333334
2022-10-25,601629.0,631437.5666666667
2022-10-26,683262.0,633731.8
2022-10-27,648360.0,633721.1
2022-10-28,679257.0,635687.4
2022-10-29,668004.0,636210.4333333333
2022-10-30,594597.0,632105.1666666666
2022-10-31,667561.0,633427.0
2022-11-01,666319.0,636616.0
2022-11-02,630399.0,635754.7666666667
2022-11-03,716406.0,637785.7333333333
2022-11-04,689430.0,639281.1333333333
2022-11-05,648416.0,638301.8
2022-11-06,577334.0,635045.8333333334
2022-11-07,643216.0,636131.8333333334
2022-11-08,719305.0,641646.9666666667
2022-11-09,754032.0,646124.5666666667
2022-11-10,774942.0,650778.6333333333
2022-11-11,747386.0,654158.0666666667
2022-11-12,677645.0,653697.0333333333
2022-11-13,656286.0,652418.2
2022-11-14,661596.0,654058.7333333333
2022-11-15,703644.0,658881.6333333333
2022-11-16,670368.0,660771.8333333334
2022-11-17,636467.0,661473.6333333333
2022-11-18,697975.0,664312.6333333333
2022-11-19,647807.0,664788.0333333333
2022-11-20,595776.0,662277.6
2022-11-21,661220.0,664365.6
2022-11-22,623451.0,665734.6333333333
2022-11-23,696412.0,667950.0666666667
2022-11-24,642832.0,669323.5
2022-11-25,640008.0,667881.7
2022-11-26,598183.0,666209.1333333333
2022-11-27,568789.0,662526.8666666667
2022-11-28,630827.0,661287.6333333333
2022-11-29,658815.0,663428.2333333333
2022-11-30,656181.0,663048.9
2022-12-01,704310.0,664315.2666666667
2022-12-02,686664.0,666190.7666666667
2022-12-03,650867.0,664006.1333333333
2022-12-04,570337.0,660036.3666666667
2022-12-05,654949.0,660254.1333333333
2022-12-06,637825.0,662270.5
2022-12-07,652144.0,662568.1
2022-12-08,646079.0,660127.2333333333
2022-12-09,662365.0,657071.6666666666
2022-12-10,617455.0,651822.1
2022-12-11,570664.0,645931.3666666667
2022-12-12,639530.0,644660.8666666667
2022-12-13,710573.0,646470.4333333333
2022-12-14,673994.0,646883.7
2022-12-15,691792.0,646488.6333333333
2022-12-16,675745.0,646667.8666666667
2022-12-17,675840.0,647980.3
2022-12-18,559608.0,643368.0666666667
2022-12-19,625817.0,642635.0666666667
2022-12-20,653824.0,644570.0
2022-12-21,653064.0,644298.1333333333
2022-12-22,665463.0,645698.5333333333
2022-12-23,680283.0,645160.9
2022-12-24,562534.0,642484.3
2022-12-25,522307.0,638560.9333333333
2022-12-26,548937.0,636919.4
2022-12-27,593337.0,637737.6666666666
2022-12-28,661225.0,638750.9333333333
2022-12-29,668338.0,639068.3666666667
2022-12-30,726125.0,641399.8333333334
2022-12-31,618594.0,638542.6333333333
2023-01-01,509337.0,632631.7333333333
2023-01-02,575250.0,630111.1666666666
2023-01-03,645565.0,632618.7666666667
2023-01-04,652878.0,632549.7333333333
2023-01-05,682119.0,634026.2
2023-01-06,685990.0,635154.4
2023-01-07,601071.0,633654.1333333333
2023-01-08,565595.0,630428.4666666667
2023-01-09,662916.0,631943.8333333334
2023-01-10,695664.0,636110.5
2023-01-11,661284.0,636835.6333333333
2023-01-12,717816.0,637077.0666666667
2023-01-13,743545.0,639395.4333333333
2023-01-14,725858.0,640530.9666666667
2023-01-15,605147.0,638177.7
2023-01-16,677371.0,638228.7333333333
2023-01-17,680259.0,642250.4333333333
2023-01-18,681758.0,644115.1333333333
2023-01-19,684950.0,645152.6666666666
2023-01-20,702080.0,646786.5333333333
2023-01-21,676478.0,647153.7
2023-01-22,610248.0,644819.2
2023-01-23,651866.0,647796.9333333333
2023-01-24,660507.0,652403.6
2023-01-25,687864.0,657034.5
2023-01-26,669489.0,659572.9
2023-01-27,699439.0,660846.7
2023-01-28,637939.0,659833.4
2023-01-29,616633.0,656183.6666666666
2023-01-30,667280.0,657806.5333333333
2023-01-31,709466.0,664477.5
2023-02-01,745886.0,670165.3666666667
2023-02-02,752262.0,673721.9333333333
2023-02-03,738211.0,676566.3666666667
2023-02-04,691143.0,676867.1666666666
2023-02-05,594717.0,673824.7333333333
2023-02-06,663760.0,675914.3666666667
2023-02-07,688379.0,680007.1666666666
2023-02-08,682912.0,680673.7
2023-02-09,783722.0,683608.9666666667
2023-02-10,700869.0,684928.4666666667
2023-02-11,654726.0,682825.4666666667
2023-02-12,617837.0,678635.2
2023-02-13,666916.0,676670.4666666667
2023-02-14,675701.0,679022.2666666667
2023-02-15,723537.0,680561.1333333333
2023-02-16,759215.0,683193.0
2023-02-17,716489.0,684350.7
2023-02-18,656568.0,683404.6333333333
2023-02-19,569883.0,678998.0666666667
2023-02-20,615969.0,676981.1
2023-02-21,654981.0,678472.2
2023-02-22,660490.0,678759.6666666666
2023-02-23,693262.0,679851.5
2023-02-24,695824.0,680116.8333333334
2023-02-25,626600.0,678687.2
2023-02-26,628404.0,676319.3666666667
2023-02-27,644967.0,676553.6333333333
2023-02-28,731797.0,680392.4333333333
2023-03-01,826824.0,685710.5666666667
2023-03-02,726383.0,686274.4666666667
2023-03-03,807383.0,688324.3666666667
2023-03-04,678996.0,685882.1666666666
2023-03-05,630099.0,682278.4333333333
2023-03-06,671836.0,681634.8666666667
2023-03-07,771846.0,687539.1666666666
2023-03-08,656385.0,687293.3333333334
2023-03-09,700965.0,687712.8666666667
2023-03-10,762121.0,690353.1666666666
2023-03-11,721567.0,688281.3333333334
2023-03-12,621363.0,685631.1333333333
2023-03-13,725571.0,687992.6333333333
2023-03-14,728811.0,691691.7666666667
2023-03-15,750215.0,694468.4
2023-03-16,687640.0,694866.3666666667
2023-03-17,768841.0,696376.5
2023-03-18,691597.0,694122.5666666667
2023-03-19,619482.0,690889.0
2023-03-20,725399.0,693183.3666666667
2023-03-21,708659.0,697809.2333333333
2023-03-22,688658.0,700232.2
2023-03-23,677191.0,700972.5333333333
2023-03-24,683787.0,701749.1
2023-03-25,659846.0,700635.2333333333
2023-03-26,594775.0,697266.9333333333
2023-03-27,668827.0,698674.5
2023-03-28,684623.0,700548.4666666667
2023-03-29,727221.0,703290.2666666667
2023-03-30,727172.0,703136.1
2023-03-31,732643.0,699996.7333333333
2023-04-01,702374.0,699196.4333333333
2023-04-02,659613.0,694270.7666666667
2023-04-03,681747.0,694362.4666666667
2023-04-04,809319.0,700336.4666666667
2023-04-05,719774.0,701934.4
2023-04-06,740308.0,700883.1333333333
2023-04-07,739977.0,703669.5333333333
2023-04-08,661759.0,702362.6666666666
2023-04-09,570129.0,695962.9333333333
2023-04-10,633252.0,693019.1
2023-04-11,793340.0,698751.6666666666
2023-04-12,714277.0,698375.2
2023-04-13,720191.0,698087.8666666667
2023-04-14,729076.0,697383.2333333333
2023-04-15,644020.0,695929.2333333333
2023-04-16,558992.0,688934.2666666667
2023-04-17,665181.0,688053.7333333333
2023-04-18,680093.0,690074.1
2023-04-19,680099.0,688564.1
2023-04-20,675813.0,687469.2333333333
2023-04-21,771581.0,690233.3333333334
2023-04-22,652782.0,689419.7
2023-04-23,604273.0,686769.2333333333
2023-04-24,634746.0,685932.5666666667
2023-04-25,663868.0,688235.6666666666
2023-04-26,668682.0,688230.8333333334
2023-04-27,673213.0,687850.5
2023-04-28,725813.0,687803.5666666667
2023-04-29,628996.0,684531.0333333333
2023-04-30,612597.0,680529.5
2023-05-01,697731.0,680374.7333333333
2023-05-02,620729.0,679078.6
2023-05-03,728440.0,680635.0333333333
2023-05-04,680011.0,676324.7666666667
2023-05-05,652054.0,674067.4333333333
2023-05-06,619770.0,670049.5
2023-05-07,482095.0,661453.4333333333
2023-05-08,552358.0,657806.7333333333
2023-05-09,586519.0,658353.0666666667
2023-05-10,686423.0,660125.4333333333
2023-05-11,596717.0,653571.3333333334
2023-05-12,604937.0,649926.6666666666
2023-05-13,553742.0,644378.3666666667
2023-05-14,565005.0,638909.3333333334
2023-05-15,579485.0,636758.1666666666
2023-05-16,625496.0,638974.9666666667
2023-05-17,627113.0,637706.0333333333
2023-05-18,603811.0,635163.3
2023-05-19,664491.0,634643.0333333333
2023-05-20,559902.0,630779.3333333334
2023-05-21,542208.0,623133.5666666667
2023-05-22,604303.0,621517.6
2023-05-23,636984.0,622607.9666666667
2023-05-24,617027.0,622017.3333333334
2023-05-25,689359.0,622867.0333333333
2023-05-26,738629.0,625198.6
2023-05-27,672783.0,625184.2666666667
2023-05-28,647993.0,622590.2666666667
2023-05-29,664954.0,623788.8666666667
2023-05-30,713954.0,627167.4333333333
2023-05-31,709100.0,627546.4
2023-06-01,678136.0,629459.9666666667
2023-06-02,721266.0,629220.8333333334
2023-06-03,635282.0,627729.8666666667
2023-06-04,588801.0,625621.4333333333
2023-06-05,610475.0,625311.6
2023-06-06,763100.0,634678.4333333333
2023-06-07,734954.0,640764.9666666667
2023-06-08,682296.0,643957.5333333333
2023-06-09,676835.0,643637.9333333333
2023-06-10,643676.0,645203.2333333333
2023-06-11,561469.0,643754.3
2023-06-12,617352.0,645874.6333333333
2023-06-13,682607.0,649794.7
2023-06-14,633244.0,651586.6666666666
2023-06-15,689182.0,653709.5333333333
2023-06-16,765014.0,658306.2333333333
2023-06-17,662278.0,660255.1333333333
2023-06-18,661930.0,660169.7666666667
2023-06-19,614017.0,661973.6
2023-06-20,746599.0,668786.6333333333
2023-06-21,693078.0,671745.8
2023-06-22,722789.0,674605.9666666667
2023-06-23,707501.0,677621.7666666667
2023-06-24,683837.0,677437.7
2023-06-25,656558.0,674702.0
2023-06-26,692095.0,675345.7333333333
2023-06-27,707936.0,677343.8333333334
2023-06-28,627350.0,676090.3666666667
2023-06-29,726305.0,676502.0666666667
2023-06-30,753791.0,677991.7666666667
2023-07-01,622117.0,676124.4666666667
2023-07-02,534333.0,669893.3666666667
2023-07-03,655439.0,670565.2666666667
2023-07-04,645583.0,672458.0
2023-07-05,716586.0,675995.0333333333
2023-07-06,709055.0,674193.5333333333
2023-07-07,773326.0,675472.6
2023-07-08,695972.0,675928.4666666667
2023-07-09,732590.0,677786.9666666667
2023-07-10,679425.0,678978.6
2023-07-11,686922.0,683160.3666666667
2023-07-12,752660.0,687670.6333333333
2023-07-13,678891.0,687546.7666666667
2023-07-14,760021.0,691772.6666666666
2023-07-15,732135.0,693204.4333333333
2023-07-16,732664.0,692126.1
2023-07-17,703876.0,693512.7
2023-07-18,775244.0,697289.8333333334
2023-07-19,745057.0,701657.8333333334
2023-07-20,685150.0,699609.5333333333
2023-07-21,657357.0,698418.8333333334
2023-07-22,556589.0,692878.8333333334
2023-07-23,691587.0,692348.3666666667
2023-07-24,704020.0,693021.1333333333
2023-07-25,734826.0,695630.0666666667
2023-07-26,737067.0,697129.1333333333
2023-07-27,713630.0,697318.9333333333
2023-07-28,720574.0,700426.4
2023-07-29,694496.0,699366.1
2023-07-30,800500.0,700923.0666666667
2023-07-31,677346.0,702764.0333333333
2023-08-01,734323.0,709430.3666666667
2023-08-02,698941.0,710880.4333333333
2023-08-03,716303.0,713237.7666666667
2023-08-04,641787.0,710744.4666666667
2023-08-05,729623.0,711430.0666666667
2023-08-06,771973.0,711384.9666666667
2023-08-07,676210.0,710726.2333333333
2023-08-08,616643.0,706861.3333333334
2023-08-09,735662.0,708735.9
2023-08-10,711323.0,709549.2666666667
2023-08-11,733810.0,708920.9333333333
2023-08-12,703004.0,709724.7
2023-08-13,650366.0,706069.5333333333
2023-08-14,723900.0,705795.0333333333
2023-08-15,786113.0,707576.6666666666
2023-08-16,669749.0,706439.1
2023-08-17,769086.0,706233.8333333334
2023-08-18,783855.0,707527.1
2023-08-19,628343.0,705633.5333333333
2023-08-20,691316.0,706765.5
2023-08-21,739287.0,712855.4333333333
2023-08-22,633631.0,710923.5666666667
2023-08-23,652036.0,709190.7666666667
2023-08-24,660102.0,706699.9666666667
2023-08-25,706946.0,705695.9333333333
2023-08-26,747932.0,706839.3333333334
2023-08-27,606069.0,703022.5
2023-08-28,636935.0,701103.8
2023-08-29,767879.0,700016.4333333333
2023-08-30,665354.0,699616.7
2023-08-31,742110.0,699876.2666666667
2023-09-01,769950.0,702243.2333333333
2023-09-02,774348.0,704178.0666666667
2023-09-03,696368.0,705997.4333333333
2023-09-04,730142.0,706014.7333333333
2023-09-05,753968.0,705414.5666666667
2023-09-06,757286.0,708117.1
2023-09-07,785059.0,713730.9666666667
2023-09-08,694292.0,712351.9666666667
2023-09-09,927787.0,719567.4333333333
2023-09-10,847065.0,723342.6
2023-09-11,719793.0,723902.2333333333
2023-09-12,784703.0,728380.1333333333
2023-09-13,802393.0,730996.5666666667
2023-09-14,875176.0,733965.3333333334
2023-09-15,1017545.0,745558.5333333333
2023-09-16,876224.0,749129.8
2023-09-17,854606.0,751488.1666666666
2023-09-18,852484.0,758959.5333333333
2023-09-19,741822.0,760643.0666666667
2023-09-20,823616.0,763454.0333333333
2023-09-21,763149.0,767771.3
2023-09-22,757791.0,771296.4666666667
2023-09-23,882768.0,778718.6666666666
2023-09-24,685778.0,778013.0666666667
2023-09-25,635909.0,774278.9666666667
2023-09-26,624716.0,774900.5333333333
2023-09-27,621414.0,774383.1666666666
2023-09-28,639899.0,770117.1666666666
2023-09-29,713902.0,771735.4333333333
2023-09-30,625600.0,767851.7666666667
2023-10-01,613394.0,762633.2333333333
2023-10-02,691873.0,759884.0666666667
2023-10-03,676161.0,759210.5
2023-10-04,638418.0,756153.0333333333
2023-10-05,687363.0,753932.8666666667
2023-10-06,679001.0,751323.3666666667
2023-10-07,596825.0,745048.9
2023-10-08,557949.0,740504.1333333333
2023-10-09,599404.0,729558.0333333333
2023-10-10,629505.0,722306.0333333333
2023-10-11,607097.0,718549.5
2023-10-12,624747.0,713217.6333333333
2023-10-13,662518.0,708555.1333333333
2023-10-14,612783.0,699808.7
2023-10-15,571061.0,684925.9
2023-10-16,652765.0,677477.2666666667
2023-10-17,645537.0,670508.3
2023-10-18,613906.0,662555.7
2023-10-19,649723.0,659485.7333333333
2023-10-20,705226.0,655539.4
2023-10-21,640544.0,651452.5666666667
2023-10-22,577606.0,645446.4
2023-10-23,660705.0,638044.3
2023-10-24,755204.0,640358.5
2023-10-25,812853.0,646256.6333333333
2023-10-26,778594.0,651385.9
2023-10-27,801082.0,657374.8333333334
2023-10-28,819540.0,663362.8666666667
2023-10-29,672955.0,661997.9666666667
2023-10-30,779588.0,667130.9
2023-10-31,782062.0,672753.1666666666
2023-11-01,796206.0,676230.9333333333
2023-11-02,806444.0,680573.7
2023-11-03,789502.0,685609.8333333334
2023-11-04,957847.0,694625.9666666667
2023-11-05,891683.0,701715.3666666667
2023-11-06,725183.0,705993.9666666667
2023-11-07,737771.0,711988.0333333333
2023-11-08,837044.0,719909.3666666667
2023-11-09,832393.0,726672.3
2023-11-10,848433.0,734716.8333333334
2023-11-11,894325.0,743702.7666666667
2023-11-12,880975.0,750984.6666666666
2023-11-13,670301.0,752901.9333333333
2023-11-14,745056.0,758701.7666666667
2023-11-15,770577.0,762628.8333333334
2023-11-16,813390.0,768223.9333333333
2023-11-17,760684.0,773116.5333333333
2023-11-18,748237.0,776400.3333333334
2023-11-19,806772.0,779785.2
2023-11-20,804527.0,785251.3
2023-11-21,779702.0,791987.8333333334
2023-11-22,777966.0,795896.5333333333
2023-11-23,771284.0,796432.5333333333
2023-11-24,841609.0,797391.0666666667
2023-11-25,861295.0,800147.7666666667
2023-11-26,817987.0,800711.2666666667
2023-11-27,759608.0,798713.5333333333
2023-11-28,713884.0,800077.8333333334
2023-11-29,646160.0,795630.2333333333
2023-11-30,701654.0,792949.9666666667
2023-12-01,844580.0,794562.4333333333
2023-12-02,689877.0,790676.8666666667
2023-12-03,777188.0,790266.4
2023-12-04,763939.0,783802.8
2023-12-05,674260.0,776555.3666666667
2023-12-06,642605.0,773802.7666666667
2023-12-07,647634.0,770798.2
2023-12-08,682971.0,765662.4333333333
2023-12-09,739198.0,762555.9333333333
2023-12-10,664453.0,756423.2666666667
2023-12-11,690909.0,749642.7333333333
2023-12-12,688671.0,743232.6
2023-12-13,617899.0,741485.8666666667
2023-12-14,573978.0,735783.2666666667
2023-12-15,706714.0,733654.5
2023-12-16,636391.0,727754.5333333333
2023-12-17,570690.0,721421.4
2023-12-18,715198.0,720320.1
2023-12-19,684666.0,716249.9
2023-12-20,659068.0,711401.2666666667
2023-12-21,699086.0,708714.0666666667
2023-12-22,772558.0,708533.8
2023-12-23,683793.0,705617.4333333333
2023-12-24,731313.0,701940.9
2023-12-25,572121.0,692301.7666666667
2023-12-26,582914.0,684466.0
2023-12-27,647166.0,680717.9333333333
2023-12-28,593042.0,676689.8666666667
2023-12-29,703116.0,678588.4
2023-12-30,599027.0,675167.5
2023-12-31,690255.0,670023.3333333334
2024-01-01,624628.0,667848.3666666667
2024-01-02,550846.0,660303.6333333333
2024-01-03,677059.0,657407.6333333333
2024-01-04,675009.0,657432.6
2024-01-05,645934.0,657543.5666666667
2024-01-06,572161.0,655027.8
2024-01-07,510040.0,649263.4333333333
2024-01-08,534011.0,642423.8666666667
2024-01-09,618468.0,640891.0333333333
2024-01-10,605995.0,638060.5666666667
2024-01-11,664879.0,637267.5
2024-01-12,596693.0,636560.6333333333
2024-01-13,715186.0,641267.5666666667
2024-01-14,616604.0,638263.9
2024-01-15,568802.0,636010.9333333333
2024-01-16,569684.0,635977.4
2024-01-17,647470.0,633719.8
2024-01-18,678147.0,633502.5
2024-01-19,627719.0,632457.5333333333
2024-01-20,656529.0,631038.9666666667
2024-01-21,621585.0,626006.5333333333
2024-01-22,620801.0,623906.8
2024-01-23,600773.0,619555.4666666667
2024-01-24,564400.0,619298.1
2024-01-25,573766.0,618993.1666666666
2024-01-26,683719.0,620211.6
2024-01-27,718169.0,624382.5
2024-01-28,731738.0,625336.5666666667
2024-01-29,697324.0,628613.1333333333
2024-01-30,687547.0,628522.8666666667
2024-01-31,622142.0,628440.0
2024-02-01,680097.0,632748.3666666667
2024-02-02,691810.0,633240.0666666667
2024-02-03,668270.0,633015.4333333333
2024-02-04,539397.0,629464.2
2024-02-05,525379.0,627904.8
2024-02-06,521338.0,628281.4
2024-02-07,640781.0,631840.4
2024-02-08,547079.0,629460.7666666667
2024-02-09,615935.0,629792.1
2024-02-10,637411.0,628876.5
2024-02-11,558692.0,627609.8
2024-02-12,649038.0,625404.8666666667
2024-02-13,589286.0,624494.2666666667
2024-02-14,586548.0,625085.8
2024-02-15,612859.0,626524.9666666667
2024-02-16,613011.0,625376.3333333334
2024-02-17,590229.0,622445.7333333333
2024-02-18,563861.0,620317.1333333333
2024-02-19,617452.0,619014.5666666667
2024-02-20,638563.0,619580.5
2024-02-21,630339.0,619898.4333333333
2024-02-22,642155.0,621277.8333333334
2024-02-23,679759.0,625123.1333333333
2024-02-24,591315.0,625708.1
2024-02-25,607478.0,623166.7333333333
2024-02-26,620435.0,619908.9333333333
2024-02-27,674490.0,618000.6666666666
2024-02-28,763915.0,620220.3666666667
2024-02-29,772702.0,623058.8666666667
2024-03-01,771270.0,628029.8
2024-03-02,623680.0,626149.2333333333
2024-03-03,633897.0,624218.8
2024-03-04,664743.0,624101.2333333333
2024-03-05,772888.0,631884.2666666667
2024-03-06,681667.0,637093.8666666667
2024-03-07,714978.0,643548.5333333333
2024-03-08,716770.0,646081.5
2024-03-09,632927.0,648943.1
2024-03-10,627815.0,649339.1
2024-03-11,684136.0,650896.6
2024-03-12,677201.0,654846.9
2024-03-13,710767.0,656904.5333333333
2024-03-14,663447.0,659376.5666666667
2024-03-15,749328.0,664802.5666666667
2024-03-16,621787.0,665100.1666666666
2024-03-17,601779.0,664725.7666666667
2024-03-18,673489.0,667501.1
2024-03-19,755218.0,673879.6666666666
2024-03-20,639266.0,674606.8
2024-03-21,611408.0,673701.6333333333
2024-03-22,679058.0,675325.6
2024-03-23,622559.0,674672.4
2024-03-24,566459.0,670895.7333333333
2024-03-25,623335.0,671963.0666666667
2024-03-26,648004.0,673313.9333333333
2024-03-27,637151.0,673871.1333333333
2024-03-28,696012.0,674588.5333333333
2024-03-29,659374.0,671103.8333333334
2024-03-30,614851.0,665842.1333333333
2024-03-31,546293.0,658342.9
2024-04-01,648777.0,659179.4666666667
2024-04-02,685496.0,660899.4333333333
2024-04-03,714141.0,662546.0333333333
2024-04-04,655509.0,658633.4
2024-04-05,643705.0,657368.0
2024-04-06,673290.0,655978.4
2024-04-07,652726.0,653843.6
2024-04-08,685180.0,655585.3666666667
2024-04-09,683771.0,657450.5666666667
2024-04-10,703704.0,658102.8333333334
2024-04-11,631803.0,656589.5666666667
2024-04-12,683741.0,655688.7
2024-04-13,683432.0,656354.8666666667
2024-04-14,665693.0,653567.0333333333
2024-04-15,666015.0,655041.3
2024-04-16,743368.0,659760.9333333333
2024-04-17,661886.0,659374.1666666666
2024-04-18,670913.0,656564.0
2024-04-19,727141.0,659493.1666666666
2024-04-20,455683.0,654302.3333333334
2024-04-21,484762.0,647825.8
2024-04-22,534717.0,644897.7333333333
2024-04-23,441797.0,640742.3333333334
2024-04-24,632356.0,641043.0333333333
2024-04-25,633650.0,640564.5666666667
2024-04-26,664327.0,641470.4333333333
2024-04-27,673970.0,640735.7
2024-04-28,509501.0,635739.9333333333
2024-04-29,603796.0,635371.4333333333
2024-04-30,635509.0,638345.3
2024-05-01,587665.0,636308.2333333333
2024-05-02,528151.0,631063.4
2024-05-03,537019.0,625159.3333333334
2024-05-04,473521.0,619093.0666666667
2024-05-05,429326.0,611947.1
2024-05-06,466177.0,605043.3333333334
2024-05-07,495831.0,599813.5
2024-05-08,514675.0,594130.0
2024-05-09,513026.0,588438.5
2024-05-10,474605.0,580801.8666666667
2024-05-11,445747.0,574600.0
2024-05-12,377543.0,564393.4
2024-05-13,466123.0,557149.7666666667
2024-05-14,458041.0,550228.0333333333
2024-05-15,516619.0,545248.1666666666
2024-05-16,494221.0,536943.2666666667
2024-05-17,514199.0,532020.3666666667
2024-05-18,434371.0,524135.63333333336
2024-05-19,405155.0,513402.76666666666
2024-05-20,482108.0,514283.6
2024-05-21,508542.0,515076.26666666666
2024-05-22,491272.0,513628.1
2024-05-23,533345.0,516679.7
2024-05-24,483309.0,511711.4666666667
2024-05-25,465497.0,506106.36666666664
2024-05-26,403848.0,497423.73333333334
2024-05-27,430424.0,489305.5333333333
2024-05-28,448181.0,487261.5333333333
2024-05-29,449070.0,482104.0
2024-05-30,499634.0,477574.8333333333
2024-05-31,528690.0,475609.0
2024-06-01,449639.0,472991.93333333335
2024-06-02,393004.0,468191.43333333335
2024-06-03,482689.0,468497.0333333333
2024-06-04,492874.0,470615.3
2024-06-05,460473.0,470425.1666666667
2024-06-06,476121.0,469768.1666666667
2024-06-07,468301.0,468222.36666666664
2024-06-08,599175.0,471094.0
2024-06-09,479357.0,471252.4
2024-06-10,473053.0,472162.6
2024-06-11,485989.0,475777.4666666667
2024-06-12,483313.0,476350.4666666667
2024-06-13,469602.0,476735.8333333333
2024-06-14,475827.0,475376.1
2024-06-15,426024.0,473102.86666666664
2024-06-16,410934.0,469660.7
2024-06-17,433551.0,469633.36666666664
2024-06-18,484883.0,472290.9666666667
2024-06-19,459862.0,471549.43333333335
2024-06-20,465205.0,470104.86666666664
2024-06-21,514658.0,470884.4
2024-06-22,456727.0,468330.4666666667
2024-06-23,358420.0,464167.5
2024-06-24,456565.0,463869.76666666666
2024-06-25,441214.0,465115.3
2024-06-26,476277.0,466643.73333333334
2024-06-27,501018.0,468404.9666666667
2024-06-28,562499.0,472185.93333333335
2024-06-29,502873.0,472293.9
2024-06-30,465981.0,470203.6
2024-07-01,650451.0,476897.3333333333
2024-07-02,511492.0,480846.93333333335
2024-07-03,503996.0,481557.1666666667
2024-07-04,487582.0,481380.76666666666
2024-07-05,510689.0,483054.63333333336
2024-07-06,461755.0,482575.76666666666
2024-07-07,417263.0,480874.5
2024-07-08,534832.0,478729.73333333334
2024-07-09,499299.0,479394.4666666667
2024-07-10,460604.0,478979.5
2024-07-11,487442.0,479027.93333333335
2024-07-12,486027.0,479118.4
2024-07-13,418214.0,477405.4666666667
2024-07-14,440649.0,476232.86666666664
2024-07-15,482490.0,478115.06666666665
2024-07-16,492843.0,480845.36666666664
2024-07-17,476281.0,482269.7
2024-07-18,481360.0,482152.26666666666
2024-07-19,510414.0,483837.3333333333
2024-07-20,444989.0,483163.4666666667
2024-07-21,412253.0,479749.9666666667
2024-07-22,504554.0,481344.2
2024-07-23,480641.0,485418.23333333334
2024-07-24,484767.0,486358.3
2024-07-25,529053.0,489286.26666666666
2024-07-26,529294.0,491053.5
2024-07-27,508959.0,491318.2
2024-07-28,431944.0,486966.36666666664
2024-07-29,543529.0,488321.56666666665
2024-07-30,500916.0,489486.06666666665
2024-07-31,542141.0,485875.73333333334
2024-08-01,550192.0,487165.73333333334
2024-08-02,531291.0,488075.56666666665
2024-08-03,490026.0,488157.0333333333
2024-08-04,451025.0,486168.23333333334
2024-08-05,572484.0,489859.2
2024-08-06,502085.0,492686.6
2024-08-07,483579.0,490978.1666666667
2024-08-08,541524.0,492385.6666666667
2024-08-09,505594.0,493885.3333333333
2024-08-10,449194.0,492610.4
2024-08-11,407547.0,489994.4
2024-08-12,459444.0,491368.73333333334
2024-08-13,499256.0,493322.3
2024-08-14,514603.0,494392.73333333334
2024-08-15,517110.0,495201.63333333336
2024-08-16,541657.0,497380.8333333333
2024-08-17,468048.0,496937.1
2024-08-18,431177.0,494295.86666666664
2024-08-19,479794.0,495456.0333333333
2024-08-20,522795.0,499140.76666666666
2024-08-21,528523.0,499939.73333333334
2024-08-22,529070.0,501554.0333333333
2024-08-23,531334.0,503106.26666666666
2024-08-24,465477.0,500987.06666666665
2024-08-25,410926.0,497041.4666666667
2024-08-26,467689.0,495665.8
2024-08-27,500316.0,497944.86666666664
2024-08-28,507535.0,496745.06666666665
2024-08-29,537264.0,497956.6666666667
2024-08-30,572225.0,498959.4666666667
2024-08-31,500461.0,497301.76666666666
2024-09-01,474746.0,495416.93333333335
2024-09-02,497761.0,495674.76666666666
2024-09-03,532190.0,498380.26666666666
2024-09-04,517981.0,496563.5
2024-09-05,539154.0,497799.13333333336
2024-09-06,541499.0,499729.8
2024-09-07,467697.0,497268.9
2024-09-08,443983.0,495215.2
2024-09-09,484357.0,496387.3
2024-09-10,496236.0,499343.6
2024-09-11,485718.0,500219.4
2024-09-12,543579.0,501696.8333333333
2024-09-13,541521.0,502594.1
2024-09-14,497081.0,501926.4666666667
2024-09-15,450094.0,498874.36666666664
2024-09-16,508716.0,500229.9666666667
2024-09-17,512792.0,502950.4666666667
2024-09-18,503606.0,503744.2
2024-09-19,534707.0,504141.26666666666
2024-09-20,555435.0,505038.3333333333
2024-09-21,487325.0,503646.8333333333
2024-09-22,439610.0,500589.36666666664
2024-09-23,518528.0,502357.73333333334
2024-09-24,517079.0,505896.1666666667
2024-09-25,513256.0,507415.06666666665
2024-09-26,515965.0,507936.7
2024-09-27,549045.0,509320.36666666664
2024-09-28,477266.0,507320.43333333335
2024-09-29,462111.0,503649.9666666667
2024-09-30,513555.0,504086.43333333335
2024-10-01,626337.0,509139.4666666667
2024-10-02,504061.0,509349.4666666667
2024-10-03,522348.0,509021.4
2024-10-04,553982.0,510221.43333333335
2024-10-05,462401.0,507663.0
2024-10-06,435532.0,504130.76666666666
2024-10-07,495630.0,505061.86666666664
2024-10-08,556194.0,508802.23333333334
2024-10-09,479175.0,508629.5
2024-10-10,495077.0,508590.86666666664
2024-10-11,474119.0,508204.23333333334
2024-10-12,440477.0,504767.5
2024-10-13,417442.0,500631.5333333333
2024-10-14,477679.0,499984.8
2024-10-15,510964.0,502013.8
2024-10-16,465015.0,500557.1
2024-10-17,529901.0,501127.4
2024-10-18,519056.0,501642.4
2024-10-19,480562.0,499837.56666666665
2024-10-20,462770.0,496748.73333333334
2024-10-21,482337.0,496582.4666666667
2024-10-22,479204.0,497902.26666666666
2024-10-23,496062.0,497153.4
2024-10-24,453818.0,495044.7
2024-10-25,585659.0,497458.13333333336
2024-10-26,513505.0,497376.13333333336
2024-10-27,452846.0,494169.5
2024-10-28,535356.0,496105.8333333333
2024-10-29,580911.0,500065.8333333333
2024-10-30,553379.0,501393.3
2024-10-31,562550.0,499267.06666666665
2024-11-01,556938.0,501029.63333333336
2024-11-02,504261.0,500426.73333333334
2024-11-03,452489.0,497043.63333333336
2024-11-04,518020.0,498897.6
2024-11-05,548496.0,502663.06666666665
2024-11-06,622567.0,506894.3
2024-11-07,583392.0,507800.9
2024-11-08,591256.0,511536.93333333335
2024-11-09,502341.0,511779.06666666665
2024-11-10,564887.0,514804.6666666667
2024-11-11,623757.0,520914.0
2024-11-12,702614.0,530419.7333333333
2024-11-13,636591.0,535716.8
2024-11-14,587387.0,538264.2333333333
2024-11-15,619496.0,543413.6
2024-11-16,581986.0,545149.7666666667
2024-11-17,518085.0,545117.4
2024-11-18,569926.0,548096.2
2024-11-19,547133.0,550908.3
2024-11-20,557265.0,553405.9
2024-11-21,666198.0,559639.0333333333
2024-11-22,628962.0,564069.0333333333
2024-11-23,590149.0,568613.4
2024-11-24,534909.0,566921.7333333333
2024-11-25,593158.0,569576.8333333334
2024-11-26,568082.0,573418.0333333333
2024-11-27,599701.0,575562.8666666667
2024-11-28,559054.0,574834.3
2024-11-29,551876.0,574784.2
2024-11-30,583648.0,575487.4666666667
2024-12-01,501246.0,573631.0666666667
2024-12-02,578842.0,576117.1
2024-12-03,613585.0,581486.9666666667
2024-12-04,606514.0,584436.7666666667
2024-12-05,676971.0,588719.2666666667
2024-12-06,589966.0,587632.5666666667
2024-12-07,523611.0,585639.8666666667
2024-12-08,500126.0,582602.2
2024-12-09,548218.0,584131.4333333333
2024-12-10,637676.0,586557.7333333333
2024-12-11,617471.0,586348.2
2024-12-12,642365.0,584339.9
2024-12-13,622796.0,583880.0666666667
2024-12-14,547370.0,582546.1666666666
2024-12-15,540459.0,579911.6
2024-12-16,628257.0,581453.9666666667
2024-12-17,587955.0,583782.9666666667
2024-12-18,583495.0,584235.2666666667
2024-12-19,634202.0,587137.5666666667
2024-12-20,640920.0,589926.0666666667
2024-12-21,516725.0,584943.6333333333
2024-12-22,477331.0,579889.2666666667
2024-12-23,528563.0,577836.4
2024-12-24,543738.0,578130.7
2024-12-25,465831.0,573886.4666666667
2024-12-26,488028.0,571218.0
2024-12-27,568492.0,570177.7
2024-12-28,513628.0,568663.5
2024-12-29,473130.0,566038.6333333333
2024-12-30,546526.0,564801.2333333333
2024-12-31,545227.0,566267.2666666667
2025-01-01,469908.0,562636.1333333333
2025-01-02,536381.0,560062.6666666666
2025-01-03,580296.0,559188.7333333333
2025-01-04,514543.0,553774.4666666667
2025-01-05,477492.0,550025.3333333334
2025-01-06,552854.0,551000.1
2025-01-07,534903.0,552159.3333333334
2025-01-08,545474.0,552067.8666666667
2025-01-09,551517.0,549195.9
2025-01-10,555569.0,547132.5
2025-01-11,493250.0,542162.0
2025-01-12,478512.0,537352.5333333333
2025-01-13,527739.0,536698.1666666666
2025-01-14,555702.0,537206.2666666667
2025-01-15,562243.0,535005.8
2025-01-16,552617.0,533827.8666666667
2025-01-17,609681.0,534700.7333333333
2025-01-18,548843.0,531855.4333333333
2025-01-19,581784.0,529884.2333333333
2025-01-20,611603.0,533046.8333333334
2025-01-21,576234.0,536343.6
2025-01-22,563550.0,537509.8333333334
2025-01-23,559393.0,538031.6666666666
2025-01-24,555324.0,541014.7666666667
2025-01-25,511721.0,541804.5333333333
2025-01-26,468657.0,538476.7
2025-01-27,536813.0,539249.5333333333
2025-01-28,526610.0,541032.2
2025-01-29,536882.0,540710.7333333333
2025-01-30,563297.0,541313.0666666667
2025-01-31,573440.0,544764.1333333333
2025-02-01,547939.0,545149.4
2025-02-02,493629.0,542260.5
2025-02-03,594369.0,544921.3666666667
2025-02-04,533329.0,546782.6
2025-02-05,549668.0,546676.4
2025-02-06,556046.0,547381.1666666666
2025-02-07,547121.0,547436.0666666667
2025-02-08,495840.0,545580.1666666666
2025-02-09,458209.0,542334.8333333334
2025-02-10,506614.0,542780.3
2025-02-11,527971.0,544428.9333333333
2025-02-12,524479.0,544320.2666666667
2025-02-13,554664.0,544285.6666666666
2025-02-14,555378.0,544056.8333333334
2025-02-15,477805.0,541563.1
2025-02-16,439616.0,535894.2666666667
2025-02-17,481661.0,533654.8666666667
2025-02-18,505135.0,531099.9
2025-02-19,504104.0,527516.6
2025-02-20,528372.0,525921.2
2025-02-21,539520.0,525120.2
2025-02-22,481128.0,522511.36666666664
2025-02-23,401327.0,517378.13333333336
2025-02-24,502390.0,517067.1
2025-02-25,593036.0,521213.06666666665
2025-02-26,551544.0,521704.1
2025-02-27,559897.0,522813.6666666667
2025-02-28,639073.0,526220.0333333333
2025-03-01,537837.0,525371.3666666667
2025-03-02,502728.0,523014.3
2025-03-03,574113.0,523886.76666666666
2025-03-04,572405.0,526512.6333333333
2025-03-05,553079.0,525136.3
2025-03-06,582749.0,526783.6333333333
2025-03-07,575233.0,527635.8
2025-03-08,490884.0,525463.7333333333
2025-03-09,468931.0,522857.4
2025-03-10,561710.0,525053.0666666667
2025-03-11,555242.0,528287.5
2025-03-12,537118.0,529304.3
2025-03-13,548028.0,529972.8666666667
2025-03-14,558542.0,531108.3
2025-03-15,483792.0,528745.9
2025-03-16,440114.0,524903.7666666667
2025-03-17,511394.0,526023.4
2025-03-18,520296.0,528712.7333333333
2025-03-19,523412.0,530104.4333333333
2025-03-20,538832.0,531227.6666666666
2025-03-21,542213.0,532497.9666666667
2025-03-22,463442.0,530333.6333333333
2025-03-23,426406.0,526563.1666666666
2025-03-24,542968.0,528624.5
2025-03-25,537123.0,533151.0333333333
2025-03-26,551045.0,534772.8666666667
2025-03-27,546963.0,533237.1
2025-03-28,555512.0,533369.3666666667
2025-03-29,491096.0,531076.0
2025-03-30,448720.0,524730.9
2025-03-31,536233.0,524677.4333333333
2025-04-01,577515.0,527170.3333333334
2025-04-02,561041.0,526734.6
2025-04-03,576015.0,526854.9333333333
2025-04-04,568203.0,527359.0666666667
2025-04-05,491185.0,524306.9333333333
2025-04-06,468285.0,520742.0
2025-04-07,561612.0,523099.6
2025-04-08,560881.0,526164.6
2025-04-09,553980.0,525906.9333333333
2025-04-10,559681.0,526054.9
2025-04-11,574941.0,527315.6666666666
2025-04-12,504593.0,525867.8333333334
2025-04-13,462177.0,522655.6666666667
2025-04-14,531419.0,524243.23333333334
2025-04-15,547445.0,527820.9333333333
2025-04-16,543869.0,528903.4333333333
2025-04-17,545464.0,529742.3666666667
2025-04-18,515292.0,529471.7
2025-04-19,471006.0,527210.8333333334
2025-04-20,423502.0,523253.8
2025-04-21,493498.0,524255.6666666667
2025-04-22,569473.0,529024.5666666667
2025-04-23,546333.0,529136.7333333333
2025-04-24,569545.0,530217.4666666667
2025-04-25,595179.0,531688.6
2025-04-26,486530.0,529674.1666666666
2025-04-27,449536.0,526141.6333333333
2025-04-28,513795.0,526898.2666666667
2025-04-29,526876.0,529503.4666666667
2025-04-30,558028.0,530229.9666666667
2025-05-01,555979.0,529512.1
2025-05-02,613025.0,531244.9
2025-05-03,515130.0,529215.4
2025-05-04,446087.0,525144.8666666667
2025-05-05,531867.0,526500.9333333333
2025-05-06,526919.0,528455.4
2025-05-07,559340.0,528379.6666666666
2025-05-08,592201.0,529423.6666666666
2025-05-09,603053.0,531059.4333333333
2025-05-10,503410.0,529183.7333333333
2025-05-11,467125.0,525589.8666666667
2025-05-12,532368.0,526515.7
2025-05-13,534997.0,528943.0333333333
2025-05-14,535430.0,529076.7333333333
2025-05-15,540779.0,528854.5333333333
2025-05-16,539053.0,528694.0
2025-05-17,474173.0,526317.6333333333
2025-05-18,432229.0,523548.86666666664
2025-05-19,499650.0,524503.6666666666
2025-05-20,536030.0,528254.6
2025-05-21,567751.0,530729.7
2025-05-22,612816.0,532174.4666666667
2025-05-23,571289.0,533006.3333333334
2025-05-24,500617.0,530708.7333333333
2025-05-25,442797.0,525629.3333333334
2025-05-26,516548.0,526629.9333333333
2025-05-27,508812.0,528605.8
2025-05-28,546095.0,529682.4666666667
2025-05-29,542154.0,530191.7333333333
2025-05-30,594597.0,531410.7
2025-05-31,506671.0,529767.1
2025-06-01,452800.0,524426.2666666667
2025-06-02,516152.0,524460.3333333334
2025-06-03,560813.0,528284.5333333333
2025-06-04,545490.0,528738.6333333333
2025-06-05,562558.0,529926.6
2025-06-06,543873.0,529411.0333333333
2025-06-07,473987.0,525470.5666666667
2025-06-08,436494.0,519918.6
2025-06-09,506842.0,520033.0
2025-06-10,558332.0,523073.23333333334
2025-06-11,519320.0,522638.3
2025-06-12,549165.0,523110.56666666665
2025-06-13,567837.0,524190.8
2025-06-14,474984.0,521997.63333333336
2025-06-15,439669.0,518684.8333333333
2025-06-16,527740.0,520470.4
2025-06-17,518441.0,523344.13333333336
2025-06-18,526045.0,524223.9666666667
2025-06-19,501017.0,523056.86666666664
2025-06-20,543938.0,522263.1
2025-06-21,455627.0,517023.4666666667
2025-06-22,434126.0,512451.36666666664
2025-06-23,477910.0,511694.4666666667
2025-06-24,498971.0,513566.93333333335
2025-06-25,516000.0,513548.6666666667
2025-06-26,540682.0,514611.0
2025-06-27,524379.0,513887.13333333336
2025-06-28,457275.0,511057.8333333333
2025-06-29,442209.0,505978.23333333334
2025-06-30,521131.0,506460.23333333334
2025-07-01,542508.0,509450.5
2025-07-02,572880.0,511341.43333333335
2025-07-03,571346.0,511692.5333333333
2025-07-04,527167.0,511081.76666666666
2025-07-05,426226.0,506537.36666666664
2025-07-06,436195.0,502948.1
2025-07-07,493343.0,503593.3
2025-07-08,521277.0,506419.4
2025-07-09,542076.0,507593.86666666664
2025-07-10,605456.0,509164.6666666667
2025-07-11,626638.0,512741.93333333335
2025-07-12,501978.0,511169.0333333333
2025-07-13,466718.0,507798.4
2025-07-14,598435.0,511913.43333333335
2025-07-15,560371.0,515936.8333333333
2025-07-16,542511.0,516429.2
2025-07-17,594592.0,518967.56666666665
2025-07-18,580677.0,520788.63333333336
2025-07-19,477264.0,519996.86666666664
2025-07-20,455280.0,517041.6
2025-07-21,537794.0,519780.5
2025-07-22,519024.0,522610.43333333335
2025-07-23,535701.0,524536.8
2025-07-24,528797.0,525531.0
2025-07-25,577530.0,527582.0
2025-07-26,491132.0,525930.3333333334
2025-07-27,457112.0,523688.1
2025-07-28,529385.0,526091.7666666667
2025-07-29,561483.0,530067.5666666667
2025-07-30,554145.0,531168.0333333333
2025-07-31,584264.0,532559.9
2025-08-01,636772.0,534689.6333333333
2025-08-02,526686.0,533200.9666666667
2025-08-03,462597.0,531048.6333333333
2025-08-04,542397.0,534921.0
2025-08-05,569616.0,539368.3666666667
2025-08-06,665517.0,545107.5
2025-08-07,634516.0,548882.1333333333
2025-08-08,749938.0,555810.8666666667
2025-08-09,591211.0,555336.0333333333
2025-08-10,489536.0,550765.9666666667
2025-08-11,552696.0,552456.5666666667
2025-08-12,543783.0,555025.4
2025-08-13,562007.0,553811.1333333333
2025-08-14,630373.0,556144.5333333333
2025-08-15,555918.0,556591.4333333333
2025-08-16,475351.0,552616.7333333333
2025-08-17,434867.0,547756.4
2025-08-18,506163.0,548719.7
2025-08-19,508055.0,550478.8666666667
2025-08-20,534876.0,550381.6
2025-08-21,536698.0,550970.7333333333
2025-08-22,559414.0,551761.1666666666
2025-08-23,487009.0,550368.2333333333
2025-08-24,443678.0,545906.5
2025-08-25,525919.0,547066.0666666667
2025-08-26,528702.0,549452.4
2025-08-27,526965.0,549371.7333333333
2025-08-28,547915.0,548919.4666666667
2025-08-29,597526.0,550365.5
2025-08-30,495905.0,547420.2
2025-08-31,446532.0,541078.8666666667
2025-09-01,521197.0,540895.9
2025-09-02,544795.0,543635.8333333334
2025-09-03,541497.0,543605.8333333334
2025-09-04,540435.0,542633.1333333333
2025-09-05,587857.0,540044.4666666667
2025-09-06,481276.0,534936.4666666667
2025-09-07,458587.0,525224.7666666667
2025-09-08,511832.0,522578.8
2025-09-09,549610.0,524581.2666666667
2025-09-10,542027.0,524225.63333333336
2025-09-11,537753.0,524024.63333333336
2025-09-12,543345.0,523402.56666666665
2025-09-13,526152.0,519928.5333333333
2025-09-14,494770.0,517890.26666666666
2025-09-15,549560.0,520363.9
2025-09-16,546260.0,524077.0
2025-09-17,517428.0,524452.5
2025-09-18,536964.0,525416.1333333333
2025-09-19,553195.0,526026.7666666667
2025-09-20,535837.0,525998.0666666667
2025-09-21,467555.0,522936.1
2025-09-22,515742.0,523893.86666666664
2025-09-23,506650.0,525992.9333333333
2025-09-24,502339.0,525206.9333333333
2025-09-25,542099.0,525653.5
2025-09-26,553168.0,526526.9333333333
2025-09-27,484214.0,524403.5666666667
2025-09-28,458537.0,519770.6
2025-09-29,521335.0,520618.26666666666
2025-09-30,561370.0,524446.2
2025-10-01,577245.0,526314.4666666667
2025-10-02,595776.0,528013.8333333334
2025-10-03,595427.0,529811.5
2025-10-04,544104.0,529933.8
2025-10-05,497949.0,526936.8666666667
2025-10-06,550307.0,529237.9
2025-10-07,561921.0,532682.3666666667
2025-10-08,546778.0,533847.2333333333
2025-10-09,543331.0,533637.9333333333
2025-10-10,584389.0,535050.0
2025-10-11,546781.0,535350.9333333333
2025-10-12,465507.0,532756.3333333334
2025-10-13,504968.0,532050.2
2025-10-14,524219.0,533031.8333333334
2025-10-15,542831.0,532807.5333333333
2025-10-16,556999.0,533165.5
2025-10-17,591614.0,535638.3666666667
2025-10-18,481991.0,533805.9333333333
2025-10-19,443995.0,530165.9333333333
2025-10-20,507550.0,529223.0333333333
2025-10-21,538842.0,531599.2666666667
2025-10-22,507518.0,531325.1333333333
2025-10-23,527286.0,532013.0
2025-10-24,546753.0,533493.4666666667
2025-10-25,461245.0,530798.3333333334
2025-10-26,433092.0,526795.8
2025-10-27,522563.0,528074.1
2025-10-28,504390.0,529602.5333333333
2025-10-29,517043.0,529459.4666666667
2025-10-30,540811.0,528774.1666666666
2025-10-31,572374.0,528611.8
2025-11-01,498680.0,525375.2666666667
2025-11-02,446508.0,520411.3
2025-11-03,547702.0,520531.23333333334
2025-11-04,582796.0,523359.4666666667
2025-11-05,550413.0,523363.0
2025-11-06,534781.0,522458.3333333333
2025-11-07,569444.0,523213.86666666664
2025-11-08,470481.0,520785.5333333333
2025-11-09,442498.0,516055.8333333333
2025-11-10,526898.0,515393.06666666665
2025-11-11,506473.0,516758.6
2025-11-12,504920.0,516757.0
2025-11-16,454407.0,514429.93333333335
2025-11-17,515090.0,513505.23333333334
2025-11-18,517212.0,512179.0
2025-11-19,535320.0,510302.5333333333
2025-11-20,545087.0,512405.73333333334
2025-11-21,603204.0,517712.7
2025-11-22,485120.0,516965.0333333333
2025-11-23,442816.0,513764.1666666667
2025-11-24,503446.0,513628.43333333335
2025-11-25,513166.0,513157.76666666666
2025-11-26,535443.0,512780.76666666666
2025-11-27,525809.0,514932.9
2025-11-28,543603.0,518616.6
2025-11-29,475990.0,517064.1666666667
2025-11-30,450764.0,515276.63333333336
2025-12-01,557926.0,516639.4
2025-12-02,546016.0,516812.9
2025-12-03,542787.0,515826.6666666667
2025-12-04,540083.0,517206.76666666666
2025-12-05,534245.0,520131.3333333333
2025-12-06,465393.0,517387.7
2025-12-07,438543.0,512579.26666666666
2025-12-08,477476.0,510148.0333333333
2025-12-09,507794.0,509248.4666666667
2025-12-10,511694.0,507323.4666666667
2025-12-11,513356.0,508752.63333333336
2025-12-12,537832.0,511930.43333333335
2025-12-13,463369.0,509812.8
2025-12-14,429658.0,507252.3
2025-12-15,507663.0,507343.73333333334
2025-12-16,507318.0,509107.43333333335
2025-12-17,511367.0,508983.3333333333
2025-12-18,518421.0,509023.63333333336
2025-12-19,556166.0,509718.5
2025-12-20,488594.0,507835.4
2025-12-21,436144.0,502266.73333333334
2025-12-22,497545.0,502680.9
2025-12-23,520980.0,505286.36666666664
2025-12-24,513917.0,505635.4
2025-12-25,431619.0,502917.1666666667
2025-12-26,477921.0,500999.76666666666
2025-12-27,457336.0,498717.3333333333
2025-12-28,435884.0,495126.7
2025-12-29,516338.0,496471.63333333336
2025-12-30,539847.0,499441.06666666665
2025-12-31,547272.0,499085.93333333335
2026-01-01,441382.0,495598.13333333336
2026-01-02,518434.0,494786.36666666664
2026-01-03,473968.0,492582.5333333333
2026-01-04,460281.0,490117.06666666665
2026-01-05,519989.0,491936.93333333335
2026-01-06,517888.0,494581.76666666666
2026-01-07,485087.0,494835.4666666667
2026-01-08,476585.0,493795.1666666667
2026-01-09,512937.0,493836.6
2026-01-10,451552.0,491776.4666666667
2026-01-11,412668.0,487604.3333333333
2026-01-12,469584.0,487811.5
2026-01-13,489392.0,489802.63333333336
2026-01-14,501548.0,489598.8
2026-01-15,516730.0,489912.5333333333
2026-01-16,517080.0,490102.9666666667
2026-01-17,451781.0,487881.63333333336
2026-01-18,411852.0,483071.1666666667
2026-01-19,460095.0,482121.2
2026-01-20,466340.0,483127.73333333334
2026-01-21,503455.0,483324.73333333334
2026-01-22,478520.0,481909.4
2026-01-23,500192.0,481451.9
2026-01-24,421686.0,481120.8
2026-01-25,419735.0,479181.26666666666
2026-01-26,465362.0,479448.8
2026-01-27,475414.0,480766.4666666667
2026-01-28,485652.0,479743.6
2026-01-29,521611.0,479135.73333333334
2026-01-30,580888.0,480256.26666666666
2026-01-31,527605.0,483130.36666666664
2026-02-01,467476.0,481431.76666666666
2026-02-02,521176.0,483005.36666666664
2026-02-03,550746.0,486020.86666666664
2026-02-04,532371.0,486433.6
2026-02-05,619296.0,489813.86666666664
2026-02-06,646236.0,495185.5
2026-02-07,481546.0,495350.86666666664
2026-02-08,442633.0,493007.4
2026-02-09,481228.0,493996.6
2026-02-10,486763.0,496466.43333333335
2026-02-11,490231.0,497154.6666666667
2026-02-12,504187.0,497647.8333333333
2026-02-13,521603.0,498316.3333333333
2026-02-14,458016.0,496359.2
2026-02-15,399280.0,492432.5333333333
2026-02-16,440304.0,492049.9666666667
2026-02-17,446864.0,493217.0333333333
2026-02-18,454158.0,493019.13333333336
2026-02-19,473222.0,493248.5333333333
2026-02-20,493761.0,492925.4
2026-02-21,447339.0,491886.0333333333
2026-02-22,408828.0,488840.56666666665
2026-02-23,458764.0,490076.5
2026-02-24,501015.0,492785.8333333333
2026-02-25,509923.0,494271.2
2026-02-26,521846.0,495818.93333333335
2026-02-27,549158.0,497935.8
2026-02-28,498805.0,497175.6
2026-03-01,447977.0,492745.23333333334
2026-03-02,515250.0,492333.4
2026-03-03,504537.0,493568.76666666666
2026-03-04,516794.0,493422.7
2026-03-05,522467.0,492480.06666666665
2026-03-06,531723.0,492458.4666666667
2026-03-07,458399.0,487095.23333333334
2026-03-08,413093.0,479323.8
2026-03-09,468702.0,478895.6666666667
2026-03-10,484745.0,480299.4
2026-03-11,475423.0,480105.9
2026-03-12,496301.0,480423.8333333333
2026-03-13,525035.0,481583.9666666667
2026-03-14,440249.0,479452.7
2026-03-15,406808.0,475626.2
2026-03-16,477639.0,476280.3
2026-03-17,488604.0,479257.76666666666
2026-03-18,472748.0,480339.23333333334
2026-03-19,486162.0,481649.1666666667
2026-03-20,496098.0,483047.1666666667
2026-03-21,458834.0,482567.56666666665
2026-03-22,432406.0,480522.4
2026-03-23,476303.0,481487.86666666664
2026-03-24,460523.0,483211.0333333333
2026-03-25,501248.0,484627.1666666667
2026-03-26,491918.0,484323.93333333335
2026-03-27,507433.0,484240.93333333335
2026-03-28,432914.0,481276.5333333333
2026-03-29,382086.0,475707.4666666667
2026-03-30,459981.0,474413.3333333333
2026-03-31,485131.0,475651.8
2026-04-01,527189.0,476049.76666666666
2026-04-02,505693.0,476088.3
2026-04-03,498568.0,475480.76666666666
2026-04-04,430348.0,472410.13333333336
2026-04-05,380100.0,467356.0333333333
2026-04-06,447163.0,466981.5
2026-04-07,480114.0,469215.5333333333
2026-04-08,489051.0,469893.8333333333
2026-04-09,484467.0,469884.56666666665
2026-04-10,507681.0,470959.8333333333
2026-04-11,441709.0,469140.1
2026-04-12,395725.0,464829.76666666666
2026-04-13,454902.0,465318.2
2026-04-14,491023.0,468125.36666666664
2026-04-15,470280.0,467880.06666666665
2026-04-17,521678.0,468982.5333333333
2026-04-18,439552.0,467876.0
2026-04-19,396267.0,464879.5
2026-04-20,464309.0,463819.86666666664
2026-04-21,478903.0,464488.8333333333
2026-04-22,493157.0,466513.86666666664
2026-04-23,490574.0,466989.56666666665
2026-04-24,506108.0,468509.06666666665
2026-04-25,428848.0,466095.73333333334
2026-04-26,399528.0,463016.06666666665
2026-04-27,465611.0,461622.0
2026-04-28,472688.0,462947.8
2026-04-29,482542.0,466296.3333333333
2026-04-30,509941.0,467961.6666666667
2026-05-01,541560.0,469842.63333333336
2026-05-02,449751.0,467261.36666666664
2026-05-03,402346.0,463816.4666666667
2026-05-04,485657.0,463386.1
2026-05-05,508713.0,465998.26666666666
2026-05-06,498493.0,469944.7
2026-05-07,497326.0,471616.8
2026-05-08,506524.0,472497.13333333336
2026-05-09,707204.0,479768.9
2026-05-10,407132.0,477191.06666666665
2026-05-11,457665.0,475523.86666666664
2026-05-12,476383.0,476679.6666666667
2026-05-13,485900.0,479685.5
2026-05-14,489856.0,480850.63333333336
2026-05-15,525031.0,481984.23333333334
2026-05-16,445624.0,481162.36666666664
2026-05-17,396443.0,476987.86666666664
2026-05-18,474167.0,478141.7
2026-05-19,469682.0,480588.86666666664
2026-05-20,473582.0,480897.9666666667
2026-05-21,484958.0,481099.8
2026-05-22,547131.0,482898.93333333335
2026-05-23,439350.0,481191.4666666667
2026-05-24,387403.0,477234.63333333336
2026-05-25,430908.0,477303.3
2026-05-26,464460.0,479467.7
2026-05-27,474906.0,479777.5333333333
2026-05-28,490956.0,480386.4666666667
2026-05-29,518522.0,481585.8
2026-05-30,454741.0,479745.8
2026-05-31,403295.0,475136.9666666667
2026-06-01,508084.0,477081.4
2026-06-02,501194.0,480376.3333333333
2026-06-03,515383.0,481367.2
2026-06-04,538439.0,482358.06666666665
