date,value,ma30
2009-01-17,109.0,
2009-01-18,108.0,
2009-01-19,117.0,
2009-01-20,115.0,
2009-01-21,105.0,
2009-01-22,90.0,
2009-01-23,86.0,104.28571428571429
2009-01-24,202.0,116.5
2009-01-25,192.0,124.88888888888889
2009-01-26,97.0,122.1
2009-01-27,98.0,119.9090909090909
2009-01-28,112.0,119.25
2009-01-29,122.0,119.46153846153847
2009-01-30,117.0,119.28571428571429
2009-01-31,139.0,120.6
2009-02-01,114.0,120.1875
2009-02-02,129.0,120.70588235294117
2009-02-03,155.0,122.61111111111111
2009-02-04,119.0,122.42105263157895
2009-02-05,126.0,122.6
2009-02-06,122.0,122.57142857142857
2009-02-07,133.0,123.04545454545455
2009-02-08,133.0,123.47826086956522
2009-02-09,135.0,123.95833333333333
2009-02-10,120.0,123.8
2009-02-11,135.0,124.23076923076923
2009-02-12,119.0,124.03703703703704
2009-02-13,124.0,124.03571428571429
2009-02-14,136.0,124.44827586206897
2009-02-15,131.0,124.66666666666667
2009-02-16,123.0,125.13333333333334
2009-02-17,117.0,125.43333333333334
2009-02-18,118.0,125.46666666666667
2009-02-19,125.0,125.8
2009-02-20,122.0,126.36666666666666
2009-02-21,114.0,127.16666666666667
2009-02-22,125.0,128.46666666666667
2009-02-23,108.0,125.33333333333333
2009-02-24,106.0,122.46666666666667
2009-02-25,105.0,122.73333333333333
2009-02-26,107.0,123.03333333333333
2009-02-27,116.0,123.16666666666667
2009-02-28,100.0,122.43333333333334
2009-03-01,105.0,122.03333333333333
2009-03-02,108.0,121.0
2009-03-03,107.0,120.76666666666667
2009-03-04,106.0,120.0
2009-03-05,113.0,118.6
2009-03-06,117.0,118.53333333333333
2009-03-07,109.0,117.96666666666667
2009-03-08,118.0,117.83333333333333
2009-03-09,108.0,117.0
2009-03-10,107.0,116.13333333333334
2009-03-11,114.0,115.43333333333334
2009-03-12,119.0,115.4
2009-03-13,114.0,114.7
2009-03-14,110.0,114.4
2009-03-15,123.0,114.36666666666666
2009-03-16,122.0,113.9
2009-03-17,114.0,113.33333333333333
2009-03-18,116.0,113.1
2009-03-19,122.0,113.26666666666667
2009-03-20,119.0,113.3
2009-03-21,51.0,110.83333333333333
2009-03-22,120.0,110.76666666666667
2009-03-23,130.0,111.3
2009-03-24,105.0,110.63333333333334
2009-03-25,117.0,110.93333333333334
2009-03-26,118.0,111.33333333333333
2009-03-27,106.0,111.36666666666666
2009-03-28,122.0,111.86666666666666
2009-03-29,116.0,111.86666666666666
2009-03-30,120.0,112.53333333333333
2009-03-31,111.0,112.73333333333333
2009-04-01,114.0,112.93333333333334
2009-04-02,115.0,113.2
2009-04-03,116.0,113.53333333333333
2009-04-04,113.0,113.53333333333333
2009-04-05,132.0,114.03333333333333
2009-04-06,109.0,114.03333333333333
2009-04-07,100.0,113.43333333333334
2009-04-08,105.0,113.33333333333333
2009-04-09,99.0,113.06666666666666
2009-04-10,108.0,112.86666666666666
2009-04-11,121.0,112.93333333333334
2009-04-12,120.0,113.13333333333334
2009-04-13,116.0,113.33333333333333
2009-04-14,124.0,113.36666666666666
2009-04-15,113.0,113.06666666666666
2009-04-16,123.0,113.36666666666666
2009-04-17,112.0,113.23333333333333
2009-04-18,130.0,113.5
2009-04-19,120.0,113.53333333333333
2009-04-20,121.0,115.86666666666666
2009-04-21,124.0,116.0
2009-04-22,121.0,115.7
2009-04-23,75.0,114.7
2009-04-24,115.0,114.63333333333334
2009-04-25,118.0,114.63333333333334
2009-04-26,114.0,114.9
2009-04-27,104.0,114.3
2009-04-28,117.0,114.33333333333333
2009-04-29,129.0,114.63333333333334
2009-04-30,131.0,115.3
2009-05-01,121.0,115.53333333333333
2009-05-02,128.0,115.96666666666667
2009-05-03,109.0,115.73333333333333
2009-05-04,129.0,116.26666666666667
2009-05-05,136.0,116.4
2009-05-06,135.0,117.26666666666667
2009-05-07,122.0,118.0
2009-05-08,108.0,118.1
2009-05-09,77.0,117.36666666666666
2009-05-10,85.0,116.6
2009-05-11,121.0,116.6
2009-05-12,130.0,116.93333333333334
2009-05-13,116.0,116.93333333333334
2009-05-14,142.0,117.53333333333333
2009-05-15,137.0,118.33333333333333
2009-05-16,119.0,118.2
2009-05-17,127.0,118.7
2009-05-18,118.0,118.3
2009-05-19,86.0,117.16666666666667
2009-05-20,120.0,117.13333333333334
2009-05-21,82.0,115.73333333333333
2009-05-22,62.0,113.76666666666667
2009-05-23,31.0,112.3
2009-05-24,100.0,111.8
2009-05-25,109.0,111.5
2009-05-26,125.0,111.86666666666666
2009-05-27,119.0,112.36666666666666
2009-05-28,95.0,111.63333333333334
2009-05-29,107.0,110.9
2009-05-30,109.0,110.16666666666667
2009-05-31,97.0,109.36666666666666
2009-06-01,72.0,107.5
2009-06-02,110.0,107.53333333333333
2009-06-03,72.0,105.63333333333334
2009-06-04,65.0,103.26666666666667
2009-06-05,31.0,99.8
2009-06-06,27.0,96.63333333333334
2009-06-07,16.0,93.56666666666666
2009-06-08,82.0,93.73333333333333
2009-06-09,91.0,93.93333333333334
2009-06-10,82.0,92.63333333333334
2009-06-11,89.0,91.26666666666667
2009-06-12,86.0,90.26666666666667
2009-06-13,78.0,88.13333333333334
2009-06-14,72.0,85.96666666666667
2009-06-15,84.0,84.8
2009-06-16,71.0,82.93333333333334
2009-06-17,79.0,81.63333333333334
2009-06-18,80.0,81.43333333333334
2009-06-19,87.0,80.33333333333333
2009-06-20,78.0,80.2
2009-06-21,81.0,80.83333333333333
2009-06-22,77.0,82.36666666666666
2009-06-23,76.0,81.56666666666666
2009-06-24,97.0,81.16666666666667
2009-06-25,69.0,79.3
2009-06-26,90.0,78.33333333333333
2009-06-27,84.0,77.96666666666667
2009-06-28,47.0,75.96666666666667
2009-06-29,84.0,75.13333333333334
2009-06-30,86.0,74.76666666666667
2009-07-01,75.0,74.86666666666666
2009-07-02,84.0,74.0
2009-07-03,82.0,74.33333333333333
2009-07-04,89.0,75.13333333333334
2009-07-05,79.0,76.73333333333333
2009-07-06,84.0,78.63333333333334
2009-07-07,69.0,80.4
2009-07-08,74.0,80.13333333333334
2009-07-09,86.0,79.96666666666667
2009-07-10,81.0,79.93333333333334
2009-07-11,83.0,79.73333333333333
2009-07-12,77.0,79.43333333333334
2009-07-13,78.0,79.43333333333334
2009-07-14,69.0,79.33333333333333
2009-07-15,45.0,78.03333333333333
2009-07-16,71.0,78.03333333333333
2009-07-17,48.0,77.0
2009-07-18,4.0,74.46666666666667
2009-07-19,69.0,73.86666666666666
2009-07-20,71.0,73.63333333333334
2009-07-21,82.0,73.66666666666667
2009-07-22,61.0,73.13333333333334
2009-07-23,75.0,73.1
2009-07-24,73.0,72.3
2009-07-25,33.0,71.1
2009-07-26,20.0,68.76666666666667
2009-07-27,74.0,68.43333333333334
2009-07-28,41.0,68.23333333333333
2009-07-29,21.0,66.13333333333334
2009-07-30,15.0,63.766666666666666
2009-07-31,17.0,61.833333333333336
2009-08-01,28.0,59.96666666666667
2009-08-02,23.0,58.0
2009-08-03,12.0,55.43333333333333
2009-08-04,81.0,55.5
2009-08-05,87.0,55.6
2009-08-06,90.0,56.3
2009-08-07,81.0,56.53333333333333
2009-08-08,80.0,56.333333333333336
2009-08-09,101.0,57.0
2009-08-10,75.0,56.733333333333334
2009-08-11,70.0,56.5
2009-08-12,63.0,56.0
2009-08-13,85.0,56.53333333333333
2009-08-14,63.0,57.13333333333333
2009-08-15,26.0,55.63333333333333
2009-08-16,20.0,54.7
2009-08-17,17.0,55.13333333333333
2009-08-18,9.0,53.13333333333333
2009-08-19,18.0,51.36666666666667
2009-08-20,23.0,49.4
2009-08-21,13.0,47.8
2009-08-22,7.0,45.53333333333333
2009-08-23,15.0,43.6
2009-08-24,15.0,43.0
2009-08-25,51.0,44.03333333333333
2009-08-26,50.0,43.233333333333334
2009-08-27,29.0,42.833333333333336
2009-08-28,75.0,44.63333333333333
2009-08-29,78.0,46.733333333333334
2009-08-30,98.0,49.43333333333333
2009-08-31,87.0,51.4
2009-09-01,79.0,53.266666666666666
2009-09-02,65.0,55.03333333333333
2009-09-03,62.0,54.4
2009-09-04,64.0,53.63333333333333
2009-09-05,76.0,53.166666666666664
2009-09-06,68.0,52.733333333333334
2009-09-07,79.0,52.7
2009-09-08,69.0,51.63333333333333
2009-09-09,54.0,50.93333333333333
2009-09-10,67.0,50.833333333333336
2009-09-11,67.0,50.96666666666667
2009-09-12,69.0,50.43333333333333
2009-09-13,75.0,50.833333333333336
2009-09-14,74.0,52.43333333333333
2009-09-15,45.0,53.266666666666666
2009-09-16,72.0,55.1
2009-09-17,85.0,57.63333333333333
2009-09-18,78.0,59.63333333333333
2009-09-19,74.0,61.333333333333336
2009-09-20,78.0,63.5
2009-09-21,70.0,65.6
2009-09-22,27.0,66.0
2009-09-23,35.0,66.66666666666667
2009-09-24,97.0,68.2
2009-09-25,93.0,69.63333333333334
2009-09-26,100.0,72.0
2009-09-27,88.0,72.43333333333334
2009-09-28,85.0,72.66666666666667
2009-09-29,90.0,72.4
2009-09-30,85.0,72.33333333333333
2009-10-01,82.0,72.43333333333334
2009-10-02,73.0,72.7
2009-10-03,58.0,72.56666666666666
2009-10-04,53.0,72.2
2009-10-05,55.0,71.5
2009-10-06,46.0,70.76666666666667
2009-10-07,59.0,70.1
2009-10-08,70.0,70.13333333333334
2009-10-09,77.0,70.9
2009-10-10,79.0,71.3
2009-10-11,74.0,71.53333333333333
2009-10-12,59.0,71.2
2009-10-13,57.0,70.6
2009-10-14,69.0,70.43333333333334
2009-10-15,71.0,71.3
2009-10-16,61.0,70.93333333333334
2009-10-17,57.0,70.0
2009-10-18,75.0,69.9
2009-10-19,112.0,71.16666666666667
2009-10-20,96.0,71.76666666666667
2009-10-21,81.0,72.13333333333334
2009-10-22,91.0,74.26666666666667
2009-10-23,89.0,76.06666666666666
2009-10-24,63.0,74.93333333333334
2009-10-25,76.0,74.36666666666666
2009-10-26,71.0,73.4
2009-10-27,65.0,72.63333333333334
2009-10-28,67.0,72.03333333333333
2009-10-29,47.0,70.6
2009-10-30,60.0,69.76666666666667
2009-10-31,46.0,68.56666666666666
2009-11-01,25.0,66.96666666666667
2009-11-02,33.0,66.13333333333334
2009-11-03,62.0,66.43333333333334
2009-11-04,64.0,66.73333333333333
2009-11-05,58.0,67.13333333333334
2009-11-06,61.0,67.2
2009-11-07,69.0,67.16666666666667
2009-11-08,73.0,67.03333333333333
2009-11-09,64.0,66.53333333333333
2009-11-10,78.0,66.66666666666667
2009-11-11,73.0,67.13333333333334
2009-11-12,66.0,67.43333333333334
2009-11-13,83.0,67.9
2009-11-14,79.0,68.16666666666667
2009-11-15,96.0,69.33333333333333
2009-11-16,97.0,70.66666666666667
2009-11-17,92.0,71.23333333333333
2009-11-18,79.0,70.13333333333334
2009-11-19,72.0,69.33333333333333
2009-11-20,86.0,69.5
2009-11-21,73.0,68.9
2009-11-22,106.0,69.46666666666667
2009-11-23,96.0,70.56666666666666
2009-11-24,93.0,71.13333333333334
2009-11-25,90.0,71.76666666666667
2009-11-26,84.0,72.4
2009-11-27,74.0,72.63333333333334
2009-11-28,71.0,73.43333333333334
2009-11-29,60.0,73.43333333333334
2009-11-30,75.0,74.4
2009-12-01,74.0,76.03333333333333
2009-12-02,94.0,78.06666666666666
2009-12-03,88.0,78.93333333333334
2009-12-04,36.0,78.0
2009-12-05,65.0,78.23333333333333
2009-12-06,105.0,79.7
2009-12-07,112.0,81.13333333333334
2009-12-08,107.0,82.26666666666667
2009-12-09,109.0,83.76666666666667
2009-12-10,104.0,84.63333333333334
2009-12-11,112.0,85.93333333333334
2009-12-12,112.0,87.46666666666667
2009-12-13,114.0,88.5
2009-12-14,107.0,89.43333333333334
2009-12-15,112.0,89.96666666666667
2009-12-16,137.0,91.3
2009-12-17,172.0,93.96666666666667
2009-12-18,225.0,98.83333333333333
2009-12-19,199.0,103.06666666666666
2009-12-20,175.0,106.03333333333333
2009-12-21,176.0,109.46666666666667
2009-12-22,162.0,111.33333333333333
2009-12-23,154.0,113.26666666666667
2009-12-24,154.0,115.3
2009-12-25,150.0,117.3
2009-12-26,174.0,120.3
2009-12-27,168.0,123.43333333333334
2009-12-28,137.0,125.63333333333334
2009-12-29,171.0,129.33333333333334
2009-12-30,141.0,131.53333333333333
2009-12-31,138.0,133.66666666666666
2010-01-01,133.0,134.96666666666667
2010-01-02,127.0,136.26666666666668
2010-01-03,186.0,141.26666666666668
2010-01-04,183.0,145.2
2010-01-05,198.0,148.3
2010-01-06,163.0,150.0
2010-01-07,154.0,151.56666666666666
2010-01-08,153.0,153.03333333333333
2010-01-09,151.0,154.6
2010-01-10,190.0,157.2
2010-01-11,159.0,158.76666666666668
2010-01-12,161.0,160.33333333333334
2010-01-13,166.0,162.3
2010-01-14,145.0,163.4
2010-01-15,142.0,163.56666666666666
2010-01-16,126.0,162.03333333333333
2010-01-17,131.0,158.9
2010-01-18,126.0,156.46666666666667
2010-01-19,124.0,154.76666666666668
2010-01-20,158.0,154.16666666666666
2010-01-21,184.0,154.9
2010-01-22,136.0,154.3
2010-01-23,162.0,154.56666666666666
2010-01-24,155.0,154.73333333333332
2010-01-25,215.0,156.1
2010-01-26,201.0,157.2
2010-01-27,166.0,158.16666666666666
2010-01-28,179.0,158.43333333333334
2010-01-29,201.0,160.43333333333334
2010-01-30,214.0,162.96666666666667
2010-01-31,167.0,164.1
2010-02-01,193.0,166.3
2010-02-02,146.0,164.96666666666667
2010-02-03,272.0,167.93333333333334
2010-02-04,234.0,169.13333333333333
2010-02-05,227.0,171.26666666666668
2010-02-06,206.0,173.0
2010-02-07,222.0,175.3
2010-02-08,208.0,177.2
2010-02-09,210.0,177.86666666666667
2010-02-10,173.0,178.33333333333334
2010-02-11,174.0,178.76666666666668
2010-02-12,188.0,179.5
2010-02-13,235.0,182.5
2010-02-14,219.0,185.06666666666666
2010-02-15,185.0,187.03333333333333
2010-02-16,201.0,189.36666666666667
2010-02-17,250.0,193.5
2010-02-18,215.0,196.53333333333333
2010-02-19,195.0,197.76666666666668
2010-02-20,210.0,198.63333333333333
2010-02-21,227.0,201.66666666666666
2010-02-22,265.0,205.1
2010-02-23,251.0,208.3
2010-02-24,177.0,207.03333333333333
2010-02-25,158.0,205.6
2010-02-26,176.0,205.93333333333334
2010-02-27,175.0,205.8
2010-02-28,159.0,204.4
2010-03-01,199.0,203.9
2010-03-02,193.0,204.76666666666668
2010-03-03,158.0,203.6
2010-03-04,188.0,205.0
2010-03-05,173.0,201.7
2010-03-06,183.0,200.0
2010-03-07,183.0,198.53333333333333
2010-03-08,130.0,196.0
2010-03-09,148.0,193.53333333333333
2010-03-10,169.0,192.23333333333332
2010-03-11,136.0,189.76666666666668
2010-03-12,123.0,188.1
2010-03-13,154.0,187.43333333333334
2010-03-14,127.0,185.4
2010-03-15,140.0,182.23333333333332
2010-03-16,129.0,179.23333333333332
2010-03-17,139.0,177.7
2010-03-18,149.0,175.96666666666667
2010-03-19,162.0,173.03333333333333
2010-03-20,204.0,172.66666666666666
2010-03-21,190.0,172.5
2010-03-22,186.0,171.7
2010-03-23,220.0,171.46666666666667
2010-03-24,182.0,168.7
2010-03-25,202.0,167.06666666666666
2010-03-26,213.0,168.26666666666668
2010-03-27,184.0,169.13333333333333
2010-03-28,192.0,169.66666666666666
2010-03-29,207.0,170.73333333333332
2010-03-30,221.0,172.8
2010-03-31,214.0,173.3
2010-04-01,179.0,172.83333333333334
2010-04-02,161.0,172.93333333333334
2010-04-03,166.0,172.2
2010-04-04,183.0,172.53333333333333
2010-04-05,181.0,172.46666666666667
2010-04-06,174.0,172.16666666666666
2010-04-07,204.0,174.63333333333333
2010-04-08,195.0,176.2
2010-04-09,224.0,178.03333333333333
2010-04-10,298.0,183.43333333333334
2010-04-11,265.0,188.16666666666666
2010-04-12,247.0,191.26666666666668
2010-04-13,209.0,194.0
2010-04-14,223.0,196.76666666666668
2010-04-15,290.0,202.13333333333333
2010-04-16,234.0,205.3
2010-04-17,250.0,208.66666666666666
2010-04-18,3351.0,314.96666666666664
2010-04-19,276.0,317.3666666666667
2010-04-20,243.0,319.1333333333333
2010-04-21,251.0,321.3
2010-04-22,199.0,320.6
2010-04-23,200.0,321.2
2010-04-24,202.0,321.2
2010-04-25,205.0,320.93333333333334
2010-04-26,211.0,321.8333333333333
2010-04-27,233.0,323.2
2010-04-28,227.0,323.8666666666667
2010-04-29,180.0,322.5
2010-04-30,170.0,321.03333333333336
2010-05-01,210.0,322.06666666666666
2010-05-02,180.0,322.7
2010-05-03,188.0,323.43333333333334
2010-05-04,177.0,323.23333333333335
2010-05-05,162.0,322.6
2010-05-06,177.0,322.7
2010-05-07,158.0,321.1666666666667
2010-05-08,182.0,320.73333333333335
2010-05-09,183.0,319.3666666666667
2010-05-10,157.0,314.6666666666667
2010-05-11,131.0,310.2
2010-05-12,158.0,307.23333333333335
2010-05-13,167.0,305.8333333333333
2010-05-14,153.0,303.5
2010-05-15,113.0,297.6
2010-05-16,134.0,294.26666666666665
2010-05-17,177.0,291.8333333333333
2010-05-18,223.0,187.56666666666666
2010-05-19,207.0,185.26666666666668
2010-05-20,237.0,185.06666666666666
2010-05-21,235.0,184.53333333333333
2010-05-22,226.0,185.43333333333334
2010-05-23,309.0,189.06666666666666
2010-05-24,250.0,190.66666666666666
2010-05-25,254.0,192.3
2010-05-26,287.0,194.83333333333334
2010-05-27,267.0,195.96666666666667
2010-05-28,277.0,197.63333333333333
2010-05-29,239.0,199.6
2010-05-30,200.0,200.6
2010-05-31,194.0,200.06666666666666
2010-06-01,183.0,200.16666666666666
2010-06-02,194.0,200.36666666666667
2010-06-03,235.0,202.3
2010-06-04,173.0,202.66666666666666
2010-06-05,190.0,203.1
2010-06-06,200.0,204.5
2010-06-07,209.0,205.4
2010-06-08,223.0,206.73333333333332
2010-06-09,220.0,208.83333333333334
2010-06-10,217.0,211.7
2010-06-11,247.0,214.66666666666666
2010-06-12,213.0,216.2
2010-06-13,238.0,219.03333333333333
2010-06-14,258.0,223.86666666666667
2010-06-15,269.0,228.36666666666667
2010-06-16,192.0,228.86666666666667
2010-06-17,204.0,228.23333333333332
2010-06-18,193.0,227.76666666666668
2010-06-19,214.0,227.0
2010-06-20,228.0,226.76666666666668
2010-06-21,242.0,227.3
2010-06-22,227.0,224.56666666666666
2010-06-23,257.0,224.8
2010-06-24,240.0,224.33333333333334
2010-06-25,210.0,221.76666666666668
2010-06-26,201.0,219.56666666666666
2010-06-27,234.0,218.13333333333333
2010-06-28,230.0,217.83333333333334
2010-06-29,264.0,219.96666666666667
2010-06-30,273.0,222.6
2010-07-01,283.0,225.93333333333334
2010-07-02,242.0,227.53333333333333
2010-07-03,286.0,229.23333333333332
2010-07-04,224.0,230.93333333333334
2010-07-05,251.0,232.96666666666667
2010-07-06,209.0,233.26666666666668
2010-07-07,218.0,233.56666666666666
2010-07-08,223.0,233.56666666666666
2010-07-09,268.0,235.16666666666666
2010-07-10,240.0,235.93333333333334
2010-07-11,353.0,239.46666666666667
2010-07-12,2300.0,309.03333333333336
2010-07-13,1479.0,350.4
2010-07-14,6132.0,546.2
2010-07-15,1329.0,581.5333333333333
2010-07-16,1182.0,614.5333333333333
2010-07-17,408.0,621.3333333333334
2010-07-18,420.0,628.9
2010-07-19,528.0,639.3666666666667
2010-07-20,594.0,651.5666666666667
2010-07-21,463.0,658.9333333333333
2010-07-22,397.0,664.6
2010-07-23,411.0,669.7333333333333
2010-07-24,894.0,691.5333333333333
2010-07-25,1823.0,745.3
2010-07-26,467.0,754.1666666666666
2010-07-27,426.0,760.5666666666667
2010-07-28,1951.0,817.9333333333333
2010-07-29,1867.0,871.3666666666667
2010-07-30,325.0,873.1
2010-07-31,295.0,873.5
2010-08-01,364.0,877.5666666666667
2010-08-02,398.0,881.3
2010-08-03,648.0,895.4333333333333
2010-08-04,439.0,901.7
2010-08-05,515.0,911.9
2010-08-06,359.0,916.6
2010-08-07,273.0,918.2666666666667
2010-08-08,391.0,922.3666666666667
2010-08-09,424.0,928.5
2010-08-10,340.0,928.0666666666667
2010-08-11,412.0,865.1333333333333
2010-08-12,392.0,828.9
2010-08-13,516.0,641.7
2010-08-14,434.0,611.8666666666667
2010-08-15,315.0,582.9666666666667
2010-08-16,453.0,584.4666666666667
2010-08-17,318.0,581.0666666666667
2010-08-18,377.0,576.0333333333333
2010-08-19,325.0,567.0666666666667
2010-08-20,423.0,565.7333333333333
2010-08-21,342.0,563.9
2010-08-22,366.0,562.4
2010-08-23,369.0,544.9
2010-08-24,379.0,496.76666666666665
2010-08-25,365.0,493.3666666666667
2010-08-26,368.0,491.43333333333334
2010-08-27,294.0,436.2
2010-08-28,339.0,385.26666666666665
2010-08-29,260.0,383.1
2010-08-30,329.0,384.23333333333335
2010-08-31,441.0,386.8
2010-09-01,380.0,386.2
2010-09-02,321.0,375.3
2010-09-03,319.0,371.3
2010-09-04,274.0,363.26666666666665
2010-09-05,311.0,361.6666666666667
2010-09-06,278.0,361.8333333333333
2010-09-07,282.0,358.2
2010-09-08,339.0,355.3666666666667
2010-09-09,324.0,354.8333333333333
2010-09-10,360.0,353.1
2010-09-11,305.0,350.2
2010-09-12,379.0,345.6333333333333
2010-09-13,436.0,345.7
2010-09-14,424.0,349.3333333333333
2010-09-15,430.0,348.56666666666666
2010-09-16,438.0,352.56666666666666
2010-09-17,361.0,352.03333333333336
2010-09-18,399.0,354.5
2010-09-19,355.0,352.23333333333335
2010-09-20,465.0,356.3333333333333
2010-09-21,810.0,371.1333333333333
2010-09-22,673.0,381.26666666666665
2010-09-23,655.0,390.46666666666664
2010-09-24,501.0,395.0
2010-09-25,532.0,400.46666666666664
2010-09-26,400.0,404.0
2010-09-27,603.0,412.8
2010-09-28,491.0,420.5
2010-09-29,975.0,442.03333333333336
2010-09-30,365.0,439.5
2010-10-01,584.0,446.3
2010-10-02,501.0,452.3
2010-10-03,377.0,454.23333333333335
2010-10-04,407.0,458.6666666666667
2010-10-05,371.0,460.6666666666667
2010-10-06,407.0,464.96666666666664
2010-10-07,340.0,466.9
2010-10-08,363.0,467.7
2010-10-09,401.0,470.26666666666665
2010-10-10,363.0,470.3666666666667
2010-10-11,342.0,471.6
2010-10-12,352.0,470.7
2010-10-13,364.0,468.3
2010-10-14,367.0,466.4
2010-10-15,328.0,463.0
2010-10-16,441.0,463.1
2010-10-17,457.0,466.3
2010-10-18,579.0,472.3
2010-10-19,924.0,491.26666666666665
2010-10-20,713.0,499.53333333333336
2010-10-21,552.0,490.93333333333334
2010-10-22,602.0,488.56666666666666
2010-10-23,517.0,483.96666666666664
2010-10-24,552.0,485.6666666666667
2010-10-25,410.0,481.6
2010-10-26,518.0,485.53333333333336
2010-10-27,568.0,484.3666666666667
2010-10-28,486.0,484.2
2010-10-29,467.0,467.26666666666665
2010-10-30,426.0,469.3
2010-10-31,307.0,460.06666666666666
2010-11-01,351.0,455.06666666666666
2010-11-02,286.0,452.03333333333336
2010-11-03,347.0,450.03333333333336
2010-11-04,342.0,449.06666666666666
2010-11-05,442.0,450.23333333333335
2010-11-06,394.0,452.03333333333336
2010-11-07,451.0,454.96666666666664
2010-11-08,515.0,458.76666666666665
2010-11-09,409.0,460.3
2010-11-10,397.0,462.1333333333333
2010-11-11,395.0,463.56666666666666
2010-11-12,286.0,460.96666666666664
2010-11-13,343.0,460.1666666666667
2010-11-14,416.0,463.1
2010-11-15,4871.0,610.7666666666667
2010-11-16,9105.0,899.0333333333333
2010-11-17,435.0,894.2333333333333
2010-11-18,1494.0,913.2333333333333
2010-11-19,9632.0,1210.5333333333333
2010-11-20,9731.0,1516.5
2010-11-21,10044.0,1831.2333333333333
2010-11-22,343.0,1825.4333333333334
2010-11-23,341.0,1818.4
2010-11-24,3936.0,1935.9333333333334
2010-11-25,4983.0,2084.766666666667
2010-11-26,1314.0,2109.633333333333
2010-11-27,445.0,2108.266666666667
2010-11-28,454.0,2107.8333333333335
2010-11-29,454.0,2108.766666666667
2010-11-30,454.0,2113.6666666666665
2010-12-01,512.0,2119.0333333333333
2010-12-02,460.0,2124.8333333333335
2010-12-03,384.0,2126.0666666666666
2010-12-04,418.0,2128.6
2010-12-05,434.0,2128.3333333333335
2010-12-06,465.0,2130.7
2010-12-07,573.0,2134.766666666667
2010-12-08,523.0,2135.0333333333333
2010-12-09,486.0,2137.6
2010-12-10,373.0,2136.8
2010-12-11,550.0,2141.9666666666667
2010-12-12,643.0,2153.866666666667
2010-12-13,646.0,2163.9666666666667
2010-12-14,637.0,2171.3333333333335
2010-12-15,658.0,2030.9
2010-12-16,531.0,1745.1
2010-12-17,462.0,1746.0
2010-12-18,499.0,1712.8333333333333
2010-12-19,551.0,1410.1333333333334
2010-12-20,932.0,1116.8333333333333
2010-12-21,630.0,803.0333333333333
2010-12-22,659.0,813.5666666666667
2010-12-23,519.0,819.5
2010-12-24,531.0,706.0
2010-12-25,634.0,561.0333333333333
2010-12-26,584.0,536.7
2010-12-27,526.0,539.4
2010-12-28,661.0,546.3
2010-12-29,513.0,548.2666666666667
2010-12-30,593.0,552.9
2010-12-31,555.0,554.3333333333334
2011-01-01,659.0,560.9666666666667
2011-01-02,569.0,567.1333333333333
2011-01-03,1128.0,590.8
2011-01-04,979.0,608.9666666666667
2011-01-05,1310.0,637.1333333333333
2011-01-06,694.0,641.1666666666666
2011-01-07,1020.0,657.7333333333333
2011-01-08,1436.0,689.4
2011-01-09,1223.0,717.7333333333333
2011-01-10,1312.0,743.1333333333333
2011-01-11,1362.0,767.1
2011-01-12,1162.0,784.3
2011-01-13,1266.0,805.2666666666667
2011-01-14,1262.0,825.4
2011-01-15,962.0,839.7666666666667
2011-01-16,931.0,855.4
2011-01-17,830.0,866.4333333333333
2011-01-18,818.0,875.3333333333334
2011-01-19,917.0,874.8333333333334
2011-01-20,924.0,884.6333333333333
2011-01-21,1166.0,901.5333333333333
2011-01-22,1422.0,931.6333333333333
2011-01-23,1081.0,949.9666666666667
2011-01-24,1319.0,972.8
2011-01-25,889.0,982.9666666666667
2011-01-26,1005.0,998.9333333333333
2011-01-27,841.0,1004.9333333333333
2011-01-28,1081.0,1023.8666666666667
2011-01-29,1347.0,1049.0
2011-01-30,2592.0,1116.9
2011-01-31,1393.0,1141.3666666666666
2011-02-01,1013.0,1156.1666666666667
2011-02-02,896.0,1148.4333333333334
2011-02-03,789.0,1142.1
2011-02-04,954.0,1130.2333333333333
2011-02-05,832.0,1134.8333333333333
2011-02-06,909.0,1131.1333333333334
2011-02-07,892.0,1113.0
2011-02-08,846.0,1100.4333333333334
2011-02-09,1227.0,1097.6
2011-02-10,2034.0,1120.0
2011-02-11,2355.0,1159.7666666666667
2011-02-12,1912.0,1181.3
2011-02-13,1822.0,1199.9666666666667
2011-02-14,2006.0,1234.7666666666667
2011-02-15,2224.0,1277.8666666666666
2011-02-16,2090.0,1319.8666666666666
2011-02-17,2250.0,1367.6
2011-02-18,2056.0,1405.5666666666666
2011-02-19,1583.0,1427.5333333333333
2011-02-20,1939.0,1453.3
2011-02-21,1970.0,1471.5666666666666
2011-02-22,2196.0,1508.7333333333333
2011-02-23,2263.0,1540.2
2011-02-24,2109.0,1580.8666666666666
2011-02-25,2060.0,1616.0333333333333
2011-02-26,1952.0,1653.0666666666666
2011-02-27,2269.0,1692.6666666666667
2011-02-28,1720.0,1705.1
2011-03-01,2729.0,1709.6666666666667
2011-03-02,2009.0,1730.2
2011-03-03,3204.0,1803.2333333333333
2011-03-04,1982.0,1839.4333333333334
2011-03-05,2048.0,1881.4
2011-03-06,2031.0,1917.3
2011-03-07,1926.0,1953.7666666666667
2011-03-08,2440.0,2004.8
2011-03-09,1834.0,2036.2
2011-03-10,1661.0,2063.366666666667
2011-03-11,1884.0,2085.266666666667
2011-03-12,2956.0,2116.0
2011-03-13,2711.0,2127.866666666667
2011-03-14,2643.0,2152.233333333333
2011-03-15,2854.0,2186.633333333333
2011-03-16,3183.0,2225.866666666667
2011-03-17,3367.0,2263.9666666666667
2011-03-18,2371.0,2273.3333333333335
2011-03-19,3189.0,2304.633333333333
2011-03-20,4076.0,2371.9666666666667
2011-03-21,5855.0,2514.366666666667
2011-03-22,2238.0,2524.3333333333335
2011-03-23,4570.0,2611.0
2011-03-24,2164.0,2609.9333333333334
2011-03-25,1999.0,2601.133333333333
2011-03-26,3335.0,2642.0
2011-03-27,2463.0,2655.4333333333334
2011-03-28,2931.0,2688.0666666666666
2011-03-29,2718.0,2703.0333333333333
2011-03-30,1756.0,2704.233333333333
2011-03-31,2095.0,2683.1
2011-04-01,1579.0,2668.766666666667
2011-04-02,1772.0,2621.0333333333333
2011-04-03,1805.0,2615.133333333333
2011-04-04,2309.0,2623.8333333333335
2011-04-05,2119.0,2626.766666666667
2011-04-06,1864.0,2624.7
2011-04-07,1677.0,2599.266666666667
2011-04-08,1767.0,2597.0333333333333
2011-04-09,1733.0,2599.4333333333334
2011-04-10,1744.0,2594.766666666667
2011-04-11,1943.0,2561.0
2011-04-12,2077.0,2539.866666666667
2011-04-13,2371.0,2530.8
2011-04-14,2881.0,2531.7
2011-04-15,2018.0,2492.866666666667
2011-04-16,2154.0,2452.4333333333334
2011-04-17,2257.0,2448.633333333333
2011-04-18,3035.0,2443.5
2011-04-19,3598.0,2427.5666666666666
2011-04-20,2969.0,2331.366666666667
2011-04-21,1915.0,2320.6
2011-04-22,2097.0,2238.1666666666665
2011-04-23,2310.0,2243.0333333333333
2011-04-24,2273.0,2252.1666666666665
2011-04-25,2592.0,2227.4
2011-04-26,3455.0,2260.4666666666667
2011-04-27,4580.0,2315.4333333333334
2011-04-28,3035.0,2326.0
2011-04-29,3534.0,2385.266666666667
2011-04-30,4473.0,2464.5333333333333
2011-05-01,3949.0,2543.5333333333333
2011-05-02,3095.0,2587.633333333333
2011-05-03,2935.0,2625.3
2011-05-04,2800.0,2641.6666666666665
2011-05-05,3464.0,2686.5
2011-05-06,3290.0,2734.0333333333333
2011-05-07,3887.0,2807.7
2011-05-08,2898.0,2845.4
2011-05-09,3516.0,2904.8333333333335
2011-05-10,3151.0,2951.733333333333
2011-05-11,3090.0,2989.9666666666667
2011-05-12,3361.0,3032.766666666667
2011-05-13,4064.0,3089.2
2011-05-14,4414.0,3140.3
2011-05-15,3770.0,3198.7
2011-05-16,4349.0,3271.866666666667
2011-05-17,4464.0,3345.4333333333334
2011-05-18,5581.0,3430.3
2011-05-19,4663.0,3465.8
2011-05-20,4795.0,3526.6666666666665
2011-05-21,4964.0,3628.3
2011-05-22,5282.0,3734.4666666666667
2011-05-23,5745.0,3848.9666666666667
2011-05-24,5865.0,3968.7
2011-05-25,6258.0,4090.9
2011-05-26,6967.0,4207.966666666666
2011-05-27,4853.0,4217.066666666667
2011-05-28,5013.0,4283.0
2011-05-29,4753.0,4323.633333333333
2011-05-30,5337.0,4352.433333333333
2011-05-31,6063.0,4422.9
2011-06-01,6540.0,4537.733333333334
2011-06-02,7136.0,4677.766666666666
2011-06-03,8441.0,4865.8
2011-06-04,8811.0,5044.033333333334
2011-06-05,8592.0,5220.766666666666
2011-06-06,9703.0,5414.633333333333
2011-06-07,9002.0,5618.1
2011-06-08,11815.0,5894.733333333334
2011-06-09,12176.0,6195.566666666667
2011-06-10,11269.0,6468.2
2011-06-11,10897.0,6719.4
2011-06-12,12440.0,6998.6
2011-06-13,11246.0,7226.333333333333
2011-06-14,14158.0,7572.6
2011-06-15,12605.0,7847.8
2011-06-16,12746.0,8123.866666666667
2011-06-17,11296.0,8314.366666666667
2011-06-18,11563.0,8544.366666666667
2011-06-19,11472.0,8766.933333333332
2011-06-20,11225.0,8975.633333333333
2011-06-21,9704.0,9123.033333333333
2011-06-22,11519.0,9315.5
2011-06-23,10418.0,9467.266666666666
2011-06-24,10922.0,9622.733333333334
2011-06-25,9693.0,9713.6
2011-06-26,9985.0,9884.666666666666
2011-06-27,11751.0,10109.266666666666
2011-06-28,10719.0,10308.133333333333
2011-06-29,10002.0,10463.633333333333
2011-06-30,9636.0,10582.733333333334
2011-07-01,10603.0,10718.166666666666
2011-07-02,8018.0,10747.566666666668
2011-07-03,8364.0,10745.0
2011-07-04,9604.0,10771.433333333332
2011-07-05,8965.0,10783.866666666667
2011-07-06,10519.0,10811.066666666668
2011-07-07,9180.0,10817.0
2011-07-08,8528.0,10707.433333333332
2011-07-09,7851.0,10563.266666666666
2011-07-10,8392.0,10467.366666666667
2011-07-11,10523.0,10454.9
2011-07-12,8147.0,10311.8
2011-07-13,9193.0,10243.366666666667
2011-07-14,8716.0,10061.966666666667
2011-07-15,8148.0,9913.4
2011-07-16,8726.0,9779.4
2011-07-17,8379.0,9682.166666666666
2011-07-18,8976.0,9595.933333333332
2011-07-19,9185.0,9519.7
2011-07-20,8863.0,9440.966666666667
2011-07-21,8163.0,9389.6
2011-07-22,8991.0,9305.333333333334
2011-07-23,7415.0,9205.233333333334
2011-07-24,8219.0,9115.133333333333
2011-07-25,9485.0,9108.2
2011-07-26,8370.0,9054.366666666667
2011-07-27,7995.0,8929.166666666666
2011-07-28,8119.0,8842.5
2011-07-29,7315.0,8752.933333333332
2011-07-30,6209.0,8638.7
2011-07-31,8099.0,8555.233333333334
2011-08-01,8195.0,8561.133333333333
2011-08-02,8817.0,8576.233333333334
2011-08-03,7737.0,8514.0
2011-08-04,8307.0,8492.066666666668
2011-08-05,7360.0,8386.766666666666
2011-08-06,6834.0,8308.566666666668
2011-08-07,6710.0,8247.966666666667
2011-08-08,7267.0,8228.5
2011-08-09,9219.0,8256.066666666668
2011-08-10,8335.0,8183.133333333333
2011-08-11,7596.0,8164.766666666666
2011-08-12,7165.0,8097.166666666667
2011-08-13,7398.0,8053.233333333334
2011-08-14,7471.0,8030.666666666667
2011-08-15,8379.0,8019.1
2011-08-16,9640.0,8061.133333333333
2011-08-17,7722.0,8019.333333333333
2011-08-18,7415.0,7960.333333333333
2011-08-19,7614.0,7918.7
2011-08-20,7191.0,7886.3
2011-08-21,7667.0,7842.166666666667
2011-08-22,7815.0,7855.5
2011-08-23,7277.0,7824.1
2011-08-24,7367.0,7753.5
2011-08-25,7241.0,7715.866666666667
2011-08-26,7421.0,7696.733333333334
2011-08-27,6361.0,7638.133333333333
2011-08-28,5589.0,7580.6
2011-08-29,8094.0,7643.433333333333
2011-08-30,7804.0,7633.6
2011-08-31,7292.0,7603.5
2011-09-01,7203.0,7549.7
2011-09-02,7026.0,7526.0
2011-09-03,5925.0,7446.6
2011-09-04,7258.0,7443.2
2011-09-05,7039.0,7450.033333333334
2011-09-06,7830.0,7487.366666666667
2011-09-07,7090.0,7481.466666666666
2011-09-08,6497.0,7390.733333333334
2011-09-09,7376.0,7358.766666666666
2011-09-10,5993.0,7305.333333333333
2011-09-11,6443.0,7281.266666666666
2011-09-12,6575.0,7253.833333333333
2011-09-13,6519.0,7222.1
2011-09-14,6200.0,7149.466666666666
2011-09-15,6474.0,7043.933333333333
2011-09-16,6209.0,6993.5
2011-09-17,5454.0,6928.133333333333
2011-09-18,5986.0,6873.866666666667
2011-09-19,6653.0,6855.933333333333
2011-09-20,8145.0,6871.866666666667
2011-09-21,7684.0,6867.5
2011-09-22,6139.0,6829.566666666667
2011-09-23,6328.0,6794.933333333333
2011-09-24,5728.0,6744.5
2011-09-25,5722.0,6687.866666666667
2011-09-26,5639.0,6663.8
2011-09-27,6101.0,6680.866666666667
2011-09-28,6017.0,6611.633333333333
2011-09-29,5589.0,6537.8
2011-09-30,5865.0,6490.233333333334
2011-10-01,5374.0,6429.266666666666
2011-10-02,5035.0,6362.9
2011-10-03,6521.0,6382.766666666666
2011-10-04,5809.0,6334.466666666666
2011-10-05,5771.0,6292.2
2011-10-06,5912.0,6228.266666666666
2011-10-07,5674.0,6181.066666666667
2011-10-08,5402.0,6144.566666666667
2011-10-09,5457.0,6080.6
2011-10-10,5882.0,6076.9
2011-10-11,5930.0,6059.8
2011-10-12,5949.0,6038.933333333333
2011-10-13,4984.0,5987.766666666666
2011-10-14,6111.0,5984.8
2011-10-15,5579.0,5954.966666666666
2011-10-16,4981.0,5914.033333333334
2011-10-17,5781.0,5924.933333333333
2011-10-18,4863.0,5887.5
2011-10-19,5130.0,5836.733333333334
2011-10-20,4649.0,5720.2
2011-10-21,5206.0,5637.6
2011-10-22,5114.0,5603.433333333333
2011-10-23,5608.0,5579.433333333333
2011-10-24,5934.0,5586.3
2011-10-25,5226.0,5569.766666666666
2011-10-26,5272.0,5557.533333333334
2011-10-27,4677.0,5510.066666666667
2011-10-28,5118.0,5480.1
2011-10-29,5698.0,5483.733333333334
2011-10-30,4878.0,5450.833333333333
2011-10-31,5182.0,5444.433333333333
2011-11-01,5777.0,5469.166666666667
2011-11-02,5991.0,5451.5
2011-11-03,6253.0,5466.3
2011-11-04,6540.0,5491.933333333333
2011-11-05,5928.0,5492.466666666666
2011-11-06,5034.0,5471.133333333333
2011-11-07,5496.0,5474.266666666666
2011-11-08,5994.0,5492.166666666667
2011-11-09,6448.0,5511.033333333334
2011-11-10,6541.0,5531.4
2011-11-11,4733.0,5490.866666666667
2011-11-12,5487.0,5507.633333333333
2011-11-13,5374.0,5483.066666666667
2011-11-14,5908.0,5494.033333333334
2011-11-15,6106.0,5531.533333333334
2011-11-16,6048.0,5540.433333333333
2011-11-17,4959.0,5543.633333333333
2011-11-18,5169.0,5544.933333333333
2011-11-19,4724.0,5547.433333333333
2011-11-20,5125.0,5544.733333333334
2011-11-21,4770.0,5533.266666666666
2011-11-22,5491.0,5529.366666666667
2011-11-23,5598.0,5518.166666666667
2011-11-24,5018.0,5511.233333333334
2011-11-25,5486.0,5518.366666666667
2011-11-26,4752.0,5520.866666666667
2011-11-27,5061.0,5518.966666666666
2011-11-28,5930.0,5526.7
2011-11-29,6431.0,5578.466666666666
2011-11-30,6840.0,5633.733333333334
2011-12-01,6352.0,5652.9
2011-12-02,6318.0,5663.8
2011-12-03,5631.0,5643.066666666667
2011-12-04,5385.0,5604.566666666667
2011-12-05,6237.0,5614.866666666667
2011-12-06,7978.0,5713.0
2011-12-07,6135.0,5734.3
2011-12-08,5820.0,5728.5
2011-12-09,5588.0,5699.833333333333
2011-12-10,5678.0,5671.066666666667
2011-12-11,5261.0,5688.666666666667
2011-12-12,4862.0,5667.833333333333
2011-12-13,5406.0,5668.9
2011-12-14,5692.0,5661.7
2011-12-15,4850.0,5619.833333333333
2011-12-16,5334.0,5596.033333333334
2011-12-17,4823.0,5591.5
2011-12-18,4632.0,5573.6
2011-12-19,5844.0,5610.933333333333
2011-12-20,6295.0,5649.933333333333
2011-12-21,5577.0,5676.833333333333
2011-12-22,5859.0,5689.1
2011-12-23,5682.0,5691.9
2011-12-24,4658.0,5679.9
2011-12-25,5286.0,5673.233333333334
2011-12-26,5641.0,5702.866666666667
2011-12-27,5211.0,5707.866666666667
2011-12-28,5000.0,5676.866666666667
2011-12-29,5212.0,5636.233333333334
2011-12-30,5051.0,5576.6
2011-12-31,5137.0,5536.1
2012-01-01,5001.0,5492.2
2012-01-02,5410.0,5484.833333333333
2012-01-03,5773.0,5497.766666666666
2012-01-04,5731.0,5480.9
2012-01-05,6994.0,5448.1
2012-01-06,6644.0,5465.066666666667
2012-01-07,5905.0,5467.9
2012-01-08,6404.0,5495.1
2012-01-09,6112.0,5509.566666666667
2012-01-10,6677.0,5556.766666666666
2012-01-11,7139.0,5632.666666666667
2012-01-12,6696.0,5675.666666666667
2012-01-13,6847.0,5714.166666666667
2012-01-14,6807.0,5779.4
2012-01-15,6312.0,5812.0
2012-01-16,6965.0,5883.4
2012-01-17,6761.0,5954.366666666667
2012-01-18,6647.0,5981.133333333333
2012-01-19,6902.0,6001.366666666667
2012-01-20,6780.0,6041.466666666666
2012-01-21,6366.0,6058.366666666667
2012-01-22,5325.0,6046.466666666666
2012-01-23,6100.0,6094.533333333334
2012-01-24,7268.0,6160.6
2012-01-25,7961.0,6237.933333333333
2012-01-26,6598.0,6284.166666666667
2012-01-27,6337.0,6328.733333333334
2012-01-28,5910.0,6352.0
2012-01-29,6426.0,6397.833333333333
2012-01-30,6153.0,6431.7
2012-01-31,6925.0,6495.833333333333
2012-02-01,6502.0,6532.233333333334
2012-02-02,7164.0,6578.6
2012-02-03,7050.0,6622.566666666667
2012-02-04,7237.0,6630.666666666667
2012-02-05,6774.0,6635.0
2012-02-06,6136.0,6642.7
2012-02-07,7012.0,6662.966666666666
2012-02-08,7024.0,6693.366666666667
2012-02-09,7488.0,6720.4
2012-02-10,8456.0,6764.3
2012-02-11,7679.0,6797.066666666667
2012-02-12,7030.0,6803.166666666667
2012-02-13,7992.0,6842.666666666667
2012-02-14,9489.0,6948.566666666667
2012-02-15,9337.0,7027.633333333333
2012-02-16,9537.0,7120.166666666667
2012-02-17,6778.0,7124.533333333334
2012-02-18,6516.0,7111.666666666667
2012-02-19,5958.0,7084.266666666666
2012-02-20,6339.0,7083.366666666667
2012-02-21,6420.0,7119.866666666667
2012-02-22,7194.0,7156.333333333333
2012-02-23,8014.0,7181.2
2012-02-24,6930.0,7146.833333333333
2012-02-25,6306.0,7137.1
2012-02-26,5821.0,7119.9
2012-02-27,6735.0,7147.4
2012-02-28,6725.0,7157.366666666667
2012-02-29,6719.0,7176.233333333334
2012-03-01,6811.0,7172.433333333333
2012-03-02,7645.0,7210.533333333334
2012-03-03,5187.0,7144.633333333333
2012-03-04,6591.0,7129.333333333333
2012-03-05,6979.0,7120.733333333334
2012-03-06,6368.0,7107.2
2012-03-07,6635.0,7123.833333333333
2012-03-08,6637.0,7111.333333333333
2012-03-09,6502.0,7093.933333333333
2012-03-10,5370.0,7023.333333333333
2012-03-11,5223.0,6915.566666666667
2012-03-12,6141.0,6864.3
2012-03-13,7395.0,6876.466666666666
2012-03-14,6895.0,6839.9
2012-03-15,6284.0,6733.066666666667
2012-03-16,6935.0,6653.0
2012-03-17,6876.0,6564.3
2012-03-18,6039.0,6539.666666666667
2012-03-19,6652.0,6544.2
2012-03-20,6834.0,6573.4
2012-03-21,7000.0,6595.433333333333
2012-03-22,6587.0,6601.0
2012-03-23,6156.0,6566.4
2012-03-24,6371.0,6511.633333333333
2012-03-25,6216.0,6487.833333333333
2012-03-26,6619.0,6498.266666666666
2012-03-27,6666.0,6526.433333333333
2012-03-28,7239.0,6543.233333333334
2012-03-29,7518.0,6569.666666666667
2012-03-30,6828.0,6573.3
2012-03-31,6192.0,6552.666666666667
2012-04-01,5563.0,6483.266666666666
2012-04-02,6472.0,6526.1
2012-04-03,7739.0,6564.366666666667
2012-04-04,7143.0,6569.833333333333
2012-04-05,7028.0,6591.833333333333
2012-04-06,6699.0,6593.966666666666
2012-04-07,6080.0,6575.4
2012-04-08,5915.0,6555.833333333333
2012-04-09,6617.0,6597.4
2012-04-10,8468.0,6705.566666666667
2012-04-11,7858.0,6762.8
2012-04-12,8290.0,6792.633333333333
2012-04-13,7223.0,6803.566666666667
2012-04-14,7845.0,6855.6
2012-04-15,7371.0,6870.133333333333
2012-04-16,8577.0,6926.833333333333
2012-04-17,7805.0,6985.7
2012-04-18,8580.0,7049.966666666666
2012-04-19,7900.0,7085.5
2012-04-20,8285.0,7128.333333333333
2012-04-21,7201.0,7148.8
2012-04-22,6354.0,7155.4
2012-04-23,7104.0,7179.833333333333
2012-04-24,7660.0,7227.966666666666
2012-04-25,7557.0,7259.233333333334
2012-04-26,10099.0,7373.666666666667
2012-04-27,7195.0,7372.2
2012-04-28,7427.0,7369.166666666667
2012-04-29,7729.0,7399.2
2012-04-30,9413.0,7506.566666666667
2012-05-01,10208.0,7661.4
2012-05-02,9978.0,7778.266666666666
2012-05-03,14002.0,7987.033333333334
2012-05-04,14098.0,8218.866666666667
2012-05-05,12998.0,8417.866666666667
2012-05-06,11150.0,8566.233333333334
2012-05-07,18247.0,8971.8
2012-05-08,17719.0,9365.266666666666
2012-05-09,17245.0,9719.533333333333
2012-05-10,11782.0,9830.0
2012-05-11,19061.0,10203.433333333332
2012-05-12,18326.0,10537.966666666667
2012-05-13,14737.0,10788.433333333332
2012-05-14,28349.0,11471.9
2012-05-15,22235.0,11967.366666666667
2012-05-16,18078.0,12284.066666666668
2012-05-17,16935.0,12588.4
2012-05-18,24481.0,13118.433333333332
2012-05-19,35404.0,14035.233333333334
2012-05-20,31460.0,14807.733333333334
2012-05-21,31604.0,15621.166666666666
2012-05-22,23480.0,16192.033333333333
2012-05-23,27432.0,16869.633333333335
2012-05-24,26589.0,17500.6
2012-05-25,28999.0,18215.333333333332
2012-05-26,23279.0,18654.666666666668
2012-05-27,26447.0,19296.4
2012-05-28,29888.0,20045.1
2012-05-29,29816.0,20781.333333333332
2012-05-30,25580.0,21320.233333333334
2012-05-31,21013.0,21680.4
2012-06-01,27069.0,22250.1
2012-06-02,12800.0,22210.033333333333
2012-06-03,33601.0,22860.133333333335
2012-06-04,45938.0,23958.133333333335
2012-06-05,44364.0,25065.266666666666
2012-06-06,15937.0,24988.266666666666
2012-06-07,33203.0,25504.4
2012-06-08,23897.0,25726.133333333335
2012-06-09,33050.0,26435.066666666666
2012-06-10,40721.0,27157.066666666666
2012-06-11,32531.0,27630.566666666666
2012-06-12,18243.0,27747.433333333334
2012-06-13,56794.0,28695.6
2012-06-14,61938.0,30019.033333333333
2012-06-15,54986.0,31249.3
2012-06-16,43282.0,32127.533333333333
2012-06-17,43909.0,32775.13333333333
2012-06-18,39071.0,32897.36666666667
2012-06-19,35962.0,33047.433333333334
2012-06-20,32246.0,33068.833333333336
2012-06-21,26782.0,33178.9
2012-06-22,23565.0,33050.0
2012-06-23,22303.0,32907.13333333333
2012-06-24,22392.0,32686.9
2012-06-25,28713.0,32868.03333333333
2012-06-26,30235.0,32994.3
2012-06-27,30875.0,33027.2
2012-06-28,26522.0,32917.4
2012-06-29,22877.0,32827.3
2012-06-30,22618.0,32880.8
2012-07-01,19276.0,32621.033333333333
2012-07-02,25147.0,33032.6
2012-07-03,22667.0,32668.133333333335
2012-07-04,23164.0,31909.0
2012-07-05,21643.0,31151.633333333335
2012-07-06,23916.0,31417.6
2012-07-07,25615.0,31164.666666666668
2012-07-08,20799.0,31061.4
2012-07-09,25129.0,30797.366666666665
2012-07-10,35080.0,30609.333333333332
2012-07-11,31250.0,30566.633333333335
2012-07-12,24303.0,30768.633333333335
2012-07-13,24556.0,29694.033333333333
2012-07-14,22787.0,28389.0
2012-07-15,26345.0,27434.3
2012-07-16,31379.0,27037.533333333333
2012-07-17,35201.0,26747.266666666666
2012-07-18,32588.0,26531.166666666668
2012-07-19,31035.0,26366.933333333334
2012-07-20,36794.0,26518.533333333333
2012-07-21,34593.0,26778.9
2012-07-22,34860.0,27155.4
2012-07-23,32698.0,27501.9
2012-07-24,28369.0,27701.133333333335
2012-07-25,27327.0,27654.933333333334
2012-07-26,30707.0,27670.666666666668
2012-07-27,27155.0,27546.666666666668
2012-07-28,35230.0,27836.933333333334
2012-07-29,34483.0,28223.8
2012-07-30,34395.0,28616.366666666665
2012-07-31,41507.0,29357.4
2012-08-01,30538.0,29537.1
2012-08-02,33211.0,29888.566666666666
2012-08-03,27780.0,30042.433333333334
2012-08-04,29010.0,30288.0
2012-08-05,33283.0,30600.233333333334
2012-08-06,35400.0,30926.4
2012-08-07,29603.0,31219.866666666665
2012-08-08,40168.0,31721.166666666668
2012-08-09,29942.0,31549.9
2012-08-10,28375.0,31454.066666666666
2012-08-11,33139.0,31748.6
2012-08-12,34636.0,32084.6
2012-08-13,48872.0,32954.1
2012-08-14,34506.0,33226.13333333333
2012-08-15,52969.0,33945.8
2012-08-16,46477.0,34321.666666666664
2012-08-17,40554.0,34587.2
2012-08-18,37162.0,34791.433333333334
2012-08-19,36951.0,34796.666666666664
2012-08-20,35837.0,34838.13333333333
2012-08-21,42415.0,35089.96666666667
2012-08-22,37874.0,35262.5
2012-08-23,31818.0,35377.46666666667
2012-08-24,32275.0,35542.4
2012-08-25,33439.0,35633.46666666667
2012-08-26,29520.0,35712.3
2012-08-27,33096.0,35641.166666666664
2012-08-28,29838.0,35486.333333333336
2012-08-29,34209.0,35480.13333333333
2012-08-30,33914.0,35227.03333333333
2012-08-31,40624.0,35563.23333333333
2012-09-01,40774.0,35815.333333333336
2012-09-02,33588.0,36008.933333333334
2012-09-03,38238.0,36316.53333333333
2012-09-04,39946.0,36538.63333333333
2012-09-05,41135.0,36729.8
2012-09-06,42790.0,37169.36666666667
2012-09-07,33483.0,36946.53333333333
2012-09-08,31173.0,36987.566666666666
2012-09-09,31464.0,37090.53333333333
2012-09-10,33632.0,37106.96666666667
2012-09-11,38225.0,37226.6
2012-09-12,28096.0,36534.066666666666
2012-09-13,29025.0,36351.36666666667
2012-09-14,36118.0,35789.666666666664
2012-09-15,27248.0,35148.7
2012-09-16,28415.0,34744.066666666666
2012-09-17,24446.0,34320.2
2012-09-18,32821.0,34182.53333333333
2012-09-19,32231.0,34062.333333333336
2012-09-20,31282.0,33691.23333333333
2012-09-21,30347.0,33440.333333333336
2012-09-22,22014.0,33113.53333333333
2012-09-23,27999.0,32971.0
2012-09-24,29190.0,32829.36666666667
2012-09-25,24177.0,32651.266666666666
2012-09-26,32413.0,32628.5
2012-09-27,28347.0,32578.8
2012-09-28,32768.0,32530.766666666666
2012-09-29,23992.0,32200.033333333333
2012-09-30,20668.0,31534.833333333332
2012-10-01,24727.0,30999.933333333334
2012-10-02,32878.0,30976.266666666666
2012-10-03,26669.0,30590.633333333335
2012-10-04,31955.0,30324.266666666666
2012-10-05,37031.0,30187.466666666667
2012-10-06,32672.0,29850.2
2012-10-07,34726.0,29891.633333333335
2012-10-08,38211.0,30126.233333333334
2012-10-09,35450.0,30259.1
2012-10-10,31226.0,30178.9
2012-10-11,27684.0,29827.533333333333
2012-10-12,28693.0,29847.433333333334
2012-10-13,33090.0,29982.933333333334
2012-10-14,27414.0,29692.8
2012-10-15,30998.0,29817.8
2012-10-16,34533.0,30021.733333333334
2012-10-17,31813.0,30267.3
2012-10-18,28257.0,30115.166666666668
2012-10-19,25096.0,29877.333333333332
2012-10-20,30699.0,29857.9
2012-10-21,40833.0,30207.433333333334
2012-10-22,43154.0,30912.1
2012-10-23,32031.0,31046.5
2012-10-24,32194.0,31146.633333333335
2012-10-25,26998.0,31240.666666666668
2012-10-26,21927.0,30891.133333333335
2012-10-27,16313.0,30490.0
2012-10-28,17965.0,29996.566666666666
2012-10-29,21500.0,29913.5
2012-10-30,31058.0,30259.833333333332
2012-10-31,27444.0,30350.4
2012-11-01,23638.0,30042.4
2012-11-02,28990.0,30119.766666666666
2012-11-03,23899.0,29851.233333333334
2012-11-04,24304.0,29427.0
2012-11-05,32184.0,29410.733333333334
2012-11-06,31986.0,29319.4
2012-11-07,36480.0,29261.7
2012-11-08,32415.0,29160.533333333333
2012-11-09,25157.0,28958.233333333334
2012-11-10,27109.0,28939.066666666666
2012-11-11,23555.0,28767.8
2012-11-12,23903.0,28461.566666666666
2012-11-13,27131.0,28452.133333333335
2012-11-14,29901.0,28415.566666666666
2012-11-15,37604.0,28517.933333333334
2012-11-16,39446.0,28772.366666666665
2012-11-17,32538.0,28915.066666666666
2012-11-18,34136.0,29216.4
2012-11-19,36772.0,29418.833333333332
2012-11-20,37009.0,29291.366666666665
2012-11-21,39066.0,29155.1
2012-11-22,30900.0,29117.4
2012-11-23,32347.0,29122.5
2012-11-24,29718.0,29213.166666666668
2012-11-25,36736.0,29706.8
2012-11-26,35898.0,30359.633333333335
2012-11-27,27632.0,30681.866666666665
2012-11-28,37256.0,31207.066666666666
2012-11-29,37423.0,31419.233333333334
2012-11-30,29758.0,31496.366666666665
2012-12-01,33492.0,31824.833333333332
2012-12-02,20606.0,31545.366666666665
2012-12-03,21659.0,31470.7
2012-12-04,32356.0,31739.1
2012-12-05,33744.0,31791.1
2012-12-06,37163.0,31963.666666666668
2012-12-07,32145.0,31819.166666666668
2012-12-08,33174.0,31844.466666666667
2012-12-09,32059.0,32074.533333333333
2012-12-10,36221.0,32378.266666666666
2012-12-11,36779.0,32819.066666666666
2012-12-12,36736.0,33246.833333333336
2012-12-13,42515.0,33759.63333333333
2012-12-14,39014.0,34063.4
2012-12-15,32365.0,33888.76666666667
2012-12-16,35476.0,33756.433333333334
2012-12-17,41040.0,34039.833333333336
2012-12-18,49812.0,34562.36666666667
2012-12-19,44765.0,34828.8
2012-12-20,35922.0,34792.566666666666
2012-12-21,44580.0,34976.36666666667
2012-12-22,51258.0,35654.96666666667
2012-12-23,36738.0,35801.333333333336
2012-12-24,36111.0,36014.433333333334
2012-12-25,28743.0,35748.0
2012-12-26,36586.0,35770.933333333334
2012-12-27,43787.0,36309.433333333334
2012-12-28,47105.0,36637.73333333333
2012-12-29,38110.0,36660.63333333333
2012-12-30,45447.0,37183.6
2012-12-31,30064.0,37069.333333333336
2013-01-01,31896.0,37445.666666666664
2013-01-02,39433.0,38038.13333333333
2013-01-03,42309.0,38369.9
2013-01-04,48589.0,38864.73333333333
2013-01-05,39596.0,38945.833333333336
2013-01-06,33026.0,38975.2
2013-01-07,40288.0,39212.333333333336
2013-01-08,38624.0,39431.166666666664
2013-01-09,43190.0,39663.46666666667
2013-01-10,52539.0,40188.8
2013-01-11,52749.0,40722.566666666666
2013-01-12,45671.0,40827.76666666667
2013-01-13,49441.0,41175.333333333336
2013-01-14,44560.0,41581.833333333336
2013-01-15,45022.0,41900.03333333333
2013-01-16,53629.0,42319.666666666664
2013-01-17,48100.0,42262.6
2013-01-18,49139.0,42408.4
2013-01-19,56170.0,43083.333333333336
2013-01-20,41371.0,42976.36666666667
2013-01-21,40441.0,42615.8
2013-01-22,43752.0,42849.6
2013-01-23,46678.0,43201.833333333336
2013-01-24,46221.0,43784.433333333334
2013-01-25,48511.0,44181.933333333334
2013-01-26,52366.0,44467.9
2013-01-27,55413.0,44744.833333333336
2013-01-28,52180.0,45213.833333333336
2013-01-29,51703.0,45422.36666666667
2013-01-30,41219.0,45794.2
2013-01-31,51633.0,46452.1
2013-02-01,59382.0,47117.066666666666
2013-02-02,54465.0,47522.26666666667
2013-02-03,61164.0,47941.433333333334
2013-02-04,55005.0,48455.066666666666
2013-02-05,53420.0,49134.86666666667
2013-02-06,42555.0,49210.433333333334
2013-02-07,61237.0,49964.2
2013-02-08,60921.0,50555.23333333333
2013-02-09,57750.0,50728.933333333334
2013-02-10,56443.0,50852.066666666666
2013-02-11,57594.0,51249.5
2013-02-12,58551.0,51553.166666666664
2013-02-13,59090.0,52037.5
2013-02-14,50928.0,52234.36666666667
2013-02-15,55647.0,52301.63333333333
2013-02-16,51433.0,52412.73333333333
2013-02-17,49635.0,52429.26666666667
2013-02-18,50374.0,52236.066666666666
2013-02-19,54519.0,52674.333333333336
2013-02-20,59748.0,53317.9
2013-02-21,55916.0,53723.36666666667
2013-02-22,62171.0,54239.8
2013-02-23,57886.0,54628.63333333333
2013-02-24,57164.0,54917.066666666666
2013-02-25,67144.0,55409.666666666664
2013-02-26,63438.0,55677.166666666664
2013-02-27,60949.0,55969.46666666667
2013-02-28,63021.0,56346.73333333333
2013-03-01,64535.0,57123.933333333334
2013-03-02,55825.0,57263.666666666664
2013-03-03,54459.0,57099.566666666666
2013-03-04,64044.0,57418.86666666667
2013-03-05,56868.0,57275.666666666664
2013-03-06,62760.0,57534.166666666664
2013-03-07,66770.0,57979.166666666664
2013-03-08,55857.0,58422.566666666666
2013-03-09,55546.0,58232.86666666667
2013-03-10,73844.0,58663.63333333333
2013-03-11,59289.0,58714.933333333334
2013-03-12,48484.0,58449.63333333333
2013-03-13,56690.0,58419.5
2013-03-14,58069.0,58403.433333333334
2013-03-15,62776.0,58526.3
2013-03-16,34187.0,57968.26666666667
2013-03-17,35348.0,57291.63333333333
2013-03-18,43485.0,57026.7
2013-03-19,46108.0,56909.13333333333
2013-03-20,46276.0,56772.53333333333
2013-03-21,55564.0,56807.36666666667
2013-03-22,60584.0,56835.23333333333
2013-03-23,52914.0,56735.166666666664
2013-03-24,51335.0,56373.96666666667
2013-03-25,48993.0,56077.53333333333
2013-03-26,49061.0,55807.433333333334
2013-03-27,53207.0,55342.86666666667
2013-03-28,60989.0,55261.23333333333
2013-03-29,62259.0,55304.9
2013-03-30,59196.0,55177.4
2013-03-31,43986.0,54492.433333333334
2013-04-01,52770.0,54390.6
2013-04-02,63276.0,54684.5
2013-04-03,63941.0,54681.066666666666
2013-04-04,66892.0,55015.2
2013-04-05,61373.0,54968.96666666667
2013-04-06,51718.0,54467.23333333333
2013-04-07,63541.0,54723.36666666667
2013-04-08,61680.0,54927.833333333336
2013-04-09,66979.0,54699.0
2013-04-10,63881.0,54852.066666666666
2013-04-11,68407.0,55516.166666666664
2013-04-12,58690.0,55582.833333333336
2013-04-13,53517.0,55431.1
2013-04-14,55471.0,55187.6
2013-04-15,54496.0,55864.566666666666
2013-04-16,67785.0,56945.8
2013-04-17,56706.0,57386.5
2013-04-18,46631.0,57403.933333333334
2013-04-19,59528.0,57845.666666666664
2013-04-20,48302.0,57603.6
2013-04-21,44224.0,57058.26666666667
2013-04-22,47194.0,56867.6
2013-04-23,61668.0,57212.03333333333
2013-04-24,65023.0,57746.36666666667
2013-04-25,62566.0,58196.53333333333
2013-04-26,55264.0,58265.1
2013-04-27,44369.0,57711.1
2013-04-28,41879.0,57031.76666666667
2013-04-29,51776.0,56784.433333333334
2013-04-30,47599.0,56904.86666666667
2013-05-01,55327.0,56990.1
2013-05-02,55429.0,56728.53333333333
2013-05-03,51180.0,56303.166666666664
2013-05-04,50493.0,55756.53333333333
2013-05-05,50332.0,55388.5
2013-05-06,53340.0,55442.566666666666
2013-05-07,56735.0,55215.7
2013-05-08,50439.0,54841.0
2013-05-09,66774.0,54834.166666666664
2013-05-10,67881.0,54967.5
2013-05-11,73402.0,55134.0
2013-05-12,65428.0,55358.6
2013-05-13,60998.0,55607.96666666667
2013-05-14,66470.0,55974.6
2013-05-15,64171.0,56297.1
2013-05-16,61158.0,56076.2
2013-05-17,58731.0,56143.7
2013-05-18,52215.0,56329.833333333336
2013-05-19,47820.0,55939.566666666666
2013-05-20,48821.0,55956.86666666667
2013-05-21,53942.0,56280.8
2013-05-22,51990.0,56440.666666666664
2013-05-23,59789.0,56378.03333333333
2013-05-24,55401.0,56057.3
2013-05-25,51280.0,55681.1
2013-05-26,40722.0,55196.36666666667
2013-05-27,52758.0,55476.0
2013-05-28,57070.0,55982.36666666667
2013-05-29,55060.0,56091.833333333336
2013-05-30,57426.0,56419.4
2013-05-31,54346.0,56386.7
2013-06-01,54311.0,56349.433333333334
2013-06-02,49947.0,56308.333333333336
2013-06-03,55874.0,56487.7
2013-06-04,57622.0,56730.7
2013-06-05,56560.0,56838.03333333333
2013-06-06,54638.0,56768.13333333333
2013-06-07,52188.0,56826.433333333334
2013-06-08,48218.0,56207.9
2013-06-09,44471.0,55427.566666666666
2013-06-10,45000.0,54480.833333333336
2013-06-11,49663.0,53955.333333333336
2013-06-12,45907.0,53452.3
2013-06-13,43193.0,52676.4
2013-06-14,50172.0,52209.76666666667
2013-06-15,35826.0,51365.36666666667
2013-06-16,42966.0,50839.86666666667
2013-06-17,45943.0,50630.8
2013-06-18,46017.0,50570.7
2013-06-19,47031.0,50511.03333333333
2013-06-20,52515.0,50463.46666666667
2013-06-21,47027.0,50298.03333333333
2013-06-22,44594.0,49791.53333333333
2013-06-23,38507.0,49228.4
2013-06-24,44245.0,48993.9
2013-06-25,44629.0,49124.13333333333
2013-06-26,45627.0,48886.433333333334
2013-06-27,46128.0,48521.7
2013-06-28,49552.0,48338.1
2013-06-29,36545.0,47642.066666666666
2013-06-30,30953.0,46862.3
2013-07-01,39128.0,46356.2
2013-07-02,39650.0,46012.96666666667
2013-07-03,35531.0,45334.86666666667
2013-07-04,35292.0,44590.53333333333
2013-07-05,37037.0,43939.76666666667
2013-07-06,33372.0,43230.9
2013-07-07,30356.0,42503.166666666664
2013-07-08,39629.0,42216.86666666667
2013-07-09,40832.0,42095.566666666666
2013-07-10,39238.0,41903.5
2013-07-11,43434.0,41695.86666666667
2013-07-12,48260.0,41774.3
2013-07-13,37970.0,41600.2
2013-07-14,34933.0,41092.23333333333
2013-07-15,36754.0,41123.166666666664
2013-07-16,39392.0,41004.03333333333
2013-07-17,40643.0,40827.36666666667
2013-07-18,41170.0,40665.8
2013-07-19,36759.0,40323.4
2013-07-20,33702.0,39696.3
2013-07-21,35456.0,39310.6
2013-07-22,39979.0,39156.76666666667
2013-07-23,38432.0,39154.26666666667
2013-07-24,42361.0,39091.46666666667
2013-07-25,42530.0,39021.5
2013-07-26,36622.0,38721.333333333336
2013-07-27,37643.0,38438.5
2013-07-28,37302.0,38030.166666666664
2013-07-29,41812.0,38205.73333333333
2013-07-30,42133.0,38578.4
2013-07-31,49524.0,38924.933333333334
2013-08-01,50904.0,39300.066666666666
2013-08-02,51681.0,39838.4
2013-08-03,45746.0,40186.86666666667
2013-08-04,42946.0,40383.833333333336
2013-08-05,51001.0,40971.46666666667
2013-08-06,54369.0,41771.9
2013-08-07,57606.0,42371.13333333333
2013-08-08,58022.0,42944.13333333333
2013-08-09,49658.0,43291.46666666667
2013-08-10,51695.0,43566.833333333336
2013-08-11,38422.0,43238.9
2013-08-12,50228.0,43647.5
2013-08-13,53080.0,44252.4
2013-08-14,51660.0,44749.26666666667
2013-08-15,58129.0,45373.833333333336
2013-08-16,71119.0,46389.7
2013-08-17,56546.0,46902.23333333333
2013-08-18,56397.0,47556.833333333336
2013-08-19,71314.0,48810.566666666666
2013-08-20,63228.0,49736.3
2013-08-21,60531.0,50421.36666666667
2013-08-22,66812.0,51367.36666666667
2013-08-23,55195.0,51795.166666666664
2013-08-24,51817.0,52104.73333333333
2013-08-25,44447.0,52365.566666666666
2013-08-26,56093.0,52980.566666666666
2013-08-27,62187.0,53810.066666666666
2013-08-28,64747.0,54574.566666666666
2013-08-29,58992.0,55136.53333333333
2013-08-30,62603.0,55572.5
2013-08-31,47505.0,55459.2
2013-09-01,46598.0,55289.76666666667
2013-09-02,51266.0,55473.76666666667
2013-09-03,52163.0,55781.0
2013-09-04,52979.0,55846.933333333334
2013-09-05,60730.0,56058.96666666667
2013-09-06,60850.0,56167.1
2013-09-07,51967.0,55965.26666666667
2013-09-08,46452.0,55858.4
2013-09-09,57676.0,56057.76666666667
2013-09-10,53283.0,56553.13333333333
2013-09-11,49210.0,56519.2
2013-09-12,52300.0,56493.2
2013-09-13,44834.0,56265.666666666664
2013-09-14,43560.0,55780.03333333333
2013-09-15,53672.0,55198.46666666667
2013-09-16,51885.0,55043.1
2013-09-17,67931.0,55427.566666666666
2013-09-18,60551.0,55068.8
2013-09-19,59815.0,54955.03333333333
2013-09-20,58994.0,54903.8
2013-09-21,52498.0,54426.666666666664
2013-09-22,50903.0,54283.6
2013-09-23,65328.0,54733.96666666667
2013-09-24,62592.0,55338.8
2013-09-25,54548.0,55287.3
2013-09-26,57545.0,55132.566666666666
2013-09-27,46920.0,54538.333333333336
2013-09-28,42580.0,53991.26666666667
2013-09-29,41181.0,53277.2
2013-09-30,47156.0,53265.566666666666
2013-10-01,57171.0,53618.0
2013-10-02,61964.0,53974.6
2013-10-03,59551.0,54220.86666666667
2013-10-04,51940.0,54186.23333333333
2013-10-05,45479.0,53677.86666666667
2013-10-06,42857.0,53078.1
2013-10-07,44547.0,52830.76666666667
2013-10-08,45461.0,52797.73333333333
2013-10-09,50343.0,52553.3
2013-10-10,56853.0,52672.3
2013-10-11,51922.0,52762.7
2013-10-12,49474.0,52668.5
2013-10-13,51304.0,52884.166666666664
2013-10-14,57452.0,53347.23333333333
2013-10-15,55826.0,53419.03333333333
2013-10-16,50826.0,53383.73333333333
2013-10-17,46870.0,52681.7
2013-10-18,59661.0,52652.03333333333
2013-10-19,55311.0,52501.9
2013-10-20,49418.0,52182.7
2013-10-21,60451.0,52447.8
2013-10-22,65048.0,52919.3
2013-10-23,55314.0,52585.5
2013-10-24,63634.0,52620.23333333333
2013-10-25,57471.0,52717.666666666664
2013-10-26,47747.0,52391.066666666666
2013-10-27,43691.0,52283.433333333334
2013-10-28,51104.0,52567.566666666666
2013-10-29,49930.0,52859.2
2013-10-30,48446.0,52902.2
2013-10-31,58181.0,52935.86666666667
2013-11-01,45371.0,52382.76666666667
2013-11-02,39181.0,51703.76666666667
2013-11-03,35947.0,51170.666666666664
2013-11-04,45523.0,51172.13333333333
2013-11-05,51597.0,51463.46666666667
2013-11-06,55008.0,51812.166666666664
2013-11-07,60535.0,52314.63333333333
2013-11-08,59223.0,52610.63333333333
2013-11-09,55204.0,52555.666666666664
2013-11-10,57538.0,52742.86666666667
2013-11-11,57405.0,53007.23333333333
2013-11-12,58307.0,53240.666666666664
2013-11-13,64870.0,53487.933333333334
2013-11-14,69413.0,53940.833333333336
2013-11-15,60914.0,54277.1
2013-11-16,47175.0,54287.26666666667
2013-11-17,51323.0,54009.333333333336
2013-11-18,79032.0,54800.03333333333
2013-11-19,92907.0,56249.666666666664
2013-11-20,77558.0,56819.9
2013-11-21,71822.0,57045.7
2013-11-22,76947.0,57766.8
2013-11-23,72545.0,58063.833333333336
2013-11-24,60861.0,58176.833333333336
2013-11-25,71793.0,58978.36666666667
2013-11-26,83383.0,60301.433333333334
2013-11-27,95531.0,61782.333333333336
2013-11-28,98921.0,63415.36666666667
2013-11-29,90084.0,64803.3
2013-11-30,73890.0,65326.933333333334
2013-12-01,73442.0,66262.63333333333
2013-12-02,75570.0,67475.6
2013-12-03,77667.0,68866.26666666666
2013-12-04,79624.0,70002.96666666666
2013-12-05,83283.0,71059.16666666667
2013-12-06,72099.0,71628.86666666667
2013-12-07,67712.0,71868.1
2013-12-08,47477.0,71476.56666666667
2013-12-09,63625.0,71757.26666666666
2013-12-10,67623.0,72093.43333333333
2013-12-11,67305.0,72423.43333333333
2013-12-12,58219.0,72420.5
2013-12-13,60059.0,72260.13333333333
2013-12-14,54113.0,71750.13333333333
2013-12-15,52308.0,71463.26666666666
2013-12-16,69382.0,72203.5
2013-12-17,67740.0,72750.73333333334
2013-12-18,81510.0,72833.33333333333
2013-12-19,70278.0,72079.03333333334
2013-12-20,65083.0,71663.2
2013-12-21,56083.0,71138.56666666667
2013-12-22,52897.0,70336.9
2013-12-23,54267.0,69727.63333333333
2013-12-24,55865.0,69561.1
2013-12-25,55428.0,69015.6
2013-12-26,51276.0,67945.36666666667
2013-12-27,52674.0,66516.8
2013-12-28,48009.0,64819.73333333333
2013-12-29,51325.0,63527.76666666667
2013-12-30,55613.0,62918.53333333333
2013-12-31,48847.0,62098.7
2014-01-01,43070.0,61015.36666666667
2014-01-02,54770.0,60252.13333333333
2014-01-03,60980.0,59630.666666666664
2014-01-04,52052.0,58589.63333333333
2014-01-05,58662.0,58141.73333333333
2014-01-06,67358.0,58129.933333333334
2014-01-07,62911.0,58644.4
2014-01-08,61439.0,58571.53333333333
2014-01-09,59031.0,58285.13333333333
2014-01-10,54166.0,57847.166666666664
2014-01-11,55856.0,57768.4
2014-01-12,50537.0,57451.0
2014-01-13,53461.0,57429.26666666667
2014-01-14,57378.0,57598.26666666667
2014-01-15,61612.0,57339.26666666667
2014-01-16,56703.0,56971.36666666667
2014-01-17,59026.0,56221.9
2014-01-18,51573.0,55598.4
2014-01-19,48005.0,55029.13333333333
2014-01-20,63003.0,55259.8
2014-01-21,72577.0,55915.8
2014-01-22,65835.0,56301.4
2014-01-23,63576.0,56558.433333333334
2014-01-24,65600.0,56897.5
2014-01-25,53864.0,56983.76666666667
2014-01-26,53582.0,57014.03333333333
2014-01-27,64374.0,57559.53333333333
2014-01-28,65762.0,58040.76666666667
2014-01-29,59682.0,58176.4
2014-01-30,60799.0,58574.8
2014-01-31,60269.0,59148.1
2014-02-01,54838.0,59150.36666666667
2014-02-02,52483.0,58867.13333333333
2014-02-03,57600.0,59052.066666666666
2014-02-04,69799.0,59423.3
2014-02-05,67529.0,59429.0
2014-02-06,70160.0,59670.63333333333
2014-02-07,70514.0,59973.13333333333
2014-02-08,65009.0,60172.4
2014-02-09,56579.0,60252.833333333336
2014-02-10,66850.0,60619.3
2014-02-11,67229.0,61175.7
2014-02-12,62126.0,61464.53333333333
2014-02-13,67339.0,61796.566666666666
2014-02-14,74889.0,62239.13333333333
2014-02-15,61896.0,62412.23333333333
2014-02-16,57531.0,62362.4
2014-02-17,60853.0,62671.73333333333
2014-02-18,65408.0,63251.833333333336
2014-02-19,70142.0,63489.8
2014-02-20,71144.0,63442.03333333333
2014-02-21,69390.0,63560.53333333333
2014-02-22,58549.0,63392.96666666667
2014-02-23,60198.0,63212.9
2014-02-24,73796.0,63877.3
2014-02-25,80082.0,64760.63333333333
2014-02-26,71897.0,65011.4
2014-02-27,72138.0,65223.933333333334
2014-02-28,70290.0,65577.53333333334
2014-03-01,63402.0,65664.3
2014-03-02,56635.0,65543.16666666667
2014-03-03,81264.0,66424.03333333334
2014-03-04,84600.0,67494.6
2014-03-05,72392.0,67987.66666666667
2014-03-06,70527.0,68011.93333333333
2014-03-07,72345.0,68172.46666666666
2014-03-08,64590.0,67986.8
2014-03-09,62161.0,67708.36666666667
2014-03-10,70884.0,67904.2
2014-03-11,76204.0,68558.36666666667
2014-03-12,76339.0,68874.66666666667
2014-03-13,72805.0,69060.53333333334
2014-03-14,70615.0,69343.5
2014-03-15,60308.0,69109.13333333333
2014-03-16,59332.0,68590.56666666667
2014-03-17,66396.0,68740.56666666667
2014-03-18,54142.0,68627.6
2014-03-19,73804.0,69059.3
2014-03-20,71002.0,69245.76666666666
2014-03-21,73091.0,69344.06666666667
2014-03-22,66673.0,69195.03333333334
2014-03-23,57811.0,68809.06666666667
2014-03-24,70983.0,69223.53333333334
2014-03-25,71883.0,69613.03333333334
2014-03-26,68315.0,69430.33333333333
2014-03-27,71719.0,69151.56666666667
2014-03-28,67079.0,68990.96666666666
2014-03-29,53250.0,68361.36666666667
2014-03-30,56467.0,67900.6
2014-03-31,65448.0,67968.8
2014-04-01,64136.0,68218.83333333333
2014-04-02,66862.0,67738.76666666666
2014-04-03,67075.0,67154.6
2014-04-04,65692.0,66931.26666666666
2014-04-05,55795.0,66440.2
2014-04-06,50010.0,65695.7
2014-04-07,65810.0,65736.36666666667
2014-04-08,67841.0,65925.7
2014-04-09,65153.0,65734.66666666667
2014-04-10,68027.0,65462.1
2014-04-11,65732.0,65108.53333333333
2014-04-12,47740.0,64273.03333333333
2014-04-13,51168.0,63624.8
2014-04-14,70219.0,63955.166666666664
2014-04-15,72809.0,64404.4
2014-04-16,68594.0,64477.666666666664
2014-04-17,65190.0,64845.933333333334
2014-04-18,56996.0,64285.666666666664
2014-04-19,53515.0,63702.76666666667
2014-04-20,49043.0,62901.166666666664
2014-04-21,58110.0,62615.73333333333
2014-04-22,78042.0,63290.1
2014-04-23,73954.0,63389.13333333333
2014-04-24,72694.0,63416.166666666664
2014-04-25,72650.0,63560.666666666664
2014-04-26,52175.0,62909.2
2014-04-27,52629.0,62427.53333333333
2014-04-28,64546.0,62804.066666666666
2014-04-29,65038.0,63089.76666666667
2014-04-30,63657.0,63030.066666666666
2014-05-01,59658.0,62880.8
2014-05-02,59981.0,62651.433333333334
2014-05-03,54157.0,62220.833333333336
2014-05-04,51769.0,61756.73333333333
2014-05-05,67763.0,62155.666666666664
2014-05-06,77228.0,63062.933333333334
2014-05-07,69825.0,63196.76666666667
2014-05-08,68937.0,63233.3
2014-05-09,66293.0,63271.3
2014-05-10,56416.0,62884.26666666667
2014-05-11,52590.0,62446.2
2014-05-12,74418.0,63335.46666666667
2014-05-13,69357.0,63941.76666666667
2014-05-14,69808.0,63928.066666666666
2014-05-15,74893.0,63997.53333333333
2014-05-16,65433.0,63892.166666666664
2014-05-17,53511.0,63502.86666666667
2014-05-18,49912.0,63266.73333333333
2014-05-19,64094.0,63619.36666666667
2014-05-20,71520.0,64368.6
2014-05-21,68905.0,64728.433333333334
2014-05-22,73343.0,64571.8
2014-05-23,72810.0,64533.666666666664
2014-05-24,52872.0,63872.933333333334
2014-05-25,57566.0,63370.13333333333
2014-05-26,67007.0,63864.53333333333
2014-05-27,68524.0,64394.36666666667
2014-05-28,72338.0,64654.1
2014-05-29,65362.0,64664.9
2014-05-30,65127.0,64713.9
2014-05-31,52172.0,64464.36666666667
2014-06-01,55222.0,64305.73333333333
2014-06-02,64434.0,64648.3
2014-06-03,69655.0,65244.5
2014-06-04,65094.0,65155.53333333333
2014-06-05,66945.0,64812.76666666667
2014-06-06,62342.0,64563.333333333336
2014-06-07,51210.0,63972.433333333334
2014-06-08,48308.0,63372.933333333334
2014-06-09,59875.0,63488.23333333333
2014-06-10,63316.0,63845.76666666667
2014-06-11,62827.0,63459.4
2014-06-12,64744.0,63305.63333333333
2014-06-13,64739.0,63136.666666666664
2014-06-14,53596.0,62426.76666666667
2014-06-15,53916.0,62042.86666666667
2014-06-16,68262.0,62534.566666666666
2014-06-17,70077.0,63206.73333333333
2014-06-18,63888.0,63199.86666666667
2014-06-19,62454.0,62897.666666666664
2014-06-20,57381.0,62513.53333333333
2014-06-21,51173.0,61774.53333333333
2014-06-22,50104.0,61017.666666666664
2014-06-23,60216.0,61262.46666666667
2014-06-24,64883.0,61506.36666666667
2014-06-25,64397.0,61419.36666666667
2014-06-26,61432.0,61182.96666666667
2014-06-27,62966.0,60870.566666666666
2014-06-28,54392.0,60504.9
2014-06-29,49922.0,59998.066666666666
2014-06-30,69403.0,60572.433333333334
2014-07-01,69443.0,61046.46666666667
2014-07-02,66728.0,61122.933333333334
2014-07-03,62849.0,60896.066666666666
2014-07-04,59494.0,60709.4
2014-07-05,49954.0,60143.03333333333
2014-07-06,52139.0,59802.933333333334
2014-07-07,64686.0,60252.13333333333
2014-07-08,70117.0,60979.1
2014-07-09,68518.0,61267.2
2014-07-10,64605.0,61310.166666666664
2014-07-11,59077.0,61185.166666666664
2014-07-12,53454.0,60808.833333333336
2014-07-13,52417.0,60398.1
2014-07-14,62761.0,60703.6
2014-07-15,72316.0,61316.933333333334
2014-07-16,65571.0,61227.23333333333
2014-07-17,66233.0,61099.1
2014-07-18,64062.0,61104.9
2014-07-19,59553.0,61008.2
2014-07-20,52001.0,60828.86666666667
2014-07-21,64190.0,61262.76666666667
2014-07-22,66858.0,61821.23333333333
2014-07-23,66883.0,62043.46666666667
2014-07-24,66276.0,62089.9
2014-07-25,61498.0,61993.26666666667
2014-07-26,56333.0,61823.3
2014-07-27,51991.0,61457.46666666667
2014-07-28,64744.0,61802.53333333333
2014-07-29,61607.0,62192.03333333333
2014-07-30,66153.0,62083.7
2014-07-31,69761.0,62094.3
2014-08-01,67915.0,62133.86666666667
2014-08-02,54989.0,61871.86666666667
2014-08-03,53621.0,61676.1
2014-08-04,67847.0,62272.53333333333
2014-08-05,72823.0,62962.0
2014-08-06,80402.0,63485.86666666667
2014-08-07,69913.0,63479.066666666666
2014-08-08,68262.0,63470.53333333333
2014-08-09,60634.0,63338.166666666664
2014-08-10,57913.0,63299.36666666667
2014-08-11,75575.0,64036.73333333333
2014-08-12,76982.0,64855.566666666666
2014-08-13,75738.0,65288.13333333333
2014-08-14,79082.0,65513.666666666664
2014-08-15,73193.0,65767.73333333334
2014-08-16,67974.0,65825.76666666666
2014-08-17,60223.0,65697.8
2014-08-18,72758.0,66137.96666666666
2014-08-19,74740.0,66895.93333333333
2014-08-20,73842.0,67217.66666666667
2014-08-21,73164.0,67427.86666666667
2014-08-22,66998.0,67431.7
2014-08-23,57593.0,67142.26666666666
2014-08-24,56695.0,66982.16666666667
2014-08-25,69894.0,67434.2
2014-08-26,72660.0,68123.16666666667
2014-08-27,74581.0,68451.06666666667
2014-08-28,68628.0,68685.1
2014-08-29,68614.0,68767.13333333333
2014-08-30,61214.0,68482.23333333334
2014-08-31,57755.0,68143.56666666667
2014-09-01,70383.0,68656.7
2014-09-02,71909.0,69266.3
2014-09-03,71868.0,69400.33333333333
2014-09-04,70810.0,69333.23333333334
2014-09-05,68038.0,68921.1
2014-09-06,63369.0,68702.96666666666
2014-09-07,60352.0,68439.3
2014-09-08,75766.0,68943.7
2014-09-09,81812.0,69740.33333333333
2014-09-10,72558.0,69639.76666666666
2014-09-11,66026.0,69274.56666666667
2014-09-12,68384.0,69029.43333333333
2014-09-13,61246.0,68434.9
2014-09-14,67655.0,68250.3
2014-09-15,78666.0,68606.7
2014-09-16,87234.0,69507.06666666667
2014-09-17,80305.0,69758.63333333333
2014-09-18,77364.0,69846.1
2014-09-19,69437.0,69699.26666666666
2014-09-20,63482.0,69376.53333333334
2014-09-21,59800.0,69136.6
2014-09-22,73289.0,69659.8
2014-09-23,77283.0,70346.06666666667
2014-09-24,74974.0,70515.4
2014-09-25,78523.0,70710.83333333333
2014-09-26,72555.0,70643.3
2014-09-27,62973.0,70454.8
2014-09-28,62605.0,70254.5
2014-09-29,77924.0,70811.5
2014-09-30,78006.0,71486.53333333334
2014-10-01,78779.0,71766.4
2014-10-02,72059.0,71771.4
2014-10-03,75121.0,71879.83333333333
2014-10-04,66632.0,71740.56666666667
2014-10-05,67330.0,71716.96666666666
2014-10-06,78049.0,72206.3
2014-10-07,79069.0,72830.2
2014-10-08,78818.0,72931.93333333333
2014-10-09,82789.0,72964.5
2014-10-10,81058.0,73247.83333333333
2014-10-11,65020.0,73214.3
2014-10-12,63509.0,73051.8
2014-10-13,77942.0,73608.33333333333
2014-10-14,81364.0,74065.3
2014-10-15,76257.0,73985.0
2014-10-16,75737.0,73601.76666666666
2014-10-17,70839.0,73286.23333333334
2014-10-18,66477.0,72923.33333333333
2014-10-19,63255.0,72717.26666666666
2014-10-20,82700.0,73357.86666666667
2014-10-21,81651.0,74086.23333333334
2014-10-22,79987.0,74309.5
2014-10-23,80638.0,74421.33333333333
2014-10-24,77906.0,74519.06666666667
2014-10-25,72515.0,74318.8
2014-10-26,70762.0,74259.03333333334
2014-10-27,83977.0,74959.16666666667
2014-10-28,87980.0,75805.0
2014-10-29,93667.0,76329.76666666666
2014-10-30,92622.0,76816.96666666666
2014-10-31,85703.0,77047.76666666666
2014-11-01,69591.0,76965.5
2014-11-02,77170.0,77033.8
2014-11-03,90351.0,77824.43333333333
2014-11-04,87617.0,78500.66666666667
2014-11-05,89460.0,78881.03333333334
2014-11-06,93387.0,79358.3
2014-11-07,84866.0,79559.9
2014-11-08,72717.0,79224.16666666667
2014-11-09,72212.0,78929.3
2014-11-10,88994.0,79728.43333333333
2014-11-11,85618.0,80465.4
2014-11-12,95579.0,81053.3
2014-11-13,92958.0,81439.76666666666
2014-11-14,86307.0,81774.76666666666
2014-11-15,73242.0,81691.6
2014-11-16,76009.0,81863.93333333333
2014-11-17,88354.0,82593.16666666667
2014-11-18,87524.0,83402.13333333333
2014-11-19,85271.0,83487.83333333333
2014-11-20,89388.0,83745.73333333334
2014-11-21,82179.0,83818.8
2014-11-22,74725.0,83621.7
2014-11-23,77283.0,83600.93333333333
2014-11-24,85807.0,84044.0
2014-11-25,86134.0,84556.4
2014-11-26,85111.0,84594.2
2014-11-27,84682.0,84484.26666666666
2014-11-28,85912.0,84225.76666666666
2014-11-29,79098.0,83774.96666666666
2014-11-30,85013.0,83751.96666666666
2014-12-01,97623.0,84686.36666666667
2014-12-02,99419.0,85428.0
2014-12-03,99348.0,85727.9
2014-12-04,98348.0,86085.6
2014-12-05,90900.0,86133.6
2014-12-06,81230.0,85728.36666666667
2014-12-07,74792.0,85392.56666666667
2014-12-08,90746.0,85993.53333333334
2014-12-09,90220.0,86593.8
2014-12-10,88798.0,86587.26666666666
2014-12-11,84005.0,86533.5
2014-12-12,81297.0,86057.43333333333
2014-12-13,76207.0,85499.06666666667
2014-12-14,79703.0,85278.93333333333
2014-12-15,94459.0,85986.16666666667
2014-12-16,101064.0,86821.33333333333
2014-12-17,98444.0,87157.66666666667
2014-12-18,95207.0,87413.76666666666
2014-12-19,95405.0,87751.56666666667
2014-12-20,86901.0,87668.66666666667
2014-12-21,78963.0,87561.46666666666
2014-12-22,96511.0,88287.66666666667
2014-12-23,99469.0,89027.2
2014-12-24,82347.0,88911.86666666667
2014-12-25,67918.0,88304.66666666667
2014-12-26,76198.0,88007.56666666667
2014-12-27,76814.0,87745.3
2014-12-28,75715.0,87405.4
2014-12-29,83447.0,87550.36666666667
2014-12-30,85049.0,87551.56666666667
2014-12-31,77411.0,86877.83333333333
2015-01-01,59344.0,85542.0
2015-01-02,79287.0,84873.3
2015-01-03,82227.0,84335.93333333333
2015-01-04,85694.0,84162.4
2015-01-05,95585.0,84640.9
2015-01-06,87821.0,85075.2
2015-01-07,89916.0,85047.53333333334
2015-01-08,107132.0,85611.26666666666
2015-01-09,102275.0,86060.5
2015-01-10,104874.0,86756.13333333333
2015-01-11,90630.0,87067.23333333334
2015-01-12,98969.0,87825.96666666666
2015-01-13,102309.0,88579.5
2015-01-14,104765.0,88923.03333333334
2015-01-15,120390.0,89567.23333333334
2015-01-16,104699.0,89775.73333333334
2015-01-17,90499.0,89618.8
2015-01-18,83186.0,89211.5
2015-01-19,98485.0,89597.63333333333
2015-01-20,98925.0,90263.03333333334
2015-01-21,96959.0,90277.96666666666
2015-01-22,93698.0,90085.6
2015-01-23,92011.0,90407.73333333334
2015-01-24,83557.0,90929.03333333334
2015-01-25,86558.0,91274.36666666667
2015-01-26,108181.0,92319.93333333333
2015-01-27,99393.0,93109.2
2015-01-28,85232.0,93168.7
2015-01-29,90879.0,93363.03333333334
2015-01-30,81199.0,93489.3
2015-01-31,86312.0,94388.23333333334
2015-02-01,78994.0,94378.46666666666
2015-02-02,85987.0,94503.8
2015-02-03,91793.0,94707.1
2015-02-04,90814.0,94548.06666666667
2015-02-05,86567.0,94506.26666666666
2015-02-06,85705.0,94365.9
2015-02-07,85699.0,93651.46666666666
2015-02-08,82679.0,92998.26666666666
2015-02-09,104758.0,92994.4
2015-02-10,102975.0,93405.9
2015-02-11,97048.0,93341.86666666667
2015-02-12,87427.0,92845.8
2015-02-13,113660.0,93142.3
2015-02-14,98773.0,92421.73333333334
2015-02-15,85267.0,91774.0
2015-02-16,104632.0,92245.1
2015-02-17,102988.0,92905.16666666667
2015-02-18,105719.0,93146.3
2015-02-19,94552.0,93000.53333333334
2015-02-20,98714.0,93059.03333333334
2015-02-21,87827.0,92863.33333333333
2015-02-22,84942.0,92627.7
2015-02-23,101515.0,93226.3
2015-02-24,105125.0,93845.2
2015-02-25,105394.0,93752.3
2015-02-26,100817.0,93799.76666666666
2015-02-27,101474.0,94341.16666666667
2015-02-28,89632.0,94299.6
2015-03-01,88728.0,94550.56666666667
2015-03-02,104937.0,95171.4
2015-03-03,110981.0,96237.63333333333
2015-03-04,98529.0,96655.7
2015-03-05,101115.0,96966.43333333333
2015-03-06,93869.0,97068.26666666666
2015-03-07,91505.0,97232.86666666667
2015-03-08,87527.0,97293.6
2015-03-09,105536.0,97954.83333333333
2015-03-10,105541.0,98716.9
2015-03-11,100765.0,98583.8
2015-03-12,97095.0,98387.8
2015-03-13,96036.0,98354.06666666667
2015-03-14,89511.0,98423.53333333334
2015-03-15,84934.0,97466.0
2015-03-16,105218.0,97680.83333333333
2015-03-17,99561.0,98157.3
2015-03-18,99607.0,97989.8
2015-03-19,106297.0,98100.1
2015-03-20,103532.0,98027.2
2015-03-21,92836.0,97970.0
2015-03-22,90586.0,97699.06666666667
2015-03-23,106019.0,98305.46666666666
2015-03-24,92927.0,98571.63333333333
2015-03-25,97138.0,98425.73333333334
2015-03-26,101181.0,98294.26666666666
2015-03-27,99491.0,98097.5
2015-03-28,87374.0,97649.4
2015-03-29,90516.0,97284.13333333333
2015-03-30,106355.0,97841.56666666667
2015-03-31,115111.0,98721.0
2015-04-01,119343.0,99201.2
2015-04-02,112070.0,99237.5
2015-04-03,104546.0,99438.06666666667
2015-04-04,89651.0,99055.93333333333
2015-04-05,95023.0,99094.4
2015-04-06,107449.0,99625.86666666667
2015-04-07,108714.0,100332.1
2015-04-08,110751.0,100505.93333333333
2015-04-09,116620.0,100875.23333333334
2015-04-10,112826.0,101277.26666666666
2015-04-11,99429.0,101355.06666666667
2015-04-12,86999.0,101053.83333333333
2015-04-13,115407.0,101917.03333333334
2015-04-14,110150.0,102757.56666666667
2015-04-15,107606.0,102837.16666666667
2015-04-16,99046.0,102820.0
2015-04-17,102755.0,102924.93333333333
2015-04-18,97709.0,102638.66666666667
2015-04-19,91134.0,102225.4
2015-04-20,116746.0,103022.4
2015-04-21,112502.0,103752.93333333333
2015-04-22,111878.0,103948.23333333334
2015-04-23,109838.0,104511.93333333333
2015-04-24,108776.0,104899.86666666667
2015-04-25,98465.0,104809.33333333333
2015-04-26,92999.0,104592.93333333333
2015-04-27,113775.0,105472.96666666666
2015-04-28,113193.0,106228.86666666667
2015-04-29,117260.0,106592.36666666667
2015-04-30,112958.0,106520.6
2015-05-01,99560.0,105861.16666666667
2015-05-02,95102.0,105295.56666666667
2015-05-03,84602.0,104630.76666666666
2015-05-04,104000.0,105109.06666666667
2015-05-05,115348.0,105786.56666666667
2015-05-06,111733.0,105929.36666666667
2015-05-07,111125.0,106009.73333333334
2015-05-08,109145.0,105956.2
2015-05-09,94716.0,105226.06666666667
2015-05-10,89409.0,104445.5
2015-05-11,111374.0,104843.66666666667
2015-05-12,110101.0,105613.73333333334
2015-05-13,108858.0,105395.43333333333
2015-05-14,101584.0,105109.9
2015-05-15,105160.0,105028.36666666667
2015-05-16,90686.0,104749.7
2015-05-17,87162.0,104229.93333333333
2015-05-18,98578.0,104258.9
2015-05-19,107346.0,104799.3
2015-05-20,106888.0,104470.7
2015-05-21,98302.0,103997.36666666667
2015-05-22,102770.0,103693.76666666666
2015-05-23,86279.0,102908.46666666666
2015-05-24,94044.0,102417.4
2015-05-25,106086.0,102671.43333333333
2015-05-26,108384.0,103184.26666666666
2015-05-27,108089.0,102994.73333333334
2015-05-28,110980.0,102920.96666666666
2015-05-29,124052.0,103147.36666666667
2015-05-30,127801.0,103642.13333333333
2015-05-31,98784.0,103616.26666666666
2015-06-01,128696.0,104736.06666666667
2015-06-02,128207.0,106189.56666666667
2015-06-03,127600.0,106976.23333333334
2015-06-04,118346.0,107076.16666666667
2015-06-05,110201.0,107025.1
2015-06-06,92696.0,106410.8
2015-06-07,83627.0,105560.2
2015-06-08,108173.0,106008.76666666666
2015-06-09,121638.0,107083.06666666667
2015-06-10,131279.0,107746.56666666667
2015-06-11,120624.0,108097.33333333333
2015-06-12,126945.0,108700.23333333334
2015-06-13,105843.0,108842.2
2015-06-14,103036.0,108771.4
2015-06-15,129389.0,110061.5
2015-06-16,121541.0,111207.46666666666
2015-06-17,133122.0,112358.93333333333
2015-06-18,124929.0,112945.03333333334
2015-06-19,125222.0,113556.16666666667
2015-06-20,102012.0,113679.83333333333
2015-06-21,96654.0,113475.96666666666
2015-06-22,119345.0,114578.16666666667
2015-06-23,125560.0,115628.7
2015-06-24,113093.0,115862.26666666666
2015-06-25,111468.0,115965.06666666667
2015-06-26,116432.0,116243.16666666667
2015-06-27,106004.0,116077.3
2015-06-28,99145.0,115247.06666666667
2015-06-29,124180.0,115126.36666666667
2015-06-30,155869.0,117029.2
2015-07-01,144112.0,117543.06666666667
2015-07-02,142153.0,118007.93333333333
2015-07-03,129719.0,118078.56666666667
2015-07-04,104582.0,117619.76666666666
2015-07-05,115084.0,117782.53333333334
2015-07-06,174070.0,120495.0
2015-07-07,190747.0,124065.66666666667
2015-07-08,201747.0,127184.8
2015-07-09,191163.0,129502.3
2015-07-10,193020.0,131560.33333333334
2015-07-11,186200.0,133746.2
2015-07-12,208685.0,136470.86666666667
2015-07-13,159695.0,138265.93333333332
2015-07-14,122618.0,138918.66666666666
2015-07-15,115570.0,138458.03333333333
2015-07-16,114387.0,138219.56666666668
2015-07-17,116906.0,137679.03333333333
2015-07-18,130695.0,137871.23333333334
2015-07-19,120887.0,137726.73333333334
2015-07-20,125258.0,138501.6
2015-07-21,133785.0,139739.3
2015-07-22,131259.0,140136.43333333332
2015-07-23,109620.0,139605.1
2015-07-24,109918.0,139499.26666666666
2015-07-25,100544.0,139135.13333333333
2015-07-26,92776.0,138346.6
2015-07-27,115226.0,138654.0
2015-07-28,118350.0,139294.16666666666
2015-07-29,143200.0,139928.16666666666
2015-07-30,123577.0,138851.76666666666
2015-07-31,147503.0,138964.8
2015-08-01,147481.0,139142.4
2015-08-02,103600.0,138271.76666666666
2015-08-03,119844.0,138780.5
2015-08-04,132547.0,139362.6
2015-08-05,133758.0,138018.86666666667
2015-08-06,134838.0,136155.23333333334
2015-08-07,111345.0,133141.83333333334
2015-08-08,101512.0,130153.46666666666
2015-08-09,90534.0,126737.26666666666
2015-08-10,116841.0,124425.3
2015-08-11,114741.0,121293.83333333333
2015-08-12,117898.0,119900.6
2015-08-13,117507.0,119730.23333333334
2015-08-14,111255.0,119586.4
2015-08-15,94944.0,118938.3
2015-08-16,89498.0,118024.7
2015-08-17,115049.0,117503.16666666667
2015-08-18,119798.0,117466.86666666667
2015-08-19,120151.0,117296.63333333333
2015-08-20,118230.0,116778.13333333333
2015-08-21,113792.0,116195.9
2015-08-22,105665.0,116064.06666666667
2015-08-23,94529.0,115551.1
2015-08-24,125368.0,116378.56666666667
2015-08-25,121973.0,117351.8
2015-08-26,122852.0,117606.0
2015-08-27,119917.0,117658.23333333334
2015-08-28,120547.0,116903.13333333333
2015-08-29,107489.0,116366.86666666667
2015-08-30,98339.0,114728.06666666667
2015-08-31,127260.0,114054.03333333334
2015-09-01,130410.0,114947.7
2015-09-02,150066.0,115955.1
2015-09-03,128682.0,115826.26666666666
2015-09-04,103973.0,114833.43333333333
2015-09-05,124218.0,114479.43333333333
2015-09-06,106293.0,114311.03333333334
2015-09-07,125467.0,115109.53333333334
2015-09-08,125379.0,116271.03333333334
2015-09-09,126457.0,116591.56666666667
2015-09-10,124951.0,116931.9
2015-09-11,180002.0,119002.03333333334
2015-09-12,137740.0,119676.46666666666
2015-09-13,146048.0,120836.23333333334
2015-09-14,166715.0,123228.6
2015-09-15,162999.0,125678.63333333333
2015-09-16,167269.0,127419.3
2015-09-17,259279.0,132068.66666666666
2015-09-18,161504.0,133447.1
2015-09-19,114851.0,133334.46666666667
2015-09-20,109158.0,133180.0
2015-09-21,131679.0,134047.13333333333
2015-09-22,136784.0,135455.63333333333
2015-09-23,131400.0,135656.7
2015-09-24,125367.0,135769.83333333334
2015-09-25,128166.0,135946.96666666667
2015-09-26,115622.0,135803.8
2015-09-27,108749.0,135410.53333333333
2015-09-28,138570.0,136446.56666666668
2015-09-29,140664.0,137857.4
2015-09-30,139848.0,138277.0
2015-10-01,134327.0,138407.56666666668
2015-10-02,139746.0,138063.56666666668
2015-10-03,119567.0,137759.73333333334
2015-10-04,103531.0,137745.0
2015-10-05,125548.0,137789.33333333334
2015-10-06,144510.0,139063.23333333334
2015-10-07,134931.0,139378.7
2015-10-08,140348.0,139877.66666666666
2015-10-09,114644.0,139483.9
2015-10-10,127005.0,139552.36666666667
2015-10-11,104550.0,137037.3
2015-10-12,134410.0,136926.3
2015-10-13,134878.0,136553.96666666667
2015-10-14,141985.0,135729.63333333333
2015-10-15,153495.0,135412.83333333334
2015-10-16,143286.0,134613.4
2015-10-17,135911.0,130501.13333333333
2015-10-18,119706.0,129107.86666666667
2015-10-19,143969.0,130078.46666666666
2015-10-20,146349.0,131318.16666666666
2015-10-21,150199.0,131935.5
2015-10-22,147402.0,132289.43333333332
2015-10-23,143468.0,132691.7
2015-10-24,140128.0,133183.73333333334
2015-10-25,131488.0,133294.46666666667
2015-10-26,116400.0,133320.4
2015-10-27,153740.0,134820.1
2015-10-28,160175.0,135540.26666666666
2015-10-29,161062.0,136220.2
2015-10-30,166695.0,137115.1
2015-10-31,155400.0,137817.53333333333
2015-11-01,152488.0,138242.26666666666
2015-11-02,172108.0,139993.63333333333
2015-11-03,186362.0,142754.66666666666
2015-11-04,204198.0,145376.33333333334
2015-11-05,182809.0,146652.96666666667
2015-11-06,166893.0,147718.36666666667
2015-11-07,151497.0,148090.0
2015-11-08,132550.0,148686.86666666667
2015-11-09,159836.0,149781.23333333334
2015-11-10,161962.0,151694.96666666667
2015-11-11,158929.0,152512.26666666666
2015-11-12,157847.0,153277.9
2015-11-13,154827.0,153705.96666666667
2015-11-14,150474.0,153605.26666666666
2015-11-15,143369.0,153608.03333333333
2015-11-16,158316.0,154354.86666666667
2015-11-17,156688.0,155587.6
2015-11-18,165269.0,156297.6
2015-11-19,154483.0,156568.73333333334
2015-11-20,155774.0,156754.56666666668
2015-11-21,151035.0,156875.66666666666
2015-11-22,129659.0,156415.36666666667
2015-11-23,145272.0,156586.83333333334
2015-11-24,152324.0,157281.36666666667
2015-11-25,151861.0,158463.4
2015-11-26,164671.0,158827.76666666666
2015-11-27,160235.0,158829.76666666666
2015-11-28,165676.0,158983.56666666668
2015-11-29,129850.0,157755.4
2015-11-30,182648.0,158663.66666666666
2015-12-01,178112.0,159517.8
2015-12-02,183523.0,159898.3
2015-12-03,164774.0,159178.7
2015-12-04,173586.0,158158.3
2015-12-05,186194.0,158271.13333333333
2015-12-06,179712.0,158698.43333333332
2015-12-07,192830.0,160076.2
2015-12-08,195221.0,162165.23333333334
2015-12-09,220323.0,164181.46666666667
2015-12-10,212036.0,165850.6
2015-12-11,210259.0,167561.6
2015-12-12,204141.0,169104.73333333334
2015-12-13,189914.0,170274.3
2015-12-14,231477.0,172974.4
2015-12-15,223998.0,175662.03333333333
2015-12-16,220420.0,177732.16666666666
2015-12-17,216297.0,179719.13333333333
2015-12-18,213847.0,181338.4
2015-12-19,213876.0,183318.16666666666
2015-12-20,193847.0,184587.26666666666
2015-12-21,229444.0,187200.9
2015-12-22,222717.0,190302.83333333334
2015-12-23,221075.0,192829.6
2015-12-24,210228.0,194759.73333333334
2015-12-25,180383.0,195710.46666666667
2015-12-26,179363.0,196200.2
2015-12-27,160271.0,196201.4
2015-12-28,173129.0,196449.83333333334
2015-12-29,184618.0,198275.43333333332
2015-12-30,176447.0,198068.73333333334
2015-12-31,155362.0,197310.4
2016-01-01,124092.0,195329.36666666667
2016-01-02,149038.0,194804.83333333334
2016-01-03,142608.0,193772.23333333334
2016-01-04,181354.0,193610.9
2016-01-05,182371.0,193699.53333333333
2016-01-06,172090.0,193008.2
2016-01-07,190234.0,192841.96666666667
2016-01-08,181407.0,191544.76666666666
2016-01-09,179968.0,190475.83333333334
2016-01-10,161317.0,188844.43333333332
2016-01-11,191196.0,188412.93333333332
2016-01-12,194874.0,188578.26666666666
2016-01-13,188131.0,187133.4
2016-01-14,183182.0,185772.86666666667
2016-01-15,183642.0,184546.93333333332
2016-01-16,191300.0,183713.7
2016-01-17,204128.0,183389.73333333334
2016-01-18,213905.0,183390.7
2016-01-19,186858.0,183157.73333333334
2016-01-20,209071.0,182478.63333333333
2016-01-21,222743.0,182479.5
2016-01-22,213683.0,182233.1
2016-01-23,190400.0,181572.16666666666
2016-01-24,201425.0,182273.56666666668
2016-01-25,222150.0,183699.8
2016-01-26,230523.0,186041.53333333333
2016-01-27,229677.0,187926.46666666667
2016-01-28,225025.0,189273.36666666667
2016-01-29,224394.0,190871.6
2016-01-30,194794.0,192186.0
2016-01-31,176045.0,193917.76666666666
2016-02-01,222398.0,196363.1
2016-02-02,241722.0,199666.9
2016-02-03,191224.0,199995.9
2016-02-04,200661.0,200605.56666666668
2016-02-05,225488.0,202385.5
2016-02-06,224156.0,203516.23333333334
2016-02-07,212190.0,204542.33333333334
2016-02-08,224755.0,206035.23333333334
2016-02-09,231240.0,208366.0
2016-02-10,235527.0,209843.7
2016-02-11,220934.0,210712.36666666667
2016-02-12,202527.0,211192.23333333334
2016-02-13,184675.0,211242.0
2016-02-14,186088.0,211323.53333333333
2016-02-15,220349.0,212291.83333333334
2016-02-16,215940.0,212685.56666666668
2016-02-17,227235.0,213129.9
2016-02-18,212979.0,214000.6
2016-02-19,217436.0,214279.43333333332
2016-02-20,215728.0,214045.6
2016-02-21,206617.0,213810.06666666668
2016-02-22,237696.0,215386.6
2016-02-23,244748.0,216830.7
2016-02-24,224927.0,216923.26666666666
2016-02-25,216290.0,216448.83333333334
2016-02-26,203635.0,215580.76666666666
2016-02-27,182177.0,214152.5
2016-02-28,233436.0,214453.9
2016-02-29,265320.0,216804.76666666666
2016-03-01,277094.0,220173.06666666668
2016-03-02,270206.0,221766.66666666666
2016-03-03,221652.0,221097.66666666666
2016-03-04,207485.0,221639.7
2016-03-05,234992.0,222784.06666666668
2016-03-06,161739.0,220659.1
2016-03-07,183255.0,219295.73333333334
2016-03-08,200298.0,218899.33333333334
2016-03-09,190388.0,217753.76666666666
2016-03-10,188726.0,216336.63333333333
2016-03-11,189816.0,214812.93333333332
2016-03-12,168013.0,213048.9
2016-03-13,149803.0,211291.43333333332
2016-03-14,191341.0,211513.63333333333
2016-03-15,202426.0,212058.23333333334
2016-03-16,211992.0,211779.66666666666
2016-03-17,208319.0,211525.63333333333
2016-03-18,206022.0,210818.53333333333
2016-03-19,177478.0,209635.16666666666
2016-03-20,178143.0,208325.4
2016-03-21,199006.0,207768.0
2016-03-22,205208.0,207721.03333333333
2016-03-23,186808.0,206024.76666666666
2016-03-24,190094.0,204202.96666666667
2016-03-25,172309.0,202449.03333333333
2016-03-26,159049.0,200541.0
2016-03-27,160266.0,199095.36666666667
2016-03-28,196080.0,199558.8
2016-03-29,197409.0,198357.9
2016-03-30,201028.0,196214.83333333334
2016-03-31,206476.0,193860.9
2016-04-01,211922.0,191918.1
2016-04-02,183503.0,190646.46666666667
2016-04-03,178429.0,189677.93333333332
2016-04-04,208929.0,188809.16666666666
2016-04-05,216176.0,190623.73333333334
2016-04-06,219290.0,191824.9
2016-04-07,218463.0,192430.4
2016-04-08,214191.0,193223.83333333334
2016-04-09,196441.0,193481.0
2016-04-10,186954.0,193385.6
2016-04-11,230040.0,195453.16666666666
2016-04-12,240206.0,198466.6
2016-04-13,223506.0,199538.76666666666
2016-04-14,227928.0,200388.83333333334
2016-04-15,212178.0,200395.03333333333
2016-04-16,182004.0,199517.86666666667
2016-04-17,192428.0,199064.73333333334
2016-04-18,220395.0,200495.3
2016-04-19,226511.0,202107.56666666668
2016-04-20,216780.0,202700.03333333333
2016-04-21,212795.0,202952.93333333332
2016-04-22,210976.0,203758.53333333333
2016-04-23,185216.0,203595.93333333332
2016-04-24,183155.0,203957.46666666667
2016-04-25,217564.0,205907.96666666667
2016-04-26,250744.0,208923.9
2016-04-27,239435.0,210369.06666666668
2016-04-28,247957.0,212054.0
2016-04-29,261884.0,214082.53333333333
2016-04-30,215712.0,214390.4
2016-05-01,191430.0,213707.33333333334
2016-05-02,223785.0,215050.06666666668
2016-05-03,235609.0,216956.06666666668
2016-05-04,233691.0,217781.46666666667
2016-05-05,229573.0,218228.03333333333
2016-05-06,233232.0,218692.76666666666
2016-05-07,202062.0,218146.06666666668
2016-05-08,189025.0,217307.2
2016-05-09,226449.0,218307.46666666667
2016-05-10,245721.0,220266.36666666667
2016-05-11,234412.0,220412.1
2016-05-12,228409.0,220018.86666666667
2016-05-13,232146.0,220306.86666666667
2016-05-14,211280.0,219751.93333333332
2016-05-15,200171.0,219351.7
2016-05-16,239809.0,221278.53333333333
2016-05-17,238626.0,222818.46666666667
2016-05-18,235083.0,223308.06666666668
2016-05-19,219145.0,223062.53333333333
2016-05-20,209396.0,222816.4
2016-05-21,191461.0,222105.26666666666
2016-05-22,184348.0,221217.66666666666
2016-05-23,222754.0,222468.93333333332
2016-05-24,246517.0,224581.0
2016-05-25,247841.0,225590.23333333334
2016-05-26,220091.0,224568.46666666667
2016-05-27,215296.0,223763.83333333334
2016-05-28,193054.0,221933.73333333334
2016-05-29,178742.0,219162.33333333334
2016-05-30,211368.0,219017.53333333333
2016-05-31,215249.0,219811.5
2016-06-01,234384.0,220164.8
2016-06-02,231099.0,220014.46666666667
2016-06-03,234669.0,220047.06666666668
2016-06-04,196665.0,218950.13333333333
2016-06-05,189802.0,217502.46666666667
2016-06-06,221171.0,218139.43333333332
2016-06-07,231016.0,219539.13333333333
2016-06-08,229933.0,219655.26666666666
2016-06-09,236353.0,219343.0
2016-06-10,228367.0,219141.5
2016-06-11,213159.0,218633.16666666666
2016-06-12,210711.0,217918.66666666666
2016-06-13,251354.0,219254.46666666667
2016-06-14,246829.0,220809.73333333334
2016-06-15,259202.0,221456.16666666666
2016-06-16,267870.0,222430.96666666667
2016-06-17,253752.0,223053.26666666666
2016-06-18,235317.0,223592.33333333334
2016-06-19,218298.0,223889.06666666668
2016-06-20,249334.0,225818.16666666666
2016-06-21,248164.0,227945.36666666667
2016-06-22,235641.0,228374.93333333332
2016-06-23,241300.0,228201.03333333333
2016-06-24,237625.0,227860.5
2016-06-25,206919.0,227421.43333333332
2016-06-26,181348.0,226289.83333333334
2016-06-27,217029.0,227089.0
2016-06-28,212607.0,228217.83333333334
2016-06-29,224112.0,228642.63333333333
2016-06-30,231960.0,229199.66666666666
2016-07-01,205801.0,228246.9
2016-07-02,198875.0,227172.76666666666
2016-07-03,177127.0,225254.7
2016-07-04,213900.0,225829.2
2016-07-05,214959.0,226667.76666666666
2016-07-06,214691.0,226451.76666666666
2016-07-07,215548.0,225936.16666666666
2016-07-08,210701.0,225295.1
2016-07-09,185405.0,223596.83333333334
2016-07-10,162608.0,221404.86666666667
2016-07-11,218089.0,221569.2
2016-07-12,219034.0,221846.63333333333
2016-07-13,216503.0,220684.93333333332
2016-07-14,217695.0,219713.8
2016-07-15,216081.0,218276.43333333332
2016-07-16,182192.0,215420.5
2016-07-17,171013.0,212662.53333333333
2016-07-18,222835.0,212246.46666666667
2016-07-19,222146.0,212374.73333333334
2016-07-20,227429.0,211644.56666666668
2016-07-21,217606.0,210625.96666666667
2016-07-22,221404.0,210151.4
2016-07-23,195796.0,208634.6
2016-07-24,183890.0,206843.43333333332
2016-07-25,239715.0,207936.63333333333
2016-07-26,237673.0,209814.13333333333
2016-07-27,235603.0,210433.26666666666
2016-07-28,234863.0,211175.13333333333
2016-07-29,231414.0,211418.53333333333
2016-07-30,199484.0,210336.0
2016-07-31,192254.0,209884.43333333332
2016-08-01,225049.0,210756.9
2016-08-02,251098.0,213222.6
2016-08-03,241782.0,214152.0
2016-08-04,231835.0,214714.53333333333
2016-08-05,228244.0,215166.3
2016-08-06,195669.0,214503.66666666666
2016-08-07,192414.0,213894.1
2016-08-08,235295.0,215557.1
2016-08-09,231400.0,217850.16666666666
2016-08-10,244740.0,218738.53333333333
2016-08-11,254515.0,219921.23333333334
2016-08-12,232973.0,220470.23333333334
2016-08-13,214569.0,220366.03333333333
2016-08-14,200174.0,219835.8
2016-08-15,202896.0,220525.93333333332
2016-08-16,254431.0,223306.53333333333
2016-08-17,238003.0,223812.13333333333
2016-08-18,239541.0,224391.96666666667
2016-08-19,246095.0,225014.16666666666
2016-08-20,208224.0,224701.43333333332
2016-08-21,184904.0,223484.76666666666
2016-08-22,228373.0,224570.66666666666
2016-08-23,239021.0,226408.36666666667
2016-08-24,235130.0,226255.53333333333
2016-08-25,234009.0,226133.4
2016-08-26,226767.0,225838.86666666667
2016-08-27,191098.0,224380.03333333333
2016-08-28,174489.0,222482.53333333333
2016-08-29,225282.0,223342.46666666667
2016-08-30,252002.0,225334.06666666668
2016-08-31,225360.0,225344.43333333332
2016-09-01,237466.0,224890.03333333333
2016-09-02,225856.0,224359.16666666666
2016-09-03,182204.0,222704.8
2016-09-04,183244.0,221204.8
2016-09-05,227683.0,222271.93333333332
2016-09-06,232118.0,223595.4
2016-09-07,250809.0,224112.53333333333
2016-09-08,227006.0,223966.06666666668
2016-09-09,220534.0,223159.2
2016-09-10,193320.0,221119.36666666667
2016-09-11,180391.0,219366.63333333333
2016-09-12,208649.0,219169.3
2016-09-13,239886.0,220493.03333333333
2016-09-14,231800.0,221456.5
2016-09-15,233488.0,220758.4
2016-09-16,211128.0,219862.56666666668
2016-09-17,215529.0,219062.16666666666
2016-09-18,191603.0,217245.76666666666
2016-09-19,223540.0,217756.3
2016-09-20,244315.0,219736.66666666666
2016-09-21,239216.0,220098.1
2016-09-22,231227.0,219838.3
2016-09-23,223187.0,219440.2
2016-09-24,208650.0,218594.9
2016-09-25,195642.0,217557.4
2016-09-26,230769.0,218879.76666666666
2016-09-27,240335.0,221074.63333333333
2016-09-28,234995.0,221398.4
2016-09-29,242730.0,221089.33333333334
2016-09-30,250943.0,221942.1
2016-10-01,213930.0,221157.56666666668
2016-10-02,194823.0,220123.13333333333
2016-10-03,256665.0,222605.16666666666
2016-10-04,264662.0,225319.1
2016-10-05,266811.0,226623.36666666667
2016-10-06,274486.0,228035.63333333333
2016-10-07,266324.0,228552.8
2016-10-08,250672.0,229341.66666666666
2016-10-09,210548.0,229008.8
2016-10-10,222996.0,229998.0
2016-10-11,263565.0,232770.46666666667
2016-10-12,233440.0,233596.83333333334
2016-10-13,229703.0,233257.4
2016-10-14,239724.0,233521.53333333333
2016-10-15,210448.0,232753.53333333333
2016-10-16,197876.0,232311.8
2016-10-17,237232.0,233035.23333333334
2016-10-18,251521.0,235032.5
2016-10-19,199083.0,234217.26666666666
2016-10-20,270380.0,235086.1
2016-10-21,265355.0,235957.4
2016-10-22,216708.0,235473.43333333332
2016-10-23,191578.0,234419.8
2016-10-24,226980.0,235030.8
2016-10-25,237030.0,236410.4
2016-10-26,223316.0,236161.96666666667
2016-10-27,326388.0,239030.4
2016-10-28,250876.0,239559.76666666666
2016-10-29,229689.0,239125.06666666668
2016-10-30,207982.0,237693.03333333333
2016-10-31,241778.0,238621.3
2016-11-01,246650.0,240348.86666666667
2016-11-02,268418.0,240740.63333333333
2016-11-03,271998.0,240985.16666666666
2016-11-04,248043.0,240359.56666666668
2016-11-05,238215.0,239150.53333333333
2016-11-06,225786.0,237799.26666666666
2016-11-07,274281.0,238586.23333333334
2016-11-08,296060.0,241436.63333333333
2016-11-09,270095.0,243006.6
2016-11-10,271374.0,243266.9
2016-11-11,254619.0,243972.86666666667
2016-11-12,228886.0,243945.63333333333
2016-11-13,219657.0,243276.73333333334
2016-11-14,270506.0,245278.66666666666
2016-11-15,280352.0,248027.86666666667
2016-11-16,289789.0,249779.76666666666
2016-11-17,277460.0,250644.4
2016-11-18,275925.0,253205.8
2016-11-19,249760.0,252518.46666666667
2016-11-20,243591.0,251793.0
2016-11-21,285793.0,254095.83333333334
2016-11-22,285635.0,257231.06666666668
2016-11-23,276924.0,258895.86666666667
2016-11-24,328538.0,261946.13333333333
2016-11-25,315387.0,265015.1666666667
2016-11-26,277608.0,263389.1666666667
2016-11-27,237389.0,262939.6
2016-11-28,298530.0,265234.3
2016-11-29,289650.0,267956.56666666665
2016-11-30,292654.0,269652.43333333335
2016-12-01,239682.0,269420.1666666667
2016-12-02,315478.0,270988.8333333333
2016-12-03,287988.0,271521.8333333333
2016-12-04,245650.0,271442.06666666665
2016-12-05,278001.0,272768.26666666666
2016-12-06,319762.0,275900.8
2016-12-07,310754.0,277116.56666666665
2016-12-08,282711.0,276671.6
2016-12-09,268815.0,276628.93333333335
2016-12-10,250241.0,275924.5
2016-12-11,229933.0,275101.63333333336
2016-12-12,268662.0,276427.5
2016-12-13,291757.0,278830.8333333333
2016-12-14,286328.0,279358.23333333334
2016-12-15,282685.0,279436.0
2016-12-16,279361.0,279088.4
2016-12-17,238130.0,277777.4
2016-12-18,235789.0,276439.5333333333
2016-12-19,282129.0,277518.5
2016-12-20,296473.0,279281.23333333334
2016-12-21,325677.0,280610.7
2016-12-22,314644.0,281577.6666666667
2016-12-23,304997.0,282513.43333333335
2016-12-24,240820.0,279589.5
2016-12-25,197364.0,275655.4
2016-12-26,244914.0,274565.6
2016-12-27,296546.0,276537.5
2016-12-28,305394.0,276766.3
2016-12-29,304605.0,277264.8
2016-12-30,286818.0,277070.26666666666
2016-12-31,250273.0,277423.3
2017-01-01,180502.0,272924.1
2017-01-02,290951.0,273022.86666666664
2017-01-03,301664.0,274890.0
2017-01-04,328642.0,276578.0333333333
2017-01-05,288501.0,275536.0
2017-01-06,346405.0,276724.36666666664
2017-01-07,282060.0,276702.6666666667
2017-01-08,260101.0,276412.2
2017-01-09,269947.0,277069.06666666665
2017-01-10,323888.0,280200.9
2017-01-11,303058.0,281347.43333333335
2017-01-12,295125.0,281459.7
2017-01-13,272747.0,281007.0
2017-01-14,242269.0,279659.8
2017-01-15,235999.0,278214.4
2017-01-16,267640.0,279198.06666666665
2017-01-17,292697.0,281095.0
2017-01-18,297100.0,281594.0333333333
2017-01-19,300605.0,281731.76666666666
2017-01-20,298377.0,280821.76666666666
2017-01-21,263562.0,279119.0333333333
2017-01-22,236886.0,276848.6666666667
2017-01-23,235530.0,276672.3333333333
2017-01-24,278177.0,279366.1
2017-01-25,304727.0,281359.86666666664
2017-01-26,313755.0,281933.5
2017-01-27,263332.0,280531.43333333335
2017-01-28,246395.0,278591.1
2017-01-29,241627.0,277084.73333333334
2017-01-30,247408.0,276989.23333333334
2017-01-31,307683.0,281228.6
2017-02-01,350560.0,283215.56666666665
2017-02-02,259559.0,281812.06666666665
2017-02-03,323563.0,281642.76666666666
2017-02-04,284778.0,281518.6666666667
2017-02-05,292101.0,279708.5333333333
2017-02-06,230027.0,277974.1
2017-02-07,325268.0,280146.3333333333
2017-02-08,308316.0,281425.3
2017-02-09,346544.0,282180.5
2017-02-10,301789.0,282138.2
2017-02-11,262686.0,281056.9
2017-02-12,237744.0,279890.13333333336
2017-02-13,288290.0,281424.1666666667
2017-02-14,315084.0,284060.3333333333
2017-02-15,294786.0,284965.2
2017-02-16,283203.0,284648.73333333334
2017-02-17,319767.0,285404.3
2017-02-18,286143.0,284922.23333333334
2017-02-19,251721.0,283367.0333333333
2017-02-20,282728.0,284005.9
2017-02-21,279090.0,285412.7
2017-02-22,282194.0,286968.1666666667
2017-02-23,325913.0,288559.36666666664
2017-02-24,343805.0,289861.9666666667
2017-02-25,326521.0,290287.5
2017-02-26,265203.0,290349.86666666664
2017-02-27,284555.0,291621.86666666664
2017-02-28,325414.0,294414.76666666666
2017-03-01,315883.0,296697.26666666666
2017-03-02,329428.0,297422.1
2017-03-03,337310.0,296980.43333333335
2017-03-04,265780.0,297187.8
2017-03-05,280739.0,295760.3333333333
2017-03-06,287731.0,295858.76666666666
2017-03-07,327902.0,297052.13333333336
2017-03-08,297108.0,299288.1666666667
2017-03-09,303632.0,298566.9666666667
2017-03-10,308482.0,298572.5
2017-03-11,280681.0,296377.06666666665
2017-03-12,221110.0,293687.76666666666
2017-03-13,273079.0,294034.2
2017-03-14,310395.0,296455.9
2017-03-15,292434.0,296594.0333333333
2017-03-16,327034.0,296992.36666666664
2017-03-17,292196.0,296906.0333333333
2017-03-18,263530.0,296250.26666666666
2017-03-19,269336.0,294569.23333333334
2017-03-20,277033.0,294265.56666666665
2017-03-21,288055.0,295476.7
2017-03-22,316593.0,296605.5333333333
2017-03-23,287871.0,296898.23333333334
2017-03-24,289521.0,297142.4666666667
2017-03-25,242975.0,294377.86666666664
2017-03-26,221915.0,290314.86666666664
2017-03-27,232291.0,287173.86666666664
2017-03-28,294001.0,288133.8
2017-03-29,283931.0,288113.0
2017-03-30,288788.0,286892.13333333336
2017-03-31,259403.0,285009.4666666667
2017-04-01,255871.0,282557.56666666665
2017-04-02,244203.0,279454.0
2017-04-03,288141.0,280199.36666666664
2017-04-04,256015.0,279375.23333333334
2017-04-05,316555.0,280336.0333333333
2017-04-06,290465.0,279088.13333333336
2017-04-07,295463.0,279033.3
2017-04-08,226959.0,276477.5333333333
2017-04-09,238286.0,274137.6666666667
2017-04-10,273384.0,273894.43333333335
2017-04-11,307893.0,276787.2
2017-04-12,278093.0,276954.3333333333
2017-04-13,228679.0,274230.4666666667
2017-04-14,290208.0,274156.26666666666
2017-04-15,270705.0,272278.63333333336
2017-04-16,211829.0,269599.73333333334
2017-04-17,245184.0,268988.2
2017-04-18,303091.0,270113.36666666664
2017-04-19,310104.0,271215.73333333334
2017-04-20,267915.0,270544.4
2017-04-21,330354.0,271003.1
2017-04-22,268712.0,270364.4666666667
2017-04-23,245039.0,268881.73333333334
2017-04-24,222671.0,268204.93333333335
2017-04-25,325387.0,271654.0
2017-04-26,334471.0,275060.0
2017-04-27,297884.0,275189.43333333335
2017-04-28,305271.0,275900.76666666666
2017-04-29,341319.0,277651.8
2017-04-30,281489.0,278388.0
2017-05-01,294786.0,279685.1666666667
2017-05-02,333161.0,282650.43333333335
2017-05-03,295149.0,282884.0333333333
2017-05-04,354737.0,286174.76666666666
2017-05-05,267193.0,284529.36666666664
2017-05-06,363022.0,286947.93333333335
2017-05-07,316011.0,287632.86666666664
2017-05-08,365096.0,292237.43333333335
2017-05-09,332879.0,295390.5333333333
2017-05-10,311391.0,296657.43333333335
2017-05-11,294743.0,296219.1
2017-05-12,317698.0,297539.26666666666
2017-05-13,329266.0,300892.1666666667
2017-05-14,369098.0,303521.8333333333
2017-05-15,329229.0,305472.63333333336
2017-05-16,233977.0,306210.9
2017-05-17,317527.0,308622.3333333333
2017-05-18,288904.0,308149.43333333335
2017-05-19,319502.0,308462.7
2017-05-20,352805.0,311292.36666666664
2017-05-21,326057.0,311149.13333333336
2017-05-22,327868.0,313121.0
2017-05-23,367710.0,317210.0333333333
2017-05-24,338642.0,321075.73333333334
2017-05-25,350114.0,321899.9666666667
2017-05-26,333340.0,321862.26666666666
2017-05-27,331914.0,322996.6
2017-05-28,308143.0,323092.3333333333
2017-05-29,321638.0,322436.3
2017-05-30,347961.0,324652.0333333333
2017-05-31,321634.0,325546.9666666667
2017-06-01,319709.0,325098.56666666665
2017-06-02,271539.0,324311.56666666665
2017-06-03,305320.0,322664.3333333333
2017-06-04,266044.0,322626.0333333333
2017-06-05,289930.0,320189.63333333336
2017-06-06,297416.0,319569.8
2017-06-07,339720.0,318723.93333333335
2017-06-08,307377.0,317873.86666666664
2017-06-09,282184.0,316900.3
2017-06-10,254993.0,315575.3
2017-06-11,222892.0,312415.1
2017-06-12,269098.0,310409.5
2017-06-13,291776.0,307832.1
2017-06-14,287644.0,306445.93333333335
2017-06-15,293141.0,308418.06666666665
2017-06-16,269937.0,306831.73333333334
2017-06-17,236554.0,305086.73333333334
2017-06-18,209359.0,301415.3
2017-06-19,269774.0,298647.6
2017-06-20,269438.0,296760.3
2017-06-21,280203.0,295171.4666666667
2017-06-22,269685.0,291903.9666666667
2017-06-23,259938.0,289280.5
2017-06-24,227127.0,285180.93333333335
2017-06-25,180719.0,280093.56666666665
2017-06-26,261906.0,277759.9666666667
2017-06-27,259737.0,276146.43333333335
2017-06-28,279811.0,274752.2
2017-06-29,231054.0,270855.3
2017-06-30,267360.0,269046.1666666667
2017-07-01,221856.0,265784.4
2017-07-02,196539.0,263284.4
2017-07-03,253244.0,261548.53333333333
2017-07-04,255483.0,261196.5
2017-07-05,237008.0,259432.43333333332
2017-07-06,225106.0,257022.1
2017-07-07,243614.0,253818.56666666668
2017-07-08,220835.0,250933.83333333334
2017-07-09,188124.0,247798.5
2017-07-10,251722.0,247689.46666666667
2017-07-11,265759.0,249118.36666666667
2017-07-12,257138.0,248719.7
2017-07-13,245895.0,247190.33333333334
2017-07-14,227903.0,245198.96666666667
2017-07-15,221851.0,242822.63333333333
2017-07-16,203165.0,240596.9
2017-07-17,230315.0,240388.93333333332
2017-07-18,260575.0,242096.13333333333
2017-07-19,253768.0,241562.6
2017-07-20,230199.0,240254.63333333333
2017-07-21,268443.0,239862.63333333333
2017-07-22,223358.0,238318.4
2017-07-23,181031.0,235688.16666666666
2017-07-24,240072.0,236119.66666666666
2017-07-25,244036.0,238230.23333333334
2017-07-26,237853.0,237428.46666666667
2017-07-27,225369.0,236282.86666666667
2017-07-28,247207.0,235196.06666666668
2017-07-29,211134.0,234532.06666666668
2017-07-30,184145.0,231758.23333333334
2017-07-31,231012.0,232063.43333333332
2017-08-01,131875.0,229907.96666666667
2017-08-02,209321.0,228443.86666666667
2017-08-03,213017.0,227028.33333333334
2017-08-04,235792.0,226987.8
2017-08-05,239771.0,227476.63333333333
2017-08-06,199627.0,226010.4
2017-08-07,249002.0,226949.3
2017-08-08,275574.0,229864.3
2017-08-09,260955.0,230172.06666666668
2017-08-10,257965.0,229912.26666666666
2017-08-11,284001.0,230807.7
2017-08-12,260521.0,231295.23333333334
2017-08-13,263310.0,232475.46666666667
2017-08-14,255362.0,233592.5
2017-08-15,311002.0,237187.06666666668
2017-08-16,274866.0,238672.1
2017-08-17,347319.0,241563.56666666668
2017-08-18,312250.0,243512.96666666667
2017-08-19,266832.0,244734.06666666668
2017-08-20,210852.0,242814.36666666667
2017-08-21,236772.0,243261.5
2017-08-22,196283.0,243769.9
2017-08-23,315734.0,246291.96666666667
2017-08-24,203805.0,244950.93333333332
2017-08-25,208169.0,243961.46666666667
2017-08-26,226485.0,243998.66666666666
2017-08-27,261891.0,244488.13333333333
2017-08-28,223771.0,244909.36666666667
2017-08-29,281116.0,248141.73333333334
2017-08-30,271466.0,249490.2
2017-08-31,280724.0,254451.83333333334
2017-09-01,283670.0,256930.13333333333
2017-09-02,236811.0,257723.26666666666
2017-09-03,195289.0,256373.16666666666
2017-09-04,269280.0,257356.8
2017-09-05,277948.0,259967.5
2017-09-06,276225.0,260874.93333333332
2017-09-07,256374.0,260234.93333333332
2017-09-08,279488.0,260852.7
2017-09-09,217890.0,259516.86666666667
2017-09-10,193240.0,256491.5
2017-09-11,253492.0,256257.2
2017-09-12,256230.0,256021.2
2017-09-13,263320.0,256286.46666666667
2017-09-14,268068.0,254855.33333333334
2017-09-15,292079.0,255429.1
2017-09-16,228257.0,251460.36666666667
2017-09-17,197683.0,247641.46666666667
2017-09-18,218204.0,246020.53333333333
2017-09-19,282917.0,248422.7
2017-09-20,235723.0,248387.73333333334
2017-09-21,255257.0,250353.53333333333
2017-09-22,227615.0,247416.23333333334
2017-09-23,203861.0,247418.1
2017-09-24,185277.0,246655.03333333333
2017-09-25,226603.0,246658.96666666667
2017-09-26,263648.0,246717.53333333333
2017-09-27,257961.0,247857.2
2017-09-28,275976.0,247685.86666666667
2017-09-29,254438.0,247118.26666666666
2017-09-30,212678.0,244850.06666666668
2017-10-01,203653.0,242182.83333333334
2017-10-02,295002.0,244122.53333333333
2017-10-03,282132.0,247017.3
2017-10-04,232826.0,245802.16666666666
2017-10-05,273243.0,245645.33333333334
2017-10-06,283699.0,245894.46666666667
2017-10-07,231226.0,245056.2
2017-10-08,238385.0,243686.1
2017-10-09,296946.0,246321.3
2017-10-10,303101.0,249983.33333333334
2017-10-11,292459.0,251282.23333333334
2017-10-12,293164.0,252513.36666666667
2017-10-13,309819.0,254063.33333333334
2017-10-14,293140.0,254899.06666666668
2017-10-15,283473.0,254612.2
2017-10-16,314725.0,257494.46666666667
2017-10-17,334438.0,262052.96666666667
2017-10-18,329579.0,265765.4666666667
2017-10-19,356985.0,268234.4
2017-10-20,312409.0,270790.6
2017-10-21,312257.0,272690.6
2017-10-22,289131.0,274741.13333333336
2017-10-23,316096.0,278482.3
2017-10-24,347220.0,283880.4
2017-10-25,315415.0,286840.8
2017-10-26,265827.0,286913.43333333335
2017-10-27,246692.0,286537.8
2017-10-28,207066.0,284240.8
2017-10-29,334025.0,286893.7
2017-10-30,316077.0,290340.3333333333
2017-10-31,277535.0,292803.06666666665
2017-11-01,351529.0,294687.3
2017-11-02,341474.0,296665.36666666664
2017-11-03,277598.0,298157.76666666666
2017-11-04,294121.0,298853.7
2017-11-05,251728.0,297788.0
2017-11-06,271029.0,299114.76666666666
2017-11-07,335636.0,302356.4666666667
2017-11-08,301346.0,302503.13333333336
2017-11-09,341281.0,303775.8
2017-11-10,271745.0,303085.3333333333
2017-11-11,197081.0,299882.56666666665
2017-11-12,183519.0,295672.56666666665
2017-11-13,309299.0,296211.2
2017-11-14,271995.0,295828.6
2017-11-15,321788.0,296064.0333333333
2017-11-16,310396.0,295262.63333333336
2017-11-17,306617.0,294497.23333333334
2017-11-18,270874.0,291626.86666666664
2017-11-19,264855.0,290041.73333333334
2017-11-20,336204.0,290839.9666666667
2017-11-21,371091.0,293571.9666666667
2017-11-22,312033.0,293436.5333333333
2017-11-23,352207.0,293602.76666666666
2017-11-24,305735.0,293280.1
2017-11-25,336689.0,295642.1666666667
2017-11-26,329677.0,298408.3333333333
2017-11-27,379256.0,304148.0
2017-11-28,365977.0,305213.06666666665
2017-11-29,398090.0,307946.8333333333
2017-11-30,384386.0,311508.5333333333
2017-12-01,412908.0,313554.5
2017-12-02,326354.0,313050.5
2017-12-03,353044.0,315565.36666666664
2017-12-04,400686.0,319117.5333333333
2017-12-05,405709.0,324250.23333333334
2017-12-06,443587.0,330002.1666666667
2017-12-07,374917.0,331311.5333333333
2017-12-08,385092.0,334103.06666666665
2017-12-09,403399.0,336173.6666666667
2017-12-10,341420.0,338496.1666666667
2017-12-11,368598.0,344213.4
2017-12-12,372977.0,350528.6666666667
2017-12-13,424579.0,354371.3333333333
2017-12-14,490644.0,361659.63333333336
2017-12-15,405676.0,364455.9
2017-12-16,364222.0,366250.1
2017-12-17,391910.0,369093.2
2017-12-18,394239.0,373205.36666666664
2017-12-19,378622.0,376997.6
2017-12-20,370277.0,378133.36666666664
2017-12-21,335482.0,376946.4
2017-12-22,380648.0,379233.56666666665
2017-12-23,308211.0,377767.0333333333
2017-12-24,279523.0,376893.3
2017-12-25,228926.0,373301.2
2017-12-26,247440.0,370559.9666666667
2017-12-27,307642.0,368172.8333333333
2017-12-28,305053.0,366142.0333333333
2017-12-29,353824.0,364666.5
2017-12-30,344407.0,363333.86666666664
2017-12-31,290422.0,359251.0
2018-01-01,241757.0,356431.1
2018-01-02,340980.0,356028.9666666667
2018-01-03,395963.0,355871.5333333333
2018-01-04,425008.0,356514.8333333333
2018-01-05,342707.0,353152.1666666667
2018-01-06,358847.0,352616.5
2018-01-07,368187.0,352053.0
2018-01-08,345672.0,350128.76666666666
2018-01-09,360265.0,350756.93333333335
2018-01-10,347393.0,350050.1
2018-01-11,337959.0,348882.8333333333
2018-01-12,300091.0,344733.23333333334
2018-01-13,265735.0,337236.26666666666
2018-01-14,235045.0,331548.56666666665
2018-01-15,273623.0,328528.6
2018-01-16,303725.0,325589.1
2018-01-17,315771.0,322973.5
2018-01-18,309495.0,320669.26666666666
2018-01-19,243619.0,316447.3333333333
2018-01-20,240611.0,313284.9666666667
2018-01-21,215622.0,307784.1
2018-01-22,245562.0,305695.8
2018-01-23,271936.0,305442.9
2018-01-24,250423.0,306159.4666666667
2018-01-25,236580.0,305797.4666666667
2018-01-26,220459.0,302891.36666666664
2018-01-27,193578.0,299175.5333333333
2018-01-28,213446.0,294496.26666666666
2018-01-29,232176.0,290755.23333333334
2018-01-30,236609.0,288961.4666666667
2018-01-31,204276.0,287712.1
2018-02-01,257664.0,284934.9
2018-02-02,235918.0,279600.06666666665
2018-02-03,194891.0,271929.5
2018-02-04,173687.0,266295.5
2018-02-05,216363.0,261546.03333333333
2018-02-06,244120.0,257410.46666666667
2018-02-07,213719.0,253012.03333333333
2018-02-08,173289.0,246779.5
2018-02-09,177860.0,241128.4
2018-02-10,181783.0,235922.53333333333
2018-02-11,147208.0,230826.43333333332
2018-02-12,186918.0,228199.2
2018-02-13,182984.0,226463.83333333334
2018-02-14,196417.0,223890.3
2018-02-15,198183.0,220372.23333333334
2018-02-16,187738.0,216104.46666666667
2018-02-17,173789.0,211580.93333333332
2018-02-18,159495.0,208776.8
2018-02-19,187367.0,207002.0
2018-02-20,198455.0,206429.76666666666
2018-02-21,205201.0,205084.4
2018-02-22,183235.0,202127.7
2018-02-23,185193.0,199953.36666666667
2018-02-24,154534.0,197218.5
2018-02-25,144869.0,194698.83333333334
2018-02-26,186474.0,194462.03333333333
2018-02-27,219624.0,194667.96666666667
2018-02-28,189223.0,193236.2
2018-03-01,233744.0,193140.7
2018-03-02,195073.0,192833.93333333332
2018-03-03,177024.0,190145.93333333332
2018-03-04,160231.0,187623.03333333333
2018-03-05,201438.0,187841.26666666666
2018-03-06,206016.0,188918.9
2018-03-07,213978.0,188839.4
2018-03-08,196422.0,187249.46666666667
2018-03-09,198180.0,186731.5
2018-03-10,156228.0,186162.8
2018-03-11,150884.0,185263.6
2018-03-12,188394.0,185483.96666666667
2018-03-13,196140.0,187115.03333333333
2018-03-14,191042.0,187252.5
2018-03-15,206186.0,188025.9
2018-03-16,186979.0,187711.3
2018-03-17,154496.0,186255.06666666668
2018-03-18,164401.0,185477.16666666666
2018-03-19,191528.0,186068.46666666667
2018-03-20,195168.0,187257.56666666668
2018-03-21,194846.0,187506.86666666667
2018-03-22,185187.0,187064.6
2018-03-23,179818.0,186218.5
2018-03-24,157087.0,185346.9
2018-03-25,135274.0,183682.93333333332
2018-03-26,187850.0,184793.46666666667
2018-03-27,187065.0,186200.0
2018-03-28,177521.0,185901.56666666668
2018-03-29,192411.0,184994.46666666667
2018-03-30,185940.0,184885.03333333333
2018-03-31,148617.0,182047.46666666667
2018-04-01,135129.0,180049.33333333334
2018-04-02,168178.0,179754.46666666667
2018-04-03,198919.0,181044.06666666668
2018-04-04,185710.0,180519.8
2018-04-05,181832.0,179713.66666666666
2018-04-06,172889.0,178344.03333333333
2018-04-07,154639.0,176951.26666666666
2018-04-08,138535.0,174963.1
2018-04-09,176563.0,175640.93333333332
2018-04-10,186415.0,176825.3
2018-04-11,183248.0,176653.76666666666
2018-04-12,210879.0,177145.06666666668
2018-04-13,217282.0,178019.73333333334
2018-04-14,161843.0,176541.63333333333
2018-04-15,174031.0,176110.03333333333
2018-04-16,196106.0,177497.03333333333
2018-04-17,201820.0,178744.33333333334
2018-04-18,200740.0,179051.4
2018-04-19,213523.0,179663.23333333334
2018-04-20,207777.0,180094.26666666666
2018-04-21,193975.0,180387.2
2018-04-22,171870.0,180122.26666666666
2018-04-23,226353.0,182431.13333333333
2018-04-24,254493.0,186405.1
2018-04-25,213155.0,187248.6
2018-04-26,216732.0,188237.5
2018-04-27,211119.0,189357.43333333332
2018-04-28,203681.0,189733.1
2018-04-29,180798.0,189561.7
2018-04-30,215107.0,191778.03333333333
2018-05-01,199959.0,193939.03333333333
2018-05-02,212296.0,195409.63333333333
2018-05-03,228521.0,196396.36666666667
2018-05-04,219069.0,197508.33333333334
2018-05-05,202703.0,198204.03333333333
2018-05-06,171761.0,198166.43333333332
2018-05-07,205063.0,199847.23333333334
2018-05-08,217810.0,202489.73333333334
2018-05-09,206579.0,203490.26666666666
2018-05-10,208961.0,204241.8
2018-05-11,213624.0,205254.33333333334
2018-05-12,182054.0,204293.5
2018-05-13,158794.0,202343.9
2018-05-14,209697.0,203939.03333333333
2018-05-15,214779.0,205297.3
2018-05-16,208463.0,205709.2
2018-05-17,192683.0,205404.63333333333
2018-05-18,211496.0,205763.16666666666
2018-05-19,173274.0,204421.53333333333
2018-05-20,158663.0,202784.4
2018-05-21,202647.0,203073.46666666667
2018-05-22,203337.0,204122.36666666667
2018-05-23,223196.0,204017.13333333333
2018-05-24,206825.0,202428.2
2018-05-25,196181.0,201862.4
2018-05-26,158783.0,199930.76666666666
2018-05-27,144304.0,197703.6
2018-05-28,189063.0,197216.33333333334
2018-05-29,204769.0,198015.36666666667
2018-05-30,204077.0,197647.7
2018-05-31,209526.0,197966.6
2018-06-01,205481.0,197739.43333333332
2018-06-02,174497.0,195938.63333333333
2018-06-03,163443.0,194084.43333333332
2018-06-04,209916.0,194324.86666666667
2018-06-05,212901.0,195696.2
2018-06-06,206417.0,195741.33333333334
2018-06-07,207627.0,195401.9
2018-06-08,200379.0,195195.23333333334
2018-06-09,171306.0,193940.06666666668
2018-06-10,179809.0,192812.9
2018-06-11,213196.0,193850.96666666667
2018-06-12,214595.0,195711.0
2018-06-13,211829.0,195782.06666666668
2018-06-14,210029.0,195623.73333333334
2018-06-15,205861.0,195537.0
2018-06-16,159090.0,194417.23333333334
2018-06-17,144908.0,192197.63333333333
2018-06-18,196305.0,192965.33333333334
2018-06-19,191805.0,194070.06666666668
2018-06-20,198889.0,193944.8
2018-06-21,198113.0,193770.66666666666
2018-06-22,204144.0,193135.6
2018-06-23,163295.0,191684.6
2018-06-24,158022.0,190412.63333333333
2018-06-25,200173.0,191792.3
2018-06-26,195404.0,193495.63333333333
2018-06-27,188510.0,193477.2
2018-06-28,187624.0,192905.7
2018-06-29,197881.0,192699.16666666666
2018-06-30,181065.0,191750.46666666667
2018-07-01,156247.0,190109.33333333334
2018-07-02,199294.0,190935.9
2018-07-03,216747.0,192712.7
2018-07-04,206788.0,192608.43333333332
2018-07-05,199600.0,192165.06666666668
2018-07-06,200993.0,191984.26666666666
2018-07-07,170160.0,190735.36666666667
2018-07-08,155685.0,189245.56666666668
2018-07-09,206546.0,190420.23333333334
2018-07-10,216063.0,191628.7
2018-07-11,202603.0,191275.6
2018-07-12,203535.0,190906.93333333332
2018-07-13,207904.0,190776.1
2018-07-14,176475.0,189657.63333333333
2018-07-15,161151.0,188167.3
2018-07-16,207842.0,189792.36666666667
2018-07-17,233966.0,192760.96666666667
2018-07-18,238769.0,194176.43333333332
2018-07-19,225039.0,195284.23333333334
2018-07-20,225529.0,196172.23333333334
2018-07-21,184803.0,195728.56666666668
2018-07-22,167129.0,194494.73333333334
2018-07-23,229480.0,196700.9
2018-07-24,259358.0,200078.76666666666
2018-07-25,250208.0,201746.6
2018-07-26,231679.0,202955.76666666666
2018-07-27,229397.0,204318.66666666666
2018-07-28,188238.0,204339.13333333333
2018-07-29,168407.0,203356.66666666666
2018-07-30,230924.0,205018.63333333333
2018-07-31,242977.0,207909.63333333333
2018-08-01,241044.0,209301.3
2018-08-02,224873.0,209572.16666666666
2018-08-03,229859.0,210341.2
2018-08-04,191657.0,210076.43333333332
2018-08-05,172181.0,209116.03333333333
2018-08-06,218607.0,210730.93333333332
2018-08-07,233045.0,213309.6
2018-08-08,235311.0,214268.43333333332
2018-08-09,222326.0,214477.2
2018-08-10,226148.0,215262.03333333333
2018-08-11,192438.0,214892.13333333333
2018-08-12,165044.0,213463.46666666667
2018-08-13,222229.0,214988.6
2018-08-14,247622.0,217870.96666666667
2018-08-15,246066.0,219145.1
2018-08-16,232335.0,219090.73333333334
2018-08-17,233794.0,218924.9
2018-08-18,190935.0,217788.1
2018-08-19,167400.0,215850.46666666667
2018-08-20,214983.0,216856.46666666667
2018-08-21,217777.0,218544.73333333334
2018-08-22,230333.0,218573.16666666666
2018-08-23,217352.0,217172.96666666667
2018-08-24,219848.0,216160.96666666667
2018-08-25,196420.0,214985.66666666666
2018-08-26,172747.0,213097.33333333334
2018-08-27,223656.0,214277.93333333332
2018-08-28,238039.0,216599.0
2018-08-29,237508.0,216818.46666666667
2018-08-30,231391.0,216432.26666666666
2018-08-31,237076.0,216300.0
2018-09-01,213331.0,215915.26666666666
2018-09-02,187145.0,214491.46666666667
2018-09-03,222897.0,215532.8
2018-09-04,232265.0,217535.6
2018-09-05,246477.0,218464.6
2018-09-06,252261.0,219105.13333333333
2018-09-07,230790.0,218954.43333333332
2018-09-08,204428.0,218357.83333333334
2018-09-09,188912.0,217116.63333333333
2018-09-10,222866.0,218130.9
2018-09-11,237571.0,220548.46666666667
2018-09-12,233275.0,220916.66666666666
2018-09-13,234209.0,220469.56666666668
2018-09-14,223250.0,219709.03333333333
2018-09-15,211071.0,219000.23333333334
2018-09-16,179483.0,217189.86666666667
2018-09-17,240152.0,218830.43333333332
2018-09-18,244259.0,221392.4
2018-09-19,251037.0,222594.2
2018-09-20,253674.0,223790.76666666666
2018-09-21,273051.0,225214.7
2018-09-22,225537.0,225487.53333333333
2018-09-23,200319.0,224836.56666666668
2018-09-24,237670.0,226211.56666666668
2018-09-25,252113.0,228857.1
2018-09-26,243927.0,229532.8
2018-09-27,248686.0,229887.7
2018-09-28,254239.0,230445.4
2018-09-29,218339.0,230010.33333333334
2018-09-30,208210.0,229048.13333333333
2018-10-01,242820.0,230031.1
2018-10-02,244772.0,231952.0
2018-10-03,242303.0,232598.86666666667
2018-10-04,243157.0,232961.93333333332
2018-10-05,244719.0,232903.33333333334
2018-10-06,214843.0,231656.06666666668
2018-10-07,219731.0,231287.43333333332
2018-10-08,248041.0,232741.2
2018-10-09,235862.0,234306.2
2018-10-10,244945.0,235042.16666666666
2018-10-11,262467.0,235872.03333333333
2018-10-12,243174.0,236202.0
2018-10-13,205097.0,235231.6
2018-10-14,191259.0,234165.23333333334
2018-10-15,266945.0,236027.7
2018-10-16,257967.0,238643.83333333334
2018-10-17,260362.0,239317.5
2018-10-18,253450.0,239623.86666666667
2018-10-19,253826.0,239716.83333333334
2018-10-20,227821.0,238855.06666666668
2018-10-21,211505.0,236803.53333333333
2018-10-22,255324.0,237796.43333333332
2018-10-23,253463.0,239567.9
2018-10-24,254091.0,240115.26666666666
2018-10-25,254599.0,240198.13333333333
2018-10-26,253002.0,240500.63333333333
2018-10-27,233749.0,240002.73333333334
2018-10-28,219860.0,238856.76666666666
2018-10-29,269754.0,240570.6
2018-10-30,283327.0,243074.5
2018-10-31,288283.0,244589.93333333332
2018-11-01,281941.0,245828.9
2018-11-02,292704.0,247508.93333333332
2018-11-03,249564.0,247722.5
2018-11-04,229291.0,247208.23333333334
2018-11-05,293239.0,249821.43333333332
2018-11-06,285451.0,252012.1
2018-11-07,293734.0,253535.2
2018-11-08,277597.0,254926.36666666667
2018-11-09,283896.0,256224.73333333334
2018-11-10,252499.0,255892.46666666667
2018-11-11,246991.0,256019.7
2018-11-12,300006.0,259183.33333333334
2018-11-13,279160.0,262113.36666666667
2018-11-14,292755.0,262973.7
2018-11-15,291525.0,264092.3
2018-11-16,283124.0,264851.0333333333
2018-11-17,262649.0,265157.6666666667
2018-11-18,239803.0,264690.23333333334
2018-11-19,267971.0,266028.56666666665
2018-11-20,288450.0,268593.4
2018-11-21,254942.0,268580.6666666667
2018-11-22,266116.0,269002.43333333335
2018-11-23,275261.0,269708.1
2018-11-24,250017.0,269555.36666666664
2018-11-25,239256.0,269097.1666666667
2018-11-26,257062.0,269874.26666666666
2018-11-27,268533.0,271496.7
2018-11-28,254456.0,270986.76666666666
2018-11-29,246226.0,269750.06666666665
2018-11-30,250157.0,268479.2
2018-12-01,241847.0,267142.73333333334
2018-12-02,222673.0,264808.36666666664
2018-12-03,240652.0,264511.3
2018-12-04,270189.0,265874.56666666665
2018-12-05,256501.0,264649.9666666667
2018-12-06,279654.0,264456.73333333334
2018-12-07,253890.0,263128.6
2018-12-08,231104.0,261578.83333333334
2018-12-09,238569.0,260067.93333333332
2018-12-10,258353.0,260263.06666666668
2018-12-11,251487.0,260412.93333333332
2018-12-12,261423.0,259126.83333333334
2018-12-13,268422.0,258768.9
2018-12-14,275801.0,258203.76666666666
2018-12-15,262879.0,257248.9
2018-12-16,226453.0,255359.86666666667
2018-12-17,298823.0,256565.66666666666
2018-12-18,266245.0,257447.06666666668
2018-12-19,302392.0,258594.43333333332
2018-12-20,287273.0,258555.2
2018-12-21,280588.0,259410.06666666668
2018-12-22,251216.0,258913.4
2018-12-23,250739.0,258096.0
2018-12-24,272297.0,258838.66666666666
2018-12-25,265052.0,259698.53333333333
2018-12-26,281305.0,260506.63333333333
2018-12-27,300020.0,261556.2
2018-12-28,308267.0,263349.9
2018-12-29,264980.0,263975.0333333333
2018-12-30,267639.0,264557.76666666666
2018-12-31,259684.0,265152.3333333333
2019-01-01,234725.0,265554.06666666665
2019-01-02,271696.0,266588.86666666664
2019-01-03,291016.0,267283.1
2019-01-04,281772.0,268125.4666666667
2019-01-05,265192.0,267643.4
2019-01-06,258522.0,267797.8
2019-01-07,284782.0,269587.06666666665
2019-01-08,318524.0,272252.23333333334
2019-01-09,319056.0,274275.6666666667
2019-01-10,327338.0,276804.0333333333
2019-01-11,308372.0,278369.0
2019-01-12,281502.0,278805.0
2019-01-13,276997.0,278844.86666666664
2019-01-14,326685.0,280971.73333333334
2019-01-15,302279.0,283499.26666666666
2019-01-16,305702.0,283728.56666666665
2019-01-17,296695.0,284743.56666666665
2019-01-18,305965.0,284862.6666666667
2019-01-19,282188.0,284693.1666666667
2019-01-20,294118.0,285144.1666666667
2019-01-21,315202.0,287277.0333333333
2019-01-22,296040.0,288787.06666666665
2019-01-23,293494.0,289493.63333333336
2019-01-24,308146.0,290930.1
2019-01-25,301085.0,291589.43333333335
2019-01-26,288285.0,291198.26666666666
2019-01-27,276651.0,290144.4
2019-01-28,308062.0,291580.4666666667
2019-01-29,326162.0,293531.23333333334
2019-01-30,321980.0,295607.76666666666
2019-01-31,353945.0,299581.76666666666
2019-02-01,339341.0,301836.6
2019-02-02,322032.0,302870.4666666667
2019-02-03,300171.0,303483.76666666666
2019-02-04,335288.0,305820.3
2019-02-05,354069.0,309005.2
2019-02-06,349596.0,311165.6666666667
2019-02-07,353046.0,312316.4
2019-02-08,335280.0,312857.2
2019-02-09,310892.0,312309.0
2019-02-10,299609.0,312016.9
2019-02-11,315725.0,313157.6666666667
2019-02-12,271573.0,312976.86666666664
2019-02-13,352651.0,313842.4
2019-02-14,354483.0,315582.5333333333
2019-02-15,296729.0,315283.43333333335
2019-02-16,332137.0,316464.8333333333
2019-02-17,327463.0,317181.43333333335
2019-02-18,344274.0,319250.9666666667
2019-02-19,348242.0,321055.1
2019-02-20,314320.0,321025.7
2019-02-21,297595.0,321077.5333333333
2019-02-22,350306.0,322971.26666666666
2019-02-23,328239.0,323641.0333333333
2019-02-24,320446.0,324286.4
2019-02-25,336634.0,325898.0333333333
2019-02-26,366568.0,328895.26666666666
2019-02-27,344560.0,330111.86666666664
2019-02-28,367827.0,331500.7
2019-03-01,354422.0,332582.1
2019-03-02,335864.0,331979.4
2019-03-03,353683.0,332457.4666666667
2019-03-04,304188.0,331862.6666666667
2019-03-05,285716.0,331380.8333333333
2019-03-06,277863.0,329466.6666666667
2019-03-07,282523.0,327081.8
2019-03-08,285264.0,324937.4
2019-03-09,239492.0,321152.26666666666
2019-03-10,212877.0,317072.1666666667
2019-03-11,294741.0,316533.8
2019-03-12,285653.0,316068.6
2019-03-13,285957.0,315076.3333333333
2019-03-14,299929.0,316021.5333333333
2019-03-15,296970.0,314165.5
2019-03-16,262267.0,311091.63333333336
2019-03-17,227290.0,308777.0
2019-03-18,291505.0,307422.6
2019-03-19,304744.0,306665.3
2019-03-20,304960.0,305354.8333333333
2019-03-21,300712.0,303770.5
2019-03-22,298524.0,303243.9666666667
2019-03-23,251573.0,301709.9
2019-03-24,226166.0,297571.9
2019-03-25,322191.0,297370.3
2019-03-26,366415.0,298902.6
2019-03-27,383186.0,300454.3333333333
2019-03-28,393698.0,301358.6666666667
2019-03-29,369817.0,302200.56666666665
2019-03-30,377783.0,302532.43333333335
2019-03-31,381652.0,303440.1
2019-04-01,368904.0,304541.43333333335
2019-04-02,401507.0,306135.56666666665
2019-04-03,360250.0,308004.3
2019-04-04,354660.0,310302.43333333335
2019-04-05,387090.0,313943.3333333333
2019-04-06,359569.0,316511.5333333333
2019-04-07,350631.0,318690.43333333335
2019-04-08,372417.0,323121.26666666666
2019-04-09,346071.0,327561.06666666665
2019-04-10,396501.0,330953.06666666665
2019-04-11,402802.0,334858.0333333333
2019-04-12,376767.0,337885.0333333333
2019-04-13,367076.0,340123.26666666666
2019-04-14,337030.0,341458.6
2019-04-15,381473.0,345432.13333333336
2019-04-16,358517.0,349806.36666666664
2019-04-17,350737.0,351780.76666666666
2019-04-18,382981.0,354388.6666666667
2019-04-19,362128.0,356294.26666666666
2019-04-20,319840.0,356931.86666666664
2019-04-21,390735.0,360005.56666666665
2019-04-22,342014.0,363020.26666666666
2019-04-23,311753.0,365873.1666666667
2019-04-24,404279.0,368609.43333333335
2019-04-25,384089.0,369198.56666666665
2019-04-26,381209.0,369132.6666666667
2019-04-27,359008.0,367976.3333333333
2019-04-28,383291.0,368425.4666666667
2019-04-29,363207.0,367939.6
2019-04-30,346486.0,366767.4
2019-05-01,439549.0,369122.23333333334
2019-05-02,452646.0,370826.86666666664
2019-05-03,383032.0,371586.26666666666
2019-05-04,355910.0,371627.93333333335
2019-05-05,330732.0,369749.3333333333
2019-05-06,378476.0,370379.56666666665
2019-05-07,329943.0,369689.9666666667
2019-05-08,393081.0,370378.76666666666
2019-05-09,361569.0,370895.36666666664
2019-05-10,322963.0,368444.1
2019-05-11,344957.0,366515.93333333335
2019-05-12,338571.0,365242.73333333334
2019-05-13,390428.0,366021.13333333336
2019-05-14,367370.0,367032.4666666667
2019-05-15,368901.0,366613.4
2019-05-16,375062.0,367164.9
2019-05-17,361654.0,367528.8
2019-05-18,359704.0,366752.9
2019-05-19,346859.0,366243.93333333335
2019-05-20,381582.0,368302.0
2019-05-21,380889.0,367973.8
2019-05-22,394887.0,369736.23333333334
2019-05-23,389343.0,372322.56666666665
2019-05-24,373882.0,371309.3333333333
2019-05-25,338398.0,369786.3
2019-05-26,374072.0,369548.4
2019-05-27,399584.0,370900.93333333335
2019-05-28,390427.0,371138.8
2019-05-29,405155.0,372537.06666666665
2019-05-30,376874.0,373550.0
2019-05-31,298997.0,368864.93333333335
2019-06-01,332092.0,364846.4666666667
2019-06-02,301003.0,362112.1666666667
2019-06-03,294009.0,360048.8
2019-06-04,374763.0,361516.5
2019-06-05,372948.0,361332.23333333334
2019-06-06,364526.0,362485.0
2019-06-07,350011.0,361049.3333333333
2019-06-08,294369.0,358809.3333333333
2019-06-09,300917.0,358074.4666666667
2019-06-10,353629.0,358363.5333333333
2019-06-11,340449.0,358426.13333333336
2019-06-12,328464.0,356360.6666666667
2019-06-13,364373.0,356260.76666666666
2019-06-14,364383.0,356110.1666666667
2019-06-15,330954.0,354639.9
2019-06-16,295254.0,352426.56666666665
2019-06-17,321072.0,351138.8333333333
2019-06-18,394843.0,352738.3
2019-06-19,401032.0,353386.63333333336
2019-06-20,330103.0,351693.76666666666
2019-06-21,337741.0,349788.9
2019-06-22,354075.0,348613.3
2019-06-23,380088.0,348820.1666666667
2019-06-24,388342.0,350484.9666666667
2019-06-25,361385.0,350062.06666666665
2019-06-26,399624.0,350063.4
2019-06-27,361050.0,349084.1666666667
2019-06-28,407094.0,349148.8
2019-06-29,356682.0,348475.73333333334
2019-06-30,330731.0,349533.5333333333
2019-07-01,336862.0,349692.5333333333
2019-07-02,373409.0,352106.06666666665
2019-07-03,397554.0,355557.56666666665
2019-07-04,370704.0,355422.26666666666
2019-07-05,378453.0,355605.76666666666
2019-07-06,348674.0,355077.36666666664
2019-07-07,313273.0,353852.76666666666
2019-07-08,378966.0,356672.6666666667
2019-07-09,365588.0,358828.36666666664
2019-07-10,315664.0,357562.86666666664
2019-07-11,325776.0,357073.76666666666
2019-07-12,360899.0,358154.93333333335
2019-07-13,304545.0,356160.6666666667
2019-07-14,303287.0,354124.13333333336
2019-07-15,349111.0,354729.36666666664
2019-07-16,363337.0,356998.8
2019-07-17,324892.0,357126.13333333336
2019-07-18,315745.0,354489.5333333333
2019-07-19,299891.0,351118.1666666667
2019-07-20,323002.0,350881.4666666667
2019-07-21,283934.0,349087.9
2019-07-22,319399.0,347932.0333333333
2019-07-23,320352.0,345940.8333333333
2019-07-24,295589.0,342849.06666666665
2019-07-25,336536.0,342020.76666666666
2019-07-26,319612.0,339353.7
2019-07-27,283892.0,336781.76666666666
2019-07-28,272974.0,332311.1
2019-07-29,333619.0,331542.3333333333
2019-07-30,328375.0,331463.8
2019-07-31,361337.0,332279.63333333336
2019-08-01,335943.0,331030.76666666666
2019-08-02,349556.0,329430.8333333333
2019-08-03,327588.0,327993.63333333336
2019-08-04,298805.0,325338.7
2019-08-05,339136.0,325020.76666666666
2019-08-06,368348.0,326856.6
2019-08-07,370909.0,326588.0333333333
2019-08-08,336181.0,325607.8
2019-08-09,341125.0,326456.5
2019-08-10,304138.0,325735.23333333334
2019-08-11,273280.0,322814.6
2019-08-12,297446.0,322577.9666666667
2019-08-13,370747.0,324826.63333333336
2019-08-14,359997.0,325189.5
2019-08-15,355644.0,324933.06666666665
2019-08-16,323625.0,324890.8333333333
2019-08-17,288256.0,323974.5333333333
2019-08-18,276365.0,323190.3333333333
2019-08-19,330473.0,323439.36666666664
2019-08-20,333304.0,325085.0333333333
2019-08-21,308808.0,324732.0
2019-08-22,322453.0,324802.0333333333
2019-08-23,340220.0,326289.73333333334
2019-08-24,304481.0,325221.23333333334
2019-08-25,288934.0,324198.63333333336
2019-08-26,318219.0,325342.86666666664
2019-08-27,325984.0,327109.86666666664
2019-08-28,341200.0,327362.56666666665
2019-08-29,346734.0,327974.5333333333
2019-08-30,349200.0,327569.9666666667
2019-08-31,342195.0,327778.36666666664
2019-09-01,285468.0,325642.1
2019-09-02,327248.0,325630.76666666666
2019-09-03,370631.0,328024.9666666667
2019-09-04,324741.0,327545.13333333336
2019-09-05,352410.0,327013.86666666664
2019-09-06,365531.0,326834.6
2019-09-07,314429.0,326109.5333333333
2019-09-08,288507.0,324355.6
2019-09-09,316852.0,324779.4
2019-09-10,339858.0,326998.6666666667
2019-09-11,338276.0,328359.6666666667
2019-09-12,335868.0,327197.0333333333
2019-09-13,308856.0,325492.3333333333
2019-09-14,299894.0,323634.0
2019-09-15,274146.0,321984.7
2019-09-16,347341.0,323954.2
2019-09-17,343778.0,326201.3
2019-09-18,363185.0,327291.7
2019-09-19,346110.0,327718.56666666665
2019-09-20,340929.0,328789.26666666666
2019-09-21,336013.0,329241.26666666666
2019-09-22,318713.0,328524.36666666664
2019-09-23,288149.0,327979.9666666667
2019-09-24,353263.0,330124.26666666666
2019-09-25,347747.0,331108.5333333333
2019-09-26,355775.0,332101.56666666665
2019-09-27,303903.0,330858.3333333333
2019-09-28,314433.0,329781.63333333336
2019-09-29,285542.0,327659.7
2019-09-30,311396.0,326633.06666666665
2019-10-01,337244.0,328358.93333333335
2019-10-02,326557.0,328335.9
2019-10-03,326514.0,326865.3333333333
2019-10-04,337222.0,327281.36666666664
2019-10-05,326683.0,326423.8
2019-10-06,277613.0,323493.2
2019-10-07,328803.0,323972.3333333333
2019-10-08,336354.0,325567.23333333334
2019-10-09,311049.0,325373.8
2019-10-10,345048.0,325546.8
2019-10-11,345425.0,325785.1
2019-10-12,301693.0,324645.93333333335
2019-10-13,279487.0,323666.9666666667
2019-10-14,304466.0,323819.36666666664
2019-10-15,339698.0,326004.43333333335
2019-10-16,338473.0,325708.8333333333
2019-10-17,334105.0,325386.4
2019-10-18,339390.0,324593.23333333334
2019-10-19,304736.0,323214.1
2019-10-20,289796.0,321509.6666666667
2019-10-21,351791.0,322035.6
2019-10-22,341464.0,322793.9666666667
2019-10-23,349320.0,324833.0
2019-10-24,303843.0,323185.6666666667
2019-10-25,328598.0,322547.36666666664
2019-10-26,305722.0,320878.93333333335
2019-10-27,256253.0,319290.6
2019-10-28,309611.0,319129.86666666664
2019-10-29,307953.0,319876.9
2019-10-30,314163.0,319969.13333333336
2019-10-31,293779.0,318520.3
2019-11-01,316187.0,318174.63333333336
2019-11-02,284443.0,316772.26666666666
2019-11-03,294367.0,315343.76666666666
2019-11-04,310979.0,314820.3
2019-11-05,332839.0,316661.1666666667
2019-11-06,314698.0,316191.0
2019-11-07,324487.0,315795.43333333335
2019-11-08,311441.0,315808.5
2019-11-09,306163.0,314512.3333333333
2019-11-10,299712.0,312988.56666666665
2019-11-11,326707.0,313822.36666666664
2019-11-12,301382.0,314552.2
2019-11-13,318945.0,315034.8333333333
2019-11-14,350023.0,315379.0
2019-11-15,325145.0,314934.73333333334
2019-11-16,283468.0,313246.8333333333
2019-11-17,264370.0,310746.1666666667
2019-11-18,304671.0,310744.0
2019-11-19,327630.0,312005.13333333336
2019-11-20,321086.0,310981.63333333336
2019-11-21,323954.0,310397.9666666667
2019-11-22,310539.0,309105.26666666666
2019-11-23,306424.0,309191.3
2019-11-24,267368.0,307150.3
2019-11-25,279470.0,306275.23333333334
2019-11-26,321310.0,308443.8
2019-11-27,317597.0,308710.0
2019-11-28,309623.0,308765.6666666667
2019-11-29,311290.0,308669.9
2019-11-30,277458.0,308125.86666666664
2019-12-01,274621.0,306740.3333333333
2019-12-02,314730.0,307749.9
2019-12-03,336512.0,309154.73333333334
2019-12-04,337284.0,310031.56666666665
2019-12-05,311468.0,309319.2
2019-12-06,315386.0,309342.13333333336
2019-12-07,285284.0,308035.36666666664
2019-12-08,278853.0,306949.1
2019-12-09,313629.0,307197.9666666667
2019-12-10,320064.0,307876.36666666664
2019-12-11,291248.0,306694.4
2019-12-12,311795.0,307041.5
2019-12-13,322888.0,307172.93333333335
2019-12-14,293496.0,305288.7
2019-12-15,263441.0,303231.9
2019-12-16,327085.0,304685.8
2019-12-17,319254.0,306515.26666666666
2019-12-18,314249.0,306834.5333333333
2019-12-19,319555.0,306565.36666666664
2019-12-20,332657.0,306951.06666666665
2019-12-21,311118.0,306523.2
2019-12-22,281070.0,305540.9
2019-12-23,304845.0,305488.26666666666
2019-12-24,290436.0,306257.2
2019-12-25,244666.0,305097.06666666665
2019-12-26,296063.0,304255.5
2019-12-27,322204.0,304409.06666666665
2019-12-28,298287.0,304031.2
2019-12-29,279925.0,302985.7
2019-12-30,324497.0,304553.6666666667
2019-12-31,293447.0,305181.2
2020-01-01,251735.0,303081.36666666664
2020-01-02,295567.0,301716.5333333333
2020-01-03,316517.0,301024.3
2020-01-04,287215.0,300215.86666666664
2020-01-05,287779.0,299295.63333333336
2020-01-06,299146.0,299757.7
2020-01-07,344079.0,301931.9
2020-01-08,318019.0,302078.23333333334
2020-01-09,322057.0,302144.6666666667
2020-01-10,330734.0,303460.86666666664
2020-01-11,309070.0,303370.0333333333
2020-01-12,283136.0,302044.9666666667
2020-01-13,291597.0,301981.6666666667
2020-01-14,346953.0,304765.4
2020-01-15,332658.0,304951.1666666667
2020-01-16,325947.0,305174.26666666666
2020-01-17,323992.0,305499.0333333333
2020-01-18,287237.0,304421.76666666666
2020-01-19,283960.0,302798.5333333333
2020-01-20,313661.0,302883.3
2020-01-21,315210.0,304021.3
2020-01-22,328586.0,304812.6666666667
2020-01-23,329918.0,306128.73333333334
2020-01-24,313887.0,308436.1
2020-01-25,285584.0,308086.8
2020-01-26,261247.0,306054.9
2020-01-27,279240.0,305420.0
2020-01-28,340052.0,307424.23333333334
2020-01-29,340562.0,307959.73333333334
2020-01-30,332558.0,309263.43333333335
2020-01-31,334434.0,312020.06666666665
2020-02-01,303724.0,312291.9666666667
2020-02-02,290879.0,311437.36666666664
2020-02-03,331012.0,312897.26666666666
2020-02-04,309190.0,313610.9666666667
2020-02-05,368604.0,315926.23333333334
2020-02-06,315370.0,314969.26666666666
2020-02-07,334938.0,315533.23333333334
2020-02-08,318363.0,315410.1
2020-02-09,317070.0,314954.63333333336
2020-02-10,298104.0,314589.1
2020-02-11,365583.0,317337.3333333333
2020-02-12,344615.0,319104.6
2020-02-13,340081.0,318875.5333333333
2020-02-14,326078.0,318656.2
2020-02-15,322721.0,318548.6666666667
2020-02-16,292236.0,317490.13333333336
2020-02-17,341491.0,319298.6
2020-02-18,331050.0,320868.26666666666
2020-02-19,334805.0,321573.06666666665
2020-02-20,316626.0,321620.26666666666
2020-02-21,338484.0,321950.2
2020-02-22,304597.0,321106.1666666667
2020-02-23,285579.0,320162.56666666665
2020-02-24,328890.0,321606.1
2020-02-25,334593.0,324050.9666666667
2020-02-26,329967.0,325741.86666666664
2020-02-27,338781.0,325699.5
2020-02-28,368590.0,326633.76666666666
2020-02-29,307527.0,325799.4
2020-03-01,309849.0,324979.9
2020-03-02,342821.0,326283.13333333336
2020-03-03,342324.0,327997.9666666667
2020-03-04,358745.0,328922.4
2020-03-05,349529.0,330267.0333333333
2020-03-06,338383.0,329259.6666666667
2020-03-07,313312.0,329191.06666666665
2020-03-08,302694.0,328116.26666666666
2020-03-09,348211.0,329111.2
2020-03-10,329698.0,329532.13333333336
2020-03-11,287492.0,329178.4
2020-03-12,349978.0,328658.23333333334
2020-03-13,276798.0,326397.6666666667
2020-03-14,279828.0,324389.23333333334
2020-03-15,223230.0,320960.9666666667
2020-03-16,270399.0,319216.9
2020-03-17,278326.0,318753.23333333334
2020-03-18,231254.0,315078.6666666667
2020-03-19,265689.0,312899.9666666667
2020-03-20,284594.0,311226.26666666666
2020-03-21,245896.0,308868.6
2020-03-22,209154.0,304557.6
2020-03-23,259816.0,303064.9
2020-03-24,278131.0,302816.63333333336
2020-03-25,218176.0,299126.1666666667
2020-03-26,292828.0,297734.0
2020-03-27,276546.0,295953.3
2020-03-28,240627.0,292681.5
2020-03-29,232820.0,288155.8333333333
2020-03-30,276828.0,287132.5333333333
2020-03-31,290227.0,286478.4666666667
2020-04-01,281855.0,284446.26666666666
2020-04-02,299176.0,283008.0
2020-04-03,278763.0,280341.93333333335
2020-04-04,253274.0,277133.43333333335
2020-04-05,240259.0,273862.63333333336
2020-04-06,280470.0,272767.9
2020-04-07,312770.0,273103.76666666666
2020-04-08,286563.0,271048.8333333333
2020-04-09,286706.0,269615.76666666666
2020-04-10,288585.0,269652.2
2020-04-11,247852.0,266248.0
2020-04-12,228529.0,264639.0333333333
2020-04-13,288113.0,264915.2
2020-04-14,299391.0,267453.9
2020-04-15,310253.0,268782.36666666664
2020-04-16,322903.0,270268.26666666666
2020-04-17,284222.0,272033.86666666664
2020-04-18,289134.0,272815.36666666664
2020-04-19,251984.0,271728.36666666664
2020-04-20,310810.0,273892.1666666667
2020-04-21,310851.0,277282.06666666665
2020-04-22,278755.0,277913.36666666664
2020-04-23,329045.0,279610.5
2020-04-24,320055.0,283006.4666666667
2020-04-25,280805.0,282605.7
2020-04-26,252833.0,281815.26666666666
2020-04-27,311217.0,284168.26666666666
2020-04-28,323475.0,287190.1
2020-04-29,331401.0,289009.2
2020-04-30,321972.0,290067.36666666664
2020-05-01,340574.0,292024.6666666667
2020-05-02,286773.0,291611.23333333334
2020-05-03,281752.0,291710.86666666664
2020-05-04,326098.0,294138.3333333333
2020-05-05,329075.0,297098.86666666664
2020-05-06,333395.0,298863.0333333333
2020-05-07,341986.0,299836.9
2020-05-08,323625.0,301072.3
2020-05-09,312399.0,301928.73333333334
2020-05-10,286789.0,301868.86666666664
2020-05-11,305839.0,303801.76666666666
2020-05-12,345215.0,307691.3
2020-05-13,296796.0,307980.73333333334
2020-05-14,268750.0,306959.36666666664
2020-05-15,310642.0,306972.3333333333
2020-05-16,296555.0,306094.06666666665
2020-05-17,236808.0,304513.6
2020-05-18,273723.0,303999.9
2020-05-19,274897.0,304763.6666666667
2020-05-20,280037.0,303737.9
2020-05-21,298483.0,303325.63333333336
2020-05-22,278784.0,303326.6
2020-05-23,269230.0,301332.76666666666
2020-05-24,214530.0,297815.26666666666
2020-05-25,265875.0,297317.6
2020-05-26,295782.0,298749.23333333334
2020-05-27,292927.0,298139.56666666665
2020-05-28,299910.0,297354.06666666665
2020-05-29,280960.0,295672.7
2020-05-30,286046.0,294475.1666666667
2020-05-31,258427.0,291736.93333333335
2020-06-01,308312.0,292454.9
2020-06-02,304114.0,293200.3
2020-06-03,314000.0,292797.0333333333
2020-06-04,318285.0,292437.36666666664
2020-06-05,327082.0,292226.93333333335
2020-06-06,284873.0,290323.1666666667
2020-06-07,252368.0,287947.93333333335
2020-06-08,317275.0,288110.4666666667
2020-06-09,327074.0,289453.3
2020-06-10,325163.0,290097.43333333335
2020-06-11,332490.0,289673.26666666666
2020-06-12,318274.0,290389.2
2020-06-13,280181.0,290770.23333333334
2020-06-14,275723.0,289606.26666666666
2020-06-15,294468.0,289536.7
2020-06-16,340517.0,292993.6666666667
2020-06-17,333547.0,294987.8
2020-06-18,283897.0,295287.8
2020-06-19,344142.0,297424.63333333336
2020-06-20,284123.0,296945.9666666667
2020-06-21,259440.0,296301.1666666667
2020-06-22,301396.0,297373.36666666664
2020-06-23,355256.0,302064.23333333334
2020-06-24,312321.0,303612.43333333335
2020-06-25,312183.0,304159.13333333336
2020-06-26,330381.0,305407.6
2020-06-27,275489.0,304593.56666666665
2020-06-28,264909.0,304058.5333333333
2020-06-29,315424.0,305037.8
2020-06-30,299733.0,306414.6666666667
2020-07-01,382570.0,308889.93333333335
2020-07-02,339469.0,310068.43333333335
2020-07-03,331009.0,310635.4
2020-07-04,288647.0,309647.4666666667
2020-07-05,274104.0,307881.5333333333
2020-07-06,338767.0,309678.0
2020-07-07,345975.0,312798.23333333334
2020-07-08,347455.0,313804.23333333334
2020-07-09,362718.0,314992.36666666664
2020-07-10,345996.0,315686.8
2020-07-11,306771.0,314829.5
2020-07-12,282364.0,313632.5
2020-07-13,310227.0,314634.0333333333
2020-07-14,359847.0,317438.1666666667
2020-07-15,316064.0,318158.0333333333
2020-07-16,345849.0,318335.76666666666
2020-07-17,293907.0,317014.43333333335
2020-07-18,311022.0,317918.6
2020-07-19,277093.0,315683.63333333336
2020-07-20,309747.0,316537.76666666666
2020-07-21,312871.0,318318.8
2020-07-22,364792.0,320432.0
2020-07-23,336245.0,319798.3
2020-07-24,369432.0,321702.0
2020-07-25,293883.0,321092.0
2020-07-26,298580.0,320031.9666666667
2020-07-27,326769.0,321741.3
2020-07-28,354742.0,324735.73333333334
2020-07-29,346521.0,325772.3
2020-07-30,327789.0,326707.5
2020-07-31,356906.0,325852.0333333333
2020-08-01,296705.0,324426.56666666665
2020-08-02,287869.0,322988.56666666665
2020-08-03,333753.0,324492.1
2020-08-04,329032.0,326323.0333333333
2020-08-05,291814.0,324757.93333333335
2020-08-06,356612.0,325112.5
2020-08-07,326499.0,324413.9666666667
2020-08-08,283631.0,321777.73333333334
2020-08-09,268402.0,319191.26666666666
2020-08-10,308367.0,319244.4666666667
2020-08-11,349952.0,321497.4
2020-08-12,346405.0,322703.3333333333
2020-08-13,325346.0,321553.3
2020-08-14,365679.0,323207.13333333336
2020-08-15,313760.0,322137.5
2020-08-16,285069.0,321842.9
2020-08-17,292944.0,321240.3
2020-08-18,346036.0,323538.4
2020-08-19,333879.0,324342.8
2020-08-20,333683.0,325036.5333333333
2020-08-21,314297.0,323353.36666666664
2020-08-22,311699.0,322535.1666666667
2020-08-23,288728.0,319845.0333333333
2020-08-24,329133.0,321020.0333333333
2020-08-25,304409.0,321214.3333333333
2020-08-26,324184.0,321128.1666666667
2020-08-27,328157.0,320242.0
2020-08-28,352722.0,320448.7
2020-08-29,292783.0,319281.8333333333
2020-08-30,269114.0,316355.43333333335
2020-08-31,302920.0,316562.6
2020-09-01,376508.0,319517.23333333334
2020-09-02,317449.0,318973.76666666666
2020-09-03,310922.0,318370.1
2020-09-04,298286.0,318585.8333333333
2020-09-05,325523.0,317549.5333333333
2020-09-06,262820.0,315426.9
2020-09-07,327662.0,316894.6
2020-09-08,332668.0,319036.8
2020-09-09,314864.0,319253.36666666664
2020-09-10,345981.0,319121.0
2020-09-11,308323.0,317851.6
2020-09-12,300152.0,317011.8
2020-09-13,255110.0,313326.1666666667
2020-09-14,354020.0,314668.1666666667
2020-09-15,332957.0,316264.43333333335
2020-09-16,342609.0,317919.93333333335
2020-09-17,348581.0,318004.76666666666
2020-09-18,325157.0,317714.0333333333
2020-09-19,296357.0,316469.8333333333
2020-09-20,259095.0,314629.76666666666
2020-09-21,297605.0,314159.9666666667
2020-09-22,312989.0,314968.6666666667
2020-09-23,349938.0,315662.1666666667
2020-09-24,316552.0,316066.93333333335
2020-09-25,353070.0,317029.8
2020-09-26,276162.0,315296.63333333336
2020-09-27,259382.0,312185.3
2020-09-28,295476.0,312275.06666666665
2020-09-29,347696.0,314894.4666666667
2020-09-30,351417.0,316511.0333333333
2020-10-01,304757.0,314119.3333333333
2020-10-02,315443.0,314052.4666666667
2020-10-03,310855.0,314050.23333333334
2020-10-04,268019.0,313041.3333333333
2020-10-05,294986.0,312023.43333333335
2020-10-06,317922.0,313860.1666666667
2020-10-07,370554.0,315289.9
2020-10-08,330227.0,315208.5333333333
2020-10-09,339343.0,316024.5
2020-10-10,298486.0,314441.3333333333
2020-10-11,256096.0,312700.43333333335
2020-10-12,314174.0,313167.8333333333
2020-10-13,333215.0,315771.3333333333
2020-10-14,314541.0,314455.36666666664
2020-10-15,340993.0,314723.23333333334
2020-10-16,324647.0,314124.5
2020-10-17,275069.0,311674.1
2020-10-18,231557.0,308554.1
2020-10-19,303929.0,308806.5
2020-10-20,330563.0,311188.76666666666
2020-10-21,311292.0,311645.0
2020-10-22,339087.0,312514.93333333335
2020-10-23,323869.0,311645.9666666667
2020-10-24,306774.0,311320.0333333333
2020-10-25,242273.0,307626.8
2020-10-26,252494.0,306837.86666666664
2020-10-27,251938.0,306589.73333333334
2020-10-28,261340.0,305451.86666666664
2020-10-29,276070.0,303064.3333333333
2020-10-30,268364.0,300295.9
2020-10-31,275796.0,299330.5333333333
2020-11-01,276280.0,298025.1
2020-11-02,224609.0,295150.23333333334
2020-11-03,331673.0,297272.0333333333
2020-11-04,320697.0,298129.06666666665
2020-11-05,318668.0,298153.93333333335
2020-11-06,340351.0,297147.1666666667
2020-11-07,270901.0,295169.63333333336
2020-11-08,243047.0,291959.76666666666
2020-11-09,326383.0,292889.6666666667
2020-11-10,303270.0,294462.13333333336
2020-11-11,322277.0,294732.23333333334
2020-11-12,324855.0,294453.56666666665
2020-11-13,300040.0,293970.2
2020-11-14,273511.0,291720.8
2020-11-15,252715.0,289323.06666666665
2020-11-16,311477.0,290536.6666666667
2020-11-17,347772.0,294410.5
2020-11-18,362007.0,296346.43333333335
2020-11-19,311061.0,295696.36666666664
2020-11-20,348026.0,296920.8333333333
2020-11-21,311189.0,295990.9
2020-11-22,271125.0,294232.76666666666
2020-11-23,297840.0,293934.9666666667
2020-11-24,333293.0,296968.9666666667
2020-11-25,361990.0,300618.8333333333
2020-11-26,323975.0,303020.06666666665
2020-11-27,322445.0,305056.9
2020-11-28,293949.0,305652.86666666664
2020-11-29,263573.0,305493.1666666667
2020-11-30,256551.0,304851.6666666667
2020-12-01,378068.0,308244.6
2020-12-02,327019.0,311658.26666666666
2020-12-03,346921.0,312166.5333333333
2020-12-04,318894.0,312106.43333333335
2020-12-05,282599.0,310904.13333333336
2020-12-06,258624.0,308179.9
2020-12-07,300906.0,309180.06666666665
2020-12-08,330970.0,312110.8333333333
2020-12-09,321079.0,311934.0333333333
2020-12-10,313649.0,312280.0
2020-12-11,304735.0,311695.26666666666
2020-12-12,295410.0,310713.76666666666
2020-12-13,276160.0,309917.76666666666
2020-12-14,314350.0,311279.06666666665
2020-12-15,320440.0,313536.56666666665
2020-12-16,315217.0,313661.23333333334
2020-12-17,309481.0,312384.86666666664
2020-12-18,375549.0,312836.26666666666
2020-12-19,343536.0,313918.76666666666
2020-12-20,282043.0,311719.3333333333
2020-12-21,269834.0,310340.8333333333
2020-12-22,324163.0,312108.76666666666
2020-12-23,338463.0,313462.86666666664
2020-12-24,269559.0,311338.4
2020-12-25,303901.0,309402.1
2020-12-26,273954.0,307734.73333333334
2020-12-27,309005.0,307286.73333333334
2020-12-28,308983.0,307787.86666666664
2020-12-29,336311.0,310212.4666666667
2020-12-30,338258.0,312936.0333333333
2020-12-31,344918.0,311831.0333333333
2021-01-01,258080.0,309533.06666666665
2021-01-02,297111.0,307872.73333333334
2021-01-03,359116.0,309213.4666666667
2021-01-04,373734.0,312251.3
2021-01-05,354091.0,315433.5333333333
2021-01-06,397384.0,318649.4666666667
2021-01-07,401744.0,321008.6
2021-01-08,358526.0,322256.8333333333
2021-01-09,321389.0,322514.8333333333
2021-01-10,331865.0,323419.1666666667
2021-01-11,333958.0,324704.1
2021-01-12,336627.0,326719.6666666667
2021-01-13,319167.0,326880.23333333334
2021-01-14,338809.0,327492.5333333333
2021-01-15,344002.0,328452.0333333333
2021-01-16,308461.0,328418.0333333333
2021-01-17,271874.0,324962.2
2021-01-18,313816.0,323971.5333333333
2021-01-19,325083.0,325406.2
2021-01-20,314809.0,326905.36666666664
2021-01-21,290754.0,325791.73333333334
2021-01-22,326935.0,325407.4666666667
2021-01-23,305209.0,326595.8
2021-01-24,253971.0,324931.4666666667
2021-01-25,309102.0,326103.06666666665
2021-01-26,336935.0,327034.06666666665
2021-01-27,323553.0,327519.73333333334
2021-01-28,325146.0,327147.56666666665
2021-01-29,341036.0,327240.1666666667
2021-01-30,312313.0,326153.3333333333
2021-01-31,290753.0,327242.43333333335
2021-02-01,280863.0,326700.8333333333
2021-02-02,364551.0,326882.0
2021-02-03,344425.0,325905.0333333333
2021-02-04,367788.0,326361.6
2021-02-05,360541.0,325133.5
2021-02-06,333886.0,322871.56666666665
2021-02-07,286364.0,320466.1666666667
2021-02-08,335223.0,320927.3
2021-02-09,360137.0,321869.7
2021-02-10,340758.0,322096.36666666664
2021-02-11,304739.0,321033.43333333335
2021-02-12,343306.0,321838.06666666665
2021-02-13,336624.0,321765.23333333334
2021-02-14,298254.0,320240.3
2021-02-15,308496.0,320241.4666666667
2021-02-16,296388.0,321058.6
2021-02-17,317666.0,321186.93333333335
2021-02-18,316952.0,320915.9
2021-02-19,341586.0,321808.4666666667
2021-02-20,320475.0,322799.1666666667
2021-02-21,271645.0,320956.1666666667
2021-02-22,285383.0,320295.3
2021-02-23,287884.0,321425.73333333334
2021-02-24,358092.0,323058.73333333334
2021-02-25,326116.0,322698.1
2021-02-26,306416.0,322126.86666666664
2021-02-27,320784.0,321981.4666666667
2021-02-28,254316.0,319090.8
2021-03-01,280485.0,318029.86666666664
2021-03-02,338150.0,319609.76666666666
2021-03-03,333402.0,321361.06666666665
2021-03-04,289631.0,318863.73333333334
2021-03-05,317780.0,317975.56666666665
2021-03-06,287963.0,315314.73333333334
2021-03-07,260739.0,311988.0
2021-03-08,291955.0,310590.3
2021-03-09,299682.0,311034.23333333334
2021-03-10,344688.0,311349.73333333334
2021-03-11,291245.0,309053.3333333333
2021-03-12,320744.0,308386.2
2021-03-13,277072.0,307463.9666666667
2021-03-14,308050.0,306288.76666666666
2021-03-15,292231.0,304809.0
2021-03-16,319493.0,305516.9666666667
2021-03-17,296119.0,305104.4
2021-03-18,331718.0,306282.06666666665
2021-03-19,316180.0,306232.5333333333
2021-03-20,286948.0,305232.4
2021-03-21,234936.0,301677.4
2021-03-22,297410.0,300908.56666666665
2021-03-23,314234.0,302328.2
2021-03-24,305093.0,302985.2
2021-03-25,318562.0,304007.8
2021-03-26,293610.0,301858.4
2021-03-27,288259.0,300596.5
2021-03-28,248605.0,298669.4666666667
2021-03-29,303305.0,298086.8333333333
2021-03-30,321090.0,300312.63333333336
2021-03-31,332749.0,302054.76666666666
2021-04-01,311939.0,301181.06666666665
2021-04-02,305788.0,300260.6
2021-04-03,281717.0,299996.8
2021-04-04,246007.0,297604.36666666664
2021-04-05,289046.0,297640.4666666667
2021-04-06,309565.0,299268.0
2021-04-07,321319.0,300246.8
2021-04-08,278534.0,299541.86666666664
2021-04-09,324720.0,298876.26666666666
2021-04-10,299086.0,299137.63333333336
2021-04-11,253449.0,296894.4666666667
2021-04-12,291369.0,297371.0333333333
2021-04-13,310213.0,297443.13333333336
2021-04-14,297494.0,297618.56666666665
2021-04-15,359440.0,298950.13333333336
2021-04-16,219704.0,296402.9666666667
2021-04-17,194580.0,291831.7
2021-04-18,274735.0,290450.2
2021-04-19,208413.0,287832.36666666664
2021-04-20,279977.0,289333.73333333334
2021-04-21,226021.0,286954.1
2021-04-22,274610.0,285633.3
2021-04-23,295731.0,285321.23333333334
2021-04-24,290690.0,284392.1666666667
2021-04-25,241041.0,282639.86666666664
2021-04-26,240687.0,281054.13333333336
2021-04-27,298109.0,282704.26666666666
2021-04-28,277126.0,281831.63333333336
2021-04-29,259465.0,279777.4666666667
2021-04-30,289389.0,278332.13333333336
2021-05-01,262991.0,276700.5333333333
2021-05-02,235214.0,274348.06666666665
2021-05-03,287007.0,274524.4
2021-05-04,300824.0,276351.63333333336
2021-05-05,309774.0,277042.56666666665
2021-05-06,311380.0,277103.06666666665
2021-05-07,307988.0,276658.7
2021-05-08,274691.0,276530.6
2021-05-09,247866.0,273968.8
2021-05-10,303297.0,274109.1666666667
2021-05-11,312115.0,276064.7
2021-05-12,300452.0,276367.4666666667
2021-05-13,276472.0,275242.76666666666
2021-05-14,266055.0,274194.8
2021-05-15,232099.0,269950.1
2021-05-16,219435.0,269941.13333333336
2021-05-17,250910.0,271818.8
2021-05-18,221018.0,270028.23333333334
2021-05-19,263419.0,271861.76666666666
2021-05-20,228039.0,270130.5
2021-05-21,226351.0,270141.5
2021-05-22,223800.0,268447.8333333333
2021-05-23,194320.0,265067.4666666667
2021-05-24,234755.0,263202.9666666667
2021-05-25,233644.0,262956.4
2021-05-26,230753.0,262625.26666666666
2021-05-27,214035.0,259822.8
2021-05-28,218311.0,257862.3
2021-05-29,198332.0,255824.53333333333
2021-05-30,179795.0,252171.4
2021-05-31,226469.0,250954.0
2021-06-01,234561.0,250932.23333333334
2021-06-02,250589.0,249718.3
2021-06-03,255621.0,248211.53333333333
2021-06-04,236672.0,245774.8
2021-06-05,194580.0,241881.46666666667
2021-06-06,185305.0,237792.03333333333
2021-06-07,235479.0,236484.96666666667
2021-06-08,246906.0,236452.96666666667
2021-06-09,210911.0,233373.43333333332
2021-06-10,252983.0,231402.36666666667
2021-06-11,216502.0,228604.03333333333
2021-06-12,222774.0,226814.1
2021-06-13,187098.0,224182.2
2021-06-14,242416.0,224526.1
2021-06-15,241861.0,225273.63333333333
2021-06-16,252937.0,225341.2
2021-06-17,237725.0,225898.1
2021-06-18,222918.0,224548.06666666668
2021-06-19,187042.0,223181.5
2021-06-20,167249.0,221211.43333333332
2021-06-21,205050.0,220586.43333333332
2021-06-22,196523.0,220659.86666666667
2021-06-23,232704.0,220591.5
2021-06-24,233278.0,220579.3
2021-06-25,218245.0,220162.36666666667
2021-06-26,181628.0,219082.13333333333
2021-06-27,124640.0,215959.76666666666
2021-06-28,217898.0,216611.96666666667
2021-06-29,205616.0,217472.66666666666
2021-06-30,218734.0,217214.83333333334
2021-07-01,230253.0,217071.23333333334
2021-07-02,188568.0,215003.86666666667
2021-07-03,237463.0,214398.6
2021-07-04,171850.0,212237.86666666667
2021-07-05,223760.0,213210.53333333333
2021-07-06,228279.0,214643.0
2021-07-07,221227.0,214167.93333333332
2021-07-08,230719.0,213628.36666666667
2021-07-09,227511.0,214181.7
2021-07-10,187263.0,211991.03333333333
2021-07-11,166144.0,210312.43333333332
2021-07-12,220269.0,210228.93333333332
2021-07-13,229916.0,211656.2
2021-07-14,236217.0,211449.56666666668
2021-07-15,226234.0,210928.66666666666
2021-07-16,223466.0,209946.3
2021-07-17,182047.0,208090.36666666667
2021-07-18,161122.0,206030.5
2021-07-19,226803.0,207355.86666666667
2021-07-20,230509.0,209464.53333333333
2021-07-21,235680.0,210485.53333333333
2021-07-22,230282.0,211610.83333333334
2021-07-23,231130.0,211558.36666666667
2021-07-24,198091.0,210385.46666666667
2021-07-25,174535.0,208928.46666666667
2021-07-26,261950.0,211605.86666666667
2021-07-27,255221.0,215958.56666666668
2021-07-28,251223.0,217069.4
2021-07-29,262612.0,218969.26666666666
2021-07-30,255417.0,220192.03333333333
2021-07-31,207348.0,219428.53333333333
2021-08-01,185157.0,219314.83333333334
2021-08-02,239277.0,219375.3
2021-08-03,246198.0,221853.56666666668
2021-08-04,239596.0,222381.43333333332
2021-08-05,246175.0,222977.96666666667
2021-08-06,260810.0,224297.4
2021-08-07,212229.0,223681.06666666668
2021-08-08,191623.0,222484.8
2021-08-09,252660.0,224664.7
2021-08-10,260968.0,227825.5
2021-08-11,262437.0,229231.1
2021-08-12,250961.0,229932.6
2021-08-13,260624.0,230746.16666666666
2021-08-14,209074.0,230174.16666666666
2021-08-15,186239.0,228933.26666666666
2021-08-16,263529.0,231649.33333333334
2021-08-17,257766.0,234870.8
2021-08-18,247333.0,235555.13333333333
2021-08-19,253447.0,236319.73333333334
2021-08-20,271837.0,237524.96666666667
2021-08-21,219407.0,237162.46666666667
2021-08-22,190631.0,235812.5
2021-08-23,270736.0,238234.0
2021-08-24,263984.0,241215.63333333333
2021-08-25,263009.0,241250.93333333332
2021-08-26,258590.0,241363.23333333334
2021-08-27,256813.0,241549.56666666668
2021-08-28,218268.0,240071.43333333332
2021-08-29,191650.0,237945.86666666667
2021-08-30,250955.0,239399.43333333332
2021-08-31,271163.0,242266.3
2021-09-01,280865.0,243652.56666666668
2021-09-02,289900.0,245109.3
2021-09-03,283991.0,246589.13333333333
2021-09-04,227732.0,245974.36666666667
2021-09-05,205066.0,244116.23333333334
2021-09-06,268877.0,246004.5
2021-09-07,276624.0,248837.86666666667
2021-09-08,270483.0,249431.96666666667
2021-09-09,274384.0,249879.16666666666
2021-09-10,261371.0,249843.63333333333
2021-09-11,218445.0,248759.76666666666
2021-09-12,192691.0,246495.33333333334
2021-09-13,255970.0,248058.53333333333
2021-09-14,268127.0,250788.13333333333
2021-09-15,268957.0,250969.06666666668
2021-09-16,271223.0,251417.63333333333
2021-09-17,271040.0,252207.86666666667
2021-09-18,227661.0,251348.33333333334
2021-09-19,200516.0,248970.96666666667
2021-09-20,270233.0,250665.16666666666
2021-09-21,244568.0,252463.06666666668
2021-09-22,275235.0,252613.03333333333
2021-09-23,268689.0,252769.86666666667
2021-09-24,277565.0,253255.06666666668
2021-09-25,212575.0,251721.23333333334
2021-09-26,195560.0,249679.46666666667
2021-09-27,255873.0,250932.96666666667
2021-09-28,262292.0,253287.7
2021-09-29,241991.0,252988.9
2021-09-30,293074.0,253719.26666666666
2021-10-01,277042.0,253591.83333333334
2021-10-02,259961.0,252593.86666666667
2021-10-03,218112.0,250397.9
2021-10-04,268955.0,251772.0
2021-10-05,312538.0,255354.4
2021-10-06,267749.0,255316.8
2021-10-07,325875.0,256958.5
2021-10-08,280028.0,257276.66666666666
2021-10-09,246189.0,256336.83333333334
2021-10-10,211506.0,254674.66666666666
2021-10-11,280184.0,256732.63333333333
2021-10-12,274155.0,259448.1
2021-10-13,288916.0,260546.3
2021-10-14,282383.0,261021.5
2021-10-15,297746.0,261981.13333333333
2021-10-16,270052.0,261942.1
2021-10-17,215883.0,260103.53333333333
2021-10-18,285368.0,262027.1
2021-10-19,312018.0,265743.8333333333
2021-10-20,291813.0,266463.1666666667
2021-10-21,320743.0,269002.3333333333
2021-10-22,287550.0,269412.8333333333
2021-10-23,223941.0,267921.23333333334
2021-10-24,211220.0,265709.73333333334
2021-10-25,284680.0,268113.23333333334
2021-10-26,294029.0,271395.5333333333
2021-10-27,292114.0,272603.56666666665
2021-10-28,295558.0,273712.43333333335
2021-10-29,305733.0,275837.1666666667
2021-10-30,252061.0,274470.06666666665
2021-10-31,217435.0,272483.1666666667
2021-11-01,293282.0,273593.86666666664
2021-11-02,297402.0,276236.86666666664
2021-11-03,288746.0,276896.56666666665
2021-11-04,289141.0,276116.6666666667
2021-11-05,285946.0,276723.23333333334
2021-11-06,236233.0,273735.1666666667
2021-11-07,226128.0,271938.5
2021-11-08,285806.0,273259.06666666665
2021-11-09,335411.0,277389.23333333334
2021-11-10,301025.0,278083.93333333335
2021-11-11,293665.0,278734.26666666666
2021-11-12,282049.0,278505.36666666664
2021-11-13,238634.0,277047.06666666665
2021-11-14,224016.0,274589.4
2021-11-15,288435.0,275202.1666666667
2021-11-16,301103.0,278042.8333333333
2021-11-17,290390.0,278210.23333333334
2021-11-18,293867.0,277605.2
2021-11-19,284719.0,277368.73333333334
2021-11-20,249652.0,274999.0333333333
2021-11-21,222949.0,272845.6666666667
2021-11-22,279165.0,274686.4666666667
2021-11-23,283401.0,277092.5
2021-11-24,298909.0,277566.8
2021-11-25,287496.0,277349.0333333333
2021-11-26,292645.0,277366.73333333334
2021-11-27,240759.0,275540.1
2021-11-28,213768.0,272474.6
2021-11-29,301297.0,274115.8
2021-11-30,293876.0,276663.8333333333
2021-12-01,288422.0,276501.8333333333
2021-12-02,313261.0,277030.4666666667
2021-12-03,290139.0,277076.9
2021-12-04,253674.0,275894.6666666667
2021-12-05,215213.0,273536.9
2021-12-06,284467.0,275144.7
2021-12-07,288343.0,277218.5333333333
2021-12-08,266110.0,276562.0
2021-12-09,282775.0,274807.4666666667
2021-12-10,271375.0,273819.13333333336
2021-12-11,225733.0,271554.73333333334
2021-12-12,214808.0,269313.36666666664
2021-12-13,278211.0,270632.6
2021-12-14,278275.0,272441.23333333334
2021-12-15,281103.0,272196.8333333333
2021-12-16,256206.0,270700.26666666666
2021-12-17,263495.0,269803.76666666666
2021-12-18,239170.0,267980.5333333333
2021-12-19,206719.0,265380.5333333333
2021-12-20,266947.0,265957.0333333333
2021-12-21,304713.0,268682.5
2021-12-22,288495.0,268993.5
2021-12-23,291799.0,269273.43333333335
2021-12-24,260565.0,267995.3
2021-12-25,207803.0,265338.86666666664
2021-12-26,198574.0,262203.1666666667
2021-12-27,249548.0,262496.13333333336
2021-12-28,265422.0,264217.93333333335
2021-12-29,276083.0,263377.4666666667
2021-12-30,245021.0,261748.96666666667
2021-12-31,269540.0,261119.56666666668
2022-01-01,186834.0,256905.33333333334
2022-01-02,196865.0,253796.2
2022-01-03,234793.0,253166.83333333334
2022-01-04,274544.0,255144.53333333333
2022-01-05,272155.0,254734.13333333333
2022-01-06,264899.0,253952.66666666666
2022-01-07,255381.0,253595.03333333333
2022-01-08,223920.0,251633.2
2022-01-09,210143.0,249592.13333333333
2022-01-10,266743.0,250959.13333333333
2022-01-11,277698.0,253055.46666666667
2022-01-12,271933.0,252846.2
2022-01-13,274515.0,252720.86666666667
2022-01-14,270882.0,252380.16666666666
2022-01-15,234373.0,251652.4
2022-01-16,216151.0,250074.26666666666
2022-01-17,258141.0,250706.63333333333
2022-01-18,265057.0,252651.23333333334
2022-01-19,270334.0,252764.13333333333
2022-01-20,271265.0,251649.2
2022-01-21,272348.0,251110.96666666667
2022-01-22,250294.0,249727.46666666667
2022-01-23,203986.0,247841.5
2022-01-24,270712.0,249938.46666666667
2022-01-25,265128.0,252156.93333333332
2022-01-26,261070.0,252541.0
2022-01-27,255925.0,252224.43333333332
2022-01-28,264609.0,251841.96666666667
2022-01-29,231038.0,251375.86666666667
2022-01-30,207173.0,249296.96666666667
2022-01-31,263410.0,251849.5
2022-02-01,272984.0,254386.8
2022-02-02,278985.0,255859.86666666667
2022-02-03,265344.0,255553.2
2022-02-04,247946.0,254746.23333333334
2022-02-05,258646.0,254537.8
2022-02-06,219196.0,253331.63333333333
2022-02-07,262034.0,254602.1
2022-02-08,276850.0,256825.66666666666
2022-02-09,265804.0,256794.36666666667
2022-02-10,260813.0,256231.53333333333
2022-02-11,258595.0,255786.93333333332
2022-02-12,228189.0,254242.73333333334
2022-02-13,208977.0,252179.23333333334
2022-02-14,247592.0,252619.86666666667
2022-02-15,273623.0,254535.6
2022-02-16,266788.0,254823.83333333334
2022-02-17,255573.0,254507.7
2022-02-18,261055.0,254198.4
2022-02-19,220673.0,252512.0
2022-02-20,200535.0,250118.23333333334
2022-02-21,237402.0,249688.5
2022-02-22,260265.0,251564.46666666667
2022-02-23,251275.0,250916.56666666668
2022-02-24,254139.0,250550.26666666666
2022-02-25,260340.0,250525.93333333332
2022-02-26,220423.0,249342.53333333333
2022-02-27,211164.0,247561.03333333333
2022-02-28,270918.0,248890.36666666667
2022-03-01,280634.0,251339.06666666668
2022-03-02,288657.0,252180.63333333333
2022-03-03,268244.0,252022.63333333333
2022-03-04,262101.0,251459.83333333334
2022-03-05,225321.0,250125.73333333334
2022-03-06,207116.0,248764.73333333334
2022-03-07,255441.0,248657.9
2022-03-08,255771.0,249877.06666666668
2022-03-09,272805.0,250236.1
2022-03-10,261553.0,249726.2
2022-03-11,252383.0,249278.83333333334
2022-03-12,225148.0,248090.0
2022-03-13,208092.0,246406.56666666668
2022-03-14,259592.0,247453.33333333334
2022-03-15,263178.0,249260.03333333333
2022-03-16,276390.0,250219.96666666667
2022-03-17,278800.0,250392.53333333333
2022-03-18,261318.0,250210.2
2022-03-19,242424.0,249771.9
2022-03-20,210547.0,248088.3
2022-03-21,259912.0,249396.26666666666
2022-03-22,264569.0,251530.73333333334
2022-03-23,264182.0,252423.4
2022-03-24,262987.0,252514.13333333333
2022-03-25,290719.0,253828.93333333332
2022-03-26,231031.0,253058.66666666666
2022-03-27,218202.0,251654.06666666668
2022-03-28,293304.0,254083.43333333332
2022-03-29,286940.0,256609.3
2022-03-30,272864.0,256674.16666666666
2022-03-31,279210.0,256626.7
2022-04-01,284105.0,256474.96666666667
2022-04-02,254442.0,256014.9
2022-04-03,225564.0,254797.0
2022-04-04,275106.0,256456.5
2022-04-05,273430.0,258666.96666666667
2022-04-06,273640.0,259273.6
2022-04-07,269404.0,259728.03333333333
2022-04-08,266805.0,259528.03333333333
2022-04-09,232792.0,258569.33333333334
2022-04-10,216446.0,257371.43333333332
2022-04-11,276623.0,259087.26666666666
2022-04-12,278839.0,261445.5
2022-04-13,276968.0,262024.7
2022-04-14,265537.0,262103.33333333334
2022-04-15,254831.0,261384.7
2022-04-16,225486.0,259607.56666666668
2022-04-17,207324.0,257807.76666666666
2022-04-18,246421.0,257941.0
2022-04-19,273168.0,260028.36666666667
2022-04-20,285655.0,260886.46666666667
2022-04-21,282438.0,261482.1
2022-04-22,260930.0,261373.7
2022-04-23,234978.0,260440.06666666668
2022-04-24,221992.0,258149.16666666666
2022-04-25,277417.0,259695.36666666667
2022-04-26,273297.0,261531.86666666667
2022-04-27,287105.0,261325.23333333334
2022-04-28,275765.0,260952.73333333334
2022-04-29,286563.0,261409.36666666667
2022-04-30,261630.0,260823.36666666667
2022-05-01,232322.0,259097.26666666666
2022-05-02,272206.0,259689.4
2022-05-03,277895.0,261433.76666666666
2022-05-04,233045.0,260031.73333333334
2022-05-05,315759.0,261442.7
2022-05-06,286887.0,261884.26666666666
2022-05-07,231623.0,260624.9
2022-05-08,233892.0,259527.8
2022-05-09,279511.0,261085.1
2022-05-10,279658.0,263192.1666666667
2022-05-11,262683.0,262727.5
2022-05-12,274204.0,262573.0
2022-05-13,269880.0,262336.73333333334
2022-05-14,290225.0,263159.6666666667
2022-05-15,235433.0,262513.06666666665
2022-05-16,272134.0,264068.0
2022-05-17,278496.0,266440.4
2022-05-18,262907.0,266989.93333333335
2022-05-19,262479.0,266633.63333333336
2022-05-20,267034.0,266012.93333333335
2022-05-21,225225.0,264105.8333333333
2022-05-22,209047.0,262376.4
2022-05-23,265106.0,263380.6666666667
2022-05-24,235866.0,263843.13333333336
2022-05-25,288842.0,264223.9666666667
2022-05-26,262367.0,263859.63333333336
2022-05-27,270453.0,263304.56666666665
2022-05-28,226794.0,261672.2
2022-05-29,207859.0,259048.73333333334
2022-05-30,271819.0,259388.36666666667
2022-05-31,276273.0,260853.4
2022-06-01,272165.0,260852.03333333333
2022-06-02,264901.0,260418.9
2022-06-03,267517.0,261567.96666666667
2022-06-04,218629.0,258330.3
2022-06-05,201341.0,255478.76666666666
2022-06-06,268921.0,256722.03333333333
2022-06-07,263641.0,257713.66666666666
2022-06-08,261597.0,257116.53333333333
2022-06-09,262105.0,256531.43333333332
2022-06-10,261856.0,256503.86666666667
2022-06-11,230002.0,255030.46666666667
2022-06-12,215473.0,253216.9
2022-06-13,272503.0,252626.16666666666
2022-06-14,283231.0,254219.43333333332
2022-06-15,296312.0,255025.36666666667
2022-06-16,251253.0,254117.26666666666
2022-06-17,251574.0,253739.5
2022-06-18,247890.0,253253.2
2022-06-19,199777.0,251011.3
2022-06-20,236636.0,251391.66666666666
2022-06-21,254438.0,252904.7
2022-06-22,255472.0,252583.56666666668
2022-06-23,255213.0,253228.46666666667
2022-06-24,254348.0,252078.66666666666
2022-06-25,218017.0,250600.33333333334
2022-06-26,206755.0,248477.06666666668
2022-06-27,258883.0,249546.7
2022-06-28,248080.0,250887.4
2022-06-29,265079.0,250662.73333333334
2022-06-30,271213.0,250494.06666666668
2022-07-01,271874.0,250484.36666666667
2022-07-02,235096.0,249490.86666666667
2022-07-03,206333.0,247451.4
2022-07-04,240385.0,248176.6
2022-07-05,245829.0,249659.53333333333
2022-07-06,267118.0,249599.43333333332
2022-07-07,281435.0,250192.56666666668
2022-07-08,268331.0,250417.03333333333
2022-07-09,220708.0,249037.13333333333
2022-07-10,199369.0,246954.23333333334
2022-07-11,229482.0,246936.9
2022-07-12,275378.0,248933.73333333334
2022-07-13,222657.0,247272.2
2022-07-14,286894.0,247394.3
2022-07-15,269269.0,246492.86666666667
2022-07-16,226638.0,245672.36666666667
2022-07-17,202157.0,244025.13333333333
2022-07-18,247895.0,244025.3
2022-07-19,279950.0,246697.73333333334
2022-07-20,260195.0,247483.03333333333
2022-07-21,273976.0,248134.3
2022-07-22,263276.0,248394.43333333332
2022-07-23,223744.0,247345.46666666667
2022-07-24,199919.0,245531.16666666666
2022-07-25,253417.0,246711.16666666666
2022-07-26,264861.0,248648.03333333333
2022-07-27,255930.0,248549.6
2022-07-28,287254.0,249855.4
2022-07-29,281608.0,250406.36666666667
2022-07-30,232696.0,249122.46666666667
2022-07-31,209042.0,247028.06666666668
2022-08-01,249610.0,247511.86666666667
2022-08-02,266968.0,249533.03333333333
2022-08-03,282037.0,250921.43333333332
2022-08-04,279707.0,252050.7
2022-08-05,268463.0,252095.53333333333
2022-08-06,237677.0,250636.93333333332
2022-08-07,196161.0,248231.26666666666
2022-08-08,256582.0,249427.06666666668
2022-08-09,256233.0,251322.53333333333
2022-08-10,264566.0,252492.0
2022-08-11,287356.0,252891.26666666666
2022-08-12,273661.0,254591.4
2022-08-13,233308.0,252805.2
2022-08-14,205350.0,250674.56666666668
2022-08-15,241934.0,251184.43333333332
2022-08-16,273896.0,253575.73333333334
2022-08-17,256127.0,253850.13333333333
2022-08-18,291921.0,254249.16666666666
2022-08-19,279910.0,254906.33333333334
2022-08-20,222722.0,253197.86666666667
2022-08-21,205435.0,251269.83333333334
2022-08-22,250534.0,252162.83333333334
2022-08-23,256928.0,254063.13333333333
2022-08-24,256606.0,254169.43333333332
2022-08-25,260460.0,254022.73333333334
2022-08-26,262722.0,254249.13333333333
2022-08-27,225420.0,252188.0
2022-08-28,202109.0,249538.03333333333
2022-08-29,252235.0,250189.33333333334
2022-08-30,262445.0,251969.43333333332
2022-08-31,260425.0,252329.93333333332
2022-09-01,268022.0,252365.06666666668
2022-09-02,270588.0,251983.43333333332
2022-09-03,242597.0,250746.43333333332
2022-09-04,204538.0,248615.6
2022-09-05,250179.0,249032.33333333334
2022-09-06,268125.0,251431.13333333333
2022-09-07,265239.0,251719.7
2022-09-08,262863.0,251940.7
2022-09-09,290849.0,252816.8
2022-09-10,241936.0,251302.8
2022-09-11,220361.0,249526.13333333333
2022-09-12,268971.0,250714.9
2022-09-13,260108.0,252540.16666666666
2022-09-14,270309.0,253486.0
2022-09-15,277041.0,253590.83333333334
2022-09-16,261361.0,253765.3
2022-09-17,247863.0,252296.7
2022-09-18,212396.0,250046.23333333334
2022-09-19,253795.0,251082.0
2022-09-20,269773.0,253226.6
2022-09-21,260924.0,253572.93333333332
2022-09-22,245794.0,253201.8
2022-09-23,281419.0,254028.9
2022-09-24,228040.0,252948.23333333334
2022-09-25,212009.0,251257.8
2022-09-26,259311.0,252387.5
2022-09-27,271117.0,254687.76666666666
2022-09-28,264048.0,255081.53333333333
2022-09-29,267342.0,255244.76666666666
2022-09-30,286672.0,256119.66666666666
2022-10-01,241993.0,255252.03333333333
2022-10-02,213646.0,253353.96666666667
2022-10-03,273820.0,254394.73333333334
2022-10-04,278744.0,256868.26666666666
2022-10-05,267021.0,257429.66666666666
2022-10-06,278204.0,257765.63333333333
2022-10-07,270191.0,257930.7
2022-10-08,235498.0,257018.53333333333
2022-10-09,211238.0,254364.83333333334
2022-10-10,258286.0,254909.83333333334
2022-10-11,266451.0,256446.16666666666
2022-10-12,261196.0,256187.0
2022-10-13,281093.0,256886.5
2022-10-14,284648.0,257364.46666666667
2022-10-15,241758.0,256188.36666666667
2022-10-16,212919.0,254573.63333333333
2022-10-17,260471.0,254993.9
2022-10-18,257694.0,256503.83333333334
2022-10-19,263517.0,256827.9
2022-10-20,263986.0,256635.0
2022-10-21,270741.0,256962.23333333334
2022-10-22,233097.0,256539.0
2022-10-23,217872.0,254420.76666666666
2022-10-24,264486.0,255635.63333333333
2022-10-25,248540.0,256853.33333333334
2022-10-26,306069.0,258411.93333333332
2022-10-27,267995.0,258307.86666666667
2022-10-28,283035.0,258940.76666666666
2022-10-29,252661.0,258451.4
2022-10-30,222138.0,256300.26666666666
2022-10-31,284125.0,257704.66666666666
2022-11-01,276192.0,259789.53333333333
2022-11-02,257467.0,259244.43333333332
2022-11-03,297039.0,259854.26666666666
2022-11-04,281515.0,260337.4
2022-11-05,257198.0,259637.2
2022-11-06,223404.0,258077.63333333333
2022-11-07,264869.0,259056.66666666666
2022-11-08,295778.0,261874.66666666666
2022-11-09,292265.0,263007.3
2022-11-10,292831.0,263886.63333333336
2022-11-11,284467.0,264662.3333333333
2022-11-12,239254.0,263267.7
2022-11-13,227644.0,261367.56666666668
2022-11-14,242416.0,261389.5
2022-11-15,283090.0,263728.5333333333
2022-11-16,268373.0,263991.93333333335
2022-11-17,248465.0,263684.3
2022-11-18,282091.0,264303.43333333335
2022-11-19,260694.0,264193.7
2022-11-20,229923.0,262833.1
2022-11-21,270779.0,264089.1666666667
2022-11-22,253235.0,265267.93333333335
2022-11-23,273997.0,265584.9666666667
2022-11-24,254639.0,265788.26666666666
2022-11-25,258341.0,264197.3333333333
2022-11-26,229735.0,262922.0
2022-11-27,222672.0,260909.9
2022-11-28,262636.0,261242.4
2022-11-29,271512.0,262888.2
2022-11-30,271416.0,262464.56666666665
2022-12-01,285467.0,262773.73333333334
2022-12-02,271725.0,263249.0
2022-12-03,250951.0,261712.73333333334
2022-12-04,219810.0,259655.9
2022-12-05,274064.0,260218.1
2022-12-06,262438.0,261519.23333333334
2022-12-07,272328.0,261767.86666666667
2022-12-08,263838.0,260703.2
2022-12-09,265668.0,259816.63333333333
2022-12-10,241668.0,258111.2
2022-12-11,217788.0,255888.56666666668
2022-12-12,262646.0,256668.3
2022-12-13,287224.0,258654.3
2022-12-14,276441.0,259788.46666666667
2022-12-15,276713.0,259575.9
2022-12-16,254176.0,259102.66666666666
2022-12-17,263200.0,259593.83333333334
2022-12-18,212673.0,257279.9
2022-12-19,259096.0,257226.63333333333
2022-12-20,268893.0,258525.63333333333
2022-12-21,272491.0,258582.7
2022-12-22,271181.0,259180.9
2022-12-23,273926.0,259178.53333333333
2022-12-24,213339.0,257801.86666666667
2022-12-25,205314.0,256034.3
2022-12-26,223504.0,255826.6
2022-12-27,239359.0,256382.83333333334
2022-12-28,272949.0,256726.6
2022-12-29,265955.0,256541.36666666667
2022-12-30,291015.0,257194.66666666666
2022-12-31,242325.0,255756.6
2023-01-01,187516.0,252949.63333333333
2023-01-02,229347.0,252229.5
2023-01-03,272055.0,253971.0
2023-01-04,277936.0,254100.06666666668
2023-01-05,279391.0,254665.16666666666
2023-01-06,276071.0,254789.93333333332
2023-01-07,246679.0,254217.96666666667
2023-01-08,228488.0,252978.63333333333
2023-01-09,287347.0,254501.26666666666
2023-01-10,302809.0,257335.3
2023-01-11,287494.0,258163.56666666668
2023-01-12,315980.0,259122.1
2023-01-13,316549.0,260459.03333333333
2023-01-14,309880.0,261564.6
2023-01-15,252086.0,261494.93333333332
2023-01-16,302804.0,262815.06666666665
2023-01-17,308715.0,266016.4666666667
2023-01-18,300045.0,267381.43333333335
2023-01-19,298919.0,268382.3
2023-01-20,295822.0,269160.0
2023-01-21,287860.0,269715.9666666667
2023-01-22,250760.0,268943.76666666666
2023-01-23,293709.0,271622.76666666666
2023-01-24,292970.0,274544.63333333336
2023-01-25,306681.0,277317.2
2023-01-26,296263.0,279214.0
2023-01-27,303179.0,280221.6666666667
2023-01-28,268849.0,280318.13333333336
2023-01-29,258583.0,279237.06666666665
2023-01-30,309909.0,281489.86666666664
2023-01-31,313500.0,285689.3333333333
2023-02-01,345561.0,289563.13333333336
2023-02-02,340169.0,291833.6
2023-02-03,315951.0,293100.76666666666
2023-02-04,304495.0,293937.56666666665
2023-02-05,254113.0,293205.63333333336
2023-02-06,301977.0,295048.9
2023-02-07,300429.0,297446.93333333335
2023-02-08,316963.0,298434.13333333336
2023-02-09,369499.0,300657.13333333336
2023-02-10,300092.0,301077.06666666665
2023-02-11,280319.0,299888.36666666664
2023-02-12,259642.0,297991.4666666667
2023-02-13,299329.0,297639.76666666666
2023-02-14,302653.0,299325.3333333333
2023-02-15,325460.0,300080.5333333333
2023-02-16,344711.0,301280.4
2023-02-17,321260.0,301987.56666666665
2023-02-18,276798.0,301250.2
2023-02-19,240406.0,299403.0
2023-02-20,270081.0,298810.36666666664
2023-02-21,290457.0,300133.6
2023-02-22,282319.0,299753.93333333335
2023-02-23,290728.0,299679.2
2023-02-24,294562.0,299275.23333333334
2023-02-25,258413.0,298013.56666666665
2023-02-26,277103.0,297144.36666666664
2023-02-27,292748.0,297941.0
2023-02-28,332358.0,300400.1666666667
2023-03-01,381932.0,302800.93333333335
2023-03-02,330047.0,303352.5
2023-03-03,355273.0,303676.23333333334
2023-03-04,306300.0,302547.26666666666
2023-03-05,286638.0,301570.1666666667
2023-03-06,316016.0,301954.2
2023-03-07,362082.0,305553.1666666667
2023-03-08,292493.0,305237.0333333333
2023-03-09,336854.0,306451.2
2023-03-10,329334.0,306863.56666666665
2023-03-11,319707.0,305203.8333333333
2023-03-12,265555.0,304052.6
2023-03-13,333107.0,305812.2
2023-03-14,327892.0,308087.2
2023-03-15,345059.0,309611.5333333333
2023-03-16,295049.0,309358.06666666665
2023-03-17,338823.0,309803.5
2023-03-18,296890.0,308209.4666666667
2023-03-19,269131.0,306471.8333333333
2023-03-20,341288.0,308621.5
2023-03-21,327932.0,311539.0333333333
2023-03-22,297575.0,312455.5
2023-03-23,295245.0,312615.1
2023-03-24,292095.0,312940.9666666667
2023-03-25,290197.0,312923.26666666666
2023-03-26,261243.0,311812.63333333336
2023-03-27,296557.0,313084.1
2023-03-28,316281.0,314390.0333333333
2023-03-29,334637.0,315786.3333333333
2023-03-30,326347.0,315585.9666666667
2023-03-31,308386.0,313134.43333333335
2023-04-01,319646.0,312787.73333333334
2023-04-02,341622.0,312332.7
2023-04-03,332870.0,313218.36666666664
2023-04-04,421130.0,317701.43333333335
2023-04-05,346885.0,318730.4
2023-04-06,354019.0,318461.63333333336
2023-04-07,355031.0,320546.23333333334
2023-04-08,318505.0,319934.6
2023-04-09,278404.0,318236.93333333335
2023-04-10,289625.0,317234.2
2023-04-11,385002.0,321215.76666666666
2023-04-12,338102.0,321382.26666666666
2023-04-13,332042.0,321520.6
2023-04-14,315959.0,320550.6
2023-04-15,276185.0,319921.8
2023-04-16,232268.0,316369.9666666667
2023-04-17,316193.0,317013.4
2023-04-18,312522.0,318459.76666666666
2023-04-19,301722.0,317140.9
2023-04-20,296683.0,316099.26666666666
2023-04-21,352218.0,317920.7
2023-04-22,354752.0,319904.26666666666
2023-04-23,432760.0,324593.1
2023-04-24,360173.0,326925.63333333336
2023-04-25,369843.0,330545.63333333336
2023-04-26,436461.0,335209.1
2023-04-27,418912.0,338630.13333333336
2023-04-28,483522.0,343592.9666666667
2023-04-29,486031.0,348915.76666666666
2023-04-30,568516.0,357586.76666666666
2023-05-01,682281.0,369674.6
2023-05-02,457708.0,373544.13333333336
2023-05-03,489559.0,378767.1
2023-05-04,491123.0,381100.2
2023-05-05,411429.0,383251.6666666667
2023-05-06,601134.0,391488.8333333333
2023-05-07,607883.0,399917.23333333334
2023-05-08,575051.0,408468.76666666666
2023-05-09,598256.0,419130.5
2023-05-10,671668.0,431865.26666666666
2023-05-11,546549.0,437250.1666666667
2023-05-12,509159.0,442952.06666666665
2023-05-13,575640.0,451072.0
2023-05-14,631677.0,461595.93333333335
2023-05-15,526379.0,469935.73333333334
2023-05-16,566462.0,481075.5333333333
2023-05-17,583454.0,489984.23333333334
2023-05-18,476704.0,495456.9666666667
2023-05-19,515474.0,502582.0333333333
2023-05-20,423736.0,506817.13333333336
2023-05-21,486625.0,511297.36666666664
2023-05-22,499281.0,516115.0
2023-05-23,519870.0,519018.6666666667
2023-05-24,405521.0,520530.26666666666
2023-05-25,460167.0,523541.06666666665
2023-05-26,532373.0,526738.1333333333
2023-05-27,471633.0,528495.5
2023-05-28,496158.0,528916.7
2023-05-29,550324.0,531059.8
2023-05-30,515246.0,529284.1333333333
2023-05-31,421579.0,520594.06666666665
2023-06-01,355986.0,517203.3333333333
2023-06-02,479437.0,516865.93333333335
2023-06-03,381453.0,513210.26666666666
2023-06-04,364020.0,511629.9666666667
2023-06-05,359254.0,503567.3
2023-06-06,462072.0,498706.93333333335
2023-06-07,433781.0,493997.93333333335
2023-06-08,407006.0,487622.93333333335
2023-06-09,387084.0,478136.8
2023-06-10,365369.0,472097.4666666667
2023-06-11,399201.0,468432.2
2023-06-12,370634.0,461598.6666666667
2023-06-13,410483.0,454225.5333333333
2023-06-14,330658.0,447701.5
2023-06-15,423069.0,442921.73333333334
2023-06-16,512202.0,440546.6666666667
2023-06-17,475252.0,440498.26666666666
2023-06-18,439868.0,437978.06666666665
2023-06-19,415604.0,437707.0
2023-06-20,447715.0,436410.0
2023-06-21,363280.0,431876.63333333336
2023-06-22,392041.0,427615.6666666667
2023-06-23,374001.0,426565.0
2023-06-24,361437.0,423274.0
2023-06-25,382769.0,418287.2
2023-06-26,403979.0,416032.06666666665
2023-06-27,434858.0,413988.73333333334
2023-06-28,331278.0,406687.2
2023-06-29,438193.0,404118.76666666666
2023-06-30,445197.0,404906.0333333333
2023-07-01,324274.0,403848.9666666667
2023-07-02,309920.0,398198.4
2023-07-03,328114.0,396420.43333333335
2023-07-04,378556.0,396904.9666666667
2023-07-05,493478.0,401379.1
2023-07-06,392688.0,399066.3
2023-07-07,556014.0,403140.73333333334
2023-07-08,573697.0,408697.1
2023-07-09,594265.0,415603.13333333336
2023-07-10,507115.0,420328.0
2023-07-11,432293.0,421431.06666666665
2023-07-12,478320.0,425020.6
2023-07-13,375859.0,423866.4666666667
2023-07-14,421666.0,426900.06666666665
2023-07-15,484980.0,428963.76666666666
2023-07-16,595145.0,431728.5333333333
2023-07-17,428612.0,430173.86666666664
2023-07-18,582684.0,434934.4
2023-07-19,480249.0,437089.23333333334
2023-07-20,400400.0,435512.06666666665
2023-07-21,323847.0,434197.63333333336
2023-07-22,288750.0,430754.6
2023-07-23,559624.0,436942.0333333333
2023-07-24,529923.0,442558.23333333334
2023-07-25,462586.0,445218.8
2023-07-26,452746.0,446844.36666666664
2023-07-27,413038.0,446117.0333333333
2023-07-28,449225.0,450048.6
2023-07-29,423119.0,449546.13333333336
2023-07-30,645854.0,456234.7
2023-07-31,445666.0,460281.1
2023-08-01,412219.0,463691.06666666665
2023-08-02,390768.0,465779.5333333333
2023-08-03,476007.0,469027.9
2023-08-04,318486.0,463194.8333333333
2023-08-05,500723.0,466796.0
2023-08-06,607275.0,468504.7
2023-08-07,427534.0,463632.6
2023-08-08,331194.0,454863.56666666665
2023-08-09,506746.0,454851.26666666666
2023-08-10,358039.0,452376.13333333336
2023-08-11,506538.0,453316.73333333334
2023-08-12,503934.0,457585.9
2023-08-13,497112.0,460100.76666666666
2023-08-14,568517.0,462885.3333333333
2023-08-15,583063.0,462482.6
2023-08-16,566878.0,467091.4666666667
2023-08-17,502274.0,464411.13333333336
2023-08-18,423207.0,462509.73333333334
2023-08-19,519780.0,466489.06666666665
2023-08-20,612461.0,476109.5333333333
2023-08-21,550074.0,484820.3333333333
2023-08-22,420857.0,480194.76666666666
2023-08-23,417822.0,476458.06666666665
2023-08-24,399151.0,474343.56666666665
2023-08-25,425192.0,473425.1
2023-08-26,497513.0,476240.93333333335
2023-08-27,413594.0,475053.23333333334
2023-08-28,331345.0,471994.1
2023-08-29,500301.0,467142.3333333333
2023-08-30,408001.0,465886.8333333333
2023-08-31,437435.0,466727.36666666664
2023-09-01,419548.0,467686.7
2023-09-02,539748.0,469811.4
2023-09-03,625257.0,480037.1
2023-09-04,573196.0,482452.86666666664
2023-09-05,462093.0,477613.4666666667
2023-09-06,485357.0,479540.9
2023-09-07,537939.0,486432.4
2023-09-08,414799.0,483367.5
2023-09-09,597409.0,491346.5
2023-09-10,558395.0,493075.06666666665
2023-09-11,459132.0,491581.6666666667
2023-09-12,462328.0,490422.2
2023-09-13,512446.0,488553.1666666667
2023-09-14,576215.0,488324.9
2023-09-15,703692.0,492885.36666666664
2023-09-16,593144.0,495914.36666666664
2023-09-17,611220.0,502181.4666666667
2023-09-18,635845.0,506050.3
2023-09-19,493887.0,502097.8333333333
2023-09-20,551783.0,502154.8
2023-09-21,431540.0,502510.9
2023-09-22,441679.0,503306.13333333336
2023-09-23,629617.0,510988.3333333333
2023-09-24,441181.0,511521.3
2023-09-25,285750.0,504462.5333333333
2023-09-26,309789.0,501002.36666666664
2023-09-27,337265.0,501199.7
2023-09-28,378975.0,497155.5
2023-09-29,330269.0,494564.43333333335
2023-09-30,275474.0,489165.73333333334
2023-10-01,320516.0,485864.6666666667
2023-10-02,344263.0,479348.5
2023-10-03,310664.0,468862.06666666665
2023-10-04,287430.0,459336.5333333333
2023-10-05,319310.0,454577.1
2023-10-06,298650.0,448353.5333333333
2023-10-07,244567.0,438574.4666666667
2023-10-08,242440.0,432829.1666666667
2023-10-09,283648.0,422370.4666666667
2023-10-10,285060.0,413259.3
2023-10-11,264600.0,406774.9
2023-10-12,267090.0,400266.9666666667
2023-10-13,279518.0,392502.7
2023-10-14,265220.0,382136.2
2023-10-15,251923.0,367077.23333333334
2023-10-16,299782.0,357298.5
2023-10-17,294257.0,346733.06666666665
2023-10-18,271345.0,334583.06666666665
2023-10-19,282007.0,327520.4
2023-10-20,295888.0,318990.56666666665
2023-10-21,270621.0,313626.6
2023-10-22,252457.0,307319.2
2023-10-23,301780.0,296391.3
2023-10-24,373854.0,294147.06666666665
2023-10-25,476549.0,300507.0333333333
2023-10-26,431256.0,304555.93333333335
2023-10-27,452816.0,308407.63333333336
2023-10-28,564383.0,314587.9
2023-10-29,410290.0,317255.26666666666
2023-10-30,463202.0,323512.86666666664
2023-10-31,433751.0,327287.36666666664
2023-11-01,463644.0,331266.73333333334
2023-11-02,403541.0,334362.63333333336
2023-11-03,452354.0,339860.1
2023-11-04,698917.0,352513.6666666667
2023-11-05,673375.0,365004.5
2023-11-06,439319.0,371496.23333333334
2023-11-07,450371.0,378427.26666666666
2023-11-08,583201.0,388412.36666666664
2023-11-09,573466.0,398025.9
2023-11-10,523831.0,406666.93333333335
2023-11-11,627529.0,418681.56666666665
2023-11-12,703327.0,432808.5333333333
2023-11-13,428507.0,438251.43333333335
2023-11-14,523422.0,447301.4
2023-11-15,561942.0,456040.06666666665
2023-11-16,628426.0,467179.0333333333
2023-11-17,536644.0,476022.3333333333
2023-11-18,629266.0,487597.63333333336
2023-11-19,710579.0,501420.6666666667
2023-11-20,640670.0,513755.63333333336
2023-11-21,522593.0,522760.1666666667
2023-11-22,535829.0,530561.8
2023-11-23,587706.0,537690.2
2023-11-24,623898.0,542601.8333333334
2023-11-25,617234.0,548801.1
2023-11-26,578484.0,552990.0333333333
2023-11-27,479487.0,550160.1666666666
2023-11-28,447662.0,551405.9
2023-11-29,360588.0,547985.4333333333
2023-11-30,411882.0,547256.4666666667
2023-12-01,496468.0,548350.6
2023-12-02,429362.0,549211.3
2023-12-03,707876.0,557728.7
2023-12-04,570395.0,553444.6333333333
2023-12-05,514962.0,548164.2
2023-12-06,467795.0,549113.4
2023-12-07,372050.0,546502.7
2023-12-08,411456.0,540777.8666666667
2023-12-09,587398.0,541242.2666666667
2023-12-10,536175.0,541653.7333333333
2023-12-11,525486.0,538252.3
2023-12-12,543162.0,532913.4666666667
2023-12-13,587920.0,538227.2333333333
2023-12-14,570985.0,539812.6666666666
2023-12-15,632636.0,542169.1333333333
2023-12-16,638144.0,542493.0666666667
2023-12-17,616808.0,545165.2
2023-12-18,640936.0,545554.2
2023-12-19,662880.0,543964.2333333333
2023-12-20,582506.0,542025.4333333333
2023-12-21,588137.0,544210.2333333333
2023-12-22,625531.0,547200.3
2023-12-23,608479.0,547892.7333333333
2023-12-24,723459.0,551211.4333333333
2023-12-25,535741.0,548495.0
2023-12-26,553693.0,547668.6333333333
2023-12-27,545556.0,549870.9333333333
2023-12-28,417180.0,548854.8666666667
2023-12-29,581449.0,556216.9
2023-12-30,533823.0,560281.6
2023-12-31,731351.0,568111.0333333333
2024-01-01,657752.0,575724.0333333333
2024-01-02,367319.0,564372.1333333333
2024-01-03,502749.0,562117.2666666667
2024-01-04,482557.0,561037.1
2024-01-05,420884.0,559473.4
2024-01-06,382140.0,559809.7333333333
2024-01-07,348688.0,557717.4666666667
2024-01-08,414359.0,551949.5
2024-01-09,468088.0,549679.9333333333
2024-01-10,383774.0,544956.2
2024-01-11,449075.0,541819.9666666667
2024-01-12,375872.0,534751.7
2024-01-13,652483.0,537468.3
2024-01-14,591806.0,536107.3
2024-01-15,408499.0,528452.4666666667
2024-01-16,470122.0,523562.93333333335
2024-01-17,449415.0,517178.9
2024-01-18,484017.0,511216.8
2024-01-19,460763.0,507158.7
2024-01-20,563331.0,506331.8333333333
2024-01-21,600202.0,505487.5333333333
2024-01-22,457620.0,500458.9
2024-01-23,368462.0,488625.6666666667
2024-01-24,372499.0,483184.26666666666
2024-01-25,340188.0,476067.43333333335
2024-01-26,493218.0,474322.8333333333
2024-01-27,597446.0,480331.7
2024-01-28,636523.0,482167.5
2024-01-29,575203.0,483546.8333333333
2024-01-30,523509.0,476618.76666666666
2024-01-31,444450.0,469508.7
2024-02-01,413272.0,471040.4666666667
2024-02-02,429732.0,468606.56666666665
2024-02-03,515539.0,469705.9666666667
2024-02-04,336211.0,466883.5333333333
2024-02-05,281482.0,463528.26666666666
2024-02-06,278093.0,461175.1
2024-02-07,427538.0,461614.4
2024-02-08,285101.0,455514.8333333333
2024-02-09,334084.0,453858.5
2024-02-10,399252.0,452197.73333333334
2024-02-11,329938.0,450666.6
2024-02-12,409911.0,442580.86666666664
2024-02-13,313178.0,433293.26666666666
2024-02-14,296717.0,429567.2
2024-02-15,303306.0,424006.6666666667
2024-02-16,312782.0,419452.23333333334
2024-02-17,327713.0,414242.1
2024-02-18,343417.0,410330.56666666665
2024-02-19,366108.0,403756.4666666667
2024-02-20,397096.0,396986.26666666666
2024-02-21,369949.0,394063.9
2024-02-22,365090.0,393951.5
2024-02-23,409204.0,395175.0
2024-02-24,340419.0,395182.7
2024-02-25,418801.0,392702.13333333336
2024-02-26,356184.0,384660.06666666665
2024-02-27,387598.0,376362.56666666665
2024-02-28,413800.0,370982.4666666667
2024-02-29,407090.0,367101.8333333333
2024-03-01,419284.0,366262.9666666667
2024-03-02,339311.0,363797.6
2024-03-03,385447.0,362321.43333333335
2024-03-04,361258.0,357178.73333333334
2024-03-05,424347.0,360116.6
2024-03-06,381934.0,363465.0
2024-03-07,436344.0,368740.0333333333
2024-03-08,426928.0,368719.7
2024-03-09,359029.0,371183.9666666667
2024-03-10,368196.0,372321.0333333333
2024-03-11,394098.0,372149.23333333334
2024-03-12,341867.0,372546.86666666664
2024-03-13,390118.0,371887.1
2024-03-14,329706.0,372438.0333333333
2024-03-15,307904.0,372810.93333333335
2024-03-16,355760.0,374559.4
2024-03-17,366109.0,376336.9666666667
2024-03-18,416270.0,379288.86666666664
2024-03-19,463952.0,383306.7
2024-03-20,361515.0,383153.6
2024-03-21,327642.0,380838.4666666667
2024-03-22,339533.0,379824.6
2024-03-23,326610.0,378541.93333333335
2024-03-24,331527.0,375952.7
2024-03-25,317064.0,375174.2
2024-03-26,317742.0,371805.56666666665
2024-03-27,355902.0,371796.1666666667
2024-03-28,428670.0,373165.23333333334
2024-03-29,449421.0,374352.6
2024-03-30,490072.0,377118.6666666667
2024-03-31,319675.0,373798.36666666664
2024-04-01,326410.0,373368.3333333333
2024-04-02,357709.0,372443.73333333334
2024-04-03,372978.0,372834.4
2024-04-04,320607.0,369376.4
2024-04-05,348637.0,368266.5
2024-04-06,433591.0,368174.73333333334
2024-04-07,526130.0,371481.4666666667
2024-04-08,455617.0,374701.06666666665
2024-04-09,453811.0,377554.9
2024-04-10,531054.0,382120.1
2024-04-11,476241.0,386599.23333333334
2024-04-12,448489.0,388544.93333333335
2024-04-13,507173.0,394460.5
2024-04-14,473328.0,399974.63333333336
2024-04-15,503358.0,404894.56666666665
2024-04-16,454669.0,407846.56666666665
2024-04-17,385606.0,406824.43333333335
2024-04-18,418095.0,405295.86666666664
2024-04-19,393190.0,406351.7
2024-04-20,631001.0,416463.6666666667
2024-04-21,641668.0,426534.8333333333
2024-04-22,671771.0,438040.2
2024-04-23,927010.0,457889.63333333336
2024-04-24,606713.0,467544.6
2024-04-25,526242.0,474494.6
2024-04-26,442347.0,477376.1
2024-04-27,452967.0,478186.0
2024-04-28,487521.0,479456.0
2024-04-29,403064.0,476555.73333333334
2024-04-30,498085.0,482502.73333333334
2024-05-01,478881.0,487585.1
2024-05-02,559839.0,494322.76666666666
2024-05-03,442742.0,496648.23333333334
2024-05-04,660263.0,507970.1
2024-05-05,625998.0,517215.4666666667
2024-05-06,519817.0,520089.6666666667
2024-05-07,372643.0,514973.43333333335
2024-05-08,450856.0,514814.73333333334
2024-05-09,517193.0,516927.4666666667
2024-05-10,713791.0,523018.7
2024-05-11,719306.0,531120.8666666667
2024-05-12,557164.0,534743.3666666667
2024-05-13,554780.0,536330.2666666667
2024-05-14,422043.0,534620.7666666667
2024-05-15,493012.0,534275.9
2024-05-16,476659.0,535008.9
2024-05-17,573492.0,541271.7666666667
2024-05-18,401264.0,540710.7333333333
2024-05-19,644119.0,549075.0333333333
2024-05-20,626995.0,548941.5
2024-05-21,545041.0,545720.6
2024-05-22,583279.0,542770.8666666667
2024-05-23,744761.0,536695.9
2024-05-24,736439.0,541020.1
2024-05-25,835040.0,551313.3666666667
2024-05-26,852655.0,564990.3
2024-05-27,551610.0,568278.4
2024-05-28,596790.0,571920.7
2024-05-29,725428.0,582666.1666666666
2024-05-30,510417.0,583077.2333333333
2024-05-31,701471.0,590496.9
2024-06-01,740030.0,596503.2666666667
2024-06-02,729202.0,606051.9333333333
2024-06-03,769224.0,609683.9666666667
2024-06-04,627980.0,609750.0333333333
2024-06-05,562049.0,611157.7666666667
2024-06-06,613472.0,619185.4
2024-06-07,263982.0,612956.2666666667
2024-06-08,509927.0,612714.0666666667
2024-06-09,767920.0,614518.3666666667
2024-06-10,658037.0,612476.0666666667
2024-06-11,463737.0,609361.8333333334
2024-06-12,690560.0,613887.8333333334
2024-06-13,731254.0,624194.8666666667
2024-06-14,604349.0,627906.1
2024-06-15,452945.0,627115.6333333333
2024-06-16,461748.0,623390.8333333334
2024-06-17,441215.0,624722.5333333333
2024-06-18,617202.0,623825.3
2024-06-19,634554.0,624077.2666666667
2024-06-20,532756.0,623667.7666666667
2024-06-21,592843.0,623986.5666666667
2024-06-22,681420.0,621875.2
2024-06-23,492352.0,613738.9666666667
2024-06-24,528326.0,603515.1666666666
2024-06-25,536347.0,592971.5666666667
2024-06-26,490817.0,590945.1333333333
2024-06-27,414624.0,584872.9333333333
2024-06-28,593984.0,580491.4666666667
2024-06-29,712249.0,587219.2
2024-06-30,505127.0,580674.4
2024-07-01,611062.0,576375.4666666667
2024-07-02,592285.0,571811.5666666667
2024-07-03,545044.0,564338.9
2024-07-04,538097.0,561342.8
2024-07-05,490537.0,558959.0666666667
2024-07-06,658042.0,560444.7333333333
2024-07-07,673752.0,574103.7333333333
2024-07-08,593010.0,576873.1666666666
2024-07-09,654037.0,573077.0666666667
2024-07-10,631745.0,572200.6666666666
2024-07-11,642066.0,578144.9666666667
2024-07-12,658355.0,577071.4666666667
2024-07-13,735686.0,577219.2
2024-07-14,586548.0,576625.8333333334
2024-07-15,552901.0,579957.7
2024-07-16,529056.0,582201.3
2024-07-17,615870.0,588023.1333333333
2024-07-18,445574.0,582302.2
2024-07-19,507940.0,578081.7333333333
2024-07-20,680335.0,583001.0333333333
2024-07-21,859629.0,591893.9
2024-07-22,824999.0,596679.8666666667
2024-07-23,838977.0,608234.0333333333
2024-07-24,596458.0,610505.1
2024-07-25,719711.0,616617.2333333333
2024-07-26,459067.0,615558.9
2024-07-27,445730.0,616595.7666666667
2024-07-28,753703.0,621919.7333333333
2024-07-29,826129.0,625715.7333333333
2024-07-30,683096.0,631648.0333333333
2024-07-31,562819.0,630039.9333333333
2024-08-01,544430.0,628444.7666666667
2024-08-02,410113.0,623947.0666666667
2024-08-03,504062.0,622812.5666666667
2024-08-04,524595.0,623947.8333333334
2024-08-05,548857.0,620308.3333333334
2024-08-06,485173.0,614022.3666666667
2024-08-07,380097.0,606925.2666666667
2024-08-08,487399.0,601370.6666666666
2024-08-09,396419.0,593526.4666666667
2024-08-10,548777.0,590416.8333333334
2024-08-11,644814.0,589965.4666666667
2024-08-12,450024.0,580443.4
2024-08-13,579618.0,580212.4
2024-08-14,504701.0,578605.7333333333
2024-08-15,660924.0,583001.3333333334
2024-08-16,575811.0,581666.0333333333
2024-08-17,702540.0,590231.5666666667
2024-08-18,769702.0,598956.9666666667
2024-08-19,553394.0,594725.6
2024-08-20,717337.0,589982.5333333333
2024-08-21,687685.0,585405.4
2024-08-22,795102.0,583942.9
2024-08-23,799839.0,590722.2666666667
2024-08-24,794380.0,593211.2333333333
2024-08-25,705838.0,601436.9333333333
2024-08-26,600722.0,606603.3333333334
2024-08-27,673811.0,603940.2666666667
2024-08-28,733530.0,600853.6333333333
2024-08-29,524362.0,595562.5
2024-08-30,542101.0,594871.9
2024-08-31,701952.0,600122.6333333333
2024-09-01,651871.0,608181.2333333333
2024-09-02,754904.0,616542.6333333333
2024-09-03,582751.0,618481.1666666666
2024-09-04,722736.0,624277.1333333333
2024-09-05,721251.0,632146.4
2024-09-06,667267.0,641718.7333333333
2024-09-07,781426.0,651519.6333333333
2024-09-08,910083.0,668641.7666666667
2024-09-09,572398.0,669429.1333333333
2024-09-10,568630.0,666889.6666666666
2024-09-11,411402.0,665602.2666666667
2024-09-12,563521.0,665065.7
2024-09-13,419047.0,662210.5666666667
2024-09-14,638989.0,661479.4
2024-09-15,712474.0,666034.8333333334
2024-09-16,504540.0,659434.8333333334
2024-09-17,539113.0,651748.5333333333
2024-09-18,541476.0,651351.2666666667
2024-09-19,455707.0,642630.2666666667
2024-09-20,526390.0,637253.7666666667
2024-09-21,557444.0,629331.8333333334
2024-09-22,628230.0,623611.5333333333
2024-09-23,580102.0,616468.9333333333
2024-09-24,532220.0,610681.6666666666
2024-09-25,503460.0,607439.6
2024-09-26,474766.0,600804.7666666667
2024-09-27,451723.0,591411.2
2024-09-28,507707.0,590856.0333333333
2024-09-29,687427.0,595700.2333333333
2024-09-30,594224.0,592109.3
2024-10-01,632894.0,591476.7333333333
2024-10-02,590981.0,586012.6333333333
2024-10-03,582777.0,586013.5
2024-10-04,561425.0,580636.4666666667
2024-10-05,757575.0,581847.2666666667
2024-10-06,742158.0,584343.6333333333
2024-10-07,717700.0,582219.4333333333
2024-10-08,719458.0,575865.2666666667
2024-10-09,536887.0,574681.5666666667
2024-10-10,746211.0,580600.9333333333
2024-10-11,633252.0,587995.9333333333
2024-10-12,736321.0,593755.9333333333
2024-10-13,648739.0,601412.3333333334
2024-10-14,611683.0,600502.1333333333
2024-10-15,646891.0,598316.0333333333
2024-10-16,708342.0,605109.4333333333
2024-10-17,653027.0,608906.5666666667
2024-10-18,474279.0,606666.6666666666
2024-10-19,735561.0,615995.1333333333
2024-10-20,778073.0,624384.5666666667
2024-10-21,835011.0,633636.8
2024-10-22,700174.0,636034.9333333333
2024-10-23,665187.0,638871.1
2024-10-24,681834.0,643858.2333333333
2024-10-25,524014.0,644543.3666666667
2024-10-26,597744.0,648642.6333333333
2024-10-27,700814.0,656945.6666666666
2024-10-28,702824.0,663449.5666666667
2024-10-29,614981.0,661034.7
2024-10-30,682099.0,663963.8666666667
2024-10-31,562237.0,661608.6333333333
2024-11-01,547888.0,660172.2
2024-11-02,544612.0,658900.0333333333
2024-11-03,455402.0,655365.9333333333
2024-11-04,456826.0,645340.9666666667
2024-11-05,465286.0,636111.9
2024-11-06,501641.0,628909.9333333333
2024-11-07,553047.0,623362.9
2024-11-08,497146.0,622038.2
2024-11-09,577368.0,616410.1
2024-11-10,558278.0,613910.9666666667
2024-11-11,462458.0,604782.2
2024-11-12,503677.0,599946.8
2024-11-13,570979.0,598590.0
2024-11-14,503566.0,593812.5
2024-11-15,562223.0,588941.8666666667
2024-11-16,602655.0,587262.8
2024-11-17,598496.0,591403.3666666667
2024-11-18,673308.0,589328.2666666667
2024-11-19,810805.0,590419.3333333334
2024-11-20,664866.0,584747.8333333334
2024-11-21,498512.0,578025.7666666667
2024-11-22,540305.0,573863.0333333333
2024-11-23,444699.0,565958.5333333333
2024-11-24,463289.0,563934.3666666667
2024-11-25,604870.0,564171.9
2024-11-26,475689.0,556667.7333333333
2024-11-27,462119.0,548644.2333333333
2024-11-28,523480.0,545594.2
2024-11-29,341781.0,534250.2666666667
2024-11-30,640943.0,536873.8
2024-12-01,698223.0,541884.9666666667
2024-12-02,311811.0,534124.9333333333
2024-12-03,439519.0,533595.5
2024-12-04,502912.0,535131.7
2024-12-05,512490.0,536705.1666666666
2024-12-06,414643.0,533805.2333333333
2024-12-07,456101.0,530573.7
2024-12-08,420320.0,528012.8333333334
2024-12-09,403264.0,522209.36666666664
2024-12-10,441944.0,518331.56666666665
2024-12-11,481168.0,518955.23333333334
2024-12-12,474978.0,517998.6
2024-12-13,523585.0,516418.8
2024-12-14,517482.0,516882.6666666667
2024-12-15,378527.0,510759.4666666667
2024-12-16,412747.0,504429.2
2024-12-17,419707.0,498469.56666666665
2024-12-18,414366.0,489838.1666666667
2024-12-19,437574.0,477397.13333333336
2024-12-20,398670.0,468523.93333333335
2024-12-21,330225.0,462914.36666666664
2024-12-22,336217.0,456111.43333333335
2024-12-23,292681.0,451044.1666666667
2024-12-24,326570.0,446486.86666666664
2024-12-25,405831.0,439852.23333333334
2024-12-26,298916.0,433959.8
2024-12-27,348241.0,430163.86666666664
2024-12-28,298580.0,422667.2
2024-12-29,419112.0,425244.9
2024-12-30,374721.0,416370.8333333333
2024-12-31,312513.0,403513.8333333333
2025-01-01,292213.0,402860.56666666665
2025-01-02,402440.0,401624.6
2025-01-03,409341.0,398505.56666666665
2025-01-04,432302.0,395832.63333333336
2025-01-05,433954.0,396476.3333333333
2025-01-06,366260.0,393481.63333333336
2025-01-07,352121.0,391208.3333333333
2025-01-08,399976.0,391098.73333333334
2025-01-09,534013.0,394167.7
2025-01-10,408769.0,391754.4
2025-01-11,361190.0,387961.4666666667
2025-01-12,380525.0,383192.8
2025-01-13,408248.0,379551.6666666667
2025-01-14,352684.0,378690.23333333334
2025-01-15,354014.0,376732.4666666667
2025-01-16,375439.0,375256.86666666664
2025-01-17,425661.0,375633.36666666664
2025-01-18,360666.0,373069.76666666666
2025-01-19,388509.0,372731.06666666665
2025-01-20,350291.0,373399.93333333335
2025-01-21,324412.0,373006.43333333335
2025-01-22,432369.0,377662.7
2025-01-23,326010.0,377644.0333333333
2025-01-24,369243.0,376424.43333333335
2025-01-25,338988.0,377760.1666666667
2025-01-26,309651.0,376473.8333333333
2025-01-27,332102.0,377591.23333333334
2025-01-28,305953.0,373819.26666666666
2025-01-29,355332.0,373172.9666666667
2025-01-30,335134.0,373927.0
2025-01-31,328684.0,375142.7
2025-02-01,357439.0,373642.6666666667
2025-02-02,383258.0,372773.23333333334
2025-02-03,360484.0,370379.3
2025-02-04,308619.0,366201.4666666667
2025-02-05,381126.0,366697.0
2025-02-06,428326.0,369237.1666666667
2025-02-07,498394.0,372517.76666666666
2025-02-08,469138.0,370355.26666666666
2025-02-09,385420.0,369576.9666666667
2025-02-10,359522.0,369521.36666666664
2025-02-11,337513.0,368087.63333333336
2025-02-12,386539.0,367364.0
2025-02-13,379906.0,368271.4
2025-02-14,346002.0,368004.3333333333
2025-02-15,306930.0,365720.7
2025-02-16,300091.0,361535.0333333333
2025-02-17,333466.0,360628.36666666664
2025-02-18,422709.0,361768.36666666664
2025-02-19,448569.0,365044.3
2025-02-20,480465.0,370246.06666666665
2025-02-21,459909.0,371164.06666666665
2025-02-22,551849.0,378692.0333333333
2025-02-23,572814.0,385477.73333333334
2025-02-24,514086.0,391314.3333333333
2025-02-25,497063.0,397561.4
2025-02-26,403575.0,399943.8333333333
2025-02-27,325162.0,400584.13333333336
2025-02-28,386183.0,401612.5
2025-03-01,290895.0,400137.86666666664
2025-03-02,264912.0,398012.13333333336
2025-03-03,374224.0,398571.63333333336
2025-03-04,304773.0,395955.4666666667
2025-03-05,309176.0,394245.2
2025-03-06,370349.0,396302.86666666664
2025-03-07,313588.0,394051.6
2025-03-08,292451.0,389522.43333333335
2025-03-09,300380.0,382921.9666666667
2025-03-10,446224.0,382158.1666666667
2025-03-11,376740.0,381868.8333333333
2025-03-12,428828.0,384179.0333333333
2025-03-13,532638.0,390683.2
2025-03-14,439189.0,392438.2
2025-03-15,473428.0,395555.6
2025-03-16,471115.0,399726.0333333333
2025-03-17,380493.0,402178.13333333336
2025-03-18,369237.0,404483.0
2025-03-19,441661.0,408089.5
2025-03-20,337973.0,405264.9666666667
2025-03-21,321230.0,401020.3333333333
2025-03-22,413839.0,398799.4666666667
2025-03-23,533755.0,401261.0
2025-03-24,483673.0,398988.4666666667
2025-03-25,505859.0,396756.63333333336
2025-03-26,515068.0,396789.36666666664
2025-03-27,437476.0,394803.13333333336
2025-03-28,397685.0,394606.8
2025-03-29,290139.0,393439.36666666664
2025-03-30,305206.0,390740.13333333336
2025-03-31,318279.0,391652.93333333335
2025-04-01,356323.0,394699.9666666667
2025-04-02,399055.0,395527.6666666667
2025-04-03,392043.0,398436.6666666667
2025-04-04,429861.0,402459.5
2025-04-05,293474.0,399897.0
2025-04-06,279475.0,398759.9
2025-04-07,309387.0,399324.43333333335
2025-04-08,363972.0,401444.1666666667
2025-04-09,317312.0,397147.1
2025-04-10,322464.0,395337.9
2025-04-11,405030.0,394544.63333333336
2025-04-12,409511.0,390440.4
2025-04-13,455139.0,390972.06666666665
2025-04-14,441688.0,389914.06666666665
2025-04-15,442899.0,388973.5333333333
2025-04-16,507129.0,393194.73333333334
2025-04-17,557181.0,399459.5333333333
2025-04-18,508733.0,401695.26666666666
2025-04-19,545076.0,408598.7
2025-04-20,468737.0,413515.6
2025-04-21,444986.0,414553.8333333333
2025-04-22,518267.0,414037.56666666665
2025-04-23,418203.0,411855.23333333334
2025-04-24,464739.0,410484.56666666665
2025-04-25,392451.0,406397.3333333333
2025-04-26,321357.0,402526.7
2025-04-27,441827.0,403998.1
2025-04-28,409765.0,407985.63333333336
2025-04-29,467725.0,413402.93333333335
2025-04-30,350729.0,414484.6
2025-05-01,331199.0,413647.13333333336
2025-05-02,379268.0,412987.56666666665
2025-05-03,389717.0,412910.0333333333
2025-05-04,347977.0,410180.56666666665
2025-05-05,402262.0,413806.8333333333
2025-05-06,332218.0,415564.93333333335
2025-05-07,343011.0,416685.73333333334
2025-05-08,373813.0,417013.76666666666
2025-05-09,334543.0,417588.13333333336
2025-05-10,331074.0,417875.13333333336
2025-05-11,281756.0,413766.0
2025-05-12,378285.0,412725.13333333336
2025-05-13,295785.0,407413.3333333333
2025-05-14,326818.0,403584.3333333333
2025-05-15,374153.0,401292.8
2025-05-16,363786.0,396514.7
2025-05-17,291797.0,387668.56666666665
2025-05-18,629314.0,391687.93333333335
2025-05-19,585883.0,393048.1666666667
2025-05-20,569769.0,396415.9
2025-05-21,422191.0,395656.06666666665
2025-05-22,467803.0,393973.93333333335
2025-05-23,444625.0,394854.6666666667
2025-05-24,395420.0,392544.0333333333
2025-05-25,356355.0,391340.8333333333
2025-05-26,358290.0,392571.93333333335
2025-05-27,422984.0,391943.8333333333
2025-05-28,541153.0,396323.43333333335
2025-05-29,382859.0,393494.56666666665
2025-05-30,396232.0,395011.3333333333
2025-05-31,299392.0,393951.1
2025-06-01,256072.0,389844.56666666665
2025-06-02,346488.0,388403.6
2025-06-03,358895.0,388767.5333333333
2025-06-04,337037.0,386593.36666666664
2025-06-05,320509.0,386203.06666666665
2025-06-06,298643.0,384724.13333333336
2025-06-07,290718.0,381954.3
2025-06-08,307505.0,381053.0333333333
2025-06-09,361275.0,382059.73333333334
2025-06-10,428797.0,386961.1
2025-06-11,347263.0,385927.0333333333
2025-06-12,425413.0,390247.9666666667
2025-06-13,351499.0,391070.6666666667
2025-06-14,273850.0,387727.23333333334
2025-06-15,281934.0,384998.8333333333
2025-06-16,361092.0,387308.6666666667
2025-06-17,354536.0,378149.4
2025-06-18,441317.0,373330.5333333333
2025-06-19,308332.0,364615.9666666667
2025-06-20,353459.0,362324.9
2025-06-21,309613.0,357051.9
2025-06-22,265421.0,351078.43333333335
2025-06-23,290678.0,347587.0333333333
2025-06-24,279124.0,345012.6666666667
2025-06-25,387919.0,346000.3
2025-06-26,504341.0,348712.2
2025-06-27,335434.0,341854.9
2025-06-28,388943.0,342057.7
2025-06-29,380608.0,341536.9
2025-06-30,339268.0,342866.1
2025-07-01,325613.0,345184.13333333336
2025-07-02,366147.0,345839.43333333335
2025-07-03,361041.0,345910.9666666667
2025-07-04,366873.0,346905.5
2025-07-05,427456.0,350470.4
2025-07-06,506401.0,357395.6666666667
2025-07-07,360355.0,359716.9
2025-07-08,354753.0,361291.8333333333
2025-07-09,444726.0,364073.5333333333
2025-07-10,446575.0,364666.13333333336
2025-07-11,408758.0,366715.9666666667
2025-07-12,395744.0,365727.0
2025-07-13,399761.0,367335.73333333334
2025-07-14,457360.0,373452.73333333334
2025-07-15,418737.0,378012.8333333333
2025-07-16,399196.0,379282.9666666667
2025-07-17,433844.0,381926.56666666665
2025-07-18,452162.0,382288.06666666665
2025-07-19,426040.0,386211.6666666667
2025-07-20,414919.0,388260.3333333333
2025-07-21,384438.0,390754.5
2025-07-22,421750.0,395965.4666666667
2025-07-23,366826.0,398503.73333333334
2025-07-24,409736.0,402857.4666666667
2025-07-25,427905.0,404190.3333333333
2025-07-26,573275.0,406488.13333333336
2025-07-27,472894.0,411070.13333333336
2025-07-28,502252.0,414847.1
2025-07-29,350960.0,413858.8333333333
2025-07-30,423333.0,416661.0
2025-07-31,485215.0,421981.06666666665
2025-08-01,400385.0,423122.3333333333
2025-08-02,309743.0,421412.4
2025-08-03,283479.0,418632.6
2025-08-04,443301.0,419160.76666666666
2025-08-05,411399.0,415994.0333333333
2025-08-06,496208.0,420522.4666666667
2025-08-07,565200.0,427537.36666666664
2025-08-08,474798.0,428539.76666666666
2025-08-09,376121.0,426191.3
2025-08-10,400467.0,425914.93333333335
2025-08-11,449633.0,427711.23333333334
2025-08-12,367063.0,426621.3
2025-08-13,441094.0,426079.1
2025-08-14,484085.0,428257.36666666664
2025-08-15,430405.0,429297.6666666667
2025-08-16,401706.0,428226.4
2025-08-17,440879.0,427850.3
2025-08-18,478104.0,429585.76666666666
2025-08-19,412417.0,429502.36666666664
2025-08-20,424869.0,430850.06666666665
2025-08-21,447767.0,431717.3
2025-08-22,459717.0,434813.6666666667
2025-08-23,467080.0,436725.13333333336
2025-08-24,525890.0,439991.3
2025-08-25,482127.0,436953.0333333333
2025-08-26,456605.0,436410.06666666665
2025-08-27,499276.0,436310.86666666664
2025-08-28,575612.0,443799.26666666666
2025-08-29,596157.0,449560.06666666665
2025-08-30,628513.0,454336.6666666667
2025-08-31,472908.0,456754.1
2025-09-01,598757.0,466387.9
2025-09-02,592659.0,476693.9
2025-09-03,411173.0,475622.9666666667
2025-09-04,395181.0,475082.36666666664
2025-09-05,416432.0,472423.1666666667
2025-09-06,441035.0,468284.3333333333
2025-09-07,586276.0,472000.26666666666
2025-09-08,567934.0,478394.0333333333
2025-09-09,619514.0,485695.6
2025-09-10,643239.0,492149.13333333336
2025-09-11,598468.0,499862.63333333336
2025-09-12,396513.0,498376.6
2025-09-13,533108.0,500010.7
2025-09-14,534198.0,503470.4666666667
2025-09-15,535154.0,507918.73333333334
2025-09-16,536633.0,511110.5333333333
2025-09-17,362913.0,507270.8333333333
2025-09-18,448521.0,508474.3
2025-09-19,478312.0,510255.73333333334
2025-09-20,498549.0,511948.4666666667
2025-09-21,513490.0,513740.9
2025-09-22,456797.0,513398.13333333336
2025-09-23,495947.0,512400.0333333333
2025-09-24,522936.0,513760.3333333333
2025-09-25,431725.0,512931.0
2025-09-26,419078.0,510257.73333333334
2025-09-27,526116.0,508607.86666666664
2025-09-28,635424.0,509916.76666666666
2025-09-29,444460.0,503781.6666666667
2025-09-30,555361.0,506530.1
2025-10-01,473880.0,502367.5333333333
2025-10-02,381586.0,495331.76666666666
2025-10-03,387726.0,494550.2
2025-10-04,422031.0,495445.2
2025-10-05,525372.0,499076.5333333333
2025-10-06,431274.0,498751.1666666667
2025-10-07,430492.0,493558.36666666664
2025-10-08,427474.0,488876.36666666664
2025-10-09,367782.0,480485.3
2025-10-10,418155.0,472982.5
2025-10-11,444087.0,467836.4666666667
2025-10-12,463487.0,470068.93333333335
2025-10-13,491572.0,468684.4
2025-10-14,562791.0,469637.5
2025-10-15,480244.0,467807.1666666667
2025-10-16,497400.0,466499.4
2025-10-17,480068.0,470404.56666666665
2025-10-18,564018.0,474254.4666666667
2025-10-19,443253.0,473085.8333333333
2025-10-20,424653.0,470622.63333333336
2025-10-21,429039.0,467807.6
2025-10-22,489141.0,468885.73333333334
2025-10-23,426260.0,466562.8333333333
2025-10-24,571212.0,468172.0333333333
2025-10-25,504399.0,470594.5
2025-10-26,521328.0,474002.8333333333
2025-10-27,507349.0,473377.26666666666
2025-10-28,524707.0,469686.7
2025-10-29,392028.0,467938.9666666667
2025-10-30,554058.0,467895.5333333333
2025-10-31,460063.0,467434.9666666667
2025-11-01,391320.0,467759.43333333335
2025-11-02,408092.0,468438.3
2025-11-03,447703.0,469294.0333333333
2025-11-04,375984.0,464314.43333333335
2025-11-05,396072.0,463141.0333333333
2025-11-06,416278.0,462667.23333333334
2025-11-07,476245.0,464292.93333333335
2025-11-08,351420.0,463747.5333333333
2025-11-09,466347.0,465353.93333333335
2025-11-10,449593.0,465537.4666666667
2025-11-11,481949.0,466152.86666666664
2025-11-12,451023.0,464801.23333333334
2025-11-16,581852.0,465436.6
2025-11-17,415543.0,463279.9
2025-11-18,317239.0,457274.5333333333
2025-11-19,361791.0,453331.9666666667
2025-11-20,361895.0,446594.5333333333
2025-11-21,413267.0,445595.0
2025-11-22,472342.0,447184.63333333336
2025-11-23,317173.0,443455.76666666666
2025-11-24,400125.0,440488.56666666665
2025-11-25,350825.0,437974.06666666665
2025-11-26,477042.0,434835.06666666665
2025-11-27,403825.0,431482.6
2025-11-28,511691.0,431161.36666666664
2025-11-29,400703.0,427606.5
2025-11-30,517534.0,427367.4
2025-12-01,402123.0,427703.9
2025-12-02,412650.0,422990.3
2025-12-03,429624.0,421975.6666666667
2025-12-04,414109.0,422735.3
2025-12-05,356330.0,421009.9
2025-12-06,527061.0,423655.1666666667
2025-12-07,543191.0,429228.73333333334
2025-12-08,580273.0,435368.76666666666
2025-12-09,448961.0,436458.2
2025-12-10,550483.0,438932.8
2025-12-11,472857.0,442980.7
2025-12-12,417151.0,441340.8333333333
2025-12-13,495923.0,442885.1666666667
2025-12-14,416686.0,440709.73333333334
2025-12-15,423355.0,439787.4666666667
2025-12-16,443734.0,435183.5333333333
2025-12-17,446512.0,436215.8333333333
2025-12-18,463881.0,441103.9
2025-12-19,434180.0,443516.86666666664
2025-12-20,440896.0,446150.23333333334
2025-12-21,441101.0,447078.0333333333
2025-12-22,427277.0,445575.86666666664
2025-12-23,431004.0,449370.23333333334
2025-12-24,501255.0,452741.23333333334
2025-12-25,464027.0,456514.63333333336
2025-12-26,517078.0,457849.1666666667
2025-12-27,470913.0,460085.43333333335
2025-12-28,543992.0,461162.13333333336
2025-12-29,547262.0,466047.43333333335
2025-12-30,369499.0,461112.93333333335
2025-12-31,408137.0,461313.4
2026-01-01,469099.0,463195.0333333333
2026-01-02,458965.0,464173.06666666665
2026-01-03,501272.0,467078.5
2026-01-04,474589.0,471020.4666666667
2026-01-05,409625.0,467105.93333333335
2026-01-06,424895.0,463162.73333333334
2026-01-07,425191.0,457993.3333333333
2026-01-08,334415.0,454175.13333333336
2026-01-09,355655.0,447680.86666666664
2026-01-10,488786.0,448211.8333333333
2026-01-11,290317.0,443984.0333333333
2026-01-12,411249.0,441161.56666666665
2026-01-13,336329.0,438483.0
2026-01-14,324327.0,435182.06666666665
2026-01-15,374223.0,432865.0333333333
2026-01-16,361943.0,430046.06666666665
2026-01-17,357391.0,426496.4
2026-01-18,332526.0,423107.93333333335
2026-01-19,354595.0,420231.23333333334
2026-01-20,383148.0,418299.4666666667
2026-01-21,428195.0,418330.06666666665
2026-01-22,464040.0,419431.26666666666
2026-01-23,436563.0,417274.86666666664
2026-01-24,289144.0,411445.43333333335
2026-01-25,314920.0,404706.8333333333
2026-01-26,402432.0,402424.13333333336
2026-01-27,362327.0,396368.63333333336
2026-01-28,336095.0,389329.73333333334
2026-01-29,428725.0,391303.93333333335
2026-01-30,380796.0,390392.56666666665
2026-01-31,405402.0,388269.3333333333
2026-02-01,352779.0,384729.8
2026-02-02,357323.0,379931.5
2026-02-03,435461.0,378627.23333333334
2026-02-04,411218.0,378680.3333333333
2026-02-05,384550.0,377335.5
2026-02-06,410157.0,376834.36666666664
2026-02-07,494507.0,382170.76666666666
2026-02-08,507211.0,387222.63333333336
2026-02-09,402013.0,384330.2
2026-02-10,385928.0,387517.23333333334
2026-02-11,455182.0,388981.6666666667
2026-02-12,484938.0,393935.3
2026-02-13,529750.0,400782.73333333334
2026-02-14,537394.0,406221.76666666666
2026-02-15,701969.0,417555.9666666667
2026-02-16,526061.0,423178.3
2026-02-17,659135.0,434065.26666666666
2026-02-18,507143.0,439150.2
2026-02-19,512501.0,443461.9666666667
2026-02-20,413542.0,442973.5333333333
2026-02-21,350751.0,439197.23333333334
2026-02-22,529495.0,442294.9666666667
2026-02-23,453671.0,447779.2
2026-02-24,566873.0,456177.63333333336
2026-02-25,485381.0,458942.6
2026-02-26,425509.0,461048.6666666667
2026-02-27,415510.0,463695.8333333333
2026-02-28,424909.0,463568.63333333336
2026-03-01,462687.0,466298.3333333333
2026-03-02,422366.0,466863.8
2026-03-03,381186.0,467810.7
2026-03-04,377812.0,468493.6666666667
2026-03-05,464513.0,469462.06666666665
2026-03-06,442642.0,470509.5333333333
2026-03-07,437720.0,472281.86666666664
2026-03-08,453532.0,473727.7
2026-03-09,415576.0,471096.6666666667
2026-03-10,381301.0,466899.6666666667
2026-03-11,401926.0,466896.76666666666
2026-03-12,449282.0,469008.56666666665
2026-03-13,399857.0,467164.4
2026-03-14,439447.0,465648.0333333333
2026-03-15,407207.0,461563.26666666666
2026-03-16,405364.0,457162.26666666666
2026-03-17,372893.0,446193.06666666665
2026-03-18,441086.0,443360.56666666665
2026-03-19,442571.0,436141.76666666666
2026-03-20,423312.0,433347.4
2026-03-21,488238.0,432538.63333333336
2026-03-22,629923.0,439751.3333333333
2026-03-23,540923.0,446090.4
2026-03-24,382745.0,441198.73333333334
2026-03-25,514820.0,443237.0333333333
2026-03-26,629007.0,445308.1666666667
2026-03-27,664609.0,451282.43333333335
2026-03-28,763304.0,462542.26666666666
2026-03-29,634952.0,469857.0
2026-03-30,532760.0,473452.0333333333
2026-03-31,523751.0,475487.5
2026-04-01,683419.0,484189.26666666666
2026-04-02,508404.0,488429.86666666664
2026-04-03,459037.0,491137.36666666664
2026-04-04,433372.0,490099.3333333333
2026-04-05,725796.0,499537.8
2026-04-06,465261.0,500455.8333333333
2026-04-07,538981.0,503304.13333333336
2026-04-08,558574.0,508070.73333333334
2026-04-09,586158.0,514899.3
2026-04-10,448495.0,516451.6
2026-04-11,465807.0,517002.43333333335
2026-04-12,707229.0,527248.1666666666
2026-04-13,641052.0,533968.3333333334
2026-04-14,610515.0,540745.2666666667
2026-04-15,465753.0,542758.2333333333
2026-04-16,630320.0,551339.1333333333
2026-04-17,552747.0,555061.1666666666
2026-04-18,695157.0,563480.7
2026-04-19,727793.0,573630.0666666667
2026-04-20,547526.0,575606.3333333334
2026-04-21,537497.0,572525.4666666667
2026-04-22,542847.0,572589.6
2026-04-23,450825.0,574858.9333333333
2026-04-24,589597.0,577351.5
2026-04-25,581159.0,575756.5666666667
2026-04-26,712904.0,577366.4
2026-04-27,580030.0,571257.2666666667
2026-04-28,566274.0,568968.0
2026-04-29,383942.0,564007.4
2026-04-30,409874.0,560211.5
2026-05-01,593987.0,557230.4333333333
2026-05-02,526246.0,557825.1666666666
2026-05-03,604132.0,562661.6666666666
2026-05-04,567996.0,567149.1333333333
2026-05-05,585611.0,562476.3
2026-05-06,526789.0,564527.2333333333
2026-05-07,531108.0,564264.8
2026-05-08,581936.0,565043.5333333333
2026-05-09,831620.0,573225.6
2026-05-10,733259.0,582717.7333333333
2026-05-11,772122.0,592928.2333333333
2026-05-12,587513.0,588937.7
2026-05-13,620400.0,588249.3
2026-05-14,684549.0,590717.1
2026-05-15,618617.0,595812.5666666667
2026-05-16,679928.0,597466.1666666666
2026-05-17,605313.0,599218.3666666667
2026-05-18,600874.0,596075.6
2026-05-19,618114.0,592419.6333333333
2026-05-20,676439.0,596716.7333333333
2026-05-21,538509.0,596750.4666666667
2026-05-22,708628.0,602276.5
2026-05-23,732845.0,611677.1666666666
2026-05-24,628352.0,612969.0
2026-05-25,781994.0,619663.5
2026-05-26,627380.0,616812.7
2026-05-27,645768.0,619003.9666666667
2026-05-28,779340.0,626106.1666666666
2026-05-29,648318.0,634918.7
2026-05-30,651123.0,642960.3333333334
2026-05-31,717451.0,647075.8
2026-06-01,558154.0,648139.4
2026-06-02,438817.0,642628.9
2026-06-03,424362.0,637841.1
2026-06-04,588281.0,637930.1
