date,price,gma200,estimate_price,ahr999
2014-12-01,370.0,,288.97509263630826,
2014-12-02,378.0,,289.75799725611245,
2014-12-03,378.0,,290.5426589433927,
2014-12-04,377.1,,291.32908082532816,
2014-12-05,377.1,,292.1172660332093,
2014-12-06,378.0,,292.9072177024504,
2014-12-07,378.0,,293.6989389725775,
2014-12-08,375.0,,294.4924329872528,
2014-12-09,375.0,,295.2877028942558,
2014-12-10,360.5,,296.08475184550724,
2014-12-11,360.5,,296.88358299705766,
2014-12-12,350.0,,297.68419950909947,
2014-12-13,350.0,,298.48660454596484,
2014-12-14,350.0,,299.2908012761357,
2014-12-15,350.0,,300.09679287223395,
2014-12-16,350.0,,300.90458251105133,
2014-12-17,350.0,,301.71417337352005,
2014-12-18,340.0,,302.52556864474485,
2014-12-19,340.0,,303.3387715139812,
2014-12-20,340.0,,304.15378517466,
2014-12-21,340.0,,304.970612824383,
2014-12-22,340.0,,305.78925766492017,
2014-12-23,340.0,,306.6097229022302,
2014-12-24,340.0,,307.4320117464429,
2014-12-25,340.0,,308.25612741187206,
2014-12-26,340.0,,309.0820731170304,
2014-12-27,340.0,,309.9098520846098,
2014-12-28,340.0,,310.7394675415041,
2014-12-29,340.0,,311.57092271880924,
2014-12-30,340.0,,312.40422085181575,
2014-12-31,340.0,,313.23936518002404,
2015-01-01,340.0,,314.0763589471473,
2015-01-02,340.0,,314.9152054011037,
2015-01-03,340.0,,315.75590779403467,
2015-01-04,340.0,,316.59846938230226,
2015-01-05,340.0,,317.442893426484,
2015-01-06,340.0,,318.28918319139655,
2015-01-07,340.0,,319.13734194607474,
2015-01-08,288.99,,319.98737296380045,
2015-01-09,288.99,,320.8392795220817,
2015-01-10,288.99,,321.6930649026737,
2015-01-11,288.99,,322.5487323915814,
2015-01-12,288.99,,323.40628527904653,
2015-01-13,260.0,,324.2657268595766,
2015-01-14,120.0,,325.1270604319186,
2015-01-15,204.22,,325.9902892990958,
2015-01-16,199.46,,326.855416768379,
2015-01-17,184.0,,327.722446151318,
2015-01-18,184.0,,328.59138076372625,
2015-01-19,225.51,,329.46222392569086,
2015-01-20,218.0,,330.3349789615759,
2015-01-21,225.51,,331.2096492000246,
2015-01-22,226.32,,332.08623797397036,
2015-01-23,235.0,,332.96474862062865,
2015-01-24,240.0,,333.84518448150783,
2015-01-25,254.53,,334.7275489024089,
2015-01-26,274.48,,335.6118452334395,
2015-01-27,263.65,,336.49807682899706,
2015-01-28,236.09,,337.3862470477936,
2015-01-29,235.03,,338.2763592528503,
2015-01-30,229.07,,339.16841681149725,
2015-01-31,218.45,,340.062423095379,
2015-02-01,228.99,,340.9583814804655,
2015-02-02,237.83,,341.85629534704935,
2015-02-03,228.58,,342.7561680797456,
2015-02-04,227.11,,343.6580030675056,
2015-02-05,216.76,,344.5618037036145,
2015-02-06,223.2,,345.4675733856877,
2015-02-07,229.0,,346.37531551569356,
2015-02-08,223.99,,347.2850334999366,
2015-02-09,221.1,,348.196730749074,
2015-02-10,220.87,,349.1104106781127,
2015-02-11,219.81,,350.0260767064207,
2015-02-12,223.21,,350.9437322577213,
2015-02-13,236.49,,351.86338076009565,
2015-02-14,256.66,,352.7850256460027,
2015-02-15,235.54,,353.7086703522647,
2015-02-16,234.68,,354.63431832008143,
2015-02-17,244.82,,355.5619729950215,
2015-02-18,237.49,,356.49163782705074,
2015-02-19,240.9,,357.42331627050055,
2015-02-20,245.34,,358.3570117841052,
2015-02-21,245.99,,359.2927278309814,
2015-02-22,236.83,,360.2304678786513,
2015-02-23,239.49,,361.1702353990279,
2015-02-24,239.87,,362.11203386842635,
2015-02-25,238.19,,363.0558667675756,
2015-02-26,237.11,,364.0017375816063,
2015-02-27,254.42,,364.9496498000715,
2015-02-28,255.59,,365.89960691692824,
2015-03-01,260.24,,366.8516124305703,
2015-03-02,276.7,,367.8056698438042,
2015-03-03,283.27,,368.7617826638754,
2015-03-04,273.37,,369.7199544024415,
2015-03-05,276.86,,370.68018857561674,
2015-03-06,273.23,,371.64248870394493,
2015-03-07,276.89,,372.6068583124108,
2015-03-08,275.5,,373.57330093044925,
2015-03-09,290.19,,374.5418200919417,
2015-03-10,293.47,,375.5124193352282,
2015-03-11,296.99,,376.48510220309754,
2015-03-12,296.05,,377.45987224280594,
2015-03-13,284.0,,378.43673300606997,
2015-03-14,283.95,,379.415688049085,
2015-03-15,288.0,,380.3967409324971,
2015-03-16,292.37,,381.3798952214489,
2015-03-17,286.74,,382.36515448554843,
2015-03-18,258.5,,383.3525222988934,
2015-03-19,263.05,,384.34200224006486,
2015-03-20,263.31,,385.3335978921297,
2015-03-21,261.9,,386.32731284265617,
2015-03-22,269.45,,387.3231506837101,
2015-03-23,267.53,,388.3211150118452,
2015-03-24,246.15,,389.3212094281375,
2015-03-25,246.88,,390.3234375381561,
2015-03-26,249.88,,391.3278029519885,
2015-03-27,247.81,,392.3343092842431,
2015-03-28,253.52,,393.34296015403294,
2015-03-29,243.69,,394.35375918500733,
2015-03-30,248.78,,395.3667100053383,
2015-03-31,245.5,,396.38181624772363,
2015-04-01,247.87,,397.39908154939917,
2015-04-02,254.39,,398.4185095521351,
2015-04-03,254.84,,399.4401039022484,
2015-04-04,254.36,,400.46386825058954,
2015-04-05,261.47,,401.48980625257434,
2015-04-06,256.85,,402.517921568151,
2015-04-07,254.27,,403.548217861842,
2015-04-08,246.58,,404.5806988027108,
2015-04-09,244.74,,405.6153680644075,
2015-04-10,236.78,,406.652229325122,
2015-04-11,237.91,,407.69128626763637,
2015-04-12,237.55,,408.73254257929455,
2015-04-13,225.73,,409.7760019520217,
2015-04-14,221.05,,410.82166808232705,
2015-04-15,224.35,,411.86954467129976,
2015-04-16,229.45,,412.9196354246253,
2015-04-17,223.62,,413.9719440525749,
2015-04-18,224.02,,415.02647427001466,
2015-04-19,224.03,,416.08322979641883,
2015-04-20,225.37,,417.142214355859,
2015-04-21,235.89,,418.20343167701674,
2015-04-22,233.98,,419.2668854931801,
2015-04-23,235.99,,420.3325795422595,
2015-04-24,231.51,,421.4005175667738,
2015-04-25,227.05,,422.4707033138735,
2015-04-26,221.27,,423.54314053533324,
2015-04-27,227.58,,424.61783298755114,
2015-04-28,225.64,,425.69478443156186,
2015-04-29,225.6,,426.7739986330362,
2015-04-30,236.81,,427.8554793622903,
2015-05-01,233.14,,428.9392303942752,
2015-05-02,235.94,,430.02525550860014,
2015-05-03,240.78,,431.1135584895177,
2015-05-04,239.75,,432.2041431259411,
2015-05-05,236.76,,433.29701321143966,
2015-05-06,230.0,,434.39217254424864,
2015-05-07,237.99,,435.48962492726866,
2015-05-08,244.54,,436.5893741680612,
2015-05-09,242.5,,437.6914240788837,
2015-05-10,241.57,,438.7957784766456,
2015-05-11,242.86,,439.90244118295425,
2015-05-12,242.03,,441.0114160241,
2015-05-13,236.32,,442.122706831055,
2015-05-14,237.46,,443.2363174394943,
2015-05-15,237.82,,444.35225168977695,
2015-05-16,236.73,,445.4705134269776,
2015-05-17,237.12,,446.5911065008532,
2015-05-18,234.04,,447.71403476588927,
2015-05-19,232.59,,448.8393020812702,
2015-05-20,234.54,,449.9669123109,
2015-05-21,235.77,,451.0968693233979,
2015-05-22,240.45,,452.22917699210865,
2015-05-23,239.36,,453.3638391951014,
2015-05-24,240.82,,454.50085981518015,
2015-05-25,237.43,,455.6402427398678,
2015-05-26,236.79,,456.7819918614425,
2015-05-27,237.35,,457.9261110769109,
2015-05-28,237.34,,459.0726042880328,
2015-05-29,236.89,,460.22147540131334,
2015-05-30,233.55,,461.3727283280055,
2015-05-31,230.21,,462.5263669841205,
2015-06-01,223.56,,463.68239529043433,
2015-06-02,225.85,,464.8408171724832,
2015-06-03,225.86,,466.00163656056606,
2015-06-04,224.57,,467.1648573897667,
2015-06-05,224.97,,468.3304835999185,
2015-06-06,225.48,,469.4985191356604,
2015-06-07,223.89,,470.6689679464016,
2015-06-08,229.1,,471.8418339863285,
2015-06-09,229.18,,473.0171212144378,
2015-06-10,228.73,,474.19483359449737,
2015-06-11,229.69,,475.3749750950913,
2015-06-12,229.47,,476.5575496895919,
2015-06-13,233.47,,477.74256135618174,
2015-06-14,233.6,,478.930014077853,
2015-06-15,236.99,,480.1199118424059,
2015-06-16,251.91,,481.3122586424596,
2015-06-17,250.25,,482.50705847545134,
2015-06-18,249.27,258.94396055954854,483.7043153436467,0.4960829251541087
2015-06-19,246.33,258.4177638942371,484.9040332541309,0.4842353082845214
2015-06-20,246.13,257.86400757875174,486.1062162188274,0.48328932302525396
2015-06-21,244.66,257.3037310671103,487.31086825449273,0.47739048822558877
2015-06-22,247.5,256.7625482199498,488.51799338271144,0.48835784073725463
2015-06-23,244.52,256.20698537719437,489.7275956299348,0.47652230193953976
2015-06-24,240.04,255.62594185844102,490.93967902743583,0.4591284199522331
2015-06-25,242.44,255.0589032521731,492.1542476113439,0.46823818218951074
2015-06-26,243.0,254.5061978441493,493.3713054226598,0.4702624444781271
2015-06-27,251.59,253.99880504962508,494.59085650721437,0.5038589687705536
2015-06-28,249.11,253.52985201463875,495.8129049157197,0.49366847452176627
2015-06-29,257.54,253.10387838965792,497.03745470373934,0.5272316412110994
2015-06-30,263.82,252.74641162489684,498.2645099317242,0.5526758387257992
2015-07-01,259.02,252.366279195909,499.49407466497837,0.5322368409319296
2015-07-02,254.85,251.9662704174113,500.72615297369447,0.514785840639224
2015-07-03,256.95,251.57721814113552,501.96074893293644,0.5228247938825697
2015-07-04,260.64,251.20667526539498,503.1978666226586,0.5374179489236091
2015-07-05,271.74,250.88899005681486,504.43751012770844,0.5834695088808293
2015-07-06,269.94,250.5996989347693,505.6796835378131,0.5750140237969618
2015-07-07,266.18,250.29318653029767,506.92439094759874,0.5584169933799525
2015-07-08,270.97,250.00934304253016,508.1716364565974,0.5779306965858959
2015-07-09,269.75,249.7201870586148,509.42142416923775,0.5719947589576749
2015-07-10,286.67,249.50724923528514,510.67375819485574,0.6449674288788666
2015-07-11,294.23,249.32694083234693,511.9286426476978,0.6782585325564254
2015-07-12,312.16,249.22046389514043,513.1860816469323,0.7618964234190425
2015-07-13,293.08,249.0354863717406,514.4460793166348,0.6704575220247019
2015-07-14,287.51,248.82677259841861,515.7086397858048,0.6441757850781739
2015-07-15,285.7,248.61038333496737,516.9737671883798,0.6350862517788823
2015-07-16,279.38,248.36640160310876,518.2414656632099,0.6064089772206773
2015-07-17,280.58,248.12797666955802,519.5117393540891,0.6107202521362075
2015-07-18,277.71,247.87703756897128,520.7845924097506,0.5974321814613486
2015-07-19,275.61,247.61695428962915,522.060028983857,0.587609923637789
2015-07-20,280.0,247.37668932595278,523.3380532350278,0.6055848127935003
2015-07-21,277.32,247.12477355930594,524.6186693268214,0.593201659265934
2015-07-22,277.89,246.87564883929912,525.9018814277598,0.5947889048676023
2015-07-23,277.39,246.62455452707647,527.1876937113094,0.5918068987573937
2015-07-24,289.12,246.42474163815746,528.4761103559057,0.6418692946039348
2015-07-25,289.7,246.22755791947083,529.767135544943,0.6433915007943722
2015-07-26,293.89,246.04819716996272,531.0607734667906,0.6610057035305433
2015-07-27,294.21,246.07022157623447,532.3570283147781,0.6607737892628646
2015-07-28,295.76,246.09871351785657,533.6559042872244,0.6660521168882372
2015-07-29,290.19,246.10381248429493,534.9574055874143,0.639627812243316
2015-07-30,288.49,246.10168165025274,536.2615364236191,0.6306237140000918
2015-07-31,285.19,246.08539461311966,537.5683010090992,0.6148215706967359
2015-08-01,281.53,246.18330363502324,538.8777035621073,0.5974486038053455
2015-08-02,282.62,247.23998216765455,540.1897483058953,0.598054472558755
2015-08-03,280.95,247.63461844048055,541.5044394687001,0.5886331193314562
2015-08-04,285.51,248.07910416967277,542.8217812837678,0.6053341804768678
2015-08-05,282.77,248.6126727325075,544.141777989353,0.5910596738675452
2015-08-06,279.65,249.13356779537358,545.464433828721,0.5754809627336714
2015-08-07,279.94,249.40304025459704,546.7897530501376,0.5746558154191969
2015-08-08,262.02,249.6325039851657,548.117739906908,0.5017575236598847
2015-08-09,267.63,249.84633201775998,549.4483986573388,0.5217586985973368
2015-08-10,265.15,250.04422090195274,550.7817335647726,0.5104896164711599
2015-08-11,271.99,250.2270447611683,552.117748897582,0.5354758866628979
2015-08-12,266.94,250.36018217674004,553.4564489291591,0.5142550925542638
2015-08-13,264.67,250.40908863026232,554.797837937954,0.5042252467878406
2015-08-14,266.17,250.37059970985914,556.1419202074371,0.5088025128942264
2015-08-15,262.46,250.36493667071815,557.488700026139,0.493533541757168
2015-08-16,259.2,250.4818679649656,558.838181687634,0.47996285733503025
2015-08-17,257.31,250.59532238421585,560.1903694905351,0.47163359305592734
2015-08-18,221.99,250.55598789761368,561.545267738528,0.3502492907535193
2015-08-19,227.34,250.60596569550702,562.9028807403558,0.3663758465130837
2015-08-20,235.56,250.64141306246185,564.2632128098181,0.392345362491512
2015-08-21,232.85,250.61489451945968,565.626268265791,0.3824864336365808
2015-08-22,231.15,250.62890502545045,566.992051432213,0.37599292088186587
2015-08-23,229.21,250.64043939885653,568.3605666381002,0.36880095800445684
2015-08-24,211.16,250.6076394655291,569.7318182175553,0.31229032264486867
2015-08-25,223.73,250.61061136042855,571.1058105097557,0.34972961561226235
2015-08-26,226.81,250.5985706356233,572.4825478589706,0.35857793008416877
2015-08-27,225.8,250.60865523038458,573.8620346145549,0.354522918077694
2015-08-28,231.55,250.6665283837802,575.2442751309559,0.3718269970168171
2015-08-29,230.61,250.72062013357885,576.629273767736,0.36784895939158235
2015-08-30,229.39,250.77410463971077,578.0170348895373,0.36301589085208896
2015-08-31,230.75,250.8157639867871,579.4075628661226,0.36639069105772626
2015-09-01,228.22,250.77112796032768,580.8008620723592,0.3576042045229623
2015-09-02,229.97,250.63348815204247,582.1969368882409,0.3624376917871998
2015-09-03,227.25,250.58859116266046,583.5957916988481,0.35312977504829074
2015-09-04,231.39,250.57090238071117,584.9974308944218,0.3652620702797771
2015-09-05,236.01,250.52499063514338,586.4018588703005,0.37915293036802955
2015-09-06,241.29,250.54487560813132,587.8090800269657,0.3953273232423858
2015-09-07,241.31,250.54700588042869,589.2190987700252,0.3944433209938403
2015-09-08,244.14,250.54086357994672,590.6319195102265,0.40279344713539533
2015-09-09,238.75,250.5034432045377,592.047546663459,0.3843407869264959
2015-09-10,238.52,250.51234948682531,593.4659846507623,0.3826701877351046
2015-09-11,240.9,250.51970244194368,594.8872378983044,0.3894009984006801
2015-09-12,236.5,250.5019801752467,596.3113108374337,0.3744364161175637
2015-09-13,230.82,250.4626162703347,597.7382079046326,0.3558712824611297
2015-09-14,231.01,250.42997914965468,599.1679335415653,0.3556531669497059
2015-09-15,230.6,250.306920759479,600.6004921950354,0.35372036503091875
2015-09-16,229.73,250.1734552937345,602.0358883170293,0.35040622855447895
2015-09-17,233.34,250.03701330681295,603.4741263647135,0.36084062781559695
2015-09-18,233.78,249.82637915267176,604.9152108004131,0.3616445377037092
2015-09-19,232.88,249.58182246303033,606.3591460916443,0.35836162771676217
2015-09-20,232.24,249.37842772844567,607.8059367110976,0.35583628006474816
2015-09-21,227.31,249.13266522094358,609.2555871366607,0.3404135896837693
2015-09-22,231.28,248.9251185359062,610.708101851406,0.35186312315182067
2015-09-23,230.26,248.69570140814506,612.163485343609,0.34825815981795766
2015-09-24,235.27,248.49949099518864,613.6217421067463,0.3630001981871748
2015-09-25,235.89,248.24221571433782,615.0828766394781,0.36442636152344243
2015-09-26,234.69,247.9649476784744,616.5468934456912,0.36027386842251746
2015-09-27,233.58,247.66735293535254,618.0137970344829,0.3564547242876158
2015-09-28,239.99,247.40752392158225,619.4835919201522,0.3757885824061395
2015-09-29,236.89,247.18325380160454,620.9562826222343,0.36560605996998835
2015-09-30,237.14,246.96070684065046,622.4318736654626,0.36583895475300143
2015-10-01,238.34,246.7271156823404,623.9103695798275,0.3690241465354083
2015-10-02,238.28,246.47487535011183,625.3917749005336,0.3683412537982694
2015-10-03,239.92,246.25527742590467,626.8760941680076,0.3728770470475324
2015-10-04,239.87,246.16319691540357,628.3633319279476,0.37197856347839275
2015-10-05,240.95,246.05521073873746,629.8534927312587,0.3746120583341574
2015-10-06,246.64,245.97476105701244,631.3465811341239,0.39171359356694796
2015-10-07,244.0,245.88770813174176,632.842601697944,0.38260190349135176
2015-10-08,242.94,245.76041017961484,634.3415589894086,0.3785846192410612
2015-10-09,244.35,245.64906897329467,635.843457580431,0.38226044164067835
2015-10-10,246.07,245.6486697227622,637.3483020482145,0.38674622987140367
2015-10-11,249.02,245.65927070601475,638.8560969752174,0.3951229498742788
2015-10-12,246.39,245.64199513340222,640.3668469491628,0.38593547400984957
2015-10-13,250.99,245.65765626068952,641.8805565630454,0.39951060537961597
2015-10-14,253.27,245.65644443197183,643.3972304151565,0.40584495524601816
2015-10-15,254.99,245.71212558468625,644.9168731090493,0.41031365413416726
2015-10-16,263.43,245.782432291043,646.4394892535794,0.4367689407903413
2015-10-17,272.87,245.91236084741,647.9650834628706,0.4672826096458427
2015-10-18,265.0,245.994540548557,649.4936603563543,0.4395328739740567
2015-10-19,265.17,246.04559291936752,651.0252245587632,0.43897053561556665
2015-10-20,271.14,246.12187813286235,652.5597807001166,0.4577376752432469
2015-10-21,268.77,246.1897007095526,654.0973334157516,0.44858972689204374
2015-10-22,275.84,246.25556702828013,655.637887346309,0.4712641342310731
2015-10-23,278.76,246.35637875573335,657.1814471377419,0.4799674719349309
2015-10-24,284.29,246.49388169460832,658.7280174413297,0.497749563093593
2015-10-25,284.97,246.672281374185,660.2776029136538,0.4985989601061369
2015-10-26,287.1,246.86924658746955,661.8302082166329,0.5044902849560505
2015-10-27,295.61,247.1433118553017,663.3858380175262,0.5329950611375411
2015-10-28,304.09,247.44678149087227,664.944496988893,0.5620009784022543
2015-10-29,316.08,247.8004092434541,666.5061898086661,0.6049059091544389
2015-10-30,329.11,248.26801864098408,668.070921160095,0.6530385361341736
2015-10-31,314.85,248.70747832189502,669.6386957317762,0.5952206767116945
2015-11-01,329.46,249.18576390575745,671.209518217667,0.648969153288895
2015-11-02,365.21,249.76552931781873,672.783393317072,0.7937387046373294
2015-11-03,404.1,250.50557255177424,674.3603257346354,0.966647868929658
2015-11-04,410.0,251.26377283477896,675.9403201803818,0.9897590551453876
2015-11-05,387.21,251.95215570536493,677.5233813697039,0.8783159382246223
2015-11-06,374.09,252.59135259625938,679.1095140233417,0.8158191673903619
2015-11-07,384.81,253.21018037176924,680.6987228674313,0.8591254819275278
2015-11-08,373.83,253.8041036126896,682.291012633457,0.8070120345172932
2015-11-09,379.53,254.40778817823727,683.8863880583102,0.8278999549826431
2015-11-10,337.14,254.8863656488345,685.4848538842479,0.6505431328546791
2015-11-11,313.2,255.29664415896482,687.0864148589344,0.5592255933234681
2015-11-12,336.49,255.83228760383201,688.6910757354002,0.6426352068617723
2015-11-13,338.07,256.3390183964782,690.2988412720948,0.6458942315542365
2015-11-14,334.71,256.8449196754232,691.9097162328504,0.6304011059602823
2015-11-15,322.93,257.30594843177136,693.523705386925,0.584393865554117
2015-11-16,332.89,257.7444544786339,695.1408135089592,0.618499539434882
2015-11-17,336.49,258.21775847925846,696.7610453790197,0.629324088412673
2015-11-18,335.49,258.6726407981636,698.3844057825904,0.6230374164522454
2015-11-19,326.41,259.0664727072204,700.0108995105757,0.5875040930761725
2015-11-20,322.39,259.4503893648926,701.6405313592861,0.5709448092702847
2015-11-21,327.0,259.86962749638656,703.2733061304873,0.5850808020176804
2015-11-22,323.71,260.3140837227456,704.9092286313512,0.5710595120131323
2015-11-23,323.0,260.71191782573186,706.5483036745052,0.5663726878713705
2015-11-24,321.0,261.0668084785496,708.1905360780062,0.5573246937715508
2015-11-25,328.98,261.4652328755366,709.8359306653609,0.5831322558204486
2015-11-26,352.57,261.9599871982732,711.4844922655119,0.6669454471812054
2015-11-27,358.19,262.469441943648,713.1362257128687,0.6854498218942445
2015-11-28,357.24,262.9808969343451,714.7911358472828,0.6789171836337846
2015-11-29,372.24,263.5790055243141,716.4492275140791,0.7337529245213106
2015-11-30,376.86,264.18841113488565,718.1105055640415,0.7486090005347
2015-12-01,362.68,264.74644621773876,719.7749748534044,0.6902721189073152
2015-12-02,360.0,265.3019152040356,721.4426402439024,0.677115583573881
2015-12-03,361.77,265.8628812026794,723.1135066027263,0.6807707996587408
2015-12-04,363.98,266.4505641635914,724.7875788025559,0.6860055910313035
2015-12-05,387.99,267.1331538562301,726.464861721545,0.7757086961787827
2015-12-06,387.55,267.8047931357917,728.145360243342,0.7702275527330151
2015-12-07,394.73,268.49574256525665,729.8290792570932,0.795136522679297
2015-12-08,418.94,269.24214316760026,731.516023657428,0.8911211967754128
2015-12-09,418.39,269.9949787923947,733.2061983444796,0.8842616219195432
2015-12-10,415.68,270.7328906877396,734.8996082238882,0.8684588047535915
2015-12-11,452.95,271.60864799450616,736.5962582067976,1.0254805458539886
2015-12-12,436.87,272.441672706341,738.296153209865,0.9488559855448079
2015-12-13,433.83,273.2644836060252,739.9992981552632,0.9307320389744369
2015-12-14,444.01,274.1216257445365,741.7056979706902,0.9696401466999135
2015-12-15,464.27,275.04542047246525,743.4153575893537,1.054156997983258
2015-12-16,453.97,275.9609648552222,745.1282819499988,1.0022489400821901
2015-12-17,455.5,276.9041570639497,746.8444759969045,1.0032683545999859
2015-12-18,463.17,277.91450058927114,748.563944679887,1.0311948407198412
2015-12-19,461.29,278.9086458019835,750.2866929542843,1.0168546030852783
2015-12-20,442.22,279.8472041030542,752.0127257809959,0.9292457816196935
2015-12-21,436.81,280.77968112451697,753.7420481264737,0.9015643379509868
2015-12-22,433.92,281.70340848079894,755.4746649627003,0.8847230233842645
2015-12-23,442.43,282.6544221939941,757.2105812672291,0.9145694213439052
2015-12-24,455.74,283.6607172827098,758.9498020231688,0.9647661276114785
2015-12-25,455.84,284.63816664615865,760.6923322191984,0.9596717083325222
2015-12-26,419.41,285.49956034408046,762.4381768495524,0.8081044239433954
2015-12-27,424.72,286.3843897225621,764.187340914048,0.8242448529135532
2015-12-28,421.94,287.25651331367527,765.93982941807,0.8091645700986261
2015-12-29,433.89,288.17291086121554,767.695647372598,0.8509754872001941
2015-12-30,427.95,289.0473307133179,769.4547997941731,0.8234438403491695
2015-12-31,430.35,289.93170397135447,771.2172917049371,0.8282685061554658
2016-01-01,435.66,290.81566492257053,772.983128132637,0.8443209457346066
2016-01-02,435.4,291.61241623823463,774.7523141105827,0.8390888611982942
2016-01-03,431.91,292.4092502552888,776.5248546777203,0.8215614457710251
2016-01-04,433.85,293.2205845389295,778.3007548785718,0.8247784341224127
2016-01-05,433.34,294.0498840893908,780.0800197632816,0.8186483503177793
2016-01-06,430.87,294.87429873958445,781.8626543875956,0.805239596893676
2016-01-07,459.07,295.80363107021554,783.6486638129013,0.9091445242366849
2016-01-08,454.44,296.70373098927337,785.4380531061803,0.8861722711210734
2016-01-09,450.38,297.6112411722145,787.2308273400432,0.8657784461657732
2016-01-10,449.99,298.5478357978554,789.0269915927325,0.8596069892161727
2016-01-11,449.19,299.4698163793226,790.8265509481325,0.8519730566237692
2016-01-12,434.01,300.33954854394227,792.6295104957462,0.7912554441812799
2016-01-13,432.77,301.1551833674924,794.435875330724,0.782825753217738
2016-01-14,430.03,301.9784004996708,796.2456505538738,0.7690853784399044
2016-01-15,357.53,302.4741182865184,798.0588412716313,0.5295437481690836
2016-01-16,388.7,303.0607917896054,799.875452596102,0.6232710553907432
2016-01-17,378.46,303.6359478742946,801.6954896450252,0.5884063390243978
2016-01-18,384.89,304.26251230714144,803.5189575418359,0.6059386859359165
2016-01-19,375.27,304.8392770961139,805.3458614155959,0.5736332809235334
2016-01-20,418.54,305.56204123960356,807.1762064010686,0.7102417306088292
2016-01-21,409.38,306.1887768173053,809.0099976386704,0.6765658720086023
2016-01-22,382.9,306.7244232027257,810.8472402744987,0.5894993510410652
2016-01-23,387.5,307.30090543673504,812.6879394603365,0.6012509271462071
2016-01-24,403.05,307.9115843944716,814.5321003536476,0.6477144981254198
2016-01-25,391.4,308.4851945201135,816.3797281175871,0.6082962026446525
2016-01-26,391.54,308.96642997162513,818.2308279209973,0.6064083045260132
2016-01-27,394.79,309.42093254815785,820.0854049384243,0.6142193774234521
2016-01-28,379.61,309.7237384333138,821.9434643501212,0.5660552851974979
2016-01-29,378.68,310.120819964359,823.805011342031,0.5612926868696754
2016-01-30,378.46,310.5473007385993,825.6700511058227,0.5586061069156594
2016-01-31,367.95,310.94039903666237,827.5385888388619,0.5261531908433293
2016-02-01,371.33,311.3830549788037,829.4106297442462,0.5338945689235248
2016-02-02,372.93,311.82636221755666,831.2861790307958,0.5365265947771187
2016-02-03,368.87,312.2692623293343,833.1652419130356,0.5229814567150393
2016-02-04,387.99,312.80368823168214,835.0478236112466,0.5763122500262128
2016-02-05,384.5,313.3001167338411,836.9339293514269,0.5638206228961189
2016-02-06,375.44,313.7750109799526,838.823564365323,0.5355402373458247
2016-02-07,377.49,314.2559549999362,840.7167338904056,0.5393587078109966
2016-02-08,371.14,314.71377395239057,842.6134431699201,0.519435218668089
2016-02-09,372.68,315.1135226318696,844.5136974528415,0.521913385117365
2016-02-10,378.44,315.53481400215134,846.4175019939058,0.5362436336666209
2016-02-11,378.23,315.9331074919637,848.3248620535987,0.533770553140526
2016-02-12,382.05,316.3460769343305,850.2357828981725,0.5426734522809513
2016-02-13,391.0,316.7879398984647,852.150269799663,0.5663288541946587
2016-02-14,406.59,317.32260502025844,854.0683280358583,0.6099858465578851
2016-02-15,398.95,317.83736343227764,855.9899628903224,0.5850100366833672
2016-02-16,407.42,318.4047146099449,857.9151796524054,0.6076602766663262
2016-02-17,415.2,319.0238508812521,859.8439836172322,0.6284516630572018
2016-02-18,421.19,319.66090805877064,861.7763800857202,0.6439794185140333
2016-02-19,420.72,320.3069406821244,863.712374364575,0.6398097064745475
2016-02-20,437.46,320.9910582389037,865.6519717663076,0.688716424400449
2016-02-21,438.56,321.6961867434338,867.5951776092165,0.6891202215106033
2016-02-22,437.55,322.4170331338797,869.5419972174047,0.6828838416779057
2016-02-23,419.97,323.0715712410109,871.4924359207828,0.6264323403672054
2016-02-24,423.94,323.84977049817394,873.4464990550795,0.6353731949400201
2016-02-25,423.54,324.5939282632823,875.404191961837,0.6313059038775495
2016-02-26,430.85,325.3827790910109,877.3655199884149,0.6502450691056784
2016-02-27,433.12,326.1405810838192,879.3304884879924,0.6541231278416288
2016-02-28,433.73,326.9330828212434,881.2991028195936,0.6529151212178286
2016-02-29,436.44,327.7517119510894,883.2713683480471,0.6579758784546332
2016-03-01,433.08,328.55041034633956,885.2472904440468,0.6448662322044494
2016-03-02,420.39,329.325196936651,887.2268744841117,0.6048464067386938
2016-03-03,418.8,330.11618580391234,889.2101258506109,0.5975058034611598
2016-03-04,407.35,330.8753196443912,891.1970499317445,0.5627264478052557
2016-03-05,396.08,331.83456481713796,893.1876521216052,0.5292995134086458
2016-03-06,403.24,332.78677584020744,895.1819378200867,0.545820497839806
2016-03-07,412.21,333.71916250313933,897.1799124329959,0.5675137134706596
2016-03-08,411.18,334.6693372820744,899.1815813719761,0.5618244539476278
2016-03-09,412.8,335.6411130831123,901.1869500545464,0.5633643101665753
2016-03-10,415.98,336.64281298535485,903.1960239041049,0.5691064883494235
2016-03-11,419.39,337.79979307655174,905.2088083499245,0.5752120709366999
2016-03-12,410.58,338.82679443616735,907.2253088271485,0.5484066046476552
2016-03-13,412.52,339.8416949442624,909.2455307768084,0.550721690826831
2016-03-14,415.02,340.87753960088,911.269479645857,0.5544888793695028
2016-03-15,415.41,341.87516032564605,913.2971608870897,0.5526806235701793
2016-03-16,416.07,342.88539633153465,915.3285799592442,0.5515778202179669
2016-03-17,418.41,343.91738232164147,917.3637423269363,0.5548919360820914
2016-03-18,409.65,344.9057882404232,919.402653460686,0.5291998138780092
2016-03-19,410.2,345.9184231522556,921.4453188369429,0.5278956112449312
2016-03-20,411.27,346.9252994322767,923.4917439380664,0.5279406141731531
2016-03-21,412.0,347.95889133251654,925.5419342523219,0.5270725433149878
2016-03-22,416.66,348.9836853132669,927.5958952738983,0.5362899721254124
2016-03-23,417.53,349.9805513126244,929.6536325029193,0.5358093519336568
2016-03-24,412.95,350.92208550778423,931.7151514454538,0.5215561625066424
2016-03-25,416.41,351.8806867013521,933.7804576134733,0.5277182206349553
2016-03-26,416.97,352.8237082505958,935.8495565249167,0.5265575208741491
2016-03-27,425.3,353.843742828214,937.9224537036616,0.545019840519875
2016-03-28,423.0,354.8588150621987,939.9991546795058,0.5364109981153772
2016-03-29,416.39,355.831110073216,942.0796649882535,0.5172125292289463
2016-03-30,412.79,356.82346450225896,944.1639901716046,0.5057751613476891
2016-03-31,416.03,357.8760717656607,946.2521357772565,0.5111045688637869
2016-04-01,417.68,358.93741117775085,948.3441073588618,0.5125104018924851
2016-04-02,419.95,360.0148520916689,950.4399104760545,0.5154067344794909
2016-04-03,420.16,361.10325444646685,952.5395506944063,0.5132334917337362
2016-04-04,419.47,362.1637355790432,954.643033585508,0.5089274116675956
2016-04-05,422.36,363.23637946577213,956.7503647269016,0.5133074738738066
2016-04-06,421.46,364.3153407393691,958.8615497021235,0.5084864246069729
2016-04-07,421.99,365.40483093160907,960.9765941007072,0.5071275731106094
2016-04-08,419.48,366.5259671120585,963.0955035181704,0.49848077686326697
2016-04-09,419.46,367.6186287113041,965.2182835560187,0.49585883351719257
2016-04-10,423.4,368.7399330382597,967.3449398217876,0.5025741776214829
2016-04-11,423.94,369.82721044797,969.475477928991,0.5012716009921212
2016-04-12,427.8,370.9296228463589,971.6099034971792,0.5078063293466795
2016-04-13,425.58,372.035130272741,973.7482221518866,0.49995600793745537
2016-04-14,426.32,373.1560191407651,975.8904395246905,0.4990911854177602
2016-04-15,430.93,374.2497503034367,978.0365612531748,0.5073373655997097
2016-04-16,433.39,375.38177197233006,980.1865929809645,0.5104765946568578
2016-04-17,431.0,376.5048216719171,982.340540357697,0.502252295835274
2016-04-18,430.97,377.6215694053213,984.4984090390817,0.4995998140896973
2016-04-19,437.06,378.76867978399764,986.6602046868063,0.5111406849738516
2016-04-20,442.96,379.93171714850826,988.825932968669,0.522280273437115
2016-04-21,452.25,381.13827467118034,990.9955995584768,0.5415054866388316
2016-04-22,448.41,382.32377482007985,993.1692101360806,0.5295366525750109
2016-04-23,455.69,383.4990879313937,995.3467703874194,0.5440016906119961
2016-04-24,464.46,384.73538204229067,997.5282860044663,0.5620944386100672
2016-04-25,466.17,385.9911562684908,999.7137626852805,0.5631649499992343
2016-04-26,470.59,387.25809620353795,1001.9032061339698,0.5707673421942778
2016-04-27,445.31,388.408320658351,1004.0966220607178,0.5084647669274599
2016-04-28,451.68,389.5664144522826,1006.2940161817961,0.5204216115891385
2016-04-29,458.82,390.7793484572846,1008.4953942195503,0.5341695866988874
2016-04-30,454.02,391.9391958996464,1010.7007619024199,0.5203657192783595
2016-05-01,456.98,393.09748432335357,1012.910124964925,0.5244730897411747
2016-05-02,446.42,394.1997703885826,1015.123489147661,0.49802602980306854
2016-05-03,452.21,395.2662574145751,1017.3408601973763,0.5085388007204551
2016-05-04,448.68,396.25033850395573,1019.5622438668514,0.49829901850505415
2016-05-05,449.98,397.3007481944593,1021.7876459150345,0.4987769696948819
2016-05-06,462.31,398.4065110908772,1024.017072106937,0.5238813651681609
2016-05-07,461.91,399.4691507390561,1026.2505282137272,0.5204488929121517
2016-05-08,462.79,400.55601904905694,1028.4880200126522,0.5198827801769815
2016-05-09,464.16,401.5996396829406,1030.7295532871137,0.5204720113038719
2016-05-10,452.78,402.5748116222718,1032.9751338266315,0.49298988056191717
2016-05-11,454.37,403.5197898453288,1035.2247674268365,0.49421941895147126
2016-05-12,456.48,404.4715243454384,1037.4784598895255,0.4965654148265213
2016-05-13,457.98,405.41705856682574,1039.736217022622,0.4975856363147616
2016-05-14,458.9,406.30953394751674,1041.9980446401962,0.49740734995450825
2016-05-15,461.47,407.1577631121228,1044.2639485624595,0.5008572229495735
2016-05-16,455.66,407.9030373255149,1046.533934615776,0.4863753510373187
2016-05-17,454.19,408.56054259389543,1048.8080086326747,0.4814184380726565
2016-05-18,455.56,409.3159148702666,1051.0861764518531,0.48238546466751003
2016-05-19,438.38,409.9008994006638,1053.3684439181616,0.44508431467486687
2016-05-20,445.65,410.3090796517046,1055.6548168826,0.45851628027517244
2016-05-21,446.28,410.51281623124225,1057.945301202388,0.45859035284605426
2016-05-22,442.48,410.66932965803153,1060.2399027408917,0.4496668546340265
2016-05-23,445.67,410.95815550627145,1062.5386273676609,0.4548670422700775
2016-05-24,446.99,411.32415295281555,1064.8414809584413,0.4561697071714414
2016-05-25,451.49,411.6529395223394,1067.1484693951597,0.4640237446226405
2016-05-26,454.97,412.0574437542707,1069.4595985659544,0.4697246755608179
2016-05-27,471.27,412.50373236195907,1071.774874365133,0.5023519989699541
2016-05-28,523.25,413.41133230555727,1074.0943026932387,0.616586034497739
2016-05-29,525.22,414.4813317694577,1076.417889457017,0.6182962736722546
2016-05-30,532.55,415.433883882936,1078.745640569394,0.6328485779335844
2016-05-31,531.34,416.374136691624,1081.0775619495478,0.6271976523229159
2016-06-01,534.84,417.35106031276024,1083.4136595228524,0.632633131120947
2016-06-02,537.87,418.41704290706366,1085.7539392209142,0.6368158501731026
2016-06-03,571.25,419.5483265510415,1088.098406981594,0.7148291569737816
2016-06-04,576.31,420.67859340721924,1090.44706874894,0.7240312451477353
2016-06-05,575.17,421.81400630503515,1092.7999304732593,0.7176799221744843
2016-06-06,586.77,423.0527462203542,1095.1569981111154,0.7431301839836567
2016-06-07,579.71,424.2957334936476,1097.5182776252848,0.7216741639349602
2016-06-08,583.21,425.5249709985601,1099.8837749848233,0.7267383485117224
2016-06-09,577.46,426.75820497851123,1102.2534961650247,0.7088926088677147
2016-06-10,580.31,428.01024780053683,1104.6274471474505,0.7122789526088128
2016-06-11,609.5,429.3846459776611,1107.0056339199061,0.781539761407061
2016-06-12,677.86,430.9395594497113,1109.3880624764806,0.9611256394556487
2016-06-13,706.01,432.43833927714985,1111.7747388175492,1.0367659182848163
2016-06-14,684.95,433.8423240372703,1114.165668949714,0.9705905304484171
2016-06-15,698.78,435.30015301772636,1116.5608588859059,1.0046382597908927
2016-06-16,769.76,436.884343521357,1118.960314645316,1.2120750562202212
2016-06-17,752.26,438.39684594904196,1121.3640422534259,1.151123426891615
2016-06-18,758.99,440.0185475933533,1123.7720477420098,1.1649918824337722
2016-06-19,768.76,441.69087237318655,1126.1843371491493,1.1881017859556413
2016-06-20,703.12,443.160872843743,1128.6009165191972,0.9884554384590829
2016-06-21,667.66,444.5071982874511,1131.021791902847,0.8866678167014256
2016-06-22,604.5,445.49381318588655,1133.446969357089,0.7236852611058889
2016-06-23,631.1,446.58129559502316,1135.876454945205,0.7851718731467328
2016-06-24,669.98,447.76416935139986,1138.310254736826,0.8806709905131529
2016-06-25,673.71,448.829034756304,1140.74837480789,0.8864927436139856
2016-06-26,638.56,449.7788666148174,1143.1908212406734,0.7930227498381023
2016-06-27,657.87,450.8125010130994,1145.6376001237554,0.8379863707264419
2016-06-28,648.43,451.62192200791156,1148.088717552088,0.8109157494702098
2016-06-29,639.42,452.4829139997543,1150.5441796269233,0.7853566905784426
2016-06-30,673.49,453.47906498837443,1153.0039924558935,0.8675095206930744
2016-07-01,678.19,454.4405069675666,1155.468162152946,0.8759266591553854
2016-07-02,704.95,455.39050803858555,1157.936694838414,0.9424272578594285
2016-07-03,663.55,456.25559860842674,1160.4095966389536,0.8316254828555072
2016-07-04,681.98,457.1772625917833,1162.8868736875934,0.8748250008223968
2016-07-05,669.87,458.0215092099408,1165.3685321237392,0.8406822860846157
2016-07-06,678.79,458.9069980010381,1167.8545780931565,0.859720778485907
2016-07-07,641.97,459.7630468332245,1170.345017747985,0.765916620859872
2016-07-08,667.33,460.73828623759414,1172.8398572467306,0.8241158734464596
2016-07-09,657.61,461.6970464173674,1175.3391027542984,0.7969233209211433
2016-07-10,652.44,462.59461865667816,1177.842760441977,0.7812558185475537
2016-07-11,650.97,463.4200241057343,1180.3508364874403,0.7747044336759072
2016-07-12,666.56,464.3013319636386,1182.8633370747523,0.8089915697161731
2016-07-13,655.34,465.33858941461904,1185.3802683943788,0.7785860009572274
2016-07-14,661.65,466.37117167739103,1187.9016366432108,0.790213520088303
2016-07-15,667.48,467.44189598713854,1190.4274480245094,0.8006559727077684
2016-07-16,666.32,468.4455857687396,1192.9577087479665,0.7944773117821998
2016-07-17,680.0,469.5314964339573,1195.4924250296997,0.8237705589222011
2016-07-18,675.5,470.5911418820743,1198.0316030922347,0.809354310700612
2016-07-19,673.98,471.61894737946875,1200.5752491645192,0.8022567653074164
2016-07-20,666.92,472.6255232886859,1203.123369481945,0.7822042101237793
2016-07-21,667.28,473.6545847926507,1205.675970286323,0.7796934136848486
2016-07-22,654.67,474.629972020385,1208.2330578259046,0.7473757569553704
2016-07-23,657.5,475.6204226957897,1210.7946383553956,0.7506898271457048
2016-07-24,661.0,476.63921494333795,1213.36071813593,0.7554804278723988
2016-07-25,657.79,477.4971813814587,1215.9313034350926,0.7452374689073747
2016-07-26,654.06,478.3673361517447,1218.5064005269517,0.733915141462669
2016-07-27,657.35,479.2726047217727,1221.0860156919937,0.7383537272843281
2016-07-28,657.4,480.18184897491466,1223.6701552171958,0.7355112028463259
2016-07-29,657.0,481.09563440757375,1226.2588253959982,0.7316732492968003
2016-07-30,655.87,482.0898703078932,1228.8520325283089,0.7261192233712394
2016-07-31,626.97,482.98423386052986,1231.449782920526,0.6609123398647617
2016-08-01,605.2,483.810127430569,1234.0520828854915,0.6134644410260388
2016-08-02,537.47,484.7972679871372,1236.6589387425838,0.48183500908387045
2016-08-03,573.36,485.7404021172198,1239.2703568176319,0.5461154879090738
2016-08-04,587.5,486.80963744544584,1241.8863434429675,0.5709192979989841
2016-08-05,583.0,487.82137621438034,1244.50690495744,0.559859396772835
2016-08-06,591.71,488.93333987810695,1247.1320477063675,0.5741901341758328
2016-08-07,595.14,489.7946795434247,1249.7617780416126,0.578624714786806
2016-08-08,591.48,490.69669225502264,1252.396102321503,0.5692791665930607
2016-08-09,586.45,491.7437610628769,1255.0350269109372,0.5572720684342335
2016-08-10,594.94,492.7990544718385,1257.678558181286,0.5710929718339885
2016-08-11,587.91,493.7301237891915,1260.326702510457,0.5554550651946059
2016-08-12,587.74,494.73478587831306,1262.9794662829072,0.5528429297931237
2016-08-13,586.45,495.73515951844587,1265.636855889596,0.5481547050061958
2016-08-14,574.99,496.66801493136677,1268.29887772804,0.5248470766353303
2016-08-15,567.79,497.66883258352226,1270.9655382022945,0.5096843054728122
2016-08-16,579.02,498.7266192933812,1273.6368437229578,0.5278116442011767
2016-08-17,574.45,499.7683054214181,1276.3128007071743,0.5173430655803788
2016-08-18,574.09,500.88112499048765,1278.993415578637,0.5144663680739954
2016-08-19,573.67,501.9716345814363,1281.6786947676235,0.5115239073295065
2016-08-20,581.87,503.0894035090847,1284.3686447109344,0.5239828447473681
2016-08-21,581.29,504.23474440551723,1287.063271851983,0.5206585910403624
2016-08-22,585.2,505.27194680791524,1289.7625826407123,0.5255011551248787
2016-08-23,582.39,506.3219721619859,1292.466583533684,0.5183006111444513
2016-08-24,578.47,507.4175403408191,1295.1752809939853,0.5091756881380948
2016-08-25,575.58,508.4889000174745,1297.8886814913508,0.5019869968657543
2016-08-26,579.29,509.622117857534,1300.606791502057,0.5062881671672785
2016-08-27,570.84,510.7097627059818,1303.3296175089808,0.4895537375139889
2016-08-28,575.41,511.78088591645337,1306.0571660016126,0.49534588810562125
2016-08-29,573.21,512.8458560961745,1308.7894434760485,0.4895204986653268
2016-08-30,574.95,513.8950092981278,1311.5264564349736,0.49046576757323335
2016-08-31,572.89,514.8774511196576,1314.2682113876847,0.4850143710712671
2016-09-01,573.02,515.7615209376348,1317.0147148500955,0.4833925974339002
2016-09-02,576.21,516.7104555505279,1319.7659733447495,0.48687492222319645
2016-09-03,600.91,517.7154014505232,1322.521993400823,0.5273814800856843
2016-09-04,611.92,518.7203323924574,1325.282781554065,0.5446875753106779
2016-09-05,605.69,519.6634033156182,1328.0483443469398,0.5315752951438215
2016-09-06,612.99,520.6422815042898,1330.818688328479,0.542311050670549
2016-09-07,615.21,521.5306774589891,1333.5938200543937,0.5441809549526506
2016-09-08,627.97,522.4676546495077,1336.3737460870227,0.5647944876192191
2016-09-09,622.07,523.3876453190692,1339.1584729953581,0.5521067728170038
2016-09-10,623.74,524.423800401517,1341.9480073550594,0.5528268254492605
2016-09-11,607.94,525.3698853877144,1344.7423557484237,0.523139097768062
2016-09-12,606.74,526.3149617459754,1347.5415247644335,0.5190597837661473
2016-09-13,608.63,527.2248262098733,1350.345520998726,0.5203145255068807
2016-09-14,608.43,528.1215195987313,1353.1543510536083,0.5180122581720015
2016-09-15,605.44,529.002984812201,1355.9680215380606,0.5110161796046374
2016-09-16,607.93,529.8802927949665,1358.78653906775,0.5133081352522895
2016-09-17,607.92,530.7795221606873,1361.609910265034,0.5113591132329887
2016-09-18,611.4,531.7745202074269,1364.4381417589643,0.5151924537566549
2016-09-19,608.6,532.7692502651117,1367.2712401852564,0.5084755403401967
2016-09-20,605.6,533.8266382458673,1370.109212186359,0.5014369175176518
2016-09-21,597.0,534.9229101215547,1372.9520644113918,0.485290834683417
2016-09-22,596.21,535.969870888456,1375.7998035162145,0.48206199313321074
2016-09-23,602.96,536.9900353107912,1378.6524361633642,0.4910842267861838
2016-09-24,603.68,538.0220820517778,1381.5099690221134,0.49029724369247263
2016-09-25,601.67,539.0365253095248,1384.3724087684632,0.48511598586209065
2016-09-26,607.08,540.0563308709036,1387.239762085112,0.4919276808022415
2016-09-27,605.71,541.049867319983,1390.1120356615163,0.48780066618186374
2016-09-28,605.04,542.0997741672617,1392.9892361938473,0.4847760858729101
2016-09-29,605.99,543.1431774118158,1395.871370385007,0.48436325224191606
2016-09-30,608.99,544.1855859542799,1398.7584449446415,0.4872261246487975
2016-10-01,615.65,545.2570868927576,1401.6504665891796,0.49593724225325697
2016-10-02,612.4,546.3119028313721,1404.547442041756,0.48875733493493223
2016-10-03,612.99,547.356045923276,1407.4493780322825,0.4877576352332655
2016-10-04,610.34,548.4483242972053,1410.3562812974178,0.4815918355680908
2016-10-05,613.16,549.5517620432345,1413.268158580605,0.4840770041025386
2016-10-06,611.88,550.6444938005693,1416.1850166320282,0.48011051760208506
2016-10-07,617.98,551.761872516272,1419.1068622086632,0.487732901326244
2016-10-08,619.5,552.8572184115778,1422.0337020742566,0.4881572545789914
2016-10-09,617.42,553.9396463285839,1424.9655429993416,0.4829415532961769
2016-10-10,618.72,555.0606409249796,1427.9023917612285,0.4830024743607616
2016-10-11,642.12,556.2639406210234,1430.844255144033,0.5180350225071082
2016-10-12,635.79,557.4384898690956,1433.7911399386428,0.5057600726477323
2016-10-13,635.66,558.5597022607042,1436.7430529427572,0.503501839186985
2016-10-14,638.03,559.7087593942199,1439.7000009609014,0.5051822590705108
2016-10-15,638.16,560.9049207931163,1442.6619908043479,0.5032749544876896
2016-10-16,641.92,562.1445554869238,1445.6290292912495,0.507057189203542
2016-10-17,639.56,563.3545314435888,1448.6011232465244,0.5012241385285032
2016-10-18,635.11,564.5362295580344,1451.5782795019536,0.4922272154632097
2016-10-19,629.79,565.6812829703686,1454.560504896115,0.4820453752569244
2016-10-20,628.05,566.8194010125884,1457.5478062744196,0.47744233446789036
2016-10-21,630.83,567.9770189302109,1460.5401904891291,0.4797117996480814
2016-10-22,652.75,569.2146701466274,1463.537664399322,0.5114624715752262
2016-10-23,651.04,570.4536207523222,1466.5402348709456,0.5066418041720346
2016-10-24,649.98,571.6870178803189,1469.5479087767587,0.5028725246406389
2016-10-25,654.3,572.9591488131722,1472.5606929964079,0.5074076123681993
2016-10-26,674.0,574.3194245839346,1475.5785944163933,0.536048322641661
2016-10-27,691.21,575.7285959070053,1478.601619930038,0.5612431411092127
2016-10-28,689.95,577.1322817131854,1481.6297764375731,0.556698656708213
2016-10-29,714.28,578.6134246327905,1484.6630708460834,0.5939099046998424
2016-10-30,697.41,580.0441357926211,1487.7015100695207,0.5636370021989706
2016-10-31,696.9,581.471206771036,1490.7451010287202,0.5602854235684227
2016-11-01,730.7,583.0084859273778,1493.7938506514283,0.6130736793286383
2016-11-02,744.6,584.5882700712514,1496.8477658722322,0.6336046172619498
2016-11-03,690.0,585.9653775389081,1499.9068536326372,0.541703867092834
2016-11-04,706.32,587.4145888013544,1502.971120881033,0.5650770164919596
2016-11-05,706.99,588.828862182874,1506.0405745727212,0.563638668342686
2016-11-06,717.02,590.2485422077458,1509.1152216699068,0.5771719500157355
2016-11-07,706.42,591.5661907445395,1512.1950691417142,0.5578466250741821
2016-11-08,711.15,592.9318434834801,1515.2801239641524,0.5628915476123976
2016-11-09,720.97,594.2935452147996,1518.3703931201694,0.5760439869311725
2016-11-10,712.91,595.5681237879711,1521.465883599629,0.5608874846934212
2016-11-11,716.9,596.8511246289179,1524.5666023993529,0.564813075951982
2016-11-12,704.53,598.056617910733,1527.6725565230358,0.5432833608945871
2016-11-13,704.01,599.427802510432,1530.7837529813617,0.5401407330705191
2016-11-14,708.32,600.7777992163883,1533.9001987919319,0.5444374985229804
2016-11-15,712.29,602.1004449749494,1537.021900979294,0.5482323900980375
2016-11-16,739.85,603.5722879596858,1540.1488665749318,0.5888373697006231
2016-11-17,730.71,604.990466323213,1543.2811026173447,0.57186897050622
2016-11-18,748.54,606.5559786077422,1546.4186161518999,0.5973544024235272
2016-11-19,750.77,608.0954046968023,1549.561414230999,0.5981819521406833
2016-11-20,731.99,609.5854096869157,1552.709503913969,0.566090049499899
2016-11-21,736.4,611.0885783450291,1555.8628922671403,0.5703639529131607
2016-11-22,746.66,612.5550357908851,1559.0215863637877,0.5837790814876053
2016-11-23,741.52,614.0064623353994,1562.1855932842088,0.5732448581117935
2016-11-24,737.99,615.4407867493107,1565.354920115627,0.5653297713283142
2016-11-25,739.74,616.8766498827381,1568.529573952321,0.5655449943821496
2016-11-26,735.7,618.3756774743509,1571.709561895514,0.556899486698887
2016-11-27,729.24,619.8401488606931,1574.8948910534534,0.5447656146413002
2016-11-28,729.77,621.2959528348613,1578.0855685413894,0.5431789600146436
2016-11-29,732.37,622.7560348238464,1581.2816014815771,0.5446705946010909
2016-11-30,742.69,624.2569589179554,1584.4829970032679,0.5576531724509921
2016-12-01,754.0,625.7913152809855,1587.6897622427382,0.572199554906575
2016-12-02,769.25,627.4320001479398,1590.9019043433061,0.5928228616161276
2016-12-03,766.98,629.0778547004578,1594.1194304552826,0.5866010367041874
2016-12-04,767.99,630.7226785720464,1597.34234773604,0.5854296008328268
2016-12-05,752.0,632.4268247743269,1600.5706633499765,0.5586638193865477
2016-12-06,759.8,634.1161430581802,1603.8043844684926,0.5676470335290814
2016-12-07,764.34,635.8244221318043,1607.0435182700876,0.5717528436454858
2016-12-08,767.89,637.579334482355,1610.2880719402826,0.5743282989717396
2016-12-09,773.22,639.3382389503009,1613.5380526716513,0.5795571463561437
2016-12-10,775.87,641.1034828228753,1616.7934676638095,0.580758048517596
2016-12-11,771.05,642.821373249009,1620.0543241234718,0.5708804846897348
2016-12-12,778.94,644.5519319417001,1623.320629264389,0.5798902279356939
2016-12-13,776.18,646.16194589409,1626.5923903073901,0.5731981526251863
2016-12-14,777.66,647.443358709131,1629.869614480387,0.5730927024293747
2016-12-15,776.16,648.7088612646193,1633.1523090183375,0.5686250590517593
2016-12-16,780.98,649.9519154468696,1636.4404811633547,0.5734537304190568
2016-12-17,788.57,651.2362497535852,1639.734138164551,0.5823291048703036
2016-12-18,790.72,652.5105845858672,1643.033287278215,0.5831919550118473
2016-12-19,790.81,653.7693182582983,1646.3379357676547,0.5810329803048002
2016-12-20,798.99,654.8670070180856,1649.6480909033469,0.5909330337172544
2016-12-21,834.5,656.0802458557473,1652.9637599628347,0.6421439398542687
2016-12-22,856.02,657.3859230392583,1656.2849502307845,0.6729958210807534
2016-12-23,917.26,658.8560266287803,1659.6116689989751,0.7694632946268544
2016-12-24,891.5,660.2753370914581,1662.9439235663149,0.7238357265215305
2016-12-25,896.12,661.69489132896,1666.2817212388186,0.7283265278183862
2016-12-26,902.09,663.1723665105189,1669.6250693296513,0.7349441859313907
2016-12-27,925.2,664.7208469391514,1672.9739751590905,0.7697377105264704
2016-12-28,982.17,666.3085161808483,1676.3284460545713,0.863652134026062
2016-12-29,970.72,667.5059387403085,1679.6884893506474,0.8404348932721679
2016-12-30,960.81,668.5351821201045,1683.054112389051,0.8204510637529789
2016-12-31,973.37,669.7108926681252,1686.4253225186396,0.8388830825990121
2017-01-01,992.95,670.8884223625654,1689.8021270954287,0.8696982788293548
2017-01-02,1011.45,671.805016749886,1693.1845334826073,0.8993760164272422
2017-01-03,1020.67,672.8307468809097,1696.5725490505283,0.9126251538781512
2017-01-04,1130.3,674.1718550989384,1699.9661811766846,1.1147476246312527
2017-01-05,1007.0,675.0824399204322,1703.3654372457943,0.8818491465657489
2017-01-06,895.71,675.900085266207,1706.7703246497226,0.6954681749835173
2017-01-07,909.0,676.9436891485175,1710.1808507874978,0.7137287372390875
2017-01-08,923.33,678.3789245381354,1713.5970230653988,0.733386391242801
2017-01-09,902.66,679.5939080451401,1717.0188488968186,0.6982707588681817
2017-01-10,907.0,680.6239143936984,1720.446335702408,0.7025322073335084
2017-01-11,795.77,681.1908053090044,1723.879490909981,0.5392615366332218
2017-01-12,812.25,682.0107454962173,1727.3183219545874,0.5600358685044176
2017-01-13,831.42,682.8096011594791,1730.762836278461,0.58492980890569
2017-01-14,828.0,683.6447065238099,1734.2130413310654,0.5782661495213837
2017-01-15,833.31,684.5506028935172,1737.668944569096,0.583768410481375
2017-01-16,834.41,685.284326617429,1741.130553456429,0.5835215033780999
2017-01-17,906.0,686.2773776521511,1744.5978754642217,0.6855851041040573
2017-01-18,887.99,687.0699143243397,1748.070918070804,0.6565324106183983
2017-01-19,902.92,688.1289194872485,1751.5496887617953,0.6764041659175902
2017-01-20,894.31,689.062145805656,1755.03419503005,0.6613512809303533
2017-01-21,925.06,690.1751036033068,1758.5244443756474,0.7050697882091376
2017-01-22,931.22,691.2670773092897,1762.0204443059101,0.7119471783686435
2017-01-23,910.7,692.4767180170599,1765.5222023354775,0.6783788718282259
2017-01-24,887.0,693.4626761964352,1769.029725986167,0.6413410193451133
2017-01-25,896.0,694.5360444110868,1772.5430227871059,0.6521153828273052
2017-01-26,917.02,695.7191864354539,1776.062100274692,0.6805585397834919
2017-01-27,922.63,696.9334564323873,1779.5869659925834,0.6863483819262407
2017-01-28,924.98,698.0761153442028,1783.1176274917289,0.6873562923271127
2017-01-29,916.54,699.2479512946118,1786.6540923303446,0.6724053583678942
2017-01-30,923.23,700.4136650657075,1790.1963680739452,0.6797739758906846
2017-01-31,970.01,701.7239516078486,1793.7444622953324,0.7475247034288492
2017-02-01,992.75,703.1242646310448,1797.2983825746146,0.7798795320240893
2017-02-02,1008.38,704.5108113492336,1800.8581364991792,0.8014589484118482
2017-02-03,1018.0,705.9570412474264,1804.4237316637414,0.8135397009383196
2017-02-04,1035.54,707.4746347349117,1807.9951756703026,0.8383504800448246
2017-02-05,1016.32,708.9664066602423,1811.5724761282286,0.8042287107145817
2017-02-06,1022.58,710.4812206374811,1815.1556406541188,0.810826839457246
2017-02-07,1053.96,712.1748153301234,1818.7446768720029,0.8576101468108018
2017-02-08,1056.7,713.8663180736002,1822.3395924131364,0.858335772164627
2017-02-09,994.24,715.3248957620224,1825.9403949161829,0.756819871038111
2017-02-10,1001.99,716.8317300999221,1829.5470920271118,0.7655366036266671
2017-02-11,1018.65,718.4213957539125,1833.1596913992191,0.7878987691821964
2017-02-12,1010.0,719.9658239131267,1836.7782006931732,0.7713902579098468
2017-02-13,1002.82,721.4875608175963,1840.4026275769897,0.7573633432235923
2017-02-14,1013.92,723.0545101222444,1844.0329797260501,0.771023572954401
2017-02-15,1014.53,724.6332786518084,1847.6692648230742,0.7687538043119319
2017-02-16,1038.94,726.4654986576829,1851.311490558139,0.8025765094761564
2017-02-17,1057.3,728.4948570798255,1854.9596646287434,0.8272475769713548
2017-02-18,1062.15,730.9802586684187,1858.613794739674,0.8303800419360733
2017-02-19,1059.88,733.2292724221788,1862.2738886031912,0.8226783064683421
2017-02-20,1089.82,735.4980562343151,1865.9399539388658,0.8654268278279605
2017-02-21,1128.29,737.9302100353029,1869.6119984736733,0.9227301286508558
2017-02-22,1128.71,740.3168897043056,1873.2900299420435,0.9186330502681976
2017-02-23,1186.9,742.8765210699924,1876.9740560856953,1.0103069892426735
2017-02-24,1186.91,745.4680265813776,1880.6640846538403,1.0048363234167454
2017-02-25,1158.0,748.0082863751144,1884.3601234030466,0.9513641996078682
2017-02-26,1184.91,750.589474379795,1888.0621800973047,0.9907223637608749
2017-02-27,1195.81,753.2588217921706,1891.770262508047,1.0034869773538457
2017-02-28,1195.08,755.9364473192646,1895.4843784140564,0.9967550898315316
2017-03-01,1230.0,758.7411803842843,1899.2045356016276,1.0498924877266556
2017-03-02,1269.17,761.7508603440557,1902.930741864428,1.111229239150069
2017-03-03,1292.86,764.8913897955795,1906.6630050035653,1.1461178744472245
2017-03-04,1273.97,767.9131424374169,1910.4013328276058,1.1063223586096882
2017-03-05,1278.98,770.9925081666563,1914.1457331525467,1.1084148839766197
2017-03-06,1284.99,774.1047935942601,1917.8962138018035,1.1121788635709413
2017-03-07,1237.36,777.0857167563203,1921.6527826063082,1.0252937250886944
2017-03-08,1150.22,779.7380025722604,1925.4154474043874,0.8812287888167697
2017-03-09,1197.3,782.5601917071234,1929.1842160418587,0.949542730224377
2017-03-10,1109.01,785.065527202417,1932.95909637202,0.8104800943336478
2017-03-11,1188.11,787.8691968632071,1936.7400962556044,0.9250982029967868
2017-03-12,1235.58,790.8644816072007,1940.527223560832,0.9947636988160717
2017-03-13,1245.49,793.9227450411945,1944.3204861634285,1.0049267194527907
2017-03-14,1247.42,796.9734019191125,1948.11989194655,1.0022265357163715
2017-03-15,1263.0,800.1442198997132,1951.9254488008971,1.0213514327099167
2017-03-16,1175.11,803.005977067168,1955.7371646246233,0.8792811796998043
2017-03-17,1069.57,805.514300895164,1959.555047323418,0.7247491302516328
2017-03-18,970.0,807.623529797482,1963.3791048104135,0.5933764969560434
2017-03-19,1019.49,809.9543124956753,1967.2093450063505,0.6523112063515478
2017-03-20,1044.96,812.3911273189365,1971.0457758393545,0.6819263164772541
2017-03-21,1114.42,815.0748862895391,1974.8884052451501,0.7715387144088947
2017-03-22,1034.57,817.2920309168682,1978.7372411669992,0.6618420700712438
2017-03-23,1025.14,819.4032968014054,1982.5922915556075,0.6468971517533529
2017-03-24,934.87,821.1834934580821,1986.4535643692743,0.5357766945140832
2017-03-25,963.72,823.0433276618322,1990.3210675738305,0.5669645504205006
2017-03-26,973.08,824.9323297499905,1994.1948091426261,0.5755872791611814
2017-03-27,1042.08,827.0240423990776,1998.0747970565662,0.6571617004971945
2017-03-28,1045.4,829.1733806716261,2001.9610393040819,0.6583608828224533
2017-03-29,1043.27,831.3086833592437,2005.8535438811982,0.6527274863060004
2017-03-30,1042.34,833.5526956763466,2009.752318791458,0.6485496207340092
2017-03-31,1088.99,835.9940118868479,2013.657372046005,0.7044643828014058
2017-04-01,1092.0,838.4410111801241,2017.5687116635393,0.7049274613557887
2017-04-02,1113.99,840.9803849794461,2021.4863456702878,0.7299715025648301
2017-04-03,1152.6,843.6919472959682,2025.4102821001059,0.7774282469467934
2017-04-04,1143.99,846.3631518854148,2029.3405289944326,0.7619610649584531
2017-04-05,1132.99,849.0018673270346,2033.2770944022436,0.7436129420916602
2017-04-06,1192.3,851.8417977309344,2037.2199863801707,0.8191703295018411
2017-04-07,1194.0,854.7169328722463,2041.169212992373,0.8171604453799521
2017-04-08,1184.5,857.5887078380916,2045.124782310673,0.7999655132139595
2017-04-09,1210.97,860.6267667489429,2049.086702414461,0.8315561587605383
2017-04-10,1210.0,863.6778459342079,2053.0549813907296,0.8256925780720262
2017-04-11,1223.99,866.7407720858762,2057.0296273340805,0.8402837517732723
2017-04-12,1214.17,869.7743382065571,2061.010648346793,0.8223793002135651
2017-04-13,1177.05,872.697582438799,2064.99805253871,0.7687876605041705
2017-04-14,1173.74,875.5791329244147,2068.991848027309,0.7604832064807531
2017-04-15,1178.85,878.4992029412582,2072.9920429377235,0.7630940877649203
2017-04-16,1177.99,881.4306727619389,2076.9986454026944,0.7579818993471068
2017-04-17,1189.91,884.4095075370224,2081.0116635626414,0.7693081116535941
2017-04-18,1201.94,887.4211310184803,2085.0311055655993,0.7807702787659032
2017-04-19,1214.21,890.4398040605071,2089.0569795672554,0.7925611124957335
2017-04-20,1236.15,893.5723983819418,2093.08929373097,0.8170052452729873
2017-04-21,1249.99,896.7616163869683,2097.128056227745,0.8308279833727245
2017-04-22,1247.0,899.9709356104643,2101.17327523628,0.822323221372535
2017-04-23,1251.98,903.1889218866023,2105.2249589428884,0.824361441677788
2017-04-24,1257.29,906.447067100383,2109.2831155415884,0.8267869219901723
2017-04-25,1281.16,909.7573916572774,2113.347753234124,0.8537096336930621
2017-04-26,1298.44,913.1297569331953,2117.418880229828,0.871975926369751
2017-04-27,1349.26,916.7059928273048,2121.496504745784,0.9360927893959841
2017-04-28,1353.34,920.3004498468345,2125.5806350067764,0.9362818775246798
2017-04-29,1365.43,923.7786069093167,2129.6712792452245,0.9476727799236125
2017-04-30,1384.55,927.3803196147829,2133.7684457013074,0.9687509115634397
2017-05-01,1436.5,931.1685063884732,2137.8721426229176,1.0365762482937548
2017-05-02,1471.99,935.0688677783319,2141.9823782655913,1.0818080972584443
2017-05-03,1533.0,939.1752966380793,2146.099160892636,1.1659713100009002
2017-05-04,1563.39,943.3646382485928,2150.2224987751006,1.2049573215197142
2017-05-05,1551.3,947.553336773857,2154.3524001917053,1.1788842751339463
2017-05-06,1585.39,951.8973134826364,2158.488873428918,1.223298134940697
2017-05-07,1609.57,956.3738035643053,2162.6319267809217,1.2525914872629358
2017-05-08,1713.0,961.1838993272353,2166.7815685497058,1.4089419689343272
2017-05-09,1720.43,966.0177596321403,2170.9378070449475,1.4113720777927616
2017-05-10,1794.99,970.9160636649067,2175.1006505840837,1.525678485745438
2017-05-11,1837.93,975.9673588305491,2179.270107492282,1.588223356996304
2017-05-12,1695.61,980.657655125601,2183.4461861025306,1.342740297571567
2017-05-13,1792.73,985.6122954828024,2187.628894755517,1.4905618742284257
2017-05-14,1799.99,990.4650687261947,2191.8182417997427,1.4924386376999164
2017-05-15,1747.81,995.069889167731,2196.0142355914313,1.397975962043733
2017-05-16,1777.48,999.7893821556403,2200.2168844946436,1.4362678271729907
2017-05-17,1813.23,1004.4572140422991,2204.426196881173,1.4848370173717034
2017-05-18,1899.16,1009.5011293854379,2208.6421811306373,1.6176737488103694
2017-05-19,1976.23,1014.7758992769874,2212.864845630376,1.739201662206562
2017-05-20,2058.91,1020.0457143787949,2217.0941987756323,1.874437416303269
2017-05-21,2057.0,1025.2415341985002,2221.33024896936,1.8579296301815353
2017-05-22,2123.29,1031.0197698065504,2225.5730046223525,1.964761280592129
2017-05-23,2272.75,1037.0620540344223,2229.82247415321,2.2337177780200026
2017-05-24,2432.97,1043.4901674918624,2234.078665988343,2.539140222321446
2017-05-25,2355.0,1049.7132023365914,2238.341588561977,2.3603956169622378
2017-05-26,2272.7,1055.8641757634732,2242.6112503161908,2.1813340185252392
2017-05-27,2099.99,1061.596150601379,2246.8876597008484,1.8488162905575791
2017-05-28,2232.78,1067.6133081787505,2251.170825173693,2.0742898208264524
2017-05-29,2279.48,1073.836061147249,2255.460755200261,2.145350783113113
2017-05-30,2191.58,1079.8525990910487,2259.7574582539537,1.9682866669217818
2017-05-31,2303.29,1086.267343645772,2264.060942816011,2.157110574208692
2017-06-01,2419.99,1092.9943005002294,2268.3712173755293,2.3620828010889383
2017-06-02,2478.99,1099.8618129034799,2272.688290429484,2.458507580696435
2017-06-03,2548.05,1106.8936070174805,2277.012170482696,2.5759928938825674
2017-06-04,2521.36,1113.7002958820149,2281.3428660478176,2.5021354817451154
2017-06-05,2698.0,1120.9979529039013,2285.6803856454094,2.840949865174082
2017-06-06,2871.29,1128.5586393893889,2290.0247378039257,3.1899936113030094
2017-06-07,2685.64,1135.7737686293615,2294.3759310596442,2.7678285268497804
2017-06-08,2799.73,1143.4176431832584,2298.733973956779,2.9822132686808933
2017-06-09,2811.39,1151.1023108454906,2303.098875047376,2.9813686643241404
2017-06-10,2931.15,1159.00017504889,2307.4706428914815,3.212598125802666
2017-06-11,2998.98,1167.1260299315625,2311.8492860569213,3.3332651810868117
2017-06-12,2655.71,1174.6227444518265,2316.234813119494,2.592270437213399
2017-06-13,2709.01,1182.2710723173413,2320.6272326628978,2.6748459092051244
2017-06-14,2432.21,1189.3606479341856,2325.0265532787153,2.139245648699586
2017-06-15,2409.98,1196.4905690935286,2329.432783566492,2.0838546041127524
2017-06-16,2480.43,1203.8322804522022,2333.8459321336477,2.1898571377455136
2017-06-17,2634.94,1211.5635123190473,2338.266007595572,2.450763248296798
2017-06-18,2515.25,1218.9757149421753,2342.6930185755527,2.2153986083290884
2017-06-19,2596.98,1226.5366780273046,2347.1269737048574,2.342718385179141
2017-06-20,2725.08,1234.318102847691,2351.5678816226387,2.5584320936936598
2017-06-21,2643.35,1241.978139336406,2356.0157509760543,2.3879058556936976
2017-06-22,2679.99,1249.7635086408163,2360.4705904201746,2.4346689297221284
2017-06-23,2690.76,1257.7552110217605,2364.932408618006,2.4340812323002066
2017-06-24,2574.84,1265.4540501244314,2369.401214240588,2.211136265832351
2017-06-25,2505.61,1272.9886003492718,2373.877015966866,2.0775152346071644
2017-06-26,2407.91,1280.2837131494778,2378.359822483768,1.9041305467793526
2017-06-27,2575.75,1288.0099674622013,2382.849642486211,2.1616807434599448
2017-06-28,2553.12,1295.70350993803,2387.3464846770457,2.107275732227772
2017-06-29,2530.0,1303.42433528191,2391.8503577671945,2.0531525177256325
2017-06-30,2455.19,1310.9276710093188,2396.3612704755224,1.9188418879588967
2017-07-01,2423.63,1318.4123118671055,2400.8792315288365,1.8557141290934955
2017-07-02,2516.66,1326.1767932119658,2405.404249662009,1.9854529280770015
2017-07-03,2542.41,1334.0677806875544,2409.9363336179026,2.010516821786737
2017-07-04,2602.0,1342.119642421991,2414.475492147393,2.0892987790828537
2017-07-05,2616.96,1350.1935115916538,2419.021734009333,2.096806634469569
2017-07-06,2604.84,1358.2659333084337,2423.575067970616,2.061203257696588
2017-07-07,2501.15,1366.1083510963715,2428.135502806159,1.885911944662373
2017-07-08,2561.11,1374.0881067571204,2432.703047298946,1.962242979495926
2017-07-09,2508.99,1381.6719587233997,2437.277710239914,1.8693382839761883
2017-07-10,2331.05,1388.6099792306093,2441.859500428073,1.6025154459697348
2017-07-11,2310.01,1395.0375223980363,2446.448426670512,1.5635283705625564
2017-07-12,2383.42,1401.913717180655,2451.044497782282,1.653212489953491
2017-07-13,2340.0,1408.6578947921596,2455.6477225865788,1.5829241916950192
2017-07-14,2217.24,1415.0062163337545,2460.258109914588,1.4121680773279919
2017-07-15,1964.31,1420.342949506641,2464.8756686055676,1.1021274457237202
2017-07-16,1911.78,1425.0807578130732,2469.500407506872,1.038549616438803
2017-07-17,2235.19,1431.0360630026278,2474.132335473894,1.4110921890857084
2017-07-18,2308.15,1437.3208016647088,2478.771461370092,1.4953327997136492
2017-07-19,2258.99,1443.3840196501606,2483.41779406705,1.4236293583148134
2017-07-20,2873.48,1451.0731183205376,2488.0713424444043,2.2869898209212263
2017-07-21,2657.45,1458.0986240281059,2492.7321153898824,1.9429771575504189
2017-07-22,2825.27,1465.540326426003,2497.4001217992927,2.1808912708027774
2017-07-23,2754.28,1472.081466515484,2502.075370576584,2.0596050317832937
2017-07-24,2762.26,1479.527427040057,2506.757870633749,2.0572814083859927
2017-07-25,2564.0,1487.328066667945,2511.4476308909307,1.7599695003057148
2017-07-26,2525.99,1494.94808811864,2516.144660276384,1.6962955994151607
2017-07-27,2664.99,1502.8921128535587,2520.8489677265006,1.874634199512126
2017-07-28,2786.07,1511.3851278779318,2525.5605621857094,2.033532492477126
2017-07-29,2700.21,1519.6518240206472,2530.279452606644,1.8961928216356467
2017-07-30,2723.99,1529.0306300177865,2535.0056479500868,1.9143260143058218
2017-07-31,2856.88,1538.6760603243124,2539.7391571848666,2.088563508616352
2017-08-01,2732.59,1547.8574679376813,2544.47998928805,1.895915349837557
2017-08-02,2699.9,1557.0320549121952,2549.2281532448005,1.8364922420803418
2017-08-03,2787.02,1566.4596807688977,2553.9836580484002,1.9415243221558325
2017-08-04,2857.34,1576.1303544433101,2558.7465127003816,2.024437833459813
2017-08-05,3243.49,1586.2131829248226,2563.5167262103405,2.5871845924795314
2017-08-06,3222.22,1596.46826711892,2568.2943075961093,2.532242527183378
2017-08-07,3398.23,1607.083003442364,2573.0792658836544,2.792634287536227
2017-08-08,3422.43,1617.9032240478161,2577.8716101071223,2.8083764603750274
2017-08-09,3342.8,1628.3293198645326,2582.6713493088223,2.657109176995236
2017-08-10,3444.98,1639.0149500565888,2587.4784925393133,2.79842547932385
2017-08-11,3656.15,1650.4453874876347,2592.2930488572615,3.124372140690183
2017-08-12,3874.0,1662.655748729931,2597.1150273295693,3.475567354862013
2017-08-13,4060.47,1675.2656347081527,2601.944437031359,3.7824301293056304
2017-08-14,4320.6,1688.299555097253,2606.78128704589,4.241642108837922
2017-08-15,4159.93,1701.0606498281238,2611.6255864647133,3.8953037805624047
2017-08-16,4370.01,1714.3186455933046,2616.477344387523,4.2575164458653525
2017-08-17,4280.01,1727.5793949429615,2621.3365699222913,4.045095372646459
2017-08-18,4101.72,1740.509091021347,2626.2032721851424,3.680674281152807
2017-08-19,4157.41,1753.220456158214,2631.077460300505,3.746929737783974
2017-08-20,4050.99,1765.5911189749693,2635.959143400989,3.5260911286719323
2017-08-21,4002.0,1777.802038883777,2640.8483306274525,3.4113580861478887
2017-08-22,4092.0,1790.2114857410531,2645.745031129005,3.535240156846622
2017-08-23,4143.49,1802.6662849525856,2650.649254062991,3.5930643073467428
2017-08-24,4312.03,1815.739714662933,2655.561008595058,3.8561477996572338
2017-08-25,4360.0,1828.9529726745398,2660.480303899007,3.9067029610816344
2017-08-26,4344.32,1841.950806239029,2665.407149156993,3.844165085068107
2017-08-27,4340.11,1855.0079374714637,2670.341553559398,3.802672180156579
2017-08-28,4384.99,1868.8229515265402,2675.2835263048783,3.845911091502192
2017-08-29,4599.0,1883.116372348088,2680.233076600388,4.190608575609699
2017-08-30,4581.98,1897.3274947939296,2685.190213661142,4.120871027187784
2017-08-31,4743.94,1912.0594413848985,2690.1549467106183,4.375217935608755
2017-09-01,4947.99,1927.3803123120547,2695.127284980648,4.713146369369702
2017-09-02,4649.99,1942.113736931106,2700.107237711267,4.123332572289653
2017-09-03,4626.05,1956.9033975292102,2705.094814150939,4.042674414143135
2017-09-04,4498.25,1971.2951475015323,2710.0900235562945,3.787492721519764
2017-09-05,4432.51,1985.472655993768,2715.092875192378,3.6446081980404097
2017-09-06,4616.18,2000.112365001717,2720.1033783324733,3.916748317336341
2017-09-07,4624.18,2014.8990165798175,2725.1215422582645,3.894308030933311
2017-09-08,4350.0,2028.8921289691616,2730.1473762596816,3.4161227314161096
2017-09-09,4334.36,2042.5913034408725,2735.180889635017,3.362655894614817
2017-09-10,4251.36,2056.1803575313947,2740.2220916909064,3.2078111657819215
2017-09-11,4210.72,2069.240248555558,2745.2709917423103,3.1211639921136847
2017-09-12,4164.52,2082.2681344908397,2750.3275991125624,3.028369225851947
2017-09-13,3855.32,2094.828203789442,2755.3919231332834,2.575070176911582
2017-09-14,3250.4,2105.4244868474,2760.4639731445195,1.817824136188178
2017-09-15,3740.02,2117.4625028263067,2765.543758494611,2.388644870934797
2017-09-16,3726.51,2129.5373173188505,2770.631288540309,2.353643015564457
2017-09-17,3719.97,2141.3537904547957,2775.726572646687,2.3281650501425832
2017-09-18,4100.0,2153.945680677305,2780.8296201872836,2.806458250193057
2017-09-19,3910.11,2165.897670598808,2785.9404405438763,2.533775827728822
2017-09-20,3872.06,2177.9697755418288,2791.059043106737,2.466398708419639
2017-09-21,3617.47,2189.321563020366,2796.1854372744515,2.1376389405918306
2017-09-22,3619.01,2200.6856152666905,2801.319632454086,2.1245105723758497
2017-09-23,3787.33,2213.0294332853205,2806.4616380610273,2.309510790680284
2017-09-24,3669.01,2225.9019502288397,2811.611463519081,2.1509804122850795
2017-09-25,3919.78,2239.140388112634,2816.76911826045,2.436075876286374
2017-09-26,3885.09,2253.220281120429,2821.9346117258074,2.373840690168988
2017-09-27,4200.0,2267.491223886814,2827.107953364164,2.751760127893513
2017-09-28,4189.42,2281.376848508241,2832.289152632986,2.7162715462176794
2017-09-29,4156.99,2295.16664429082,2837.4782189982193,2.653451777495364
2017-09-30,4339.0,2309.516707726452,2842.675161934136,2.8676817799260697
2017-10-01,4394.81,2323.960767725221,2847.8799909235204,2.91829863255413
2017-10-02,4392.71,2339.3330805429064,2853.092715457556,2.891060089196148
2017-10-03,4307.99,2355.6859386637775,2858.313345035902,2.756272464482178
2017-10-04,4214.84,2373.0529917427966,2863.5418891666695,2.6142746339529204
2017-10-05,4320.04,2390.247982952224,2868.778357366406,2.721670712083159
2017-10-06,4362.99,2407.3896172182344,2874.02275916012,2.7512613619010096
2017-10-07,4425.0,2424.0451518500145,2879.2751040812855,2.805450969215982
2017-10-08,4603.49,2442.206268568326,2884.535401671868,3.0082657083272353
2017-10-09,4769.55,2461.052128559853,2889.8036614822827,3.1986421959579796
2017-10-10,4750.0,2481.1357402406115,2895.079893071444,3.1410593430237594
2017-10-11,4814.99,2501.1730888979337,2900.3641060067002,3.1959097737897304
2017-10-12,5440.0,2522.789408739997,2905.6563098639763,4.037128351487895
2017-10-13,5624.8,2544.1459928623194,2910.9565142276383,4.272050943750046
2017-10-14,5819.13,2566.0783172162724,2916.264728690542,4.5250071185517715
2017-10-15,5693.7,2587.9441299896466,2921.580962854063,4.287620500447742
2017-10-16,5754.9,2610.1474283661737,2926.9052263280964,4.335127397338573
2017-10-17,5594.0,2631.5918397939877,2932.237528731042,4.055339755717116
2017-10-18,5574.44,2653.1293505623457,2937.577879689804,3.9870774987984183
2017-10-19,5704.01,2674.8837906629074,2942.9262888398184,4.133103233996555
2017-10-20,5989.1,2697.014825330755,2948.282765825108,4.510977506966942
2017-10-21,6024.86,2719.5118616343507,2953.6473202981156,4.519020637241995
2017-10-22,6005.05,2742.283876289887,2959.019961919923,4.443988746659905
2017-10-23,5905.99,2764.311280326592,2964.4007003600886,4.256587461269491
2017-10-24,5525.43,2785.5679360626787,2969.7895452967477,3.690563938964378
2017-10-25,5739.97,2807.6348697211497,2975.1865064166127,3.944249888359649
2017-10-26,5891.61,2829.932850474571,2980.591593414884,4.115185138332775
2017-10-27,5780.0,2852.1465899775167,2986.0048159954454,3.9227743787738225
2017-10-28,5752.01,2874.2997143601806,2991.4261838705775,3.8479455891380376
2017-10-29,6140.01,2897.687181674526,2996.8557067612755,4.341310257159781
2017-10-30,6124.16,2921.680740413526,3002.2933943970615,4.27569943787328
2017-10-31,6445.01,2946.666706505045,3007.739256516058,4.686795353772357
2017-11-01,6783.69,2972.5629017140045,3013.1933028649205,5.1377614982972934
2017-11-02,7039.98,2999.2536945592733,3018.6555431989873,5.4741423847722865
2017-11-03,7170.01,3026.308730538268,3024.125987282111,5.61728439054096
2017-11-04,7412.55,3053.9621834009085,3029.604644886761,5.938621670708316
2017-11-05,7392.0,3081.6690434871416,3035.091525794053,5.8420615542017
2017-11-06,6969.76,3108.4345609229995,3040.5866397936998,5.1396853853735465
2017-11-07,7126.63,3135.6069425993337,3046.08999668402,5.317458089768117
2017-11-08,7467.96,3163.794705964194,3051.6016062719627,5.776540683726331
2017-11-09,7156.0,3191.4912619692604,3057.1214783730625,5.24848919914225
2017-11-10,6577.62,3218.0058280175685,3062.6496228115684,4.389887783067247
2017-11-11,6346.7,3243.8558682589596,3068.1860494202465,4.047181678230226
2017-11-12,5886.35,3268.463732202217,3073.7307680406857,3.448916407113226
2017-11-13,6535.87,3294.3497819511836,3079.2837885229237,4.211020795613225
2017-11-14,6605.0,3320.5654023842285,3084.8451207257785,4.2589274380651725
2017-11-15,7294.0,3348.50167243846,3090.4147745166497,5.1411967741843005
2017-11-16,7838.53,3377.6539285882445,3095.992759771674,5.8756262605469525
2017-11-17,7714.71,3406.1613759052025,3101.5790863755783,5.63366646033597
2017-11-18,7777.01,3434.6284181153815,3107.173764221807,5.667349742809363
2017-11-19,8031.82,3463.1883990558918,3112.7768032124536,5.984168787369127
2017-11-20,8256.01,3492.1238068093307,3118.3882132583635,6.259225642453686
2017-11-21,8109.0,3521.1213284374826,3124.008004278934,5.9778012694984035
2017-11-22,8250.0,3550.279780990566,3129.6361862023487,6.125639905913118
2017-11-23,8031.16,3578.927668105701,3135.272768965504,5.748152806622768
2017-11-24,8215.01,3607.0916309405325,3140.9177625139105,5.956655072223454
2017-11-25,8795.5,3636.639842356996,3146.571176801876,6.760568433807018
2017-11-26,9401.11,3666.8730784251748,3152.2330217923554,7.646172231064169
2017-11-27,9768.71,3697.629723404872,3157.903307457031,8.172448392544322
2017-11-28,9949.0,3730.4883368736073,3163.5820437763173,8.387143493975435
2017-11-29,9935.98,3762.5663372157983,3169.269240739364,8.27900444992106
2017-11-30,9903.0,3794.7804025563164,3174.9649083440595,8.13969214317529
2017-12-01,10869.84,3829.6165713578353,3180.6690565969575,9.700017669879244
2017-12-02,10930.24,3864.554342378822,3186.38169551341,9.702020298433542
2017-12-03,11290.0,3900.054031901479,3192.1028351175196,10.238595513970287
2017-12-04,11643.98,3935.5761798113926,3197.8324854421426,10.773054781974365
2017-12-05,11718.35,3970.7584448629277,3203.570656528814,10.795062353709252
2017-12-06,14090.0,4009.1272071271496,3209.317358427911,15.429771148569586
2017-12-07,17390.01,4052.1467402559133,3215.072601198573,23.212596115605066
2017-12-08,16367.03,4093.737270390859,3220.8363949086574,20.316604437331424
2017-12-09,15309.98,4132.9683706882915,3226.608749634821,17.57684236734106
2017-12-10,15290.01,4171.127226278567,3232.389675462522,17.339572712042706
2017-12-11,16885.76,4212.414366364482,3238.1791824859733,20.903030913593593
2017-12-12,17730.12,4255.905078019306,3243.977280808197,22.76950623693584
2017-12-13,16689.61,4300.243795112706,3249.7839805410044,19.93172126436569
2017-12-14,16749.78,4343.790725841311,3255.5992918049697,19.83893594776192
2017-12-15,17738.67,4388.583036680731,3261.4232247295695,21.984198122070087
2017-12-16,19650.01,4436.978735340409,3267.255789452945,26.63514515595647
2017-12-17,19378.99,4484.481739166185,3273.096996122175,25.585337005095806
2017-12-18,19039.01,4530.972370115304,3278.946854893142,24.398489062471203
2017-12-19,17838.73,4575.903526162296,3284.8053759304594,21.17099950654879
2017-12-20,16496.89,4618.839064950085,3290.672569407688,17.905508365710467
2017-12-21,15758.8,4661.355992749803,3296.5484455071255,16.161235298541328
2017-12-22,14210.57,4700.24092414523,3302.433014419998,13.009747263759115
2017-12-23,15075.89,4739.375825836072,3308.326286346302,14.495607977962656
2017-12-24,14221.94,4779.040425904434,3314.2282714949165,12.770107766564443
2017-12-25,14171.98,4817.949861254727,3320.13898008358,12.555746012814453
2017-12-26,15790.88,4859.702710037851,3326.058422338867,15.426702016819911
2017-12-27,15367.08,4900.128498100775,3331.986608496244,14.463452985891013
2017-12-28,14450.01,4938.805711933946,3337.9235487999968,12.66595579788505
2017-12-29,14565.05,4981.012119208358,3343.8692535033633,12.736704507276611
2017-12-30,12839.99,5019.915061298045,3349.8237328684077,9.80417482968266
2017-12-31,13863.13,5063.7898033087695,3355.7869971660743,11.309737753311975
2018-01-01,13480.01,5107.56678216571,3361.759056676193,10.582780572693887
2018-01-02,14781.51,5153.354431961194,3367.739921687538,12.58951631498945
2018-01-03,15098.14,5198.532656811039,3373.7296024977204,12.997380940890643
2018-01-04,15144.99,5245.407292402267,3379.7281094132777,12.938293608168882
2018-01-05,16960.01,5294.854168090048,3385.7354527497,16.04520180309285
2018-01-06,17098.99,5343.698655325713,3391.7516428313565,16.13150597831839
2018-01-07,16174.22,5392.315600350098,3397.776689991439,14.2783017844141
2018-01-08,14993.74,5438.938981647723,3403.8106045722748,12.143402151979913
2018-01-09,14480.99,5484.901124691505,3409.85339692491,11.212229970905389
2018-01-10,14875.18,5533.21267289002,3415.905077409478,11.70688366403367
2018-01-11,13308.06,5579.603902154354,3421.9656563949516,9.275780960382027
2018-01-12,13820.0,5628.56529164825,3428.035144259256,9.89858489422868
2018-01-13,14187.95,5676.789466896973,3434.1135513893614,10.325756022101803
2018-01-14,13656.23,5724.586024311603,3440.200888181057,9.469646247755712
2018-01-15,13590.0,5772.907258713466,3446.297165039213,9.283069673402528
2018-01-16,11570.01,5817.827280612642,3452.4023923775817,6.664771064544168
2018-01-17,11200.01,5862.5233331590025,3458.516580618891,6.186747258297424
2018-01-18,11305.53,5906.72723470633,3464.639740194874,6.245638663304042
2018-01-19,11498.99,5951.466408578678,3470.7718815462426,6.401317016118234
2018-01-20,12762.8,5998.976767671143,3476.9130151226673,7.809458503480699
2018-01-21,11518.17,6043.591643691031,3483.063151382835,6.302465942232382
2018-01-22,10766.7,6086.62604217283,3489.222300794395,5.45833221513951
2018-01-23,10824.94,6131.377398448933,3495.3904738339934,5.467606470017378
2018-01-24,11356.79,6177.207434366538,3501.567680987305,5.962885635455722
2018-01-25,11118.0,6223.358566958093,3507.7539327490645,5.662385002841472
2018-01-26,11086.89,6272.07315142714,3513.949239622871,5.57715710844813
2018-01-27,11319.0,6322.110552144745,3520.153612121507,5.7569494802850825
2018-01-28,11536.0,6372.155410097495,3526.3670607666545,5.922384767114615
2018-01-29,11123.01,6422.016123391335,3532.5895960891003,5.453559781453585
2018-01-30,9995.0,6470.550664071117,3538.821228628653,4.362804284901323
2018-01-31,10099.99,6523.742290613696,3545.06196893409,4.410839546836944
2018-02-01,9014.23,6574.523018424738,3551.3118275633647,3.480200074439606
2018-02-02,8787.52,6619.680210382297,3557.5708150833448,3.279005080791322
2018-02-03,9240.0,6665.75042994338,3563.838942070025,3.5939896659787185
2018-02-04,8167.91,6708.725658556595,3570.1162191084986,2.7854765129937844
2018-02-05,6905.19,6738.199572577675,3576.402656792787,1.9786135878592686
2018-02-06,7688.46,6774.08654889518,3582.698265726135,2.4356660569092963
2018-02-07,7575.75,6807.5771122869355,3589.0030565207535,2.349010030868471
2018-02-08,8218.1,6844.888627119859,3595.317039797936,2.744348519557749
2018-02-09,8671.01,6884.151381029745,3601.6402261881267,3.0324149851374558
2018-02-10,8547.49,6925.7213592343405,3607.9726263308603,2.9238087007129594
2018-02-11,8072.99,6966.073118209451,3614.314250874712,2.5885400588870233
2018-02-12,8872.28,7008.09090988697,3620.665110477296,3.102290011115352
2018-02-13,8520.01,7047.368279329225,3627.0252158055387,2.8398975090327996
2018-02-14,9472.98,7091.733595072857,3633.3945775352386,3.4826374381680796
2018-02-15,10031.23,7138.10868286383,3639.773206351483,3.8730303176460397
2018-02-16,10167.49,7183.560684402911,3646.1611129483863,3.946861511842238
2018-02-17,11121.5,7234.153327150748,3652.558308029212,4.681034753127292
2018-02-18,10380.04,7283.027773030624,3658.9648023063464,4.043224501048765
2018-02-19,11140.0,7333.658650829629,3665.3806065013337,4.616688923329379
2018-02-20,11235.57,7384.036887345596,3671.8057313448785,4.656039614250451
2018-02-21,10454.27,7427.373491405253,3678.2401875766996,4.000479748804613
2018-02-22,9830.0,7468.910493763548,3684.6839859458046,3.511151216510692
2018-02-23,10144.99,7509.867060871071,3691.137137210344,3.712879173878226
2018-02-24,9688.62,7549.042770686077,3697.5996521375832,3.3628854336163974
2018-02-25,9597.99,7588.95950576304,3704.071541503938,3.2771701057287195
2018-02-26,10300.0,7630.63162365979,3710.552816095008,3.7469279632314207
2018-02-27,10566.57,7671.230603800781,3717.0434867056706,3.9156637326435364
2018-02-28,10307.27,7708.856447005584,3723.5435641397526,3.701185972120696
2018-03-01,10895.92,7746.997153421133,3730.053059210488,4.108463242781284
2018-03-02,11000.0,7783.279735279177,3736.57198274025,4.160536895984328
2018-03-03,11432.5,7822.722336204466,3743.1003455604923,4.463679816747983
2018-03-04,11469.9,7860.556640900482,3749.6381585119975,4.4635109183048955
2018-03-05,11377.54,7899.0764915778755,3756.1854324446967,4.362881312560284
2018-03-06,10700.0,7937.037061497844,3762.7421782177676,3.8335813671101344
2018-03-07,9920.0,7971.624849631228,3769.3084066995434,3.2750265034743467
2018-03-08,9304.9,8004.839065342689,3775.884128767611,2.864521964586943
2018-03-09,9255.0,8038.464565630799,3782.469355308813,2.81711338000496
2018-03-10,8795.44,8069.278622933561,3789.0640972191914,2.5301628641757867
2018-03-11,9533.88,8102.9699504700975,3795.668365404022,2.955336066881409
2018-03-12,9120.0,8133.374947326949,3802.2821707777857,2.6895185243442215
2018-03-13,9145.41,8163.556016431956,3808.9055242642985,2.689842075468668
2018-03-14,8207.03,8189.5624347948715,3815.538436796559,2.155537143214151
2018-03-15,8259.99,8215.955760769793,3822.1809193168137,2.172649704566514
2018-03-16,8275.0,8242.085000622475,3828.832982776657,2.1698638942283592
2018-03-17,7865.02,8264.227635897336,3835.494638136875,1.9515335032789014
2018-03-18,8192.0,8288.271234649144,3842.1658963674845,2.1073652748381497
2018-03-19,8589.0,8312.907960009881,3848.8467684478583,2.3056936965674284
2018-03-20,8900.0,8337.34509609185,3855.53726536667,2.46415107287234
2018-03-21,8891.81,8364.413008791025,3862.2373981217697,2.4474054040551256
2018-03-22,8715.09,8390.9431089349,3868.947177720409,2.3395922594720266
2018-03-23,8927.1,8419.748333412035,3875.6666151790864,2.4421665406181843
2018-03-24,8531.34,8447.358937993331,3882.395721523585,2.2192884481875477
2018-03-25,8453.0,8472.948933425463,3889.1345077890364,2.1683739706038985
2018-03-26,8145.0,8496.965809164483,3895.8829850198313,2.0040677645221536
2018-03-27,7793.61,8521.776067574494,3902.641164269782,1.8263693072934915
2018-03-28,7942.72,8547.622609050393,3909.409056601872,1.8879133257755392
2018-03-29,7079.99,8569.44829890289,3916.186673088546,1.4936506783564798
2018-03-30,6848.01,8590.311315035291,3922.9740248114576,1.39156800899939
2018-03-31,6928.5,8612.203322977097,3929.7711228617636,1.4183940840373122
2018-04-01,6816.01,8636.77534944563,3936.5779783397716,1.3664380780884262
2018-04-02,7045.01,8670.244553024015,3943.3946023553012,1.4516490786463576
2018-04-03,7424.9,8700.023601651686,3950.221006027428,1.6041293790353839
2018-04-04,6791.68,8726.172730812448,3957.057200484582,1.335851852358835
2018-04-05,6785.85,8752.439742816687,3963.9031968646545,1.3272610244942782
2018-04-06,6619.01,8773.425152510346,3970.7590063147377,1.2576024345170738
2018-04-07,6894.01,8798.336948557102,3977.6246399914858,1.3580614788865537
2018-04-08,7020.01,8824.550003310418,3984.5001090607966,1.4015514665948352
2018-04-09,6771.13,8852.253646195664,3991.3854246980095,1.2976118037445514
2018-04-10,6824.99,8880.377148058013,3998.280598087842,1.3118958513486292
2018-04-11,6942.99,8907.328669387129,4005.1856404243313,1.3512103136498075
2018-04-12,7916.0,8941.641673191918,4012.100562911098,1.746716806892078
2018-04-13,7893.19,8972.990672771797,4019.025376760958,1.7276157285056213
2018-04-14,8003.11,9005.472509637364,4025.9600931962523,1.766613731614348
2018-04-15,8355.25,9036.495894448564,4032.9047234487216,1.9155825868530931
2018-04-16,8048.93,9066.047222777623,4039.8592787595435,1.7688544010987266
2018-04-17,7892.1,9095.153746225027,4046.823770379235,1.692235579323582
2018-04-18,8152.05,9123.877187183969,4053.7982095678226,1.7967684460574735
2018-04-19,8274.0,9152.785990341474,4060.7826075947482,1.8419082153433655
2018-04-20,8866.27,9184.982854352476,4067.7769757389033,2.1040033224003927
2018-04-21,8915.42,9218.445353401883,4074.78132528857,2.1160290323614537
2018-04-22,8795.01,9252.411969597626,4081.795667541555,2.048172133499179
2018-04-23,8931.3,9286.07306164382,4088.8200138050943,2.100870413035383
2018-04-24,9650.0,9323.002738661691,4095.8543753957906,2.438677142104253
2018-04-25,8865.98,9355.45424634576,4102.898763639885,2.0478484522832865
2018-04-26,9272.11,9388.264917889743,4109.953189872959,2.2281013356066297
2018-04-27,8922.55,9417.711753752368,4117.017665440174,2.0532879395221832
2018-04-28,9329.99,9449.554448531464,4124.092201696003,2.2336887586998717
2018-04-29,9389.01,9481.159524803506,4131.176810004541,2.2506313636022024
2018-04-30,9243.82,9506.326290825478,4138.271501739375,2.1720572261532185
2018-05-01,9072.29,9529.075456313249,4145.376288283515,2.0836229080395734
2018-05-02,9190.48,9550.87512032269,4152.491181029573,2.129729777646795
2018-05-03,9725.74,9576.477816669492,4159.616191379525,2.3745769270894255
2018-05-04,9685.0,9601.434337591807,4166.751330744989,2.3445826729326518
2018-05-05,9800.0,9628.38913804778,4173.896610547025,2.3897739895859305
2018-05-06,9600.0,9654.593308355566,4181.052042216238,2.2830893519379636
2018-05-07,9356.25,9678.51197877378,4188.217637192822,2.1595626224514017
2018-05-08,9177.81,9699.190278574932,4195.3934069263505,2.0699981366147178
2018-05-09,9300.08,9720.266632155299,4202.579362876062,2.1172847391359366
2018-05-10,9010.51,9740.00863152239,4209.775516510687,1.9800696462424192
2018-05-11,8403.33,9757.198386708991,4216.9818793085615,1.716231888944487
2018-05-12,8475.0,9778.089395027846,4224.198462757483,1.7389259805641184
2018-05-13,8686.1,9798.364234474238,4231.425278354861,1.81974022104879
2018-05-14,8670.0,9817.310002330034,4238.6623376076495,1.8064122470597803
2018-05-15,8477.46,9836.128517426161,4245.909652032418,1.7208243999479849
2018-05-16,8344.0,9854.440414328852,4253.167233155221,1.661132072951805
2018-05-17,8059.0,9867.849750613579,4260.435092511769,1.5448482672017647
2018-05-18,8238.51,9882.493536179942,4267.713241647333,1.6092946852995071
2018-05-19,8235.6,9894.614926057422,4275.001692116749,1.6034495559654829
2018-05-20,8516.86,9905.877768162933,4282.300455484418,1.7099716764656279
2018-05-21,8393.44,9914.591099373662,4289.609543324488,1.6564846280913337
2018-05-22,7987.7,9919.94621651254,4296.9289672205405,1.4968421319479346
2018-05-23,7505.0,9920.561022019265,4304.258738765877,1.3190668026604708
2018-05-24,7584.15,9921.834021234145,4311.598869563309,1.344570321377795
2018-05-25,7459.11,9925.200838120769,4318.949371225376,1.2979459478585191
2018-05-26,7337.95,9926.65106752186,4326.310255374174,1.25380234886979
2018-05-27,7346.64,9925.838167465306,4333.681533641461,1.2547388196332119
2018-05-28,7107.94,9925.503737040699,4341.06321766863,1.1725701621578384
2018-05-29,7460.0,9931.75293646188,4348.45531910671,1.2885958712002759
2018-05-30,7380.01,9939.246289956842,4355.857849616298,1.258017694948438
2018-05-31,7485.0,9951.19372530598,4363.270820867817,1.2903165230653613
2018-06-01,7514.32,9958.13735638571,4370.694244541159,1.2973311109535937
2018-06-02,7636.42,9965.36470451452,4378.128132325974,1.3365892007323243
2018-06-03,7706.37,9968.105315788802,4385.572495921607,1.3585036228718355
2018-06-04,7487.37,9965.821200993852,4393.027347036988,1.2805059242100287
2018-06-05,7612.51,9965.156704715333,4400.492697390751,1.3215095781067456
2018-06-06,7655.0,9964.368844909995,4407.968558711267,1.3341421548914552
2018-06-07,7684.93,9962.169459030129,4415.454942736545,1.3426117685918624
2018-06-08,7618.83,9958.169524469446,4422.951861214266,1.3179072239944696
2018-06-09,7496.4,9954.259139169428,4430.459325901831,1.2742299467964693
2018-06-10,6770.31,9944.425890153461,4437.977348566395,1.0386095522075913
2018-06-11,6881.0,9936.743558862505,4445.505940984728,1.071859443847263
2018-06-12,6544.99,9925.458696067757,4453.045114943363,0.9691930543615963
2018-06-13,6302.32,9908.93058392921,4460.594882238566,0.8986308701344033
2018-06-14,6638.49,9891.706843450556,4468.155254676301,0.9971009241968564
2018-06-15,6391.22,9870.745843071312,4475.726244072235,0.9246003415412192
2018-06-16,6484.29,9849.640614570682,4483.307862251815,0.9521511859136554
2018-06-17,6447.16,9828.362660739678,4490.900121050235,0.9417211557115305
2018-06-18,6709.02,9809.246198235413,4498.5030323123665,1.0200337009123517
2018-06-19,6736.41,9785.80734903592,4506.116607892911,1.0291008479358568
2018-06-20,6756.1,9762.29649134225,4513.740859656252,1.0358658669394034
2018-06-21,6719.01,9736.997314682863,4521.3757994765765,1.025451014901613
2018-06-22,6059.82,9705.252561672141,4529.021439237762,0.8354264673727864
2018-06-23,6178.29,9674.239855074495,4536.6777908336435,0.8697246778814779
2018-06-24,6149.99,9634.222406537032,4544.344866167606,0.8638948186103389
2018-06-25,6246.01,9585.023500651476,4552.022677152962,0.894144586380779
2018-06-26,6074.0,9537.63518362553,4559.711235712736,0.8483430938694454
2018-06-27,6132.17,9494.10224324271,4567.410553779732,0.8671703432868831
2018-06-28,5851.66,9448.617342689222,4575.120643296663,0.7921133941320281
2018-06-29,6202.36,9401.419738350563,4582.841516215881,0.8928647115301717
2018-06-30,6383.19,9353.519871343078,4590.573184499727,0.9489286405487395
2018-07-01,6349.5,9308.432202294318,4598.315660120193,0.9418976952343723
2018-07-02,6611.79,9265.270213243946,4606.068955059151,1.0243528443112697
2018-07-03,6502.62,9218.896225024655,4613.833081308323,0.9941134416613837
2018-07-04,6587.47,9168.65656876362,4621.608050869167,1.024090845906385
2018-07-05,6532.95,9118.94500609782,4629.3938757530705,1.0109971685103483
2018-07-06,6600.0,9070.768734993271,4637.190567981247,1.035592348005238
2018-07-07,6753.28,9026.821374494555,4644.998139584694,1.0876999787943997
2018-07-08,6701.97,8986.257324365884,4652.816602604354,1.0742619014581691
2018-07-09,6664.01,8947.669065071073,4660.645969090888,1.0649157560268512
2018-07-10,6303.7,8911.377332008546,4668.486251104907,0.9551468669203514
2018-07-11,6390.04,8873.213603591414,4676.337460716827,0.9840572680590297
2018-07-12,6249.75,8836.808739029646,4684.199610007062,0.9436141429053085
2018-07-13,6216.29,8800.471869232944,4692.072711065756,0.9358189623626836
2018-07-14,6248.65,8759.773127813136,4699.9567759929505,0.9483871849139522
2018-07-15,6348.73,8721.141559426813,4707.85181689869,0.9816972962049628
2018-07-16,6728.81,8687.87745614949,4715.757845902771,1.1051248593611873
2018-07-17,7315.01,8658.01235504675,4723.674875134964,1.308373228361815
2018-07-18,7378.99,8634.06596541049,4731.602916734873,1.332815977574183
2018-07-19,7470.01,8607.413398346094,4739.541982852089,1.3678337960740774
2018-07-20,7334.46,8581.259818414113,4747.492085646117,1.3204470416185734
2018-07-21,7408.0,8551.670566980627,4755.453237286226,1.3494570594606816
2018-07-22,7397.8,8521.221569965786,4763.425449951764,1.348291948878868
2018-07-23,7720.09,8492.560020588373,4771.408735832004,1.4708198431196309
2018-07-24,8385.5,8462.703773444595,4779.403107126033,1.7385017243582699
2018-07-25,8157.15,8431.444374453078,4787.408576042992,1.648444859095659
2018-07-26,7931.99,8401.46017772396,4795.425154801916,1.5616453980868388
2018-07-27,8184.21,8376.066316346876,4803.452855631748,1.6647916510442067
2018-07-28,8228.9,8352.429619463954,4811.491690771455,1.6849654666411655
2018-07-29,8216.34,8327.67764291639,4819.541672469953,1.6820045238165708
2018-07-30,8170.01,8307.387043895846,4827.602812986071,1.6643673961797085
2018-07-31,7727.27,8283.274144645751,4835.675124588601,1.4907095150434593
2018-08-01,7603.99,8257.482168230632,4843.758619556371,1.4456159686250183
2018-08-02,7533.92,8232.9617068858,4851.853310178218,1.4209482159433553
2018-08-03,7414.08,8208.055502993431,4859.959208752789,1.3779759161599117
2018-08-04,7005.0,8187.48762358935,4868.076327588943,1.231142273143344
2018-08-05,7030.01,8168.444153290365,4876.204679005358,1.2407680864456703
2018-08-06,6938.0,8148.526101311856,4884.344275330814,1.2094370319066743
2018-08-07,6718.22,8126.658939946281,4892.495128904033,1.1351833363696786
2018-08-08,6282.5,8097.910383921636,4900.657252073772,0.9945753673173613
2018-08-09,6546.45,8075.0659539761145,4908.830657198856,1.0811540561586666
2018-08-10,6146.01,8052.461024331176,4917.015356648073,0.9540174731288087
2018-08-11,6235.56,8030.283563221673,4925.211362800167,0.983094283879571
2018-08-12,6316.01,8006.7601187367145,4933.418688044091,1.009905705965555
2018-08-13,6253.67,7983.757897358833,4941.637344778727,0.9912693803098743
2018-08-14,6195.01,7960.558168531264,4949.8673454129275,0.973973057118625
2018-08-15,6269.01,7937.074826839933,4958.1087023657665,0.9986686262736255
2018-08-16,6315.9,7913.20423280679,4966.361428066215,1.0150321388563672
2018-08-17,6585.49,7892.492965163855,4974.625534953393,1.104591230518319
2018-08-18,6396.64,7874.900026162091,4982.901035476407,1.0427411394805495
2018-08-19,6489.53,7857.502186170514,4991.187942094559,1.0738362360706701
2018-08-20,6258.74,7843.1821630193845,4999.486267277107,0.9989784951239317
2018-08-21,6475.89,7831.220774408336,5007.796023503429,1.0693572736706125
2018-08-22,6359.99,7816.6090276298055,5016.11722326295,1.0316367356854683
2018-08-23,6526.36,7807.845127625184,5024.449879055264,1.085731264256973
2018-08-24,6690.88,7806.61439992216,5032.79400339002,1.1394482318612382
2018-08-25,6737.52,7801.462618766542,5041.149608786919,1.1542357365346987
2018-08-26,6709.98,7796.730268117903,5049.51670777585,1.1436157503969961
2018-08-27,6911.9,7789.985332654443,5057.895312896679,1.2125186193408293
2018-08-28,7071.01,7782.044300885791,5066.285436699632,1.2681760572848026
2018-08-29,7030.9,7774.447951507631,5074.687091744799,1.252976752192897
2018-08-30,6983.0,7768.8117599186135,5083.10029060251,1.2348119025235755
2018-08-31,7015.01,7759.693435509651,5091.52504585326,1.24555853112073
2018-09-01,7191.08,7753.116929435759,5099.961370087583,1.3078111030646165
2018-09-02,7295.0,7742.995863545273,5108.409275906271,1.345413807509557
2018-09-03,7256.98,7730.472435514969,5116.86877592016,1.3313784925262813
2018-09-04,7360.0,7717.992571788315,5125.3398827503115,1.3693945713035283
2018-09-05,6687.96,7698.391756691965,5133.822609027924,1.1317394844375055
2018-09-06,6495.0,7680.365858662654,5142.3169673942575,1.0681138827129573
2018-09-07,6395.01,7659.081459760684,5150.822970500975,1.0366428187148948
2018-09-08,6188.0,7636.273322527527,5159.340631009723,0.9719075226235001
2018-09-09,6235.01,7616.565509390418,5167.869961592345,0.9876510957921707
2018-09-10,6300.0,7599.641696908276,5176.410974930889,1.008925811196796
2018-09-11,6282.53,7581.454478297619,5184.963683717693,1.0040859535461937
2018-09-12,6326.0,7565.312428143653,5193.528100655096,1.0185187335734014
2018-09-13,6485.99,7550.502364336337,5202.1042384558195,1.0710201739658398
2018-09-14,6478.04,7533.015827058238,5210.692109842719,1.0691113950839308
2018-09-15,6518.68,7514.844666210008,5219.2917275488335,1.0833972884665155
2018-09-16,6498.0,7497.5295877926455,5227.9031043174255,1.0772430381745774
2018-09-17,6250.7,7476.72680454157,5236.52625290203,0.9979355958710852
2018-09-18,6335.7,7456.130861524885,5245.161186066336,1.0264004868646908
2018-09-19,6386.94,7434.457443287981,5253.807916584354,1.0443887915727075
2018-09-20,6493.11,7413.337041592437,5262.46645724025,1.0806932392543576
2018-09-21,6750.0,7394.009810039413,5271.136820828484,1.1690234798245285
2018-09-22,6707.33,7376.76336034674,5279.819020153721,1.1550863723895743
2018-09-23,6696.99,7362.286127109153,5288.513068030926,1.151895355634261
2018-09-24,6582.09,7349.553444370258,5297.21897728532,1.1128041946532738
2018-09-25,6436.89,7336.221758511453,5305.936760752347,1.0644313447105969
2018-09-26,6455.66,7324.8859337834765,5314.666431277717,1.0705437513547422
2018-09-27,6680.01,7311.8690214795615,5323.408001717496,1.146399713765241
2018-09-28,6620.01,7300.165773216063,5332.161484937939,1.1258519260029247
2018-09-29,6581.0,7288.164488922856,5340.926893815669,1.1126254312393853
2018-09-30,6605.0,7280.25514294871,5349.704241237459,1.1201321729174867
2018-10-01,6572.83,7271.942968625995,5358.493540100587,1.1086938128757267
2018-10-02,6498.46,7263.161088914082,5367.2948033124485,1.0832776270540683
2018-10-03,6466.03,7256.051656761623,5376.1080437908195,1.0717835237706754
2018-10-04,6547.45,7247.926441787558,5384.933274463822,1.0983740855392246
2018-10-05,6593.94,7238.353501267026,5393.770508269834,1.11367309754714
2018-10-06,6552.43,7227.27950792383,5402.619758157586,1.0995766950220556
2018-10-07,6570.0,7216.352296065978,5411.48103708612,1.1053425062495155
2018-10-08,6608.07,7206.373056182513,5420.354358024833,1.1179048732108248
2018-10-09,6589.48,7195.441463362693,5429.239733953448,1.1114906791190462
2018-10-10,6524.56,7185.799816003036,5438.137177862092,1.0893744511615528
2018-10-11,6154.69,7174.408331432519,5447.046702751092,0.9693155428334527
2018-10-12,6188.01,7164.557796872643,5455.96832163128,0.9795819703857102
2018-10-13,6196.0,7156.3447514037325,5464.902047523732,0.981633072417739
2018-10-14,6183.49,7147.39158095939,5473.847893460048,0.9772980319020207
2018-10-15,6440.42,7144.008851561878,5482.80587248203,1.058969682429761
2018-10-16,6457.11,7141.909669786304,5491.775997641919,1.0630390104755028
2018-10-17,6443.7,7139.319753497169,5500.758282002354,1.0572829548251554
2018-10-18,6394.96,7137.043955645875,5509.752738636412,1.0399804701773108
2018-10-19,6382.99,7133.523302414626,5518.7593806274,1.0349104796607211
2018-10-20,6414.0,7128.305038164509,5527.77822106921,1.0440493437500942
2018-10-21,6415.88,7126.276534014104,5536.809273066012,1.043254412622479
2018-10-22,6407.65,7124.2334750056725,5545.852549732435,1.0391807684807328
2018-10-23,6395.14,7123.007945643464,5554.908064193531,1.0336173919147633
2018-10-24,6415.98,7120.449067124685,5563.975829584634,1.0390426725515336
2018-10-25,6395.58,7117.133222693122,5573.055859051784,1.0312438703781277
2018-10-26,6404.87,7115.154602112888,5582.1481657511795,1.0328444917656803
2018-10-27,6409.12,7112.918343898486,5591.252762849634,1.0328561917712111
2018-10-28,6403.62,7110.042850110737,5600.369663524268,1.0298220635455841
2018-10-29,6266.0,7101.737918583166,5609.498880962733,0.9855804364187912
2018-10-30,6267.63,7093.554260100885,5618.640428363087,0.9856246725671167
2018-10-31,6304.18,7085.096082569304,5627.794318933886,0.9967201743023559
2018-11-01,6344.0,7075.3473056370085,5636.960565894092,1.0090985662971093
2018-11-02,6349.8,7066.963891374086,5646.139182473268,1.01049842519586
2018-11-03,6331.96,7059.18559513239,5655.330181911213,1.0043006857544041
2018-11-04,6423.28,7050.778155223996,5664.533577458375,1.033028972762673
2018-11-05,6404.0,7041.752057398892,5673.749382375768,1.0264830175847468
2018-11-06,6448.5,7030.550273380788,5682.977609934652,1.0407637212329326
2018-11-07,6503.12,7019.46831297872,5692.218273416952,1.0584193545933327
2018-11-08,6406.24,7008.3543519688965,5701.471386115031,1.0270779564235057
2018-11-09,6334.89,6996.328201012304,5710.736961331833,1.0044210947774124
2018-11-10,6347.42,6981.689396009185,5720.015012380656,1.0088736504958686
2018-11-11,6357.6,6970.08952230877,5729.30555258548,1.0121527500708005
2018-11-12,6327.87,6956.78771233306,5738.608595280738,1.0029972479047367
2018-11-13,6259.34,6944.467483759497,5747.924153811322,0.9815379767292425
2018-11-14,5605.46,6926.799216333699,5757.252241532867,0.7879064558882971
2018-11-15,5579.52,6908.797831302316,5766.592871811238,0.7813972927225651
2018-11-16,5512.24,6890.962198348512,5775.946058023099,0.7634019067159619
2018-11-17,5504.17,6873.76597622068,5785.3118135555405,0.7618371812263162
2018-11-18,5560.0,6856.514915158055,5794.690151806224,0.7780651068342743
2018-11-19,4733.5,6831.872043559732,5804.081086183436,0.565056100516185
2018-11-20,4349.23,6804.579421981089,5813.484630105899,0.478175074287987
2018-11-21,4545.11,6778.488741681465,5822.900797003013,0.5233792813317293
2018-11-22,4265.36,6751.049640448753,5832.329600314677,0.46205962706566894
2018-11-23,4283.8,6724.731335435501,5841.771053491518,0.4671312293720447
2018-11-24,3774.99,6694.926630055547,5851.2251699945255,0.363780133434836
2018-11-25,3936.69,6666.210826338911,5860.691963295477,0.39667469264821753
2018-11-26,3731.32,6636.889854977495,5870.171446876567,0.3573630088773002
2018-11-27,3775.0,6610.387794909918,5879.663634230786,0.36665236657806655
2018-11-28,4225.03,6587.420520510183,5889.168538861597,0.46014024815908655
2018-11-29,4248.0,6563.903487294762,5898.686174283123,0.4660704175302147
2018-11-30,3976.0,6538.3674391942905,5908.216554020115,0.4092295849416825
2018-12-01,4142.01,6514.994450518303,5917.759691607892,0.44499067546310156
2018-12-02,4103.19,6491.914430386572,5927.315600592505,0.43753461417995443
2018-12-03,3833.47,6467.841093972216,5936.884294530489,0.38270682874059175
2018-12-04,3901.84,6443.716803628667,5946.465786989115,0.39732285132848066
2018-12-05,3694.39,6417.9404446151475,5956.060091546344,0.3570513887081152
2018-12-06,3433.26,6388.851867564063,5965.66722179073,0.30926554970148534
2018-12-07,3380.01,6359.862241059478,5975.287191321383,0.3006280348850357
2018-12-08,3401.0,6332.768802918946,5984.920013748308,0.30518366216881543
2018-12-09,3531.18,6308.941187105256,5994.565702691972,0.3297049812887806
2018-12-10,3410.15,6283.777685851818,6004.224271783602,0.30822598375165716
2018-12-11,3349.36,6258.671911255178,6013.89573466509,0.29804756546876876
2018-12-12,3430.24,6234.920705694553,6023.580104988997,0.31330216000851496
2018-12-13,3265.0,6209.689811906859,6033.277396418608,0.2845398975777521
2018-12-14,3195.71,6184.919120282417,6042.987622627885,0.27324296786149754
2018-12-15,3183.0,6158.635681113554,6052.710797301422,0.2717933583295227
2018-12-16,3195.0,6132.909885448038,6062.446934134647,0.2745536308588147
2018-12-17,3496.82,6109.617066496667,6072.196046833529,0.3295996784752448
2018-12-18,3667.77,6087.746403503063,6081.95814911503,0.36333246702578953
2018-12-19,3682.51,6065.586820440442,6091.733254706461,0.3670068482356988
2018-12-20,4075.34,6046.295845148902,6101.521377346182,0.4501944780418032
2018-12-21,3839.06,6026.135204157015,6111.322530783112,0.4001987458812596
2018-12-22,3980.46,6006.630242131657,6121.136728776977,0.43092684445234514
2018-12-23,3944.93,5986.75339119564,6130.96398509817,0.4239927874639023
2018-12-24,4034.0,5967.492045365074,6140.804313527951,0.44407331938121597
2018-12-25,3780.0,5946.615607191269,6150.657727858201,0.3906539080317458
2018-12-26,3809.88,5926.5255231862,6160.524241891629,0.3975619058139701
2018-12-27,3589.89,5907.75562007704,6170.403869441772,0.3535299158711094
2018-12-28,3888.06,5890.917342056251,6180.2966243328065,0.41521560570444926
2018-12-29,3729.31,5874.37310032439,6190.202520399741,0.38246402148224856
2018-12-30,3829.0,5859.7549029175625,6200.121571488484,0.40354416905340146
2018-12-31,3691.86,5842.588918754367,6210.053791455484,0.3756555024731728
2019-01-01,3826.1,5827.619574866143,6219.999194168145,0.4038602516124671
2019-01-02,3890.79,5812.755693655635,6229.957793504674,0.4180309213709623
2019-01-03,3787.57,5797.316771449728,6239.929603353988,0.3965652126551138
2019-01-04,3820.25,5781.016312125951,6249.914637615968,0.40392923613589093
2019-01-05,3798.62,5764.480594353396,6259.912910201111,0.3998740564104542
2019-01-06,4040.99,5749.686162208226,6269.924435030835,0.4529696503965566
2019-01-07,4006.01,5734.838256980701,6279.949226037438,0.44560161064612536
2019-01-08,3993.86,5722.895810237036,6289.987297163943,0.4431186883049406
2019-01-09,4004.12,5710.498651133871,6300.038662364312,0.4456530887711008
2019-01-10,3626.12,5695.434637074934,6310.103335603187,0.365865114273214
2019-01-11,3635.69,5680.045216332563,6320.18133085621,0.368207270486697
2019-01-12,3619.41,5665.36125245585,6330.272662109867,0.36527970157058054
2019-01-13,3514.24,5649.61292885305,6340.377343361395,0.3447696562895788
2019-01-14,3664.19,5636.404962308928,6350.495388618985,0.3750992335063289
2019-01-15,3580.76,5620.944275033811,6360.626811901689,0.3586255534893107
2019-01-16,3609.71,5604.946254236751,6370.771627239315,0.3649061101379813
2019-01-17,3640.65,5589.3801662677,6380.929848672748,0.3716295496364592
2019-01-18,3607.85,5572.477153809269,6391.101490253589,0.36548784247357
2019-01-19,3682.65,5556.657862193859,6401.286566044415,0.3812764348064707
2019-01-20,3536.19,5539.400191348524,6411.485090118684,0.3520868499922619
2019-01-21,3531.76,5522.39097872716,6421.697076560736,0.3517267514206005
2019-01-22,3577.03,5505.503513867819,6431.9225394658515,0.3613327408693288
2019-01-23,3553.01,5487.852783566859,6442.161492940151,0.3570744694170257
2019-01-24,3568.97,5470.589840603299,6452.413951100806,0.36085225086694156
2019-01-25,3562.17,5453.484079485754,6462.6799280757305,0.360033229751344
2019-01-26,3556.07,5437.896325796546,6472.959438003901,0.35925828603473564
2019-01-27,3531.02,5421.792674542925,6483.252495035199,0.35470271491475086
2019-01-28,3429.95,5405.551784287045,6493.559113330473,0.33516043679503255
2019-01-29,3397.42,5389.247414401136,6503.879307061384,0.3293046647093277
2019-01-30,3437.55,5373.1682043683995,6514.213090410771,0.33760249730429337
2019-01-31,3411.5,5356.507640745197,6524.560477572139,0.3330103728466106
2019-02-01,3437.5,5338.549217474562,6534.92148275018,0.3387051411941613
2019-02-02,3468.43,5318.667500454474,6545.296120160471,0.3455681654371753
2019-02-03,3414.78,5298.216124522046,6555.684404029629,0.33572041410174
2019-02-04,3409.57,5277.4795872608265,6566.086348595105,0.3354795643553929
2019-02-05,3428.4,5257.4503363734175,6576.501968105508,0.3399482732618441
2019-02-06,3367.36,5236.7654389500985,6586.931276820236,0.3287250827092978
2019-02-07,3359.0,5216.133029140119,6597.3742890099065,0.3278689011970603
2019-02-08,3621.99,5196.432415739956,6607.831018955986,0.3820588659771747
2019-02-09,3623.73,5174.6790376939025,6618.301480950904,0.3834261234189339
2019-02-10,3648.84,5153.906072422894,6628.785689298267,0.389707857615537
2019-02-11,3590.36,5133.520240033498,6639.283658312654,0.37821564624470877
2019-02-12,3588.06,5112.398436121921,6649.795402319452,0.37869224960570724
2019-02-13,3576.68,5091.14404523043,6660.32093565535,0.37726770568573526
2019-02-14,3561.5,5069.908922123355,6670.860272668021,0.3750454454402373
2019-02-15,3566.59,5048.941172467664,6681.41342771601,0.3770836645982289
2019-02-16,3582.37,5029.5720315168255,6691.980415168964,0.38128979785008876
2019-02-17,3625.08,5010.977037417372,6702.561249407794,0.3912658883098239
2019-02-18,3867.0,4994.294850888325,6713.155944824189,0.4460129101522394
2019-02-19,3888.01,4978.202160754275,6723.76451582106,0.45161641888451964
2019-02-20,3938.99,4963.893014266867,6734.386976812322,0.46414029643664967
2019-02-21,3897.71,4949.276083614604,6745.0233422229,0.4550864545442457
2019-02-22,3942.02,4935.306206185908,6755.673626489009,0.4660740073829535
2019-02-23,4110.0,4923.195038324405,6766.337844057601,0.5070875223002266
2019-02-24,3734.22,4910.405734081851,6777.016009387096,0.41902883692449144
2019-02-25,3818.79,4897.190268832413,6787.708136946774,0.43871392112747093
2019-02-26,3799.48,4885.428170720475,6798.414241216995,0.43464838443851384
2019-02-27,3799.91,4873.344595884854,6809.1343366893225,0.43513858700585617
2019-02-28,3792.14,4860.929578055754,6819.868437866526,0.43378386979963535
2019-03-01,3806.17,4848.87619409026,6830.616559262245,0.43739655848714143
2019-03-02,3809.7,4837.103045078993,6841.378715401336,0.43858379829872207
2019-03-03,3786.93,4824.927376664882,6852.154920819871,0.4337670916697992
2019-03-04,3700.72,4812.048941927148,6862.945190065032,0.4146979496818111
2019-03-05,3844.59,4799.117083106215,6873.749537694947,0.44806912078866723
2019-03-06,3851.89,4786.961728025078,6884.5679782791985,0.45020581978272284
2019-03-07,3857.05,4774.524930866914,6895.400526398266,0.45187766345769703
2019-03-08,3843.12,4762.896570175127,6906.247196643869,0.4490085605018426
2019-03-09,3917.0,4750.938637114446,6917.108003618855,0.46687773701559576
2019-03-10,3900.93,4739.341240468287,6927.98296193732,0.46345921716519917
2019-03-11,3849.68,4726.849205291276,6938.872086224557,0.45184411707141126
2019-03-12,3860.0,4713.866383370808,6949.775391116772,0.4548064051557163
2019-03-13,3851.02,4700.701205234299,6960.6928912616595,0.45324855548271176
2019-03-14,3853.95,4687.686622579827,6971.624601317952,0.45448503462566536
2019-03-15,3902.8,4674.3095019921575,6982.570535955592,0.46668065204608083
2019-03-16,3990.0,4660.955132744546,6993.530709855799,0.48839856893060885
2019-03-17,3967.01,4647.636825993213,7004.505137710721,0.4834114669978168
2019-03-18,3970.5,4634.535359779965,7015.493834224194,0.484870713707011
2019-03-19,4000.85,4621.541102719418,7026.496814110764,0.4929227521604873
2019-03-20,4031.85,4608.189935940284,7037.514092096555,0.5012554228421678
2019-03-21,3972.76,4594.208555982204,7048.545682918755,0.4873875530162226
2019-03-22,3983.78,4580.452706578667,7059.591601325796,0.4907979191630039
2019-03-23,3983.43,4566.414182321473,7070.6518620773495,0.4914503231131471
2019-03-24,3969.52,4554.519039309305,7081.726479944401,0.4885334644097575
2019-03-25,3907.53,4542.962351403858,7092.815469709129,0.4738565008369699
2019-03-26,3921.45,4531.86709576458,7103.918846164969,0.47765926652653523
2019-03-27,4026.53,4522.140673897024,7115.036624116506,0.5038957208467285
2019-03-28,4011.17,4512.178145788953,7126.168818379819,0.5003798270768114
2019-03-29,4091.01,4502.447813013778,7137.315443782086,0.5208078277037582
2019-03-30,4094.14,4492.818022948021,7148.476515161761,0.5219069205925707
2019-03-31,4094.99,4483.058918205795,7159.65204736875,0.5224434973009368
2019-04-01,4137.0,4472.990675269632,7170.842055264006,0.5335841151703195
2019-04-02,4901.93,4466.759916174953,7182.046553719893,0.7490199484519882
2019-04-03,4975.97,4460.73270848104,7193.265557620178,0.7716550670898734
2019-04-04,4906.49,4454.471213686374,7204.49908185969,0.7501392484316212
2019-04-05,5040.66,4449.681749703535,7215.747141344795,0.7913426131982344
2019-04-06,5049.22,4444.634969761173,7227.009750993041,0.7936953720359354
2019-04-07,5194.79,4440.046052851303,7238.2869257332895,0.8396778991398208
2019-04-08,5285.54,4435.480331051664,7249.578680505829,0.8688109828063875
2019-04-09,5187.21,4429.643832800292,7260.885030262206,0.8365834960721009
2019-04-10,5318.58,4424.508544355722,7272.205989965348,0.8791443351786329
2019-04-11,5041.3,4418.230329330905,7283.541574589385,0.7897581724412222
2019-04-12,5078.19,4412.503655987749,7294.89179912008,0.8011502249834914
2019-04-13,5066.22,4407.223935573,7306.256678554224,0.7970912589310714
2019-04-14,5164.27,4402.308360024957,7317.636227900189,0.8278785008766472
2019-04-15,5029.99,4396.068079840054,7329.030462177566,0.7852777764515423
2019-04-16,5202.9,4390.776626823218,7340.439396417532,0.8398999521491215
2019-04-17,5227.0,4385.722478298977,7351.863045662378,0.8473570463771986
2019-04-18,5280.49,4380.817423494765,7363.301424965981,0.864411858394983
2019-04-19,5290.36,4376.065541065466,7374.754549393341,0.8672395266916294
2019-04-20,5319.89,4371.689201581471,7386.222434021302,0.8764631145975653
2019-04-21,5297.64,4367.334963912924,7397.705093937591,0.8686630895368392
2019-04-22,5387.6,4363.079418830561,7409.202544241727,0.8978961367984682
2019-04-23,5532.75,4359.253235583449,7420.714800044424,0.9462900082057258
2019-04-24,5441.9,4355.207379592433,7432.241876467896,0.9148974971350868
2019-04-25,5134.81,4349.843523968923,7443.783788645799,0.8142942573270207
2019-04-26,5159.51,4344.465007699704,7455.340551723119,0.8218889227416104
2019-04-27,5170.6,4339.200846317755,7466.9121808562895,0.8251465488190175
2019-04-28,5155.0,4334.092138556594,7478.498691213385,0.819869588706835
2019-04-29,5148.25,4330.22444114086,7490.10009797364,0.817186583269265
2019-04-30,5270.69,4326.751862687838,7501.716416327807,0.8558788907239142
2019-05-01,5321.15,4323.460144102149,7513.347661478297,0.8716578751260425
2019-05-02,5390.01,4320.49233828689,7524.9938486386845,0.8935929901862368
2019-05-03,5657.4,4317.692932904569,7536.654993034149,0.9835657212240878
2019-05-04,5770.01,4315.264740194405,7548.331109901469,1.022103192014296
2019-05-05,5715.86,4312.679416878017,7560.022214488667,1.0020581352724252
2019-05-06,5687.9,4310.153593667831,7571.728322055438,0.9913251747904934
2019-05-07,5748.45,4307.897681203241,7583.449447872789,1.0115080438135973
2019-05-08,5948.41,4306.274789556481,7595.185607223348,1.0818365732648876
2019-05-09,6153.09,4305.3744034765905,7606.9368154012445,1.156021207777731
2019-05-10,6343.14,4305.156585563589,7618.703087711994,1.2267006427764244
2019-05-11,7219.95,4307.768663945628,7630.484439472746,1.5858565349708034
2019-05-12,6979.76,4309.583107200622,7642.280886012041,1.4791857803490818
2019-05-13,7824.93,4313.9316793880935,7654.0924426701895,1.8543595972945994
2019-05-14,7990.92,4318.7065477563165,7665.919124798651,1.9287486599736152
2019-05-15,8203.32,4324.039488146384,7677.760947760851,2.027006161764634
2019-05-16,7878.96,4328.524381125632,7689.61792693131,1.8650615191580808
2019-05-17,7363.69,4332.0194077572005,7701.490077696397,1.6252712024213756
2019-05-18,7262.4,4335.211376665455,7713.377415453961,1.5772679232066764
2019-05-19,8200.0,4340.9142202863795,7725.279955613396,2.005082627114027
2019-05-20,7999.54,4345.94987660443,7737.19771359558,1.9031000503025193
2019-05-21,7951.7,4350.841004024721,7749.130704833012,1.8753994072561502
2019-05-22,7626.48,4354.889529221109,7761.078944769935,1.72087381995385
2019-05-23,7881.98,4359.347956046726,7773.042448861775,1.833403611855334
2019-05-24,7994.88,4364.186868512876,7785.021232575968,1.8813117133445447
2019-05-25,8067.41,4369.077167128262,7797.0153113912675,1.9105136979472488
2019-05-26,8760.03,4375.59013440105,7809.024700798064,2.245834535442997
2019-05-27,8783.25,4382.499696201189,7821.049416298391,2.250730852290279
2019-05-28,8686.5,4389.422883049341,7833.089473405993,2.194568480198135
2019-05-29,8660.5,4396.247679007891,7845.144887645946,2.1747173098172436
2019-05-30,8273.57,4402.04168493009,7857.2156745552375,1.9790787069811338
2019-05-31,8550.18,4408.671495314752,7869.301849682194,2.1072039503763422
2019-06-01,8558.01,4415.571896454029,7881.403428587062,2.104529705500707
2019-06-02,8741.17,4425.392057782578,7893.5204268415655,2.1873417570839813
2019-06-03,8015.01,4433.413998642503,7905.652860029035,1.8328718805609774
2019-06-04,7688.26,4440.795640301404,7917.800743744479,1.681089235887475
2019-06-05,7766.91,4448.448531281537,7929.964093594587,1.7100812864518957
2019-06-06,7812.15,4456.019154761573,7942.142925197799,1.7244730028082702
2019-06-07,7992.17,4467.704707050725,7954.337254183919,1.797384387290415
2019-06-08,7938.64,4481.167002703509,7966.547096194772,1.765350556803043
2019-06-09,7623.84,4492.770931770127,7978.772466883556,1.6214262135805624
2019-06-10,8046.13,4507.050591120029,7991.013381915432,1.7975451154877966
2019-06-11,7918.2,4520.91580868116,8003.26985696694,1.7328423520890162
2019-06-12,8169.01,4538.399132234812,8015.54190772653,1.8344390165281677
2019-06-13,8256.0,4555.235977037203,8027.829549894364,1.8639332083586952
2019-06-14,8693.98,4574.542434430853,8040.132799182068,2.0550689187581086
2019-06-15,8861.33,4594.101333476286,8052.451671313248,2.1226047074515595
2019-06-16,8996.95,4611.496654200202,8064.7861820230455,2.1764859016931117
2019-06-17,9346.47,4629.714533654885,8077.136347058463,2.3360579130272545
2019-06-18,9089.99,4648.89565570137,8089.502182177979,2.197127277086901
2019-06-19,9283.99,4667.69441817598,8101.883703152143,2.2791919740980964
2019-06-20,9542.6,4687.433738880216,8114.280925762918,2.3941329206509705
2019-06-21,10175.88,4710.370204260633,8126.693865804283,2.7050482278832573
2019-06-22,10658.3,4734.096796857809,8139.1225390817035,2.948228633058843
2019-06-23,10808.53,4759.5758587338605,8151.566961412674,3.011091210502562
2019-06-24,11040.03,4787.453523242827,8164.027148626179,3.1183976606759494
2019-06-25,11736.99,4817.345162448232,8176.503116563109,3.4973419556293845
2019-06-26,12902.52,4849.568567420031,8188.994881076122,4.191943090728743
2019-06-27,11127.4,4877.479731680942,8201.502458029652,3.0952697781484972
2019-06-28,12317.73,4908.9008392216565,8214.02586329978,3.7628857753340914
2019-06-29,11913.73,4940.144917266724,8226.565112774637,3.492506946091006
2019-06-30,10778.74,4968.507004542349,8239.120222353877,2.8381101442350176
2019-07-01,10570.62,4997.778366233792,8251.691207949145,2.7094488783700585
2019-07-02,10885.01,5028.4982132544255,8264.27808548375,2.8511130779625313
2019-07-03,12022.61,5062.022960941526,8276.880870892934,3.449901563134631
2019-07-04,11130.95,5093.712368490918,8289.499580123545,2.9342812083809995
2019-07-05,11038.61,5123.073930326428,8302.134229134648,2.864892995337599
2019-07-06,11187.8,5151.721013187243,8314.784833896641,2.922039192528597
2019-07-07,11478.9,5181.089778436131,8327.451410392152,3.0539879546228406
2019-07-08,12298.31,5209.781698775897,8340.133974615359,3.4809542790873276
2019-07-09,12559.46,5240.747744938653,8352.832542572536,3.603420154625873
2019-07-10,12083.13,5269.925637593343,8365.547130281586,3.3117691681349943
2019-07-11,11323.95,5297.784401210101,8378.277753772385,2.888995411740465
2019-07-12,11811.99,5326.319525088425,8391.024429086643,3.1217918295178313
2019-07-13,11408.1,5355.818163176393,8403.787172277986,2.891517132141129
2019-07-14,10190.36,5382.2295323690805,8416.565999411818,2.2923551633116537
2019-07-15,10855.56,5412.090751289669,8429.360926565467,2.5831209640201434
2019-07-16,9436.0,5436.136399784053,8442.17196982818,1.940132204260486
2019-07-17,9708.55,5462.204738251718,8454.999145300997,2.040925728490845
2019-07-18,10654.25,5490.225242580716,8467.842469096968,2.441646763367392
2019-07-19,10548.04,5519.119467431456,8480.701957340932,2.377069832066859
2019-07-20,10754.92,5547.713813390364,8493.57762616968,2.4547635100528056
2019-07-21,10633.54,5575.6724117854965,8506.469491731941,2.384015857031042
2019-07-22,10304.64,5603.64495139873,8519.377570188333,2.224268294774952
2019-07-23,9833.19,5630.1974233444735,8532.301877711427,2.0127925917430276
2019-07-24,9751.24,5656.799601817612,8545.242430485681,1.9670912616657004
2019-07-25,9880.67,5682.144668656591,8558.199244707524,2.007604264672828
2019-07-26,9841.96,5707.7393791593,8571.172336585207,1.9799709999052284
2019-07-27,9468.92,5732.428844771312,8584.161722339097,1.822066951807525
2019-07-28,9549.7,5757.395789658169,8597.167418201467,1.842459657141789
2019-07-29,9503.32,5785.198324768469,8610.189440416434,1.813091608655511
2019-07-30,9580.0,5813.29209498281,8623.227805240236,1.8307920327136966
2019-07-31,10099.0,5843.194571411027,8636.282528940896,2.0210616199377323
2019-08-01,10417.24,5875.028183063104,8649.353627798635,2.1355597745970205
2019-08-02,10533.07,5906.127786346819,8662.441118105544,2.1685368474301514
2019-08-03,10820.75,5938.875896074094,8675.54501616556,2.272551370021055
2019-08-04,10997.82,5972.049811924374,8688.665338294857,2.3309702112152255
2019-08-05,11775.14,6007.203677679483,8701.802100821464,2.6524707247833903
2019-08-06,11440.08,6041.965764978111,8714.955320085435,2.485505324854845
2019-08-07,12014.41,6077.793917264077,8728.125012438768,2.7210590638592316
2019-08-08,12017.89,6115.084087473801,8741.311194245634,2.7019507852060047
2019-08-09,11889.0,6152.309910020076,8754.513881882085,2.624341899761404
2019-08-10,11283.82,6187.751610527856,8767.733091736281,2.346886608883466
2019-08-11,11531.95,6224.284045455162,8780.968840208348,2.433176772209096
2019-08-12,11387.38,6260.4969465086015,8794.221143710523,2.355273991713097
2019-08-13,10855.58,6295.474947402139,8807.490018666951,2.125325263925706
2019-08-14,10105.34,6328.436156696144,8820.775481513892,1.8293579380979432
2019-08-15,10280.96,6362.342882556624,8834.077548699812,1.8805680828245148
2019-08-16,10368.83,6397.632370502047,8847.396236685088,1.8994363719798044
2019-08-17,10218.37,6432.953947516645,8860.731561942092,1.8318218129207497
2019-08-18,10309.04,6468.376466405347,8874.083540955404,1.8514741301679374
2019-08-19,10935.67,6506.160736970696,8887.452190221606,2.0681818695157004
2019-08-20,10770.99,6543.420843246136,8900.83752624943,1.9919366333318689
2019-08-21,10137.75,6578.606294955571,8914.239565559616,1.7525279651841685
2019-08-22,10088.89,6614.336712834033,8927.65832468506,1.7237048891703701
2019-08-23,10415.01,6651.369887856559,8941.093820170678,1.8239697464793725
2019-08-24,10156.0,6687.58409131941,8954.546068573693,1.7223941957276512
2019-08-25,10148.5,6724.574625877146,8968.015086463065,1.7078218450988918
2019-08-26,10373.75,6762.5960483924755,8981.500890420297,1.7717775378607208
2019-08-27,10170.16,6797.595990597668,8995.003497038775,1.6916047082224779
2019-08-28,9710.38,6831.180346265392,9008.522922923925,1.5322270046316526
2019-08-29,9525.0,6864.032037298637,9022.059184693579,1.4650248626337088
2019-08-30,9580.6,6897.79964236791,9035.612298977545,1.4727100593098978
2019-08-31,9593.95,6931.803838318484,9049.182282417678,1.467368868114594
2019-09-01,9769.64,6966.718403195423,9062.76915166826,1.5117081247882735
2019-09-02,10405.05,7004.164101799786,9076.372923395556,1.703019805739096
2019-09-03,10628.46,7042.5088021773945,9089.993614277819,1.7646139502543956
2019-09-04,10585.67,7080.7642986699975,9103.63124100596,1.738368751452336
2019-09-05,10574.27,7118.767384929793,9117.285820282521,1.7227823702053133
2019-09-06,10318.8,7153.788186172381,9130.957368822634,1.6300690355359149
2019-09-07,10484.87,7189.360405710068,9144.645903353367,1.6721258127493623
2019-09-08,10395.17,7224.32855658541,9158.351440614015,1.6332339461368954
2019-09-09,10310.01,7259.550604173295,9172.07399735619,1.5963969386686478
2019-09-10,10090.01,7293.745421949923,9185.813590343669,1.5195498939552423
2019-09-11,10169.49,7326.859904492016,9199.570236352396,1.5343093095145002
2019-09-12,10437.19,7364.610893561591,9213.343952170497,1.6054622138100538
2019-09-13,10381.91,7401.531016540189,9227.134754598348,1.5782147311843098
2019-09-14,10360.2,7438.746917327729,9240.942660448662,1.5614217333964864
2019-09-15,10306.65,7475.952001654019,9254.767686546113,1.5353345764281645
2019-09-16,10268.77,7513.281739745465,9268.609849727944,1.5142325483627825
2019-09-17,10185.14,7550.349735631421,9282.469166843444,1.4801421350626922
2019-09-18,10155.26,7587.453983185156,9296.345654754103,1.4620888341797
2019-09-19,10304.94,7625.526964359202,9310.239330333845,1.4957541919703206
2019-09-20,10168.44,7664.162452234745,9324.150210468879,1.4468872771696257
2019-09-21,9982.39,7700.813827172811,9338.078312057243,1.3857182305080198
2019-09-22,10035.0,7737.770448388506,9352.023652009811,1.3915964606185247
2019-09-23,9683.89,7773.467989738193,9365.986247249444,1.2880459753821567
2019-09-24,8556.43,7804.639683575446,9379.966114711306,1.000071558145106
2019-09-25,8446.57,7834.684132143268,9393.963271342873,0.9693718891276939
2019-09-26,8063.0,7863.178496487524,9407.977734104003,0.8788179205475605
2019-09-27,8193.98,7892.934262551494,9422.009519966645,0.9028337273156124
2019-09-28,8228.22,7922.861766741881,9436.058645915296,0.9056055594406331
2019-09-29,8063.06,7952.189107449753,9450.125128946627,0.8651183517152613
2019-09-30,8305.14,7982.775278081489,9464.208986069558,0.912968282938803
2019-10-01,8323.43,8013.06256846489,9478.310234305576,0.9121687918935091
2019-10-02,8396.0,8042.925233168931,9492.428890688272,0.9233226212555071
2019-10-03,8241.25,8072.381538429545,9506.56497226366,0.885035877189564
2019-10-04,8159.71,8101.507308413449,9520.718496090098,0.8632048971523532
2019-10-05,8152.99,8130.395109128967,9534.889479238218,0.8574454587363523
2019-10-06,7862.67,8157.591987596134,9549.077938791164,0.7936274471740322
2019-10-07,8224.82,8187.327258903121,9563.283891844361,0.8639798344796022
2019-10-08,8186.73,8216.866399302418,9577.50735550544,0.851652087228539
2019-10-09,8600.0,8248.546594696803,9591.74834689472,0.9348064377061087
2019-10-10,8589.01,8280.440818914554,9606.006883144491,0.9274486335591854
2019-10-11,8263.64,8311.507534577613,9620.2829813999,0.854033936365379
2019-10-12,8304.1,8342.746210002959,9634.57665881808,0.8579134407285988
2019-10-13,8280.01,8372.87354176302,9648.887932568781,0.848613484270546
2019-10-14,8363.0,8403.689295182863,9663.216819833995,0.8612564398510402
2019-10-15,8156.52,8432.733177892951,9677.563337808338,0.815221133325858
2019-10-16,7993.0,8460.988300915471,9691.92750369859,0.7790913355111616
2019-10-17,8077.0,8489.773049345773,9706.30933472417,0.791680516776425
2019-10-18,7954.16,8517.568300070652,9720.708848116754,0.7641437849002854
2019-10-19,7965.27,8538.268184141565,9735.126061120498,0.7632901045368571
2019-10-20,8235.44,8559.80432638209,9749.56099099206,0.8126896286576295
2019-10-21,8214.58,8581.889321094855,9764.013655000363,0.8053032273907582
2019-10-22,8008.04,8601.775495435997,9778.484070426985,0.7624174566711295
2019-10-23,7473.42,8618.656634432531,9792.97225456586,0.6617358705096091
2019-10-24,7439.29,8634.146162717472,9807.478224723438,0.6535611506773294
2019-10-25,8704.85,8655.711166050716,9822.001998218522,0.8912915919535129
2019-10-26,9281.27,8680.927393528304,9836.543592382355,1.008802544336851
2019-10-27,9570.58,8706.464561973567,9851.103024558877,1.067947290057316
2019-10-28,9221.96,8732.794492720255,9865.68031210423,0.9871114504413566
2019-10-29,9431.27,8759.867683534601,9880.275472387253,1.0277175113632533
2019-10-30,9175.77,8785.921904623428,9894.888522789333,0.96847138561532
2019-10-31,9146.75,8811.069522194288,9909.51948070407,0.9581916774194698
2019-11-01,9268.0,8838.035109766628,9924.168363537781,0.9793145438171849
2019-11-02,9320.0,8863.833195438887,9938.83518870917,0.9859951100273096
2019-11-03,9215.01,8888.997646611931,9953.519973649669,0.9597588781176641
2019-11-04,9414.0,8914.731987250761,9968.22273580302,0.9972920644285651
2019-11-05,9314.99,8939.984728026217,9982.943492625454,0.9722308469510895
2019-11-06,9343.11,8965.1946016597,9997.682261586104,0.9739213194945932
2019-11-07,9196.71,8989.954034473914,10012.439060166102,0.9396532650775207
2019-11-08,8758.69,9011.823768520844,10027.213905859571,0.8489563107061883
2019-11-09,8798.38,9032.750170367877,10042.006816172976,0.8534241334334525
2019-11-10,9036.82,9055.685348199457,10056.817808625367,0.8967045167601431
2019-11-11,8720.61,9079.69868396551,10071.646900748388,0.8316140176591041
2019-11-12,8823.65,9104.09195184448,10086.494110086123,0.8478512626295125
2019-11-13,8765.61,9128.15154255031,10101.359454195583,0.8333004590449394
2019-11-14,8630.01,9151.699567294268,10116.24295064597,0.804454698388065
2019-11-15,8460.0,9174.455707163515,10131.144617019107,0.7700198185048063
2019-11-16,8488.0,9196.339544638195,10146.064470909754,0.772143689394831
2019-11-17,8500.01,9217.901593519036,10161.002529924888,0.77138332473486
2019-11-18,8160.73,9237.03873164228,10175.958811684266,0.7085164102363536
2019-11-19,8123.36,9253.76270650811,10190.933333820116,0.6997438351708165
2019-11-20,8082.96,9269.37234916606,10205.926113977543,0.6906183463828298
2019-11-21,7618.76,9282.700566969668,10220.93716981413,0.6117916225969875
2019-11-22,7296.45,9294.266902020523,10235.966519000012,0.5596019574218297
2019-11-23,7338.92,9305.62499153375,10251.014179217897,0.5646143685261166
2019-11-24,6906.25,9312.57436639263,10266.080168163468,0.49889618793086427
2019-11-25,7125.0,9319.405564069171,10281.164503544653,0.5298332599293012
2019-11-26,7155.0,9325.019283648102,10296.267203082374,0.5331994993962061
2019-11-27,7539.4,9327.038115912406,10311.388284509962,0.5910342899854517
2019-11-28,7413.05,9329.84725645777,10326.527765573506,0.5703809443900113
2019-11-29,7751.29,9329.406174584254,10341.685664031767,0.6227340838019514
2019-11-30,7551.7,9326.769441631866,10356.861997656099,0.590377811826271
2019-12-01,7413.84,9322.051736302534,10372.05678423062,0.5684732373121112
2019-12-02,7315.09,9318.59126046012,10387.270041552227,0.5528249845776313
2019-12-03,7296.0,9318.160988494934,10402.50178743033,0.5491634720192207
2019-12-04,7185.57,9317.665484959174,10417.752039687042,0.5319138737897323
2019-12-05,7388.75,9312.813382662725,10433.020816157341,0.5618895698288471
2019-12-06,7560.76,9310.186965773151,10448.308134688741,0.5876605409048026
2019-12-07,7502.2,9307.47858735987,10463.61401314155,0.5779144039254424
2019-12-08,7520.0,9306.824282326144,10478.93846938879,0.5798516224031374
2019-12-09,7332.69,9303.463417577284,10494.281521316114,0.5507180174034901
2019-12-10,7215.69,9298.694591007765,10509.643186822153,0.5327773804916691
2019-12-11,7275.17,9293.890020502991,10525.023483818097,0.5410852429346958
2019-12-12,7194.19,9284.743501076358,10540.422430227862,0.5288541051807149
2019-12-13,7249.25,9275.836813655395,10555.84004398819,0.5367107007891023
2019-12-14,7059.55,9266.223276175062,10571.27634304847,0.5087727596270276
2019-12-15,7111.0,9257.094542411236,10586.731345370928,0.515970373707664
2019-12-16,6877.04,9248.541341290613,10602.205068930622,0.4823182092993723
2019-12-17,6618.62,9236.707759002506,10617.697531715363,0.4466705733660085
2019-12-18,7309.12,9229.42541802897,10633.208751725633,0.5443662347658825
2019-12-19,7153.99,9220.183373017906,10648.738746974675,0.5212654335493346
2019-12-20,7189.87,9215.176193852849,10664.287535488673,0.5260252439097032
2019-12-21,7143.01,9211.787464499526,10679.855135306578,0.5186247578985427
2019-12-22,7550.0,9210.482944910626,10695.44156448021,0.5786457681273846
2019-12-23,7318.18,9207.475359070884,10711.0468410739,0.5430423384401829
2019-12-24,7259.87,9203.052211954451,10726.670983165024,0.5339011327497684
2019-12-25,7194.76,9198.525930203448,10742.314008843843,0.5238615733255103
2019-12-26,7195.0,9195.863625633503,10757.975936213312,0.5232852652404995
2019-12-27,7247.35,9191.057498507345,10773.656783389186,0.5304321653152493
2019-12-28,7303.7,9187.345849597512,10789.356568500201,0.5381461543894592
2019-12-29,7378.53,9182.671906620644,10805.075309687896,0.5487099419859129
2019-12-30,7191.0,9176.333003076252,10820.813025106441,0.5207742704877104
2019-12-31,7158.01,9167.417994781319,10836.569732923266,0.5157577205518975
2020-01-01,7174.32,9157.742820091218,10852.345451318264,0.5179042023972767
2020-01-02,6945.01,9145.897519546266,10868.140198484414,0.4852484847068226
2020-01-03,7335.54,9134.825448975384,10883.953992627617,0.541224226907832
2020-01-04,7353.5,9125.147781949992,10899.786851966513,0.5436636313556789
2020-01-05,7348.69,9114.48811381158,10915.638794732578,0.5427982209486902
2020-01-06,7773.48,9105.148362554237,10931.5098391704,0.6071049785358352
2020-01-07,8169.95,9095.158332369261,10947.400003537317,0.6703745933968156
2020-01-08,8035.08,9082.319492130584,10963.30930610361,0.6483984501207384
2020-01-09,7813.78,9067.59778910502,10979.237765152324,0.6132787553923238
2020-01-10,8183.89,9054.035553517415,10995.185398979715,0.6727826984325374
2020-01-11,8002.89,9036.716256957892,11011.15222589473,0.6436507539300547
2020-01-12,8192.66,9016.217880734837,11027.138264219266,0.6750915086460647
2020-01-13,8109.62,9001.967322478406,11043.143532288186,0.6615624701291408
2020-01-14,8757.18,8986.624597448801,11059.168048449315,0.7716306955525597
2020-01-15,8831.86,8973.18501048253,11075.21183106345,0.7848843840856006
2020-01-16,8727.22,8963.717519659569,11091.274898504273,0.7660942747253702
2020-01-17,8875.81,8955.888943337099,11107.357269158443,0.7919477935340081
2020-01-18,8901.0,8946.882821232613,11123.458961425515,0.7960970155979232
2020-01-19,8710.41,8932.47786231564,11139.579993718116,0.7624939997915352
2020-01-20,8633.67,8921.138146723566,11155.720384461785,0.748984801153094
2020-01-21,8730.0,8910.678282703626,11171.880152095142,0.7655815442519454
2020-01-22,8665.0,8899.300736435796,11188.059315069626,0.7540957456834775
2020-01-23,8386.63,8885.345492151962,11204.257891849777,0.7065087595439536
2020-01-24,8424.96,8868.556381098479,11220.475900913052,0.7132987887448831
2020-01-25,8304.04,8850.229315001057,11236.713360750105,0.6934019182266841
2020-01-26,8632.92,8835.36336363111,11252.97028986443,0.7495901058743862
2020-01-27,8903.24,8824.745017399013,11269.24670677245,0.797074855063055
2020-01-28,9417.64,8814.755302391777,11285.542630003707,0.8915618231903726
2020-01-29,9270.0,8805.61296413164,11301.858078101055,0.863475512932569
2020-01-30,9493.61,8802.495306204582,11318.193069619832,0.9046485125887885
2020-01-31,9343.28,8795.895029215359,11334.547623128788,0.8756176328824808
2020-02-01,9375.06,8795.610082468145,11350.921757209808,0.8803411714655819
2020-02-02,9314.06,8793.785980571232,11367.315490457368,0.8678491794319632
2020-02-03,9282.29,8787.726925993526,11383.728841479367,0.8612895340750412
2020-02-04,9158.57,8781.522784608695,11400.161828896862,0.837865849550034
2020-02-05,9623.44,8776.643302991406,11416.614471343599,0.9242615831480966
2020-02-06,9765.96,8772.909184430613,11433.086787466576,0.9508735093789742
2020-02-07,9804.98,8770.729218102104,11449.57879592615,0.9573444214216463
2020-02-08,9911.13,8771.075448146257,11466.090515395194,0.9767381086986731
2020-02-09,10174.81,8772.940403407183,11482.621964560218,1.0277000322113246
2020-02-10,9854.5,8772.824069743627,11499.173162120356,0.9626383374954665
2020-02-11,10279.99,8774.734314886087,11515.744126788395,1.0458259223528517
2020-02-12,10344.01,8778.613286570473,11532.334877289748,1.0569019530802752
2020-02-13,10239.57,8781.675356873784,11548.945432363114,1.0338171472501148
2020-02-14,10380.0,8785.550672226213,11565.575810760394,1.0603725080062039
2020-02-15,9901.34,8787.000078593366,11582.226031246499,0.9632860731378987
2020-02-16,9915.04,8786.192431677473,11598.896112599552,0.9646540052082895
2020-02-17,9711.95,8783.113189527148,11615.586073610695,0.9245348124620884
2020-02-18,10191.51,8781.665640500536,11632.295933084388,1.016798109477237
2020-02-19,9591.54,8776.372588874883,11649.025709838208,0.8998539522781395
2020-02-20,9610.05,8770.455463296163,11665.775422702874,0.9026419958080126
2020-02-21,9697.01,8761.94466981689,11682.545090522044,0.9186238456924583
2020-02-22,9668.26,8754.5757055687,11699.3347321528,0.9126418345255063
2020-02-23,9964.16,8746.389100140443,11716.144366465469,0.9688752834535369
2020-02-24,9668.08,8736.87966117752,11732.974012343333,0.9118344748886916
2020-02-25,9301.01,8726.162130722665,11749.823688683018,0.8437340867256525
2020-02-26,8776.01,8715.202502795688,11766.693414394216,0.7510386691109145
2020-02-27,8816.71,8703.511383448247,11783.583208399968,0.757951187641624
2020-02-28,8713.16,8691.870778219258,11800.49308963639,0.7401810500349364
2020-02-29,8552.08,8681.511695780006,11817.423077052668,0.7128946752687293
2020-03-01,8490.3,8673.956008074714,11834.373189611842,0.7022368195530666
2020-03-02,8923.52,8667.816884017988,11851.34344628936,0.7751666698224606
2020-03-03,8769.67,8660.560409281821,11868.333866074334,0.7482224802622546
2020-03-04,8765.0,8653.919416522298,11885.344467969264,0.7469288267846803
2020-03-05,9053.56,8648.302115123222,11902.375270989354,0.7962955276435922
2020-03-06,9162.98,8640.657868090293,11919.426294163588,0.8152134108028309
2020-03-07,8885.68,8632.348886746398,11936.497556533963,0.7662587376921919
2020-03-08,8068.0,8622.498075844429,11953.589077155772,0.6315392554072864
2020-03-09,7945.03,8612.205157156439,11970.70087509743,0.6122899586219371
2020-03-10,7887.01,8600.241177818578,11987.832969440951,0.6033557687181571
2020-03-11,7957.02,8589.754847241371,12004.98537928128,0.6139860369293932
2020-03-12,4980.0,8559.234136941775,12022.158123726973,0.24101348529198136
2020-03-13,5592.77,8532.835290705507,12039.35122189953,0.3044790895481967
2020-03-14,5182.62,8504.121774675157,12056.564692933965,0.261966454362112
2020-03-15,5327.12,8478.631332606374,12073.798555978641,0.27721407853893737
2020-03-16,5074.2,8451.976185230553,12091.05283019496,0.25194908095321983
2020-03-17,5361.77,8427.482164011504,12108.327534757862,0.28173081949260104
2020-03-18,5426.71,8403.506452330588,12125.622688855745,0.28900718471566544
2020-03-19,6219.99,8384.556459313442,12142.938311689957,0.37999290754396436
2020-03-20,6215.4,8362.983078705009,12160.27442247531,0.37986875467799713
2020-03-21,6168.72,8340.264840362546,12177.63104044027,0.374668742444395
2020-03-22,5791.69,8315.153607074386,12195.008184826083,0.3307944724247745
2020-03-23,6583.38,8295.475195337478,12212.405874887858,0.42781435114757665
2020-03-24,6742.21,8277.842033146839,12229.824129893686,0.44902157055035713
2020-03-25,6752.83,8259.651971680321,12247.262969125237,0.4507864383251416
2020-03-26,6772.2,8241.973981361887,12264.722411877467,0.4537018899994103
2020-03-27,6320.46,8221.833680589474,12282.202477458924,0.3955964944881276
2020-03-28,6269.81,8202.297195394334,12299.703185190949,0.3896535416949246
2020-03-29,5897.55,8179.98228988935,12317.224554409087,0.34520576558689636
2020-03-30,6401.26,8160.011537190232,12334.766604461582,0.4071076145537712
2020-03-31,6434.73,8140.5179475834675,12352.329354710288,0.41177479190719274
2020-04-01,6719.39,8122.913839960833,12369.912824530775,0.4493463431819005
2020-04-02,6789.84,8105.980538970538,12387.517033311526,0.4591232219123177
2020-04-03,6727.99,8088.861349896123,12405.142000454647,0.4511090535904309
2020-04-04,6896.6,8073.107424962547,12422.78774537598,0.47425321009141874
2020-04-05,6779.75,8056.814130193889,12440.454287504284,0.45859337359240543
2020-04-06,7320.07,8043.048609985725,12458.141646281962,0.5347570396120505
2020-04-07,7204.58,8029.2034984573165,12475.849841164856,0.518172943145051
2020-04-08,7343.65,8016.8886648348725,12493.578891622356,0.5384324481265982
2020-04-09,7294.69,8004.114629128486,12511.328817137197,0.5313698921271429
2020-04-10,6892.54,7990.518234281298,12529.099637205569,0.4745301164055798
2020-04-11,6891.43,7981.876992155998,12546.891371337122,0.474217448708344
2020-04-12,6860.97,7973.583679086053,12564.704039054968,0.4698564803780206
2020-04-13,6871.0,7967.208317494564,12582.537659895686,0.4709398979990687
2020-04-14,6865.72,7960.16607616132,12600.392253409638,0.4699655047677893
2020-04-15,6576.76,7951.254588145965,12618.267839160146,0.4311104863817428
2020-04-16,7123.29,7946.329380081934,12636.16443672432,0.5053350469689045
2020-04-17,7055.22,7939.851518848939,12654.082065692763,0.4954252006148201
2020-04-18,7271.53,7934.489654495654,12672.020745669663,0.5258800880567549
2020-04-19,7125.31,7927.981989894902,12689.980496272397,0.5046426105411913
2020-04-20,6832.57,7920.554924360638,12707.961337132258,0.4638063440954312
2020-04-21,6845.0,7913.600161295481,12725.963287893828,0.46524545090928077
2020-04-22,7143.99,7908.374428797219,12743.98636821531,0.5063947033429745
2020-04-23,7479.06,7906.396826147215,12762.03059776831,0.5543647982276831
2020-04-24,7514.64,7902.8277635658815,12780.095996238158,0.5591131759819864
2020-04-25,7535.69,7899.55413624493,12798.182583323503,0.5616880280203096
2020-04-26,7765.79,7895.525048034871,12816.290378736832,0.5959748463263042
2020-04-27,7773.0,7891.585087109117,12834.419402204056,0.5965362845477037
2020-04-28,7774.39,7889.177330593778,12852.569673464517,0.5960887991123037
2020-04-29,8789.1,7891.416713201651,12870.741212271414,0.7605543875979925
2020-04-30,8652.3,7893.152266229542,12888.934038391279,0.7358607802051678
2020-05-01,8813.9,7895.2249962128035,12907.148171604294,0.7623272267359689
2020-05-02,8992.0,7899.075555230194,12925.383631704311,0.7919411073638251
2020-05-03,8917.63,7903.400062874562,12943.640438498727,0.7773712808287866
2020-05-04,8900.29,7907.236645974249,12961.918611808404,0.7728839497487761
2020-05-05,9037.69,7912.287366927882,12980.218171468188,0.7952997336602647
2020-05-06,9132.24,7917.698062402882,12998.539137325974,0.8103285689178237
2020-05-07,10007.56,7925.417382727706,13016.881529243863,0.9707945059607821
2020-05-08,9790.23,7932.373970382831,13035.245367097223,0.9269651316946981
2020-05-09,9554.91,7939.381711996401,13053.630670775108,0.8809174193191367
2020-05-10,8773.89,7945.752744260361,13072.037460180378,0.7411498759131151
2020-05-11,8557.37,7951.3174135195995,13090.465755229165,0.7035361711868254
2020-05-12,8809.14,7951.790907786058,13108.915575851735,0.7444496085779543
2020-05-13,9335.84,7952.02399274517,13127.386941991743,0.8349314719817017
2020-05-14,9815.22,7953.0276186962465,13145.87987360645,0.921463053684825
2020-05-15,9331.18,7953.495822611904,13164.394390666834,0.8315994475286977
2020-05-16,9353.26,7953.165528006336,13182.930513157711,0.8343994891021836
2020-05-17,9700.33,7955.376560464654,13201.488261077404,0.8959615712256249
2020-05-18,9733.21,7957.848883880194,13220.067654437973,0.900498143479966
2020-05-19,9783.91,7960.0046225741935,13238.668713265102,0.9083793726277745
2020-05-20,9497.76,7960.756613964181,13257.291457598443,0.8547384319072826
2020-05-21,9039.12,7959.989558313803,13275.935907490843,0.7731694023592709
2020-05-22,9173.23,7958.958468822234,13294.60208300945,0.7952670406849266
2020-05-23,9166.02,7958.316932490241,13313.290004234732,0.7929667516839674
2020-05-24,8673.64,7955.35895287339,13331.999691260915,0.7093289912482523
2020-05-25,8892.39,7954.020578049153,13350.731164196213,0.7446380805679891
2020-05-26,8836.77,7954.37354852178,13369.484443162282,0.7342880501843894
2020-05-27,9200.0,7956.148998571492,13388.259548294658,0.7946001154337312
2020-05-28,9593.72,7958.52829752179,13407.056499742548,0.8625968618130551
2020-05-29,9426.87,7961.627750178199,13425.875317669168,0.8313627436617593
2020-05-30,9684.6,7965.334805530882,13444.716022251077,0.8758055784566994
2020-05-31,9435.8,7968.269570476469,13463.578633678959,0.8299136828453332
2020-06-01,10212.38,7974.979886318169,13482.463172156966,0.9699628340316464
2020-06-02,9509.35,7979.643675991956,13501.369657903273,0.8393446715474729
2020-06-03,9672.67,7984.858120387729,13520.298111149972,0.8666410799795071
2020-06-04,9799.57,7990.5402165677,13539.248552142415,0.8876532270553174
2020-06-05,9568.95,7996.902813108779,13558.221001140211,0.8445085364450481
2020-06-06,9665.36,8003.855322012645,13577.21547841657,0.8596588309468325
2020-06-07,9764.0,8011.420297459983,13596.232004258529,0.8752406063993107
2020-06-08,9833.94,8021.650438990184,13615.27059896717,0.8854521533397411
2020-06-09,9778.6,8033.4030730579,13634.331282857087,0.8730114958760434
2020-06-10,9899.18,8045.432460967766,13653.414076256817,0.8920881849592176
2020-06-11,9258.7,8057.233170607798,13672.518999508631,0.7781540051811434
2020-06-12,9466.77,8068.689751836457,13691.646072968872,0.8112318078792354
2020-06-13,9477.17,8080.037231733359,13710.795317007623,0.8107394996280824
2020-06-14,9315.71,8088.588801846159,13729.966752008606,0.7814292750992229
2020-06-15,9437.23,8098.358454704382,13749.16039836985,0.799863547289931
2020-06-16,9534.8,8106.748201570671,13768.376276502686,0.8145050201338088
2020-06-17,9460.53,8115.887859504485,13787.614406832772,0.7998448774218795
2020-06-18,9368.15,8125.3876693460725,13806.874809799529,0.7822907482387992
2020-06-19,9285.54,8135.083747202245,13826.157505856143,0.7665682052682067
2020-06-20,9361.81,8145.230956517297,13845.462515469686,0.7771570198446978
2020-06-21,9279.68,8155.653423318388,13864.78985912135,0.7615421520566765
2020-06-22,9700.91,8166.763320359391,13884.139557305989,0.8299578003069082
2020-06-23,9623.74,8176.620882348463,13903.511630532475,0.8146843929195502
2020-06-24,9284.1,8185.337999354254,13922.906099323352,0.7563331007262342
2020-06-25,9232.84,8193.740488629295,13942.322984215643,0.7461966155370634
2020-06-26,9157.22,8202.848801471062,13961.762305759716,0.7321875665134909
2020-06-27,9001.24,8211.922250892065,13981.224084520196,0.7056911281276165
2020-06-28,9122.56,8221.218612683871,14000.708341075404,0.7230149068238233
2020-06-29,9191.05,8231.293983243628,14020.215096017926,0.7319939101057074
2020-06-30,9129.47,8240.790535370656,14039.744369953942,0.72038233710038
2020-07-01,9239.09,8251.884417507985,14059.29618350402,0.7357693270923943
2020-07-02,9088.54,8262.014512417982,14078.870557302218,0.7101244671574505
2020-07-03,9050.05,8273.365302956923,14098.467511996761,0.7021790190704591
2020-07-04,9138.22,8286.720128343879,14118.087068250055,0.7137805200575702
2020-07-05,9088.52,8295.752981750327,14137.729246738116,0.7042889304747217
2020-07-06,9331.69,8306.783119523458,14157.394068151267,0.7404647926355157
2020-07-07,9263.56,8317.315121598307,14177.081553193557,0.7277560823820485
2020-07-08,9436.01,8328.900842973973,14196.791722583126,0.753006772448349
2020-07-09,9230.48,8337.274073886541,14216.524597052312,0.7188380411455485
2020-07-10,9298.16,8347.262056182726,14236.2801973472,0.727534269540484
2020-07-11,9235.0,8357.311471752038,14256.058544227975,0.7158264489470252
2020-07-12,9313.77,8368.105258372423,14275.859658468808,0.7261420948200572
2020-07-13,9230.14,8378.533718856495,14295.683560858086,0.7112849645525371
2020-07-14,9258.34,8388.799051019416,14315.530272198088,0.7137711995318275
2020-07-15,9194.51,8398.461188313227,14335.399813304963,0.7021786969814385
2020-07-16,9130.91,8407.414136441768,14355.29220500934,0.6908020958746874
2020-07-17,9147.65,8417.537151991646,14375.207468155388,0.6915441567452094
2020-07-18,9174.6,8427.99008612268,14395.145623601755,0.6937998453187526
2020-07-19,9221.71,8438.57606886304,14415.106692220994,0.6990945080828941
2020-07-20,9161.13,8450.26931738869,14435.090694899676,0.6880310289989745
2020-07-21,9396.65,8460.738168849157,14455.09765253864,0.7219661178858565
2020-07-22,9546.31,8471.78572061609,14475.1275860524,0.7431452454837806
2020-07-23,9612.05,8483.166537902267,14495.180516369977,0.751364066385989
2020-07-24,9553.41,8491.916352865896,14515.256464434438,0.7404341006471389
2020-07-25,9709.02,8499.247723735,14535.355451202773,0.763035330243201
2020-07-26,9944.58,8508.313208807307,14555.477497646141,0.7985515659199024
2020-07-27,11108.44,8523.293198440291,14575.622624749874,0.9932797999220122
2020-07-28,10952.85,8535.722058211331,14595.790853513248,0.9629115218319004
2020-07-29,11100.39,8549.696967503123,14615.982204950074,0.9860472981330273
2020-07-30,11139.67,8562.842560222674,14636.196700087878,0.9901442155418861
2020-07-31,11372.76,8577.333290413264,14656.434359968613,1.0288478051866168
2020-08-01,11805.82,8590.153911459192,14676.695205647951,1.105511066283661
2020-08-02,11050.03,8599.783176234974,14696.979258196248,0.9660760848176997
2020-08-03,11235.44,8610.652691946096,14717.286538697705,0.9961307615301618
2020-08-04,11198.04,8620.664480874299,14737.61706825073,0.9869974224281145
2020-08-05,11737.59,8632.596527274638,14757.970867968075,1.0814084996118074
2020-08-06,11766.62,8645.587466424482,14778.347958976465,1.0836350898713
2020-08-07,11598.96,8658.35975687895,14798.748362416733,1.0499714471790067
2020-08-08,11780.14,8671.341853862652,14819.172099444057,1.0799176867417333
2020-08-09,11692.76,8684.344641662376,14839.619191227977,1.0608995486606017
2020-08-10,11896.19,8699.537255722213,14860.089658951787,1.0947077727762615
2020-08-11,11387.01,8712.65187483321,14880.583523813506,1.0001130187187155
2020-08-12,11563.16,8727.086832160245,14901.100807024799,1.0281711656584684
2020-08-13,11824.99,8740.826753295898,14921.64152981219,1.0720929727527313
2020-08-14,11785.29,8753.091601351058,14942.205713415973,1.0619507176537426
2020-08-15,11854.27,8763.167986818858,14962.793379090584,1.0717063739543
2020-08-16,11924.0,8774.206438325069,14983.404548105218,1.0814976522459765
2020-08-17,12325.1,8785.665082252648,15004.039241742845,1.1523862516752026
2020-08-18,11983.52,8796.604549414102,15024.697481300844,1.0865457189161067
2020-08-19,11764.8,8806.596963899721,15045.379288090866,1.0446187948959205
2020-08-20,11856.24,8817.229823751682,15066.084683438856,1.058184507086851
2020-08-21,11526.32,8826.780738891432,15086.813688685046,0.9976575172385427
2020-08-22,11675.78,8837.50413130097,15107.566325183718,1.0210515456199016
2020-08-23,11650.03,8845.952710121515,15128.342614303701,1.014187194318126
2020-08-24,11762.34,8854.183274198274,15149.142577427881,1.0314564535828608
2020-08-25,11324.86,8860.565450120286,15169.966235953703,0.9541565406544691
2020-08-26,11460.01,8867.00078754086,15190.813611292677,0.9750170519944419
2020-08-27,11341.73,8871.815713591433,15211.68472487088,0.9531665233937184
2020-08-28,11540.0,8878.822380774453,15232.579598128465,0.9846520588646699
2020-08-29,11468.56,8883.680873401141,15253.498252519788,0.9706337235867623
2020-08-30,11724.99,8889.248903435577,15274.440709513912,1.0124989420685917
2020-08-31,11665.93,8895.047161800507,15295.406990594116,1.0002980905630157
2020-09-01,11911.74,8901.170999979431,15316.39711725764,1.040750548558788
2020-09-02,11390.12,8907.407395206532,15337.41111101658,0.9496273725666828
2020-09-03,10225.82,8908.782052208613,15358.448993396998,0.7642414584422473
2020-09-04,10230.37,8911.098799820977,15379.510785939821,0.7636755779429949
2020-09-05,10152.97,8910.929991915538,15400.596510199583,0.7511482011397732
2020-09-06,10255.2,8913.911349631537,15421.70618774581,0.7650459733341709
2020-09-07,10389.85,8917.389342209244,15442.839840162276,0.7838873554926012
2020-09-08,10123.21,8919.307376453486,15463.997489046875,0.7429910647467625
2020-09-09,10235.0,8921.84817392583,15485.179156012004,0.7582364032712159
2020-09-10,10345.95,8923.525660641082,15506.384862684705,0.7735594835634714
2020-09-11,10399.99,8926.78223092948,15527.61463070615,0.7803081789525708
2020-09-12,10444.01,8931.957051045742,15548.868481732032,0.7853968257547697
2020-09-13,10336.28,8939.268087260407,15570.146437432319,0.7675980660023968
2020-09-14,10679.33,8947.838752557811,15591.448519491505,0.8174917891389136
2020-09-15,10789.8,8957.40761597876,15612.774749608621,0.8324618840791888
2020-09-16,10953.38,8968.498083643392,15634.125149496855,0.8556634977859746
2020-09-17,10947.83,8979.905051864029,15655.499740884068,0.8525451927986999
2020-09-18,10942.2,8989.066368803191,15676.898545512413,0.8496392408858685
2020-09-19,11075.33,8999.56367471877,15698.321585138601,0.8682377709615561
2020-09-20,10911.59,9009.426252435978,15719.768881533639,0.8406840097737054
2020-09-21,10425.85,9015.786008891098,15741.240456483363,0.7659146850547428
2020-09-22,10529.01,9022.052482310979,15762.736331787659,0.7795394820190861
2020-09-23,10230.11,9028.410502239807,15784.256529260856,0.7343873360923714
2020-09-24,10741.0,9041.337714210931,15805.801070732252,0.8073098104481296
2020-09-25,10693.3,9054.777280188939,15827.36997804521,0.7978788908322334
2020-09-26,10730.23,9068.725482616428,15848.963273057554,0.8010708848336671
2020-09-27,10792.18,9082.555269278124,15870.580977642085,0.8080113955284062
2020-09-28,10681.01,9117.273106359557,15892.223113685686,0.7873630419373243
2020-09-29,10845.9,9147.515570436044,15913.889703089717,0.8080750368306231
2020-09-30,10783.24,9181.088144314757,15935.580767770265,0.7947608944358108
2020-10-01,10598.64,9212.721554207727,15957.296329657778,0.7641049735666802
2020-10-02,10577.92,9246.622097606722,15979.036410697448,0.7572980896017103
2020-10-03,10545.21,9277.946074410887,16000.801032848827,0.7490605011059658
2020-10-04,10662.36,9309.330043468157,16022.590218086096,0.7621764582272254
2020-10-05,10800.0,9335.048914800782,16044.403988397802,0.7787666129429366
2020-10-06,10594.15,9359.972723311355,16066.242365787395,0.7463513764814835
2020-10-07,10671.23,9385.657030636228,16088.105372272435,0.7541528534732508
2020-10-08,10926.71,9415.493779473682,16109.993029885529,0.7871189720722626
2020-10-09,11059.3,9439.945660454689,16131.905360673405,0.8031563887737517
2020-10-10,11303.56,9464.366708115835,16153.84238669784,0.835724410326436
2020-10-11,11370.45,9489.05619083717,16175.804130034745,0.8422992378106577
2020-10-12,11534.83,9514.356614507364,16197.790612774832,0.8633505907043566
2020-10-13,11434.36,9542.600474815124,16219.801857023474,0.8447173939121716
2020-10-14,11426.87,9571.281863419736,16241.837884900597,0.8399419959013893
2020-10-15,11509.25,9603.332875587399,16263.898718540664,0.848100664611105
2020-10-16,11329.33,9630.78475577306,16285.98438009283,0.818338085209454
2020-10-17,11365.96,9658.219151974581,16308.094891720935,0.8201852620666606
2020-10-18,11516.56,9684.272922891856,16330.230275603246,0.838660560477024
2020-10-19,11765.09,9710.927210578173,16352.390553932732,0.871662891611657
2020-10-20,11917.34,9738.726486667234,16374.575748917194,0.8906076768856862
2020-10-21,12836.37,9769.024633901472,16396.785882778746,1.0286663267711509
2020-10-22,12977.02,9800.788363261892,16419.020977754742,1.0465058947714845
2020-10-23,12943.03,9828.757381304757,16441.281056096464,1.0366631172045568
2020-10-24,13120.87,9858.262648401467,16463.566140070303,1.0607205133381483
2020-10-25,13050.32,9886.644781183397,16485.876251957252,1.0449159432144297
2020-10-26,13072.95,9915.526153927643,16508.2114140529,1.0440743195110316
2020-10-27,13698.18,9949.635761055604,16530.571648667712,1.1408556114846007
2020-10-28,13280.0,9982.323174386818,16552.956978126615,1.0673059680206767
2020-10-29,13460.0,10016.014015857849,16575.36742476942,1.091269537178033
2020-10-30,13582.97,10050.202157072034,16597.803010950298,1.1060227993072147
2020-10-31,13745.02,10085.143776252813,16620.2637590387,1.1271215324208577
2020-11-01,13784.52,10122.52812873231,16642.749691418296,1.1278964299635275
2020-11-02,13573.93,10155.214876391654,16665.26083048781,1.0887043997632584
2020-11-03,14050.59,10190.254654698052,16687.797198660446,1.1609274277127144
2020-11-04,14160.0,10224.267992540435,16710.358818364464,1.1735686695722336
2020-11-05,15636.6,10264.526428525203,16732.945712042227,1.4235519937973196
2020-11-06,15596.33,10306.97229999711,16755.557902151555,1.4084934436711924
2020-11-07,14814.62,10346.839067070041,16778.195411164925,1.2642358163489813
2020-11-08,15487.88,10386.947819648898,16800.858261568927,1.3745626288739274
2020-11-09,15334.37,10424.303434364943,16823.54647586577,1.340810120462288
2020-11-10,15325.25,10461.514020438963,16846.260076571914,1.332653036428552
2020-11-11,15723.81,10500.058416327052,16868.99908621864,1.3958364812130388
2020-11-12,16319.72,10539.12002586152,16891.763527352297,1.496049843057603
2020-11-13,16339.59,10578.342225118,16914.553422533798,1.4921214053732943
2020-11-14,16093.3,10616.894624821496,16937.36879433887,1.44027944763847
2020-11-15,15946.64,10648.566093705123,16960.20966535792,1.4080433714252683
2020-11-16,16714.58,10683.681940010545,16983.076058196482,1.5397621209689756
2020-11-17,17660.9,10720.873555781332,17005.967995474777,1.7107798706689163
2020-11-18,17802.82,10757.549085479686,17028.88549982773,1.7301272238727587
2020-11-19,17804.44,10794.803240270488,17051.82859390512,1.722149887730898
2020-11-20,18702.87,10834.958475139094,17074.79730037185,1.8907482293669082
2020-11-21,18710.14,10874.451213413588,17097.7916419074,1.8828109037831051
2020-11-22,18477.48,10912.837199496253,17120.81164120583,1.827357231027053
2020-11-23,18391.21,10946.091819730746,17143.857320976636,1.802407460440977
2020-11-24,19185.07,10982.97359055032,17166.928703944028,1.952154712555975
2020-11-25,18706.15,11019.927273142077,17190.02581284669,1.8471985025754671
2020-11-26,17173.0,11056.992074303529,17213.148670438586,1.549512277739846
2020-11-27,17156.99,11095.515954192857,17236.297299488444,1.5391846290110014
2020-11-28,17718.3,11134.35194878461,17259.471722779726,1.6336223174695947
2020-11-29,18238.52,11171.69642594831,17282.67196311108,1.7228567739759073
2020-11-30,19727.0,11210.756789549565,17305.898043295765,2.005824896281056
2020-12-01,18763.35,11249.981285255279,17329.14998616237,1.8058916869281776
2020-12-02,19245.61,11290.642161176327,17352.427814553685,1.8905339113884054
2020-12-03,19430.07,11329.92624267131,17375.731551328263,1.9176906444819262
2020-12-04,18692.32,11366.95441131694,17399.061219358726,1.7666742541734408
2020-12-05,19156.82,11405.207028688725,17422.416841533468,1.8468654795475554
2020-12-06,19397.08,11446.00019256876,17445.798440755243,1.8842048376655782
2020-12-07,19202.88,11489.20424356132,17469.20603994174,1.8372557654057486
2020-12-08,18311.76,11528.982739480023,17492.639662026002,1.6626997687507987
2020-12-09,18550.01,11569.692215541934,17516.099329955745,1.697966396467755
2020-12-10,18286.8,11612.921419525588,17539.58506669376,1.6417787410683988
2020-12-11,18048.14,11654.095083185397,17563.09689521765,1.5914215983542805
2020-12-12,18826.36,11698.250614355817,17586.63483852013,1.722776943563699
2020-12-13,19133.04,11741.157175860979,17610.198919608854,1.7704872165599126
2020-12-14,19288.43,11782.228772896739,17633.789161506604,1.7906910526345814
2020-12-15,19451.34,11824.978536305309,17657.40558725083,1.8120567569069383
2020-12-16,21384.63,11871.906331037548,17681.04821989425,2.1785875173165796
2020-12-17,22830.34,11924.471217271901,17704.717082504572,2.468860990655078
2020-12-18,23169.26,11973.415555807804,17728.41219816447,2.5289277957011107
2020-12-19,23814.91,12028.502039942636,17752.13358997148,2.6560471819761653
2020-12-20,23451.68,12081.884624268987,17775.881281038408,2.5608379308875424
2020-12-21,22777.26,12132.942975331278,17799.655294493212,2.4022887648706903
2020-12-22,23839.99,12188.446779762564,17823.455653478413,2.6162055495024954
2020-12-23,23196.57,12241.915967367162,17847.282381151832,2.4627824762013923
2020-12-24,23740.01,12296.419179861261,17871.135500686305,2.5646670239634872
2020-12-25,24736.42,12353.263526516757,17895.015035269975,2.767960693663468
2020-12-26,26519.1,12415.039813507128,17918.921008105714,3.1612408867719215
2020-12-27,26320.06,12475.890516096664,17942.853442411717,3.0946439226399867
2020-12-28,27044.14,12542.934972023866,17966.81236142121,3.2454591570264615
2020-12-29,27407.85,12609.780778725473,17990.797788382006,3.3112500580069932
2020-12-30,28934.56,12680.349605096593,18014.80974655771,3.6649905376014136
2020-12-31,29026.97,12752.612287167929,18038.848259226957,3.6626502260356144
2021-01-01,29391.09,12825.255093595526,18062.913349682705,3.7288728505720776
2021-01-02,32244.73,12903.62543009541,18087.005041234148,4.454911512447637
2021-01-03,33134.1,12984.748621200908,18111.123357204648,4.668436139014483
2021-01-04,32127.31,13065.007065974012,18135.26832093322,4.356273048033565
2021-01-05,34131.23,13150.321566516664,18159.439955773818,4.878261256997741
2021-01-06,36979.81,13240.957667207242,18183.63828509574,5.6797493452046774
2021-01-07,39573.39,13337.3254388953,18207.863332282945,6.448798051461957
2021-01-08,40666.72,13433.243331978376,18232.11512073505,6.752434108405208
2021-01-09,40346.3,13529.856202279183,18256.393673866613,6.5902100015234115
2021-01-10,38242.02,13625.962391842968,18280.699015107144,5.871129563113881
2021-01-11,35474.31,13717.977278026052,18305.03116790185,5.011495698198086
2021-01-12,33968.43,13808.186312546934,18329.390155710724,4.558965388770285
2021-01-13,37520.66,13907.096844312511,18353.776002008737,5.515425621702015
2021-01-14,39171.12,14008.79323343102,18378.188730286707,5.959756915301767
2021-01-15,36868.39,14106.431700509924,18402.628364049968,5.236140839947572
2021-01-16,35869.47,14203.277342128562,18427.094926819438,4.915916288332117
2021-01-17,35931.15,14300.057278901393,18451.588442130997,4.892949104738205
2021-01-18,36765.97,14400.333050547353,18476.10893353611,5.080529837409854
2021-01-19,35673.03,14499.431737153334,18500.656424601082,4.743969394240729
2021-01-20,35570.44,14598.29447056415,18525.23093890765,4.678565610504435
2021-01-21,30647.26,14687.288043547223,18549.832500052555,3.4474795673355456
2021-01-22,32885.51,14780.081662767267,18574.461131648135,3.9392732419885275
2021-01-23,32021.33,14872.026165861973,18599.116857321573,3.7069460772503393
2021-01-24,32250.01,14963.695021765452,18623.799700715528,3.7320939415250924
2021-01-25,31979.0,15056.951487485258,18648.509685488112,3.64207241372638
2021-01-26,32579.82,15151.645806495786,18673.24683531216,3.7516102486675544
2021-01-27,30552.06,15242.556989498591,18698.011173876275,3.2751240494288383
2021-01-28,33484.8,15340.39132808746,18722.80272488395,3.9038050255171033
2021-01-29,34330.14,15441.474724267364,18747.621512054153,4.071141496531214
2021-01-30,34229.25,15542.758395864865,18772.4675591215,4.015552497886663
2021-01-31,33076.09,15642.567008531258,18797.34088983518,3.7206934391743376
2021-02-01,33457.6,15744.465719792475,18822.241527960054,3.777376722220194
2021-02-02,35511.07,15851.603429761957,18847.16949727632,4.220930310281872
2021-02-03,37769.41,15964.156038942534,18872.124821579393,4.73493080831416
2021-02-04,37070.87,16075.595532516405,18897.107524680196,4.523797455340494
2021-02-05,38376.86,16191.149119117443,18922.11763040472,4.807191964379815
2021-02-06,38995.52,16306.767568336936,18947.15516259448,4.921727214095653
2021-02-07,38888.74,16421.688984745226,18972.220145106065,4.854134059776135
2021-02-08,46674.44,16551.948946827353,18997.312601811595,6.9281443017415345
2021-02-09,46595.44,16683.61130586624,19022.43255659874,6.841175285775417
2021-02-10,44887.29,16811.822771452335,19047.580033370246,6.292049963259562
2021-02-11,48121.0,16944.8818125193,19072.755056044265,7.165018436496665
2021-02-12,47524.18,17068.480167327045,19097.957648554344,6.928631859369953
2021-02-13,47274.23,17193.739339836513,19123.187834849443,6.797016094799575
2021-02-14,48703.26,17321.33804214292,19148.445638893772,7.151565169919085
2021-02-15,47911.87,17448.146193376775,19173.731084667284,6.861677779295081
2021-02-16,49257.23,17576.496498583423,19199.044196164712,7.1899860968511105
2021-02-17,52269.84,17707.737976458786,19224.384997396854,8.02577165175741
2021-02-18,51644.16,17844.787303215082,19249.753512389463,7.764363998273094
2021-02-19,56029.51,17988.730257070016,19275.149765183894,9.053893426988344
2021-02-20,55960.05,18134.024157476557,19300.57377983709,8.947295431570325
2021-02-21,57538.47,18278.73290426793,19326.02558042082,9.3719072516791
2021-02-22,54130.33,18418.744840916665,19351.505191022927,8.22065774038271
2021-02-23,48972.11,18551.86948748065,19377.012635746563,6.671494461261696
2021-02-24,49789.99,18686.05566729172,19402.547938709853,6.8376627202384554
2021-02-25,46927.73,18816.34212127362,19428.111124047195,6.024115834670269
2021-02-26,46360.17,18944.75034574535,19453.702215907648,5.831749884589473
2021-02-27,45973.56,19077.408474789965,19479.321238456236,5.687521764817036
2021-02-28,45352.29,19208.214288514915,19504.968215873305,5.489922365607792
2021-03-01,49652.19,19346.51214097673,19530.643172354514,6.5246555827624
2021-03-02,48368.22,19483.58091119298,19556.346132111503,6.139934181962598
2021-03-03,50164.67,19624.626283334335,19582.077119370602,6.548408560913222
2021-03-04,48327.39,19762.42578381825,19607.836158374444,6.027216068139918
2021-03-05,48908.09,19899.089403570502,19633.623273380847,6.122485265622189
2021-03-06,48986.85,20039.67522363371,19659.438488662814,6.091121180150713
2021-03-07,50858.34,20186.8969920069,19685.281828509505,6.508983309115608
2021-03-08,52472.59,20337.59031416498,19711.153317225122,6.868366664342323
2021-03-09,54999.99,20497.120497521166,19737.05297912938,7.4773904669494256
2021-03-10,56046.27,20658.51778072052,19762.98083855802,7.693816454459805
2021-03-11,57911.02,20824.823494955006,19788.93691986183,8.138017799065496
2021-03-12,57174.89,20990.118344485818,19814.92124740728,7.859654178158927
2021-03-13,61130.22,21167.8136112649,19840.933845576572,8.89761901145477
2021-03-14,59192.98,21342.310246140383,19866.974738767112,8.263561065157093
2021-03-15,55430.19,21512.295958545586,19893.043951392192,7.179674050734035
2021-03-16,57126.52,21685.02483801389,19919.141507880824,7.555183148301677
2021-03-17,59221.23,21863.755728713466,19945.26743267709,8.042484194670129
2021-03-18,57562.46,22038.3918607351,19971.421750240977,7.528176757335977
2021-03-19,58001.29,22215.827385911,19997.604485047865,7.572422523423309
2021-03-20,58051.01,22392.452684460375,20023.815661589208,7.515728041857016
2021-03-21,57402.03,22574.267133293037,20050.05530437156,7.279897554325251
2021-03-22,54230.21,22763.360467796952,20076.323437917206,6.435199467281405
2021-03-23,54268.81,22954.068348751982,20102.62008676437,6.382462347808564
2021-03-24,52294.65,23142.96461174103,20128.945275466373,5.870492140409926
2021-03-25,51386.2,23330.2022171437,20155.299028592784,5.615458949922489
2021-03-26,55314.11,23526.08362220954,20181.681370727973,6.4441386567132755
2021-03-27,55932.18,23728.01202977381,20208.092326473063,6.524343557584959
2021-03-28,55821.59,23930.122711598266,20234.53192044364,6.435263244843681
2021-03-29,57630.72,24136.502784437656,20261.000177272064,6.7916119914399795
2021-03-30,58800.0,24346.473607621112,20287.497121605502,6.999872263727554
2021-03-31,58837.71,24557.831117626065,20314.022778107068,6.939458441391983
2021-04-01,58768.84,24772.162640870873,20340.577171455858,6.854362082544534
2021-04-02,59019.55,24984.817535404905,20367.160326346268,6.845183951810891
2021-04-03,56731.0,25193.019182646043,20393.7722674885,6.264163652749181
2021-04-04,58266.39,25404.43655492613,20420.41301960858,6.544283938317391
2021-04-05,59200.0,25619.72922913347,20447.082607448017,6.690175744780024
2021-04-06,58018.31,25834.308272666254,20473.781055764146,6.364074516840377
2021-04-07,55962.11,26044.41006347811,20500.508389330134,5.8655535735119395
2021-04-08,58108.65,26263.118203967024,20527.26463293465,6.263314251274606
2021-04-09,58126.14,26489.73345672488,20554.049811382203,6.205374177378908
2021-04-10,60039.35,26721.315241828674,20580.86394949314,6.554665466301899
2021-04-11,60133.37,26959.01415865271,20607.707072103338,6.508747252250327
2021-04-12,59903.04,27191.679176224192,20634.57920406435,6.3953759770771335
2021-04-13,63660.94,27435.30761403471,20661.4803702441,7.149486081475434
2021-04-14,63283.43,27679.818553631634,20688.410595525525,6.993420696733037
2021-04-15,63346.93,27925.844851924398,20715.36990480779,6.93668752205696
2021-04-16,61486.08,28171.316526912284,20742.35832300558,6.469762463641673
2021-04-17,60199.33,28413.764303650736,20769.375875049296,6.140886856777041
2021-04-18,56351.2,28649.664667199548,20796.422585885743,5.329643508509998
2021-04-19,55797.39,28888.591102823706,20823.498480476752,5.175445171225864
2021-04-20,56514.9,29131.65615247653,20850.60358380057,5.258260772784135
2021-04-21,53919.48,29370.316565076464,20877.737920850497,4.741320586208308
2021-04-22,51653.27,29602.940342122798,20904.90151663658,4.31134388825273
2021-04-23,51231.69,29834.270604740035,20932.09439618393,4.202901922293861
2021-04-24,50167.5,30067.145989104505,20959.316584533917,3.9937014392125327
2021-04-25,49272.06,30298.012294326858,20986.568106743485,3.818087503033934
2021-04-26,53969.71,30540.942884820695,21013.84898788568,4.538497714765414
2021-04-27,55120.81,30787.213299753235,21041.15925304914,4.690197575350465
2021-04-28,54964.11,31031.638000453007,21068.49892733842,4.620831215783338
2021-04-29,53562.87,31273.042229086157,21095.868035874206,4.348706997143296
2021-04-30,57640.17,31525.62473036155,21123.266603792435,4.989140381466698
2021-05-01,57868.94,31782.26686033172,21150.694656245858,4.98174563852357
2021-05-02,56631.64,32037.64089651085,21178.15221840214,4.726826727119733
2021-05-03,57213.29,32295.55695885593,21205.63931544527,4.779689618598464
2021-05-04,53128.68,32546.058643424174,21233.155972575176,4.084558298619146
2021-05-05,57518.01,32810.99429223444,21260.702215007434,4.742536783818131
2021-05-06,56485.77,33072.91484585795,21288.2780679741,4.531741195263883
2021-05-07,57373.88,33335.96776617371,21315.88355672253,4.632463806066199
2021-05-08,59045.17,33603.77690340943,21343.518706516224,4.860877123939801
2021-05-09,58410.34,33859.32767205815,21371.18354263434,4.71490084583193
2021-05-10,55936.77,34107.58281873531,21398.878090372542,4.286993480058963
2021-05-11,56719.0,34360.49450117461,21426.602375042152,4.369627489385514
2021-05-12,49095.57,34587.94850732955,21454.35642197015,3.2482116381110218
2021-05-13,49635.45,34819.75073222308,21482.140256499693,3.293674835241575
2021-05-14,49923.92,35053.81845910351,21509.95390399014,3.305540970036343
2021-05-15,46984.74,35270.515155667075,21537.797389816333,2.9060331610509937
2021-05-16,46523.31,35492.30178594573,21565.670739369674,2.8277699571010175
2021-05-17,43768.74,35702.182078484606,21593.57397805689,2.484899333126927
2021-05-18,42989.8,35908.44626919819,21621.507131301274,2.3803908496166724
2021-05-19,37236.61,36087.827465150636,21649.470224541445,1.7747298797677233
2021-05-20,40749.78,36283.93713735181,21677.46328323261,2.1111917090443297
2021-05-21,37425.0,36468.39808526632,21705.486332845838,1.7694463940562284
2021-05-22,37383.34,36647.26803346146,21733.539398868263,1.7546242931200893
2021-05-23,34927.4,36813.07703116017,21761.62250680254,1.522786870938946
2021-05-24,38725.06,36980.37990776253,21789.73568216828,1.8610621134609662
2021-05-25,38370.0,37147.21123350104,21817.878950499922,1.8165395387681593
2021-05-26,39213.41,37328.44818407305,21846.052337349047,1.8856292866398134
2021-05-27,38368.17,37498.14908361488,21874.255868282595,1.7947297096481136
2021-05-28,35770.0,37657.29290647431,21902.489568884142,1.5512982469770293
2021-05-29,34621.64,37811.05513703724,21930.75346475227,1.4455160658598498
2021-05-30,35545.27,37965.56932742535,21959.047581502913,1.5155149268978363
2021-05-31,37153.71,38122.06033017376,21987.371944767387,1.6468524355335414
2021-06-01,36764.58,38276.94839019915,22015.726580192575,1.6039428442246961
2021-06-02,37501.36,38439.19784221995,22044.11151344291,1.6596905464528533
2021-06-03,39215.09,38612.528002423234,22072.526770197313,1.8043722679709981
2021-06-04,36895.48,38765.699485053025,22100.972376151916,1.5888661877701138
2021-06-05,35565.0,38901.6188721393,22129.448357018427,1.4692894608853975
2021-06-06,35873.42,39038.13796374967,22157.95473852469,1.4877391749024058
2021-06-07,33816.09,39163.551638077326,22186.491546414858,1.3160611857641429
2021-06-08,33432.26,39277.456592068425,22215.058806449048,1.2809749785517808
2021-06-09,37357.02,39413.48461229051,22243.656544403515,1.5918180900060581
2021-06-10,36717.51,39549.0436086336,22272.28478607103,1.5305435336943836
2021-06-11,37282.15,39689.02579829474,22300.94355725962,1.5703925326015808
2021-06-12,35609.66,39811.95102037736,22329.632883794362,1.4263976347847496
2021-06-13,39122.03,39959.095206874554,22358.352791515965,1.7131181369137012
2021-06-14,40496.92,40130.86539146206,22387.103306281486,1.8254399876992506
2021-06-15,40093.93,40301.54659044001,22415.884453964336,1.7794249004401113
2021-06-16,38394.4,40457.676912966424,22444.696260453562,1.6233833816146461
2021-06-17,38027.63,40606.5871697788,22473.538751654753,1.5846398236587966
2021-06-18,35777.39,40727.638409367726,22502.411953489696,1.3966867428309042
2021-06-19,35498.24,40857.68073299059,22531.315891896553,1.3688421686688979
2021-06-20,35565.82,40983.32746799809,22560.250592828947,1.3680895222567377
2021-06-21,31686.69,41083.669679376595,22589.216082257626,1.0818906351545343
2021-06-22,32508.26,41197.50179510913,22618.212386168812,1.134118121839137
2021-06-23,33688.35,41313.944612888576,22647.239530565676,1.2129629751386357
2021-06-24,34695.34,41434.23614700969,22676.297541466687,1.281181950910427
2021-06-25,31704.87,41538.244176958746,22705.386444907275,1.0657980483518237
2021-06-26,32265.95,41656.06158996929,22734.506266939097,1.0993226579912674
2021-06-27,34596.99,41786.084448623085,22763.657033629497,1.2583542513557915
2021-06-28,34541.8,41919.173750180846,22792.838771062598,1.2487594798312613
2021-06-29,35928.75,42063.72816499068,22822.051505338593,1.3446887530623484
2021-06-30,34995.83,42194.32190743464,22851.29526257411,1.2701872897611424
2021-07-01,33538.49,42312.90174280139,22880.57006890146,1.1618427728705178
2021-07-02,33832.49,42431.9504169461,22909.87595046997,1.1774763466679827
2021-07-03,34633.93,42554.5258752385,22939.21293344485,1.228794562131704
2021-07-04,35126.9,42660.25494803248,22968.58104400758,1.2592792174689453
2021-07-05,33673.22,42743.22707561756,22997.98030835629,1.1534858991433026
2021-07-06,34193.9,42826.490848517045,23027.410752705007,1.1856040562357655
2021-07-07,33791.0,42901.477649183784,23056.87240328404,1.1543285619818766
2021-07-08,32878.23,42974.01421299519,23086.365286340562,1.0895705904829054
2021-07-09,33766.87,43058.69563875493,23115.88942813765,1.1455396702702714
2021-07-10,33547.19,43132.30029252458,23145.444854954487,1.1273120371001288
2021-07-11,34236.21,43216.334635102656,23175.03159308714,1.1703158817393937
2021-07-12,33096.86,43288.1931952946,23204.649668847593,1.0905086393083028
2021-07-13,32768.54,43349.09752360182,23234.299108564526,1.0661162114337182
2021-07-14,32817.18,43395.30776691914,23263.97993858274,1.066782126848861
2021-07-15,31891.09,43436.98623899194,23293.692185262986,1.005172755684673
2021-07-16,31408.78,43469.492981539915,23323.435874983476,0.9730273146567229
2021-07-17,31503.78,43499.775259873626,23353.211034138003,0.9769935912721491
2021-07-18,31753.02,43519.99672061502,23383.01768913668,0.9907878260331366
2021-07-19,30849.9,43533.252342915795,23412.85586640655,0.9337530113435594
2021-07-20,29788.61,43536.17668690495,23442.725592390423,0.8694449438078693
2021-07-21,32086.04,43535.10275530427,23472.62689354803,1.0074673298834322
2021-07-22,32327.95,43529.74156721618,23502.559796355272,1.0215392933669318
2021-07-23,33700.0,43540.14454440237,23532.524327304414,1.1084125104577798
2021-07-24,34275.43,43541.062373794746,23562.520512904463,1.1451043299019998
2021-07-25,35368.57,43531.365005409985,23592.548379680225,1.218029655733489
2021-07-26,37269.12,43518.30933431341,23622.60795417365,1.3511339894564138
2021-07-27,39381.82,43511.32394888737,23652.69926294269,1.5069837098741707
2021-07-28,40031.56,43509.62017673307,23682.822332561864,1.5552001165205462
2021-07-29,40024.94,43519.53450508645,23712.977189622092,1.5523550333994796
2021-07-30,42188.95,43557.27131894197,23743.16386073107,1.7210685897321898
2021-07-31,41472.42,43600.762534515525,23773.382372512315,1.6593335558133544
2021-08-01,39816.76,43613.713058686524,23803.632751606718,1.527093158803563
2021-08-02,39146.69,43613.57701282648,23833.915024670612,1.4742563245090345
2021-08-03,38207.27,43621.356464377735,23864.229218377914,1.4023145385286089
2021-08-04,39730.0,43643.65704987011,23894.575359417784,1.5136193767895676
2021-08-05,40893.75,43671.89765677757,23924.953474497175,1.600518542094394
2021-08-06,42827.76,43705.2350460988,23955.363590338693,1.751920899190942
2021-08-07,44488.87,43753.52191833413,23985.805733681766,1.8859727827099209
2021-08-08,43933.26,43799.740560815786,24016.279931282068,1.8348881086861715
2021-08-09,46208.5,43889.75829426772,24046.786209912494,2.023128696854106
2021-08-10,45565.76,43961.384286149136,24077.324596361414,1.961542172128778
2021-08-11,45482.95,44038.590006972576,24107.895117434633,1.9485185788028085
2021-08-12,44454.37,44109.3165480716,24138.497799954417,1.8560443598835203
2021-08-13,47765.41,44197.89357324448,24169.1326707589,2.135818688817751
2021-08-14,47134.61,44279.5835820217,24199.799756703476,2.0733113999131523
2021-08-15,47090.0,44375.47031327862,24230.499084659812,2.062301000050057
2021-08-16,45930.71,44445.64838682927,24261.230681516456,1.9564296870177926
2021-08-17,44718.51,44504.43633970363,24291.994574177836,1.8497292699704473
2021-08-18,44735.2,44564.040983010746,24322.790789565668,1.8462937408484572
2021-08-19,46736.74,44641.14098346859,24353.61935461816,2.0091762327016425
2021-08-20,49350.99,44727.980677158106,24384.480296289617,2.233052547266013
2021-08-21,48896.95,44799.5737306115,24415.373641551647,2.185879837439538
2021-08-22,49328.47,44859.42152321781,24446.29941739196,2.2188528166488206
2021-08-23,49464.66,44924.16153335015,24477.257650814987,2.225088642857624
2021-08-24,47770.4,44973.36953269438,24508.24836884187,2.0703799604522026
2021-08-25,48985.05,45024.68380310293,24539.27159851047,2.1717747144480826
2021-08-26,46770.6,45066.24951618589,24570.327366875386,1.9755295162148017
2021-08-27,49082.04,45077.584312730185,24601.41570100714,2.172323379061273
2021-08-28,48963.41,45088.758312429374,24632.53662799399,2.158568819830061
2021-08-29,48770.78,45107.468771258806,24663.690174939744,2.138025543499319
2021-08-30,46924.16,45101.78874742717,24694.87636896595,1.9769350041006157
2021-08-31,47065.73,45099.60282972385,24726.095237209913,1.9864669470997844
2021-09-01,48889.19,45107.17816557851,24757.346806826292,2.1403062723348225
2021-09-02,49273.33,45109.80280145882,24788.631104985907,2.1712026210642463
2021-09-03,49919.31,45119.06132507404,24819.94815887675,2.2252367392072108
2021-09-04,49949.07,45122.207976640326,24851.29799570318,2.2249250875937707
2021-09-05,51782.76,45120.095797685775,24882.680642686133,2.388378814217375
2021-09-06,52691.2,45124.62412842728,24914.096127063935,2.469547850728153
2021-09-07,46943.82,45084.7229697302,24945.544476091098,1.9594512405810542
2021-09-08,46022.48,45040.67236786887,24977.02571703851,1.8827577730288043
2021-09-09,46414.58,44992.31562460612,25008.539877194875,1.9146181343681523
2021-09-10,44897.75,44950.26590241171,25040.086983864494,1.7909400826525423
2021-09-11,45127.48,44931.894083812615,25071.66706436887,1.8077743763076008
2021-09-12,46010.13,44914.16018670414,25103.280146046935,1.877557146781478
2021-09-13,44969.02,44904.586642181304,25134.926256253006,1.7916720882244626
2021-09-14,47096.48,44908.1247192368,25166.605422359255,1.962579861099518
2021-09-15,48106.71,44918.309963413594,25198.31767175427,2.04463767488952
2021-09-16,47772.7,44929.98882150998,25230.063031843474,2.013283473277876
2021-09-17,47337.8,44919.266802692255,25261.841530048914,1.9747788879839336
2021-09-18,48300.04,44918.94998874334,25293.653193809703,2.0533067057528056
2021-09-19,47270.75,44905.60671193504,25325.49805058138,1.9648365233063243
2021-09-20,42991.14,44879.34361973258,25357.376127836545,1.6240788618268334
2021-09-21,40656.13,44837.895783642925,25389.287453064662,1.4519656326278574
2021-09-22,43544.09,44811.49898926304,25421.232053772062,1.6644561995017118
2021-09-23,44892.71,44783.55234494776,25453.209957481522,1.7680337292041761
2021-09-24,42816.65,44738.038700849385,25485.221191733115,1.6079036516379206
2021-09-25,42682.26,44681.358071878334,25517.26578408317,1.5978437635867322
2021-09-26,43142.04,44622.93528476523,25549.343762105527,1.632538642637036
2021-09-27,42214.52,44552.45475923678,25581.4551533907,1.563604199716784
2021-09-28,41006.19,44478.47190466504,25613.599985545483,1.4759728139683723
2021-09-29,41522.49,44392.540076067184,25645.778286194603,1.5144010412216296
2021-09-30,43834.03,44325.914193479504,25677.990082978446,1.6881229449833084
2021-10-01,48145.34,44294.697575744016,25710.235403555354,2.035404461351921
2021-10-02,47692.85,44254.74252905946,25742.51427559974,1.996621624153365
2021-10-03,48179.83,44209.10853875124,25774.826726803367,2.037150029566261
2021-10-04,49248.68,44174.64151758151,25807.172784874914,2.1275301631948222
2021-10-05,51441.74,44148.141294917834,25839.552477539994,2.3197110353107138
2021-10-06,55278.64,44137.340552933856,25871.965832540318,2.6759568660538724
2021-10-07,53844.74,44123.22439032109,25904.412877636,2.536562532085642
2021-10-08,53983.21,44122.21727577179,25936.893640602644,2.5464908543640106
2021-10-09,54951.3,44124.97448823984,25969.408149233626,2.6351747647309214
2021-10-10,54655.3,44134.71661923342,26001.956431339084,2.6030241433852157
2021-10-11,57440.05,44159.30035293143,26034.5385147459,2.869839116276715
2021-10-12,56019.29,44162.09750617739,26067.154427298123,2.726037860777243
2021-10-13,57372.59,44167.71236228588,26099.804196857003,2.855398695196504
2021-10-14,57327.09,44173.5898360479,26132.487851299906,2.846927073386652
2021-10-15,61682.48,44188.59907643587,26165.20541852203,3.290707426422281
2021-10-16,60880.85,44196.28343938952,26197.956926435352,3.2011663328353586
2021-10-17,61541.01,44206.21121762339,26230.74240296862,3.2661442545422266
2021-10-18,62036.95,44218.174681673474,26263.561876067582,3.3139537254538696
2021-10-19,64353.53,44237.30827544984,26296.4153736952,3.5600779247138683
2021-10-20,66005.17,44270.811312930375,26329.30292383123,3.73765374245441
2021-10-21,62152.09,44285.1040204576,26362.22455447265,3.3088093970582357
2021-10-22,60671.75,44290.54182200405,26395.180293633246,3.1487444686356514
2021-10-23,61308.09,44302.75732243514,26428.17016934425,3.210241622078589
2021-10-24,60889.41,44321.453577277585,26461.194209653055,3.1612591278249687
2021-10-25,63102.83,44339.72910356437,26494.25244262518,3.3896352536849883
2021-10-26,60341.21,44348.02136606997,26527.344896342518,3.094995324847886
2021-10-27,58517.61,44342.32912049141,26560.47159890401,2.9074943357690732
2021-10-28,60577.62,44343.9610788697,26593.632578425633,3.111804213938977
2021-10-29,62316.4,44352.719294719165,26626.827863041086,3.2882515243688384
2021-10-30,62062.88,44347.08172983868,26660.057480900457,3.257899793955944
2021-10-31,61333.45,44340.142363766456,26693.321460171122,3.17830147193692
2021-11-01,60950.0,44331.59161797492,26726.619829037303,3.135379106254075
2021-11-02,63357.2,44338.23692215224,26759.952615700942,3.3832040490039534
2021-11-03,62944.4,44348.123361468024,26793.319848380634,3.3343594883299112
2021-11-04,61499.24,44367.512447539055,26826.721555311826,3.1776555304603296
2021-11-05,61000.01,44387.29299417047,26860.15776474793,3.1209915533450037
2021-11-06,61539.3,44406.19972012464,26893.628504958364,3.1711157488249775
2021-11-07,63433.66,44442.295043906895,26927.133804230503,3.362427535284514
2021-11-08,67510.06,44501.82602890513,26960.67369086862,3.7986424415082354
2021-11-09,66967.98,44561.46643191472,26994.24819319409,3.7282385061738283
2021-11-10,64896.86,44618.86106209026,27027.857339545393,3.492346046476843
2021-11-11,64793.69,44679.9975148665,27061.501158278577,3.4721653835909545
2021-11-12,64158.51,44718.64762582902,27095.179677766148,3.3972526210294927
2021-11-13,64482.54,44753.73582247165,27128.892926398174,3.424702943317054
2021-11-14,65714.05,44793.72599844823,27162.640932581864,3.5491739558784055
2021-11-15,63441.68,44831.65208505166,27196.42372474178,3.301055361047733
2021-11-16,60147.32,44841.19712441041,27230.24133131941,2.962810489096428
2021-11-17,60314.28,44850.47754283458,27264.09378077338,2.9749670308266993
2021-11-18,57017.38,44851.99985981106,27297.98110157992,2.655230166557055
2021-11-19,58187.85,44855.78785098512,27331.90332223197,2.761698450600293
2021-11-20,59771.71,44882.21918784064,27365.860471240307,2.908760276912687
2021-11-21,58742.9,44886.94826763832,27399.852577131973,2.8057079291847433
2021-11-22,56254.57,44886.02776566224,27433.87966845208,2.5699058652546363
2021-11-23,57599.99,44886.91051342236,27467.941773762912,2.6909088265140224
2021-11-24,57255.24,44880.00214663619,27502.0389216435,2.655906106938373
2021-11-25,59022.44,44882.34152871234,27536.171140690498,2.818741570041808
2021-11-26,53839.39,44873.76609776624,27570.338459517985,2.3429641522672346
2021-11-27,54665.93,44865.49469817235,27604.540906756785,2.4129064942244405
2021-11-28,57471.87,44900.84620832104,27638.778511055374,2.6615662763692476
2021-11-29,57828.33,44935.157607986686,27673.05130107898,2.6892921481176577
2021-11-30,56879.47,44964.47257751949,27707.35930551118,2.5968474723252135
2021-12-01,57228.47,45008.83585565239,27741.702553051866,2.6229703381157616
2021-12-02,56566.29,45052.84443535636,27776.08107241859,2.556949817636796
2021-12-03,53681.96,45098.85721546023,27810.49489234592,2.297642594690812
2021-12-04,49335.0,45129.91190161656,27844.944041586325,1.9368653503651574
2021-12-05,49511.76,45194.24929397252,27879.428548908843,1.9455826488967631
2021-12-06,50588.91,45243.14922952941,27913.94844310065,2.0264530445156264
2021-12-07,50676.09,45311.77066419947,27948.503752965495,2.0278536156175155
2021-12-08,50531.51,45380.100616845055,27983.094507325062,2.0107744520616504
2021-12-09,47639.07,45450.581033771654,28017.720735018065,1.7821912523241799
2021-12-10,47268.48,45495.90802188279,28052.38246490024,1.7506574868104743
2021-12-11,49432.46,45553.57224246934,28087.079725845524,1.909833121340063
2021-12-12,50065.39,45609.252476662725,28121.812546744655,1.9542447046312057
2021-12-13,46639.86,45653.79507604166,28156.58095650565,1.6922233124723527
2021-12-14,48343.16,45722.60496231972,28191.384984054275,1.813103900766033
2021-12-15,48885.97,45801.547160567854,28226.22465833334,1.8485684281606685
2021-12-16,47605.48,45868.498546517825,28261.100008303416,1.7482772683304586
2021-12-17,46240.15,45918.70266108334,28296.011062942143,1.6455975890615655
2021-12-18,46813.13,45974.21260004402,28330.957851244457,1.6825183196920819
2021-12-19,46683.77,46024.586391996374,28365.940402223296,1.6693398506524086
2021-12-20,46963.71,46066.09938631585,28400.958744908447,1.685816708983388
2021-12-21,48954.47,46131.28330121725,28436.01290834725,1.8269239419913852
2021-12-22,48646.94,46203.587700002216,28471.10292160482,1.798999587300109
2021-12-23,50840.46,46284.21296324662,28506.228813763144,1.9590534835655415
2021-12-24,50815.7,46378.55953333635,28541.390613922005,1.9507581942022134
2021-12-25,50395.07,46473.81955296865,28576.588351198756,1.9123058754110296
2021-12-26,50841.73,46545.49013282541,28611.822054728083,1.9409641620157747
2021-12-27,50663.26,46620.476431144714,28647.091753661563,1.921892167392704
2021-12-28,47594.55,46677.4356388478,28682.397477169052,1.6919674788774146
2021-12-29,46518.8,46739.84761902471,28717.739254437998,1.6122020391414078
2021-12-30,47097.85,46783.22867291528,28753.117114672514,1.649024242974435
2021-12-31,46244.63,46814.284192529405,28788.531087094776,1.5868092554045272
2022-01-01,47748.83,46855.201272225444,28823.981200944098,1.6881603480225187
2022-01-02,47258.52,46903.89067827875,28859.467485477642,1.6499206236167603
2022-01-03,46519.76,46951.18522494383,28894.98996996995,1.5951657745742867
2022-01-04,45889.4,47009.65658507303,28930.548683713187,1.5483923243744544
2022-01-05,43422.85,47057.0433119639,28966.143656016913,1.3833157842224826
2022-01-06,43133.33,47102.4543042141,29001.774916208073,1.3619396434292779
2022-01-07,41656.16,47166.9233629412,29037.442493631737,1.2669589801866055
2022-01-08,41667.48,47225.50016849886,29073.146417649426,1.2645204858657857
2022-01-09,41838.78,47276.69001072861,29108.886717641497,1.2719948877010256
2022-01-10,41872.47,47321.15647876797,29144.663423005004,1.2712845416324448
2022-01-11,42771.24,47392.04826151871,29180.476563155145,1.3228354446951827
2022-01-12,43884.25,47464.97978248892,29216.32616752407,1.388732043354856
2022-01-13,42617.64,47514.488198012456,29252.21226556182,1.3067545507368568
2022-01-14,43158.68,47567.42822790946,29288.134886736363,1.337010811769448
2022-01-15,43082.34,47610.63320131729,29324.09406053239,1.3294438712426244
2022-01-16,43137.67,47660.45228557808,29360.089816452986,1.3298352126038555
2022-01-17,42285.47,47715.71079469287,29396.1221840187,1.274767206595281
2022-01-18,42411.61,47769.66015772486,29432.191192767525,1.2793658991739456
2022-01-19,41723.49,47814.16169802949,29468.29687225516,1.2355196990357964
2022-01-20,40696.22,47849.35821742721,29504.439252055006,1.1731260064907523
2022-01-21,36513.29,47868.734775601646,29540.61836175746,0.9428235072994402
2022-01-22,35108.16,47875.05059015105,29576.83423097159,0.8704727991677658
2022-01-23,36233.04,47891.75637083227,29613.086889323466,0.9256889966027912
2022-01-24,36643.49,47917.726740125705,29649.37636645737,0.9451089819107275
2022-01-25,36976.64,47939.487817465975,29685.70269203411,0.960758348149948
2022-01-26,36838.9,47961.92904776032,29722.065895733424,0.9520015875643973
2022-01-27,37139.68,47981.45402579816,29758.46600725184,0.9660339066976439
2022-01-28,37677.8,48012.56392149725,29794.90305630412,0.9923713049922848
2022-01-29,38166.62,48049.18563725231,29831.377072622763,1.0162675740022722
2022-01-30,37918.6,48083.9112170686,29867.88808595756,1.0011526162613493
2022-01-31,38430.3,48128.77508132267,29904.436126076045,1.026141195065552
2022-02-01,38745.11,48179.31686091701,29941.021222763535,1.0406544592721405
2022-02-02,36905.98,48217.457702930056,29977.643405823113,0.9423054147670517
2022-02-03,37238.31,48255.89032666623,30014.30270507564,0.9574174417201822
2022-02-04,41545.39,48327.76136102194,30050.999150360014,1.1884750966749094
2022-02-05,41447.5,48407.640954520844,30087.73277153218,1.1794873801350465
2022-02-06,42496.61,48475.70228238676,30124.503598466126,1.2367005839250373
2022-02-07,43897.96,48549.91125779696,30161.311661053638,1.3159821912677347
2022-02-08,44147.59,48615.50774403663,30198.156989204304,1.3275739951206345
2022-02-09,44402.94,48678.47565031131,30235.03961284553,1.3396024744346304
2022-02-10,43477.29,48728.74146164838,30271.959561922034,1.2814427335899436
2022-02-11,42391.54,48760.12890714871,30308.916866397107,1.2159707445512176
2022-02-12,42217.48,48777.08332869347,30345.91155625111,1.204116748460375
2022-02-13,42097.33,48789.356253805905,30382.943661482495,1.195512626789948
2022-02-14,42572.56,48804.4118379914,30420.013212107544,1.2207902465369567
2022-02-15,44469.73,48817.261386954924,30457.120238160132,1.3300462261616666
2022-02-16,43897.22,48831.13291845828,30494.264769692232,1.2940738686949436
2022-02-17,40553.82,48835.61143962447,30531.446836773666,1.1030101870523679
2022-02-18,39993.11,48840.83500920034,30568.666469491367,1.0712992025086956
2022-02-19,40089.18,48852.57791877356,30605.923697951373,1.074883432244629
2022-02-20,38426.4,48844.42953738827,30643.218552276347,0.9865292765763282
2022-02-21,37075.4,48820.4958780103,30680.55106260732,0.9177118685304214
2022-02-22,38261.46,48792.98269808519,30717.9212591032,0.9767285581695025
2022-02-23,37225.0,48749.51326148007,30755.329171941037,0.9242272079526653
2022-02-24,38367.61,48716.506870139325,30792.774831315004,0.9813061646345089
2022-02-25,39212.8,48676.536635911296,30830.25826743793,1.024610672925175
2022-02-26,39138.21,48639.5425798565,30867.779510539534,1.0202510416779034
2022-02-27,37700.0,48593.92126523437,30905.33859086844,0.9463836937418442
2022-02-28,43206.02,48587.00114964952,30942.935538690934,1.241672084656783
2022-03-01,44412.2,48569.32172770911,30980.570384290964,1.310850384824116
2022-03-02,43862.75,48551.85397208876,31018.243157970148,1.2775229143657354
2022-03-03,42432.0,48526.575266703614,31055.953890048775,1.194709973487275
2022-03-04,39205.77,48488.17924776902,31093.70261086406,1.0195103958736658
2022-03-05,39390.89,48457.43465878554,31131.489350772423,1.0285638816391283
2022-03-06,38432.11,48420.653113022294,31169.314140146944,0.9786571388951213
2022-03-07,38004.69,48370.60695304082,31207.17700937942,0.9568378962614628
2022-03-08,38724.21,48311.99486333586,31245.07798887908,0.9934100511506844
2022-03-09,41985.86,48275.19945973566,31283.017109073884,1.1672755735948577
2022-03-10,39454.87,48221.319690112105,31320.994400408723,1.030686529138934
2022-03-11,38670.76,48162.00185550736,31359.009893347735,0.9901444159445089
2022-03-12,38767.98,48111.744184100564,31397.06361837175,0.9949613508206617
2022-03-13,37780.14,48049.30403997251,31435.155605980337,0.9449839009364078
2022-03-14,39644.88,48009.6093795651,31473.285886690803,1.040169119153458
2022-03-15,39361.36,47956.65794342407,31511.45449103868,1.0252336019998665
2022-03-16,41109.85,47914.756018642634,31549.66144957699,1.117963951149871
2022-03-17,40964.07,47872.98394050271,31587.90679287752,1.109672576217699
2022-03-18,41806.03,47845.347165059065,31626.190551529544,1.155024675160459
2022-03-19,42219.55,47819.35942927552,31664.512756140346,1.1772010377754067
2022-03-20,41271.13,47778.875232067934,31702.87343733547,1.1244966637738636
2022-03-21,41009.98,47735.042105367356,31741.272625758233,1.1099859197094868
2022-03-22,42359.88,47695.866237178576,31779.71035207048,1.1838011756412778
2022-03-23,42940.28,47659.823320334974,31818.186646951835,1.2159112896430968
2022-03-24,43979.48,47620.91683435039,31856.701541099683,1.2749748585766356
2022-03-25,44355.11,47579.927985405055,31895.255065229718,1.296395340252812
2022-03-26,44548.42,47567.469651623804,31933.847250076193,1.3064816601723277
2022-03-27,46819.78,47571.55487149023,31972.478126390364,1.441235967689778
2022-03-28,47191.31,47575.502554170474,32011.14772494285,1.4623099542518179
2022-03-29,47430.74,47588.55974375742,32049.856076521286,1.4749970647908603
2022-03-30,47022.82,47598.35010819112,32088.60321193162,1.4476868482777996
2022-03-31,45475.83,47595.570299685765,32127.389161998664,1.3524440253525973
2022-04-01,46222.43,47602.113086486876,32166.21395756452,1.3953378295424277
2022-04-02,45871.46,47595.84070122429,32205.077629489624,1.372751015182138
2022-04-03,46358.05,47587.029929176104,32243.98020865276,1.400596618170501
2022-04-04,46568.89,47580.95782494322,32282.921725950546,1.4118409011470172
2022-04-05,45449.25,47571.27303779831,32321.902212297948,1.3434198352864097
2022-04-06,43206.04,47544.77083413001,32360.921698628037,1.2132918649348505
2022-04-07,43432.08,47524.64146157802,32399.980215891985,1.225060855602645
2022-04-08,42281.5,47520.68652810603,32439.077795059347,1.1597104401130371
2022-04-09,42773.37,47532.750256012994,32478.21446711752,1.1851186928939963
2022-04-10,42177.2,47525.170765802075,32517.39026307255,1.1511081286589337
2022-04-11,39615.2,47495.46196309682,32556.605213947558,1.0149215551179918
2022-04-12,40105.2,47479.92849026106,32595.859350785377,1.039271174016675
2022-04-13,41101.04,47470.96751089159,32635.15270464592,1.090415182959407
2022-04-14,39910.05,47452.48834529171,32674.485306607767,1.0272988390836797
2022-04-15,40566.6,47443.041692274805,32713.857187767913,1.0603102047241637
2022-04-16,40378.25,47439.38118598152,32753.268379240977,1.049303994411057
2022-04-17,39670.73,47428.5611243803,32792.71891215999,1.0118660124926802
2022-04-18,40817.48,47411.655847507995,32832.20881767695,1.0703040103285244
2022-04-19,41480.25,47376.345673452364,32871.73812696069,1.1048377458681886
2022-04-20,41350.25,47342.55399133671,32911.306871199544,1.0973861332725783
2022-04-21,40464.52,47301.2620970877,32950.915081599764,1.0505302862498234
2022-04-22,39708.2,47250.36381539709,32990.562789385236,1.0114991454301119
2022-04-23,39468.1,47187.8086509179,33030.25002579913,0.9994262890485271
2022-04-24,39489.71,47108.518083805386,33069.97682210196,1.001001102222619
2022-04-25,40490.41,47041.42694692214,33109.74320957329,1.0526113515339033
2022-04-26,38102.78,46959.555442666606,33149.54921951032,0.9326350274554506
2022-04-27,39188.42,46880.245336132095,33189.394883229004,0.9870207838055829
2022-04-28,39737.71,46805.590486786896,33229.280232063524,1.0152827541588811
2022-04-29,38597.17,46712.64208264934,33269.205297365974,0.9585925881034191
2022-04-30,37658.53,46619.97761339643,33309.17011050724,0.9132524659077219
2022-05-01,38496.42,46527.06314197521,33349.17470287644,0.955102445051855
2022-05-02,38488.36,46434.469435594285,33389.21910588062,0.9554590150102832
2022-05-03,37708.41,46320.353978404055,33429.30335094593,0.918284481713321
2022-05-04,39671.83,46221.270321168806,33469.42746951617,1.0173591793496926
2022-05-05,36516.79,46100.80586095467,33509.5914930537,0.8631922597536303
2022-05-06,36013.22,45975.617892717564,33549.79545303909,0.8408266278706127
2022-05-07,35445.54,45838.72410602919,33590.03938097204,0.8159812140484566
2022-05-08,34089.76,45687.53749753958,33630.32330836938,0.7563435265823902
2022-05-09,30176.73,45522.78598620252,33670.64726676759,0.5941061610979566
2022-05-10,30961.83,45369.922085242084,33711.01128772034,0.6267775451146443
2022-05-11,29027.82,45200.632979767186,33751.41540280066,0.5523219919370073
2022-05-12,28959.93,45032.99125383678,33791.85964359932,0.5511275580051482
2022-05-13,29292.4,44860.5223273525,33832.34404172592,0.5653449244575387
2022-05-14,30012.62,44704.14317887083,33872.86862880809,0.5948508217282844
2022-05-15,31258.75,44564.20881422586,33913.4334364926,0.6465248961543467
2022-05-16,29854.67,44406.822728734136,33954.038496443674,0.591130560845126
2022-05-17,30391.04,44247.671060489614,33994.683840344405,0.6140301565318731
2022-05-18,28762.93,44077.85205711865,34035.369499897024,0.5514617008415494
2022-05-19,30258.84,43922.413609970856,34076.095506820995,0.6117423199696137
2022-05-20,29138.15,43760.637349275734,34116.861892854635,0.568684293032241
2022-05-21,29426.6,43593.16077207899,34157.66868975516,0.581531963951784
2022-05-22,30221.12,43433.5298985216,34198.51592929813,0.6148776740384231
2022-05-23,29095.68,43271.29774535672,34239.40364327715,0.5713877313341633
2022-05-24,29605.66,43115.17413504605,34280.33186350473,0.5930268164355667
2022-05-25,29487.83,42956.86666556706,34321.30062181147,0.5897789870097733
2022-05-26,29160.96,42790.26795125797,34362.309950047136,0.5783307406321634
2022-05-27,28608.55,42606.969254473035,34403.35988007903,0.558354720046188
2022-05-28,28974.3,42428.86082837417,34444.450443794216,0.5744407934343502
2022-05-29,29441.17,42261.511767797776,34485.58167309674,0.5947405440883322
2022-05-30,31691.54,42110.66324297356,34526.7535999104,0.6907785764246251
2022-05-31,31804.27,41963.16507226441,34567.96625617741,0.6973146615149154
2022-06-01,29779.16,41801.37706129455,34609.21967385805,0.6129746155168223
2022-06-02,30428.98,41640.76837931012,34650.513884931024,0.6417211822659673
2022-06-03,29684.67,41482.939442886905,34691.84892139425,0.6123045429517386
2022-06-04,29832.02,41337.75190235159,34733.2248152638,0.619831097268362
2022-06-05,29893.98,41192.9289105262,34774.64159857411,0.6238528223596175
2022-06-06,31324.88,41069.75226459909,34816.09930337834,0.6862409598895935
2022-06-07,31073.76,40941.13616235053,34857.59796174919,0.6765973103499978
2022-06-08,30195.33,40801.592224553206,34899.137605776086,0.6403062695627544
2022-06-09,30070.71,40665.21311401844,34940.71826756857,0.6364033889112068
2022-06-10,29061.88,40531.14588141237,34982.33997925405,0.5956754094908195
2022-06-11,28381.45,40387.96237324115,35024.00277297868,0.5694445459983764
2022-06-12,26633.35,40233.70208118379,35065.706680907584,0.5027811665565833
2022-06-13,22333.0,40038.67023971035,35107.45173522409,0.35482579058158065
2022-06-14,22122.57,39861.01219015498,35149.23796813022,0.3493067028478808
2022-06-15,22544.07,39684.86437811964,35191.06541184678,0.36392118061867507
2022-06-16,20336.62,39479.26127561304,35232.934098613005,0.29733067596811974
2022-06-17,20421.22,39274.32438558357,35274.844060687195,0.30101597387195933
2022-06-18,18989.21,39059.482016019974,35316.79533034583,0.2614002668162729
2022-06-19,20520.28,38859.69032553254,35358.787939884125,0.30645722173684237
2022-06-20,20534.33,38663.302696090606,35400.82192161611,0.3080695536078698
2022-06-21,20675.12,38479.28981269955,35442.897307874846,0.31342945928504135
2022-06-22,19997.23,38305.93977206213,35485.014131011325,0.2941904559956764
2022-06-23,21121.55,38143.11950541625,35527.172423395605,0.3292112887769778
2022-06-24,21206.32,37977.66493593751,35569.37221741654,0.33290948001101334
2022-06-25,21474.76,37814.98083629502,35611.61354548149,0.34245309953009706
2022-06-26,21025.22,37649.548809770415,35653.8964400169,0.3293171307510424
2022-06-27,20718.74,37493.13678947748,35696.22093346746,0.3207396594090015
2022-06-28,20251.34,37334.572859036714,35738.58705829666,0.3073682218865912
2022-06-29,20094.43,37166.91413315982,35780.994846986796,0.3036284532612498
2022-06-30,19837.58,36995.274983440744,35823.4443320396,0.29693663509175877
2022-07-01,19270.3,36832.136880889964,35865.93554597415,0.2811045479045463
2022-07-02,19210.52,36662.5726320724,35908.46852132954,0.28032279970865914
2022-07-03,19283.07,36492.43944829868,35951.04329066281,0.2834248735196985
2022-07-04,20205.89,36336.40866214788,35993.65988655017,0.312167695929381
2022-07-05,20171.1,36185.997845222664,36036.318341586644,0.31201695707535804
2022-07-06,20556.8,36037.40347446798,36079.01868838583,0.3250145565746277
2022-07-07,21657.39,35899.27625742594,36121.76095957992,0.3617075942221946
2022-07-08,21582.54,35759.99043129719,36164.54518782081,0.3601842409766351
2022-07-09,21573.37,35613.775944167784,36207.37140577783,0.3609283241561745
2022-07-10,20806.95,35462.86237118213,36250.239646140646,0.3367690551988267
2022-07-11,19942.91,35297.3159099479,36293.149941616335,0.3104636177054317
2022-07-12,19302.71,35126.896714873554,36336.10232493146,0.2919163689306297
2022-07-13,20206.62,34966.753491284784,36379.096828831454,0.3209815899859421
2022-07-14,20583.48,34809.020622842305,36422.13348608097,0.33417997143265626
2022-07-15,20838.39,34654.74116098064,36465.21232946238,0.3436267126914583
2022-07-16,21195.28,34514.85626069413,36508.33339177783,0.3565169967760985
2022-07-17,20762.12,34375.91644342308,36551.49670584811,0.34307094872318505
2022-07-18,22368.75,34248.179277672374,36594.70230451292,0.3992341881286125
2022-07-19,23410.92,34131.80643798396,36637.95022062997,0.43827481940326984
2022-07-20,23237.11,34009.11815539056,36681.24048707775,0.4328374626869468
2022-07-21,23140.92,33887.91690344156,36724.57313675212,0.4302883738798925
2022-07-22,22706.35,33766.606967184496,36767.948202568245,0.41527696102534917
2022-07-23,22457.13,33646.169788633706,36811.365717459594,0.4071842243473963
2022-07-24,22592.39,33536.431695892235,36854.82571438011,0.4129648993570629
2022-07-25,21248.31,33417.91949574903,36898.32822630087,0.3661530780920404
2022-07-26,21277.3,33305.85560627198,36941.873286212845,0.3679539968494548
2022-07-27,22986.74,33206.950564301456,36985.46092712596,0.4302241014090509
2022-07-28,23875.62,33113.94124395515,37029.09118206881,0.46489555014414613
2022-07-29,23817.5,33020.65713776338,37072.76408408897,0.4633953467421532
2022-07-30,23643.31,32922.93116654069,37116.479666253006,0.45745805640632375
2022-07-31,23296.14,32818.850868618916,37160.23796164647,0.4450062169180128
2022-08-01,23250.19,32719.56762214043,37204.0390033739,0.4440740195156545
2022-08-02,23005.22,32616.79974112004,37247.88282455825,0.4356220375264664
2022-08-03,22820.48,32513.33169318514,37291.76945834297,0.4295117851383101
2022-08-04,22604.63,32408.443859256204,37335.69893788842,0.42229150143958105
2022-08-05,23285.14,32311.908971626326,37379.67129637547,0.4489103434163322
2022-08-06,22960.16,32212.91802697183,37423.68656700344,0.43729366488918864
2022-08-07,23187.41,32118.43868086485,37467.74478299064,0.44677874489912406
2022-08-08,23824.9,32032.57196910491,37511.84597757504,0.47239133824676416
2022-08-09,23138.91,31959.59522323522,37555.99018401242,0.4460723525864856
2022-08-10,23982.75,31898.754396978562,37600.17743557885,0.47955049265490934
2022-08-11,23956.28,31832.8335079757,37644.407765568496,0.4789200222817172
2022-08-12,24398.29,31768.163600976673,37688.6812072949,0.4971823771917254
2022-08-13,24447.08,31702.507090367133,37732.997794090676,0.4996191415634105
2022-08-14,24301.71,31636.63319941245,37777.357559307464,0.4941420720440515
2022-08-15,24092.27,31568.24635265236,37821.760536316324,0.4861421144041236
2022-08-16,23861.8,31496.227982811353,37866.206758506756,0.47741499474549776
2022-08-17,23357.89,31418.99541940732,37910.696259287644,0.4580502896971112
2022-08-18,23175.9,31341.748152729,37955.229072086964,0.45152144630820146
2022-08-19,20850.04,31246.068613214928,37999.805230351485,0.3661314472116406
2022-08-20,21151.45,31151.645953154548,38044.424767548284,0.3774924497994305
2022-08-21,21513.86,31067.700250330618,38089.08771716171,0.3911352876508965
2022-08-22,21403.82,30981.797637073483,38133.79411269613,0.38776262761524716
2022-08-23,21529.34,30880.132300547506,38178.543987675956,0.3931541992446951
2022-08-24,21358.67,30777.93879340391,38223.33737564256,0.38777541934542864
2022-08-25,21518.35,30673.392014239926,38268.17431015858,0.3944740016260502
2022-08-26,20230.18,30554.809621486034,38313.05482480458,0.34960137394368956
2022-08-27,20018.43,30434.22150549199,38357.97895318085,0.34327495098962457
2022-08-28,19582.83,30309.900856717497,38402.9467289062,0.3294593535308948
2022-08-29,20291.07,30194.63111306068,38447.95818561922,0.3546556547987864
2022-08-30,19835.7,30080.189637971627,38493.01335697733,0.3398072043941053
2022-08-31,20025.48,29968.22516124733,38538.112276657106,0.3472277360137934
2022-09-01,20112.51,29857.750295235972,38583.254978354904,0.3511370057252813
2022-09-02,19946.87,29744.783115176182,38628.44149578563,0.34628327915641355
2022-09-03,19840.11,29624.989460978002,38673.67186268335,0.34356944936199424
2022-09-04,20006.54,29508.82245325675,38718.946112801634,0.3503229314788004
2022-09-05,19807.74,29403.287822651,38764.264279913215,0.34422500315214694
2022-09-06,18777.0,29292.342285824627,38809.62639781003,0.3101407624625268
2022-09-07,19286.23,29185.36984230617,38855.032500302885,0.3280063154059878
2022-09-08,19320.01,29085.20233544926,38900.48262122273,0.3299040255360855
2022-09-09,21355.55,29005.089771350154,38945.97679441877,0.40372412980917155
2022-09-10,21660.39,28922.69365532653,38991.51505376006,0.416029087040214
2022-09-11,21818.08,28845.53822040276,39037.09743313452,0.4227434567695781
2022-09-12,22412.6,28768.106923157644,39082.72396644965,0.44677449342534725
2022-09-13,20164.09,28672.597490755015,39128.39468763248,0.3624083419495623
2022-09-14,20216.63,28578.049036439977,39174.10963062828,0.36507812732451117
2022-09-15,19690.75,28485.39077224605,39219.86882940223,0.3470533158025235
2022-09-16,19784.17,28374.358363147236,39265.67231793937,0.3513149107635945
2022-09-17,20117.18,28262.226562730506,39311.520130243356,0.36425707197658524
2022-09-18,19425.05,28147.362418068064,39357.412300336764,0.34061208226605827
2022-09-19,19553.1,28038.534832208265,39403.34886226272,0.3460531392908811
2022-09-20,18869.22,27936.2002693152,39449.329850082635,0.32307319802189316
2022-09-21,18488.54,27830.747398660344,39495.35529787719,0.31098134663214017
2022-09-22,19402.35,27735.798279039005,39541.42523974763,0.34325405784597496
2022-09-23,19304.43,27642.019499554088,39587.53970981287,0.34055376385729313
2022-09-24,18944.06,27543.379214206547,39633.698742212044,0.3287488904069453
2022-09-25,18788.61,27432.8658321781,39679.90237110394,0.3243004334226523
2022-09-26,19224.81,27334.427772226125,39726.150630666285,0.34035931506405354
2022-09-27,19072.97,27237.996814461643,39772.44355509643,0.33579885613948723
2022-09-28,19407.62,27143.925851764532,39818.78117861041,0.3484848782091757
2022-09-29,19610.61,27055.07847623314,39865.16353544417,0.35656594143129555
2022-09-30,19415.8,26958.68094561653,39911.59065985333,0.3503586980391728
2022-10-01,19308.76,26862.848349828535,39958.062586112486,0.34733798925845666
2022-10-02,19072.29,26759.891307280155,40004.579348515574,0.33979081111257664
2022-10-03,19640.84,26661.71795628934,40051.14098137649,0.36125768355016286
2022-10-04,20344.37,26565.87693522969,40097.7475190275,0.3885477138460961
2022-10-05,20152.33,26467.822579933956,40144.39899582151,0.38221467464991704
2022-10-06,19962.19,26371.8759328563,40191.09544613045,0.37596334279776267
2022-10-07,19524.22,26274.196560789842,40237.83690434495,0.36056479014142584
2022-10-08,19409.72,26171.870779216453,40284.623404875965,0.3573258746224249
2022-10-09,19437.02,26068.352886659974,40331.45498215382,0.3593369538834209
2022-10-10,19104.67,25959.90140236807,40378.33167062787,0.3481991215453599
2022-10-11,19069.69,25850.564932656154,40425.253504767184,0.3479881664469359
2022-10-12,19157.32,25741.719330128275,40472.220519060196,0.3522694033829091
2022-10-13,19382.53,25628.456800392603,40519.23274801506,0.36177392379591256
2022-10-14,19187.64,25513.39505883203,40566.29022615931,0.35572105845600877
2022-10-15,19074.41,25397.455610490746,40613.39298803988,0.3527302802756005
2022-10-16,19270.79,25284.429803645646,40660.541068223094,0.36122077486885495
2022-10-17,19565.96,25178.03116752561,40707.73450129534,0.3735111944255064
2022-10-18,19334.77,25068.54904847999,40754.97332186209,0.3659048864243675
2022-10-19,19122.17,24959.114366889662,40802.2575645479,0.35905500559419723
2022-10-20,19046.77,24848.355509321205,40849.58726399774,0.35740230588607874
2022-10-21,19172.57,24738.341143409936,40896.96245487599,0.3633281413563705
2022-10-22,19210.62,24632.05510566937,40944.38317186581,0.365921377820215
2022-10-23,19563.5,24534.666440603818,40991.84944967046,0.38055325274391333
2022-10-24,19332.45,24435.573665835444,41039.3613230133,0.3726925046139216
2022-10-25,20113.74,24344.970436857573,41086.91882663612,0.40445744896418645
2022-10-26,20760.56,24257.13914753639,41134.52199530088,0.43194862289838587
2022-10-27,20287.17,24168.533446537098,41182.17086378926,0.413507511149153
2022-10-28,20594.01,24089.60580687385,41229.865466902455,0.4270121451262657
2022-10-29,20831.19,24010.834837748705,41277.60583946077,0.43783089137929887
2022-10-30,20634.95,23928.25418355624,41325.392016304984,0.43060477984091106
2022-10-31,20472.79,23848.52300008122,41373.22403229436,0.42478895028075336
2022-11-01,20479.49,23767.157265513553,41421.101922308975,0.42602921934453714
2022-11-02,20148.56,23684.69096515494,41469.02572124806,0.41332956527955855
2022-11-03,20205.32,23604.929092783786,41516.995464030006,0.41658425263013144
2022-11-04,21157.96,23527.503039782765,41565.011185593365,0.45776632751567986
2022-11-05,21304.72,23449.25290029728,41613.07292089621,0.46514982680621125
2022-11-06,20912.34,23369.45761924171,41661.18070491644,0.4491848038597722
2022-11-07,20578.77,23290.582911075995,41709.334572651154,0.4359384816711649
2022-11-08,18561.6,23202.1929530346,41757.53455911762,0.35560424406911134
2022-11-09,15850.62,23096.5990027624,41805.78069935196,0.26020050579705367
2022-11-10,17573.15,23003.285132042573,41854.07302841154,0.32075367558233264
2022-11-11,16997.14,22903.66490445036,41902.411581372224,0.3010285618264468
2022-11-12,16777.73,22809.925338129236,41950.79639332907,0.2941726742777486
2022-11-13,16290.62,22710.032881853764,41999.2274993984,0.2782378195010979
2022-11-14,16576.49,22610.97093508597,42047.70493471471,0.28901717005266303
2022-11-15,16869.14,22517.589579695617,42096.22873443343,0.300206986740876
2022-11-16,16660.48,22425.958795603863,42144.798933729195,0.2936838149825498
2022-11-17,16677.36,22332.356634723958,42193.41556779621,0.2951721437743227
2022-11-18,16673.07,22239.139829833013,42242.078671848605,0.295915613408962
2022-11-19,16667.74,22148.5438020569,42290.7882811204,0.29659407864394133
2022-11-20,16261.22,22049.996884477132,42339.54443086524,0.2832380121839667
2022-11-21,15755.75,21957.51888139653,42388.34715635631,0.26671559810023543
2022-11-22,16206.32,21870.029918362165,42437.19649288677,0.28299108689783764
2022-11-23,16597.46,21787.217919903887,42486.092475769336,0.2976012108890223
2022-11-24,16579.3,21708.833540254574,42535.035140337415,0.2976796152822739
2022-11-25,16508.49,21643.458733685307,42584.02452194259,0.2956931979955968
2022-11-26,16452.39,21575.14267192833,42633.06065595781,0.29427800506349844
2022-11-27,16428.77,21513.824891854314,42682.14357777495,0.29393157879646387
2022-11-28,16193.89,21451.38798085699,42731.27332280619,0.28608898554356366
2022-11-29,16441.63,21389.535202502266,42780.44992648301,0.29542214435033565
2022-11-30,17179.78,21329.95385188545,42829.67342425684,0.32307289056133975
2022-12-01,16980.55,21264.972066664915,42878.94385159913,0.3162238410398945
2022-12-02,17099.27,21205.799118604507,42928.261244001296,0.3211864376447814
2022-12-03,16883.68,21143.56673288251,42977.625636974066,0.31369930404861973
2022-12-04,17102.35,21088.678409645014,43027.037066048884,0.3223448791453626
2022-12-05,16970.79,21027.789122723454,43076.495566776124,0.31795828165465573
2022-12-06,17089.95,20971.766186347435,43126.00117472654,0.3229292520486358
2022-12-07,16844.05,20913.34680074402,43175.55392549091,0.3142183808611361
2022-12-08,17228.23,20854.66365133247,43225.15385467898,0.32926197924626455
2022-12-09,17129.01,20799.49106948588,43274.800997921935,0.32596932848006865
2022-12-10,17131.03,20742.6744957065,43324.49539086923,0.32656428494451184
2022-12-11,17087.42,20686.161960835285,43374.237069191084,0.3254177358769739
2022-12-12,17209.62,20631.68830117713,43424.026068578096,0.3305808615519394
2022-12-13,17763.65,20582.586524546063,43473.86242473987,0.35264378868289026
2022-12-14,17815.79,20532.59828734208,43523.74617340607,0.3551730383556016
2022-12-15,17358.0,20478.428848318326,43573.67735032643,0.33765914876028086
2022-12-16,16627.33,20412.492086793503,43623.655991271095,0.3104752197812006
2022-12-17,16785.87,20347.371830089236,43673.68213202994,0.3170732325976091
2022-12-18,16754.6,20288.943353716277,43723.7558084115,0.3164398996361801
2022-12-19,16453.07,20226.66247338177,43773.877056246536,0.30574168144419767
2022-12-20,16893.02,20169.73084062974,43824.04591138411,0.3228509137138347
2022-12-21,16821.03,20112.032045867785,43874.26240969411,0.3206560142596493
2022-12-22,16819.21,20054.27941295421,43924.5265870658,0.32114194632663073
2022-12-23,16776.77,19991.765837233626,43974.83847940819,0.3201557395944559
2022-12-24,16833.61,19930.58625287688,44025.19812265186,0.32294839454003577
2022-12-25,16831.17,19872.42864125135,44075.60555274572,0.32342931361961325
2022-12-26,16940.82,19815.493824027297,44126.06080565913,0.3282228385142663
2022-12-27,16693.38,19760.63984229655,44176.56391738198,0.31922406471597137
2022-12-28,16539.02,19707.356764450367,44227.11492392392,0.31383585278644743
2022-12-29,16626.11,19660.981883062046,44277.71386131437,0.3175344916099682
2022-12-30,16606.43,19631.878115366253,44328.36076560329,0.31689036709684243
2022-12-31,16531.0,19603.299124304114,44379.05567286005,0.3141167013844063
2023-01-01,16615.18,19573.41167532492,44429.79861917455,0.3174455371661535
2023-01-02,16660.83,19553.91035099734,44480.58964065649,0.3191457832849706
2023-01-03,16670.38,19534.07895731452,44531.42877343611,0.3194709924847748
2023-01-04,16850.4,19522.411170272946,44582.31605366309,0.3262303392469887
2023-01-05,16824.98,19503.04001318312,44633.251517507655,0.3251983065128872
2023-01-06,16950.6,19484.34606123002,44684.23520115986,0.33001219403623766
2023-01-07,16945.34,19464.974795782782,44735.267140829965,0.3297590273950293
2023-01-08,17134.34,19449.943021579264,44786.34737274841,0.3370317250153759
2023-01-09,17181.15,19429.873165660763,44837.47593316547,0.33883895737051534
2023-01-10,17444.75,19410.912988206514,44888.65285835239,0.3492584843731922
2023-01-11,17942.22,19393.478011853684,44939.87818459914,0.3693726728300339
2023-01-12,18863.74,19382.9617341733,44991.15194821702,0.4080452742460269
2023-01-13,19909.21,19379.09946632223,45042.47418553645,0.45410075595815336
2023-01-14,20970.85,19382.482617314738,45093.84493290919,0.5031591762752758
2023-01-15,20871.25,19386.158849044325,45145.26422670651,0.49772900991048213
2023-01-16,21186.93,19392.538561632744,45196.732103319904,0.5121466837674522
2023-01-17,21153.37,19401.58090629308,45248.24859916076,0.5097065783262249
2023-01-18,20710.89,19408.877427930493,45299.813750660716,0.4878661546478736
2023-01-19,21088.14,19417.563221738794,45351.42759427278,0.5049993996725438
2023-01-20,22686.85,19428.810345479236,45403.090166467635,0.583467644852751
2023-01-21,22785.59,19440.65362121127,45454.801503739196,0.5875298401969618
2023-01-22,22706.71,19450.324707589592,45506.56164259907,0.582515583655008
2023-01-23,22915.32,19455.81620690512,45558.37061958061,0.5924261419693271
2023-01-24,22612.34,19460.351022283405,45610.228471236725,0.5760737635549785
2023-01-25,23072.42,19466.888684851678,45662.135234140624,0.598871348962316
2023-01-26,23028.35,19476.76469778588,45714.0909448858,0.5956055522395203
2023-01-27,23072.62,19490.965798896734,45766.09564008607,0.5967832202514557
2023-01-28,23034.71,19508.199207848826,45818.149356375536,0.5936230727879525
2023-01-29,23736.52,19523.91007174662,45870.25213040826,0.6291238785747707
2023-01-30,22832.32,19534.034697715117,45922.40399885937,0.5811436748964481
2023-01-31,23134.74,19544.247652732454,45974.604998422816,0.595651558428074
2023-02-01,23740.02,19555.330791206135,46026.85516581438,0.6261605351613119
2023-02-02,23548.98,19567.649867702487,46079.15453776906,0.6150366992686979
2023-02-03,23426.4,19572.170389327628,46131.503151042954,0.6078193406781374
2023-02-04,23318.95,19571.78518878649,46183.901042411366,0.6015849017253371
2023-02-05,22938.03,19570.517532250287,46236.348248671085,0.5814687725592893
2023-02-06,22751.79,19568.858154294106,46288.844806638896,0.5714645743052846
2023-02-07,23260.42,19571.217183641904,46341.39075315156,0.596551861027449
2023-02-08,22973.38,19573.44138273898,46393.986125065836,0.5811937222774667
2023-02-09,21804.16,19569.96619710231,46446.63095925999,0.523039426898592
2023-02-10,21629.58,19571.70648083288,46499.32529263153,0.5140683043715935
2023-02-11,21857.51,19574.33942360442,46552.06916209913,0.5242944582471313
2023-02-12,21784.08,19569.080691059975,46604.862604600676,0.5203275131214088
2023-02-13,21786.33,19560.12253499735,46657.7056570964,0.5200836550493506
2023-02-14,22193.69,19553.217799372735,46710.598356565,0.5392937195933587
2023-02-15,24340.76,19556.060272622886,46763.54074000638,0.6478575355997435
2023-02-16,23468.21,19556.779856747704,46816.532844440815,0.6015383732097255
2023-02-17,24562.04,19562.147839850943,46869.574706908264,0.6579930691556687
2023-02-18,24626.23,19568.809003602906,46922.666364470635,0.6604634448314116
2023-02-19,24316.05,19575.020957891255,46975.80785420836,0.6429979114255672
2023-02-20,24835.63,19584.235577503914,47028.99921322421,0.6696964560078356
2023-02-21,24447.91,19589.00779349472,47082.24047863988,0.6480580594813654
2023-02-22,24187.63,19594.10951423302,47135.53168759826,0.6334505123815892
2023-02-23,23938.48,19597.232843476093,47188.87287726233,0.6196675940246973
2023-02-24,23181.45,19594.55027738918,47242.26408481551,0.5805173337803617
2023-02-25,23157.01,19594.62688501926,47295.7053474617,0.5786370812946434
2023-02-26,23551.19,19592.847923365032,47349.19670242604,0.5978820697723531
2023-02-27,23479.61,19590.879125492134,47402.73818695296,0.5936417049128568
2023-02-28,23146.93,19585.72241822194,47456.32983830781,0.5764385984647156
2023-03-01,23634.46,19582.412224690364,47509.97169377675,0.6003996187033002
2023-03-02,23469.09,19578.999064705527,47563.66379066609,0.5914618190171904
2023-03-03,22343.55,19571.62373800767,47617.406166303015,0.5356878048269176
2023-03-04,22345.17,19565.198581020326,47671.19885803404,0.5353366686623384
2023-03-05,22429.5,19561.231378987024,47725.041903228135,0.5388857211044452
2023-03-06,22419.33,19557.985519430233,47778.93533927283,0.5378791016170779
2023-03-07,22198.95,19564.11684517167,47832.87920357775,0.5265966535953912
2023-03-08,21712.64,19566.67855426992,47886.87353357225,0.5031432718665358
2023-03-09,20364.09,19561.30585916764,47940.91836670623,0.4422072133334691
2023-03-10,20227.02,19555.775674329092,47995.0137404505,0.43590579298236326
2023-03-11,20607.79,19551.49856100365,48049.159692296016,0.4520609495990216
2023-03-12,22284.36,19555.64659143373,48103.35625975431,0.5279013498758413
2023-03-13,24239.87,19567.294736657463,48157.60348035822,0.6235408626563679
2023-03-14,24786.83,19587.179032464093,48211.90139165998,0.6506026438996968
2023-03-15,24350.57,19606.37426067116,48266.250031233554,0.6265812813434462
2023-03-16,25040.11,19630.487837945406,48320.649436672305,0.6610108828070038
2023-03-17,27442.51,19660.143652790102,48375.09964559175,0.791843038280286
2023-03-18,26991.27,19690.446565931292,48429.60069562678,0.7639768259100308
2023-03-19,28050.01,19723.651312245867,48484.15262443329,0.8227708847161025
2023-03-20,27818.07,19755.663482686534,48538.755469687356,0.8070003714096095
2023-03-21,28195.56,19789.879491972435,48593.40926908645,0.8266866604622697
2023-03-22,27324.09,19821.574895887974,48648.114060349035,0.774260757019104
2023-03-23,28361.31,19856.190431433828,48702.869881212195,0.8317677761222187
2023-03-24,27488.93,19888.752522676466,48757.67676943562,0.7792290286114196
2023-03-25,27485.45,19926.679104443185,48812.534762799216,0.7766751606867653
2023-03-26,27987.14,19963.81252900916,48867.44389910312,0.8028860912996384
2023-03-27,27139.64,19997.765280335312,48922.40421616848,0.7528681190053964
2023-03-28,27273.12,20022.23650214243,48977.4157518367,0.7585097951973004
2023-03-29,28366.67,20049.257670033,49032.478543971,0.8185299379354
2023-03-30,28036.88,20074.413383110543,49087.59263045368,0.7977095083974713
2023-03-31,28492.72,20098.519682534286,49142.758049188844,0.8219477713101957
2023-04-01,28471.82,20133.220709352554,49197.97483810129,0.8184082114942975
2023-04-02,28179.21,20166.677570319953,49253.24303513606,0.799444724324956
2023-04-03,27807.81,20201.51207323695,49308.56267825927,0.7762960103845
2023-04-04,28172.02,20237.244473462153,49363.9338054573,0.7944651233618634
2023-04-05,28187.68,20271.404480031324,49419.35645473803,0.7931178789055933
2023-04-06,28053.47,20308.692390571083,49474.83066412959,0.7832617122673149
2023-04-07,27927.15,20344.921407120662,49530.356471680425,0.7739729191126347
2023-04-08,27959.5,20384.9614158201,49585.93391546127,0.7733755008142659
2023-04-09,28337.04,20428.531711428244,49641.56303356154,0.7918198155751153
2023-04-10,29678.68,20471.992054822644,49697.243864093405,0.8657584797694096
2023-04-11,30243.93,20517.99929401352,49752.97644518809,0.8960296287550483
2023-04-12,29913.06,20564.91645109374,49808.760814998765,0.8735524731835407
2023-04-13,30412.73,20614.497515879913,49864.597011699334,0.8997994967281207
2023-04-14,30493.72,20662.10170671508,49920.48507348399,0.9015037232345289
2023-04-15,30319.72,20710.044366954015,49976.425038568115,0.8881864774533639
2023-04-16,30328.02,20756.321461495285,50032.41694518818,0.8856991835877541
2023-04-17,29449.98,20798.56432421593,50088.46083160023,0.8325282212270039
2023-04-18,30382.37,20845.181911148647,50144.55673608223,0.883107982780036
2023-04-19,28814.51,20886.94743319827,50200.70469693377,0.7918404621727176
2023-04-20,28235.24,20927.960982002656,50256.904752472685,0.757984478823532
2023-04-21,27259.0,20962.287170523236,50313.156941040506,0.704530184755715
2023-04-22,27812.19,20995.08421295791,50369.46130099826,0.731451353963309
2023-04-23,27582.31,21028.057108350855,50425.81787072735,0.71747896300713
2023-04-24,27518.81,21061.837375703002,50482.2266886312,0.7122370172411602
2023-04-25,28321.6,21101.045579851165,50538.687793133606,0.7521554944398284
2023-04-26,28406.04,21141.263184344232,50595.201222679156,0.7543643016170217
2023-04-27,29502.8,21185.421082617846,50651.76701573323,0.8111380405839513
2023-04-28,29344.36,21230.930369924357,50708.38521078286,0.7998351338181051
2023-04-29,29249.66,21276.388506816962,50765.05584633501,0.7920979040874838
2023-04-30,29271.16,21321.533537980446,50821.778960918346,0.7906996861808452
2023-05-01,28056.44,21360.998441454205,50878.55459308189,0.7242838715132214
2023-05-02,28682.78,21403.980504583105,50935.382781395936,0.7546200893127379
2023-05-03,29047.44,21449.03858515824,50992.2635644516,0.7714425783059992
2023-05-04,28861.56,21492.400849700487,51049.19698086164,0.759216706625993
2023-05-05,29514.95,21536.62451659936,51106.18306925803,0.7914673812775863
2023-05-06,28907.66,21579.97841681161,51163.22186829565,0.7568624948274785
2023-05-07,28425.0,21622.794580608163,51220.31341664982,0.7295362771903794
2023-05-08,27682.7,21663.257302684127,51277.45775301505,0.6898690303602331
2023-05-09,27647.15,21702.94192133738,51334.65491611004,0.6860748233449621
2023-05-10,27620.2,21742.377676543878,51391.904944671456,0.6827345588474187
2023-05-11,27007.95,21777.461805730945,51449.207877459325,0.6510244337438323
2023-05-12,26811.54,21813.102245096663,51506.56375325332,0.6398283913901125
2023-05-13,26790.49,21844.387612830476,51563.972610853976,0.6371989781887958
2023-05-14,26931.38,21872.829715274653,51621.43448908399,0.6423654511714434
2023-05-15,27178.3,21904.83448668793,51678.94942678654,0.6525156374961139
2023-05-16,27041.08,21934.684474548852,51736.517462824835,0.6443465131919983
2023-05-17,27417.13,21964.834288096667,51794.138636085125,0.6607473599137605
2023-05-18,26829.49,21993.683755532697,51851.81298547288,0.6311940734833339
2023-05-19,26877.99,22023.6387547086,51909.54054991617,0.6319130381828413
2023-05-20,27116.58,22054.572998577085,51967.32136836272,0.6415652659067195
2023-05-21,26749.85,22085.846043690537,52025.15547978244,0.6227522063255733
2023-05-22,26854.54,22117.284294628138,52083.042923165354,0.6260474992808096
2023-05-23,27223.75,22145.177781917093,52140.98373752368,0.6418558502515997
2023-05-24,26321.63,22168.604525550723,52198.97796188972,0.5987219831777685
2023-05-25,26488.5,22194.820119083284,52257.0256353176,0.6049485146459873
2023-05-26,26728.06,22223.853713490185,52315.12679688238,0.6144523692350842
2023-05-27,26883.76,22265.053483527307,52373.28148567967,0.6197927486292069
2023-05-28,28099.42,22328.883006526645,52431.4897408273,0.6744278808290413
2023-05-29,27755.32,22379.96903596379,52489.75160146283,0.6557804701443717
2023-05-30,27696.65,22434.672715216628,52548.067106746465,0.6506957972293835
2023-05-31,27222.9,22489.031057479922,52606.43629585856,0.6264106732835597
2023-06-01,26837.1,22545.233314735993,52664.85920800131,0.6065903644049417
2023-06-02,27250.49,22601.33761534251,52723.33588239704,0.6231772753776853
2023-06-03,27073.69,22654.861700240286,52781.86635829036,0.6129834450581614
2023-06-04,27107.67,22710.06821435782,52840.45067494646,0.612349585662045
2023-06-05,25751.24,22759.451579843222,52899.0888716524,0.5507903315682268
2023-06-06,27245.8,22815.40660088486,52957.780987714956,0.6143857533893825
2023-06-07,26347.69,22867.702944741824,53016.52706246364,0.5725999066138999
2023-06-08,26504.81,22923.630516239562,53075.327135248575,0.5773953887074087
2023-06-09,26483.2,22983.229659812656,53134.1812454409,0.5743225531957731
2023-06-10,25831.06,23036.863333459085,53193.08943243367,0.5445100448677757
2023-06-11,25946.74,23088.384787975756,53252.051735640096,0.5475650283510837
2023-06-12,25906.91,23139.970387044643,53311.06819449531,0.5440653269100881
2023-06-13,25933.04,23192.284465587814,53370.13884845638,0.5433316421904069
2023-06-14,25103.81,23241.335631833736,53429.263737000096,0.5075034588572561
2023-06-15,25542.36,23292.674744722877,53488.44289962608,0.5236519506400817
2023-06-16,26341.33,23349.40374849717,53547.6763758537,0.5549565395060279
2023-06-17,26511.06,23405.245777124717,53606.964205224256,0.5601698958817912
2023-06-18,26326.27,23455.249912339663,53666.30642730104,0.5506008676156293
2023-06-19,26822.19,23508.92535743369,53725.7030816675,0.5696047267197903
2023-06-20,28315.01,23568.284542143803,53785.15420792955,0.6324745398354586
2023-06-21,29998.22,23636.116106542315,53844.65984571281,0.7070859686502692
2023-06-22,29885.29,23702.17078552283,53904.22003466582,0.6990432708617621
2023-06-23,30692.18,23772.494275144218,53963.83481445819,0.7343074211737847
2023-06-24,30556.69,23841.664871921985,54023.50422477977,0.7249253489103555
2023-06-25,30488.37,23912.50189692092,54083.228305342396,0.7187548491845944
2023-06-26,30279.98,23980.0228229185,54143.00709587993,0.7061861619140988
2023-06-27,30702.1,24050.093614552618,54202.84063614646,0.7230983077685224
2023-06-28,30102.6,24117.976844290446,54262.728965917646,0.6924134738260974
2023-06-29,30441.4,24187.713426826413,54322.672124991615,0.7052665794072578
2023-06-30,30475.82,24256.924423520835,54382.670153186766,0.7040678884625362
2023-07-01,30585.0,24322.9146847804,54442.723090342624,0.7064176046736537
2023-07-02,30616.01,24388.85063821474,54502.83097632165,0.7051585681118037
2023-07-03,31163.19,24460.314974203247,54562.993851005696,0.7276517499069834
2023-07-04,30766.91,24535.69429932902,54623.21175429955,0.7063048329385643
2023-07-05,30492.71,24609.03663452398,54683.48472612871,0.6909414574315208
2023-07-06,29910.89,24680.45086372826,54743.81280644076,0.6621715847284687
2023-07-07,30337.33,24756.072232791317,54804.196035204004,0.6783583248998926
2023-07-08,30301.5,24828.502439329524,54864.634452407954,0.6740393328590426
2023-07-09,30171.1,24901.13932045327,54925.128098064175,0.6655673237276983
2023-07-10,30427.52,24975.05900633872,54985.677012205895,0.6741817832335075
2023-07-11,30636.22,25050.3707053044,55046.28123488664,0.6806568465781678
2023-07-12,30379.01,25124.42544275601,55106.940806183404,0.6665685092847641
2023-07-13,31471.53,25203.169292460196,55167.65576619211,0.7123542620755193
2023-07-14,30312.82,25276.597694178672,55228.426155033085,0.6582204904205149
2023-07-15,30300.67,25352.054276273553,55289.2520128447,0.6550140153120879
2023-07-16,30236.12,25428.646088234244,55350.133379790175,0.6495464468099457
2023-07-17,30150.4,25504.43749613135,55411.070296051694,0.643241221548075
2023-07-18,29860.85,25579.372064004296,55472.0628018345,0.6284057306345633
2023-07-19,29918.57,25655.358487168232,55533.110937365076,0.6282775960121562
2023-07-20,29807.9,25730.440372854937,55594.21474289024,0.6211349141060556
2023-07-21,29907.14,25805.816835637484,55655.374258680335,0.6227662227173744
2023-07-22,29806.09,25880.901981441268,55716.589525025614,0.6160927300129005
2023-07-23,30082.77,25956.010788714913,55777.860582238485,0.6250803521346902
2023-07-24,29171.26,26027.52960634988,55839.18747065309,0.5855154197991225
2023-07-25,29221.74,26098.500419217293,55900.57023062439,0.5853024640029846
2023-07-26,29351.49,26170.28507509679,55962.00890253046,0.5882454215658648
2023-07-27,29213.16,26240.192048313085,56023.50352676928,0.5805234943076323
2023-07-28,29311.22,26310.367698962935,56085.05414376104,0.5822288605718369
2023-07-29,29357.88,26378.93254307862,56146.66079394767,0.5819266304239699
2023-07-30,29277.85,26443.597146790125,56208.32351779243,0.5767096233838841
2023-07-31,29223.31,26501.53565987964,56270.04235578078,0.5726780371685286
2023-08-01,29728.88,26554.716115134095,56331.81734841858,0.590828818668184
2023-08-02,29155.83,26598.503929167102,56393.648536235334,0.5667133135865546
2023-08-03,29168.14,26643.054378849847,56455.53595977952,0.5656228239404791
2023-08-04,29073.7,26685.24365361255,56517.47965962373,0.5604626170662141
2023-08-05,29045.71,26727.582865998764,56579.479676360526,0.5578858675615347
2023-08-06,29040.44,26772.79464562859,56641.536050605166,0.5561317053782499
2023-08-07,29179.01,26816.300784843377,56703.6488229938,0.5599267696340635
2023-08-08,29774.42,26852.77752835865,56765.81803418439,0.5815813965879874
2023-08-09,29561.54,26887.755338354054,56828.04372485719,0.5719220699535594
2023-08-10,29418.09,26922.590714210386,56890.325935713794,0.5650328187962674
2023-08-11,29400.05,26956.155915328363,56952.66470747672,0.5630203982298543
2023-08-12,29416.98,26991.636872311152,57015.06008089122,0.562312012847844
2023-08-13,29267.56,27023.75465943062,57077.512096724415,0.5553442895909715
2023-08-14,29397.35,27056.76790328657,57140.02079576387,0.5589848735451924
2023-08-15,29165.96,27088.491017038934,57202.586218819924,0.5489743766769636
2023-08-16,28694.33,27118.263712724794,57265.20840672433,0.5301996685506083
2023-08-17,26600.98,27133.71647564205,57327.88740032974,0.4549043113078338
2023-08-18,26043.99,27151.577687850815,57390.623240513036,0.4352903393630566
2023-08-19,26081.24,27167.85734399338,57453.415968170164,0.4357979947788144
2023-08-20,26187.2,27181.18760329277,57516.26562421989,0.43865089657658096
2023-08-21,26128.18,27195.316238813135,57579.17224960239,0.4359721908752373
2023-08-22,26038.42,27209.69406110724,57642.13588528068,0.43228038758850384
2023-08-23,26429.54,27226.734838791883,57705.15657223826,0.44459955460136447
2023-08-24,26168.12,27244.67576583976,57768.23435148101,0.4350851972900409
2023-08-25,26054.38,27263.14602243855,57831.369264037196,0.43054846098054933
2023-08-26,26004.15,27278.34986449302,57894.561350955104,0.42818304081209546
2023-08-27,26089.28,27295.702822873864,57957.81065330683,0.43024708312484045
2023-08-28,26102.51,27320.27054715374,58021.11721218498,0.42982676862716857
2023-08-29,27713.68,27354.150139692334,58084.48106870458,0.4833982301665506
2023-08-30,27297.11,27384.562454321815,58147.90226400259,0.46794356744095245
2023-08-31,25922.51,27408.388109242896,58211.38083923742,0.42117511647021916
2023-09-01,25802.02,27431.58131214817,58274.91683558899,0.4164615480540359
2023-09-02,25871.43,27452.619970021755,58338.510294260115,0.41792825677844764
2023-09-03,25972.64,27461.52860507303,58402.1612564746,0.42060900340867463
2023-09-04,25814.79,27474.617257508107,58465.86976347825,0.4148614940366988
2023-09-05,25778.03,27481.255984261254,58529.6358565393,0.41313030141987606
2023-09-06,25748.1,27487.377937593617,58593.4595769475,0.4116308533434404
2023-09-07,26267.36,27497.988804267326,58657.34096601409,0.42776923773902203
2023-09-08,25906.35,27503.79270178532,58721.280065072795,0.4155510241868351
2023-09-09,25898.48,27511.72037500143,58785.27691547886,0.4147269277143849
2023-09-10,25835.33,27520.78719923789,58849.331558610014,0.4121218493639636
2023-09-11,25161.68,27527.645545295043,58913.44403586501,0.3903873981712139
2023-09-12,25852.36,27542.659018258437,58977.61438866561,0.41144076874500224
2023-09-13,26216.13,27559.75141730432,59041.84265845508,0.42237865683951725
2023-09-14,26531.31,27576.174919918252,59106.12888669731,0.431867822019129
2023-09-15,26620.02,27593.48870169539,59170.4731148806,0.4340153606799857
2023-09-16,26569.87,27612.523141557507,59234.87538451288,0.43161376530729373
2023-09-17,26533.6,27628.50244160716,59299.335737126064,0.4297196187206664
2023-09-18,26767.54,27646.67494639448,59363.854214272666,0.4365680253696115
2023-09-19,27199.35,27673.872653467486,59428.43085752723,0.44983459228938205
2023-09-20,27119.41,27700.679405208826,59493.06570848785,0.4462761769149953
2023-09-21,26567.29,27724.138471087226,59557.75880877174,0.42746258411755095
2023-09-22,26582.63,27747.76040976178,59622.510200020646,0.42712766390742274
2023-09-23,26580.31,27772.76209408431,59687.31992389741,0.4262053832369694
2023-09-24,26229.29,27799.017277413088,59752.18802208694,0.4141806575040361
2023-09-25,26296.86,27834.577777624992,59817.11453629674,0.4153341972744438
2023-09-26,26200.13,27870.611375843233,59882.09950825494,0.4113044215401938
2023-09-27,26351.82,27904.894927524434,59947.14297971324,0.4151187492684178
2023-09-28,27035.82,27931.87491288797,60012.244992443964,0.4360528512763254
2023-09-29,26900.3,27946.422637453674,60077.40558824254,0.4309995875300974
2023-09-30,26959.4,27958.165335450656,60142.62480892652,0.4322444224121904
2023-10-01,27994.89,27977.668304968327,60207.90269633508,0.4652565700079868
2023-10-02,27517.12,27990.86700302103,60273.239292329024,0.4488126324276138
2023-10-03,27421.92,27990.761956655453,60338.63463879279,0.44523112743049975
2023-10-04,27782.29,27994.804854553964,60404.08877763097,0.45644904097407624
2023-10-05,27419.39,27991.622227571643,60469.60175077179,0.444171205496277
2023-10-06,27949.12,27992.280025095122,60535.17360016464,0.4609886263101629
2023-10-07,27974.08,27991.176290037947,60600.80436778156,0.46133041373951356
2023-10-08,27937.62,27994.28424407606,60666.49409561626,0.45957939168411877
2023-10-09,27587.43,27990.412110395282,60732.24282568561,0.44770699084501636
2023-10-10,27391.73,27989.91637167623,60798.05060002666,0.4409076853799681
2023-10-11,26851.85,27986.652650285752,60863.91746070116,0.4232895678869213
2023-10-12,26745.5,27980.303355292846,60929.843449790525,0.41958404135925514
2023-10-13,26859.1,27978.849717481637,60995.828609400356,0.4227201220294518
2023-10-14,26857.29,27976.700421538248,61061.87298165648,0.42223843515979853
2023-10-15,27155.34,27970.59641030832,61127.97660870942,0.4312893581008122
2023-10-16,28534.29,27973.055936002565,61194.13953272938,0.475646598494704
2023-10-17,28408.19,27972.640380856952,61260.36179590981,0.47094924881215894
2023-10-18,28309.35,27971.839998922915,61326.64344046689,0.4671857256632098
2023-10-19,28734.51,27974.56939589381,61392.98450863849,0.4807567987978881
2023-10-20,29686.66,27983.715899276045,61459.38504268424,0.512423553246863
2023-10-21,29929.08,27992.182435223796,61525.845084886496,0.5201066260857677
2023-10-22,29988.13,28000.849685296056,61592.36467755037,0.5214356036822694
2023-10-23,33106.86,28024.04793849603,61658.94386300171,0.6343209216152139
2023-10-24,33919.92,28051.30099310794,61725.58268359013,0.6644945633493069
2023-10-25,34489.91,28080.757661029296,61792.28118168701,0.68555305786959
2023-10-26,34140.0,28106.927064107083,61859.03939968547,0.6703637091007049
2023-10-27,33905.16,28125.643831752688,61925.85738000143,0.6600199993266235
2023-10-28,34071.32,28142.40614967231,61992.73516507358,0.6653894248350676
2023-10-29,34557.72,28162.72326286064,62059.67279736139,0.683291524557667
2023-10-30,34485.49,28180.425911419086,62126.67031934762,0.67927740937212
2023-10-31,34667.88,28198.508446092124,62193.72777353784,0.6853017547420102
2023-11-01,35469.43,28220.635027756867,62260.84520245838,0.7160224256723059
2023-11-02,34935.25,28240.597504120742,62328.02264865995,0.6933786748781059
2023-11-03,34735.91,28263.9170277073,62395.26015471401,0.6841847855410086
2023-11-04,35095.0,28284.302117558058,62462.55776321384,0.6971484432752799
2023-11-05,35015.86,28311.88172185311,62529.91551677707,0.6925848977232687
2023-11-06,35063.96,28342.56052128679,62597.33345804268,0.6929900649029249
2023-11-07,35420.95,28379.702212661785,62664.81162967091,0.7054867104820406
2023-11-08,35581.68,28414.68136998764,62732.35007434643,0.7102619533211966
2023-11-09,36669.3,28455.16775765011,62799.9488347747,0.7524623921132991
2023-11-10,37305.81,28498.492299932786,62867.607953684565,0.7767908966603123
2023-11-11,37156.47,28537.207150095823,62935.32747382567,0.7687107090585679
2023-11-12,37093.34,28575.30627963587,63003.1074379721,0.7642562805564054
2023-11-13,36470.45,28605.614619301774,63070.94788891929,0.7372276284549889
2023-11-14,35552.8,28633.077534369644,63138.84886948502,0.6991702338086345
2023-11-15,37876.32,28670.10371690805,63206.81042250998,0.7916667679204713
2023-11-16,36150.03,28700.377406674474,63274.832590856226,0.7196125214653072
2023-11-17,36626.6,28738.654277281108,63342.91541740922,0.7369342389048136
2023-11-18,36595.55,28773.68355779053,63411.05894507684,0.7340000480093285
2023-11-19,37392.52,28810.039083601776,63479.26321678883,0.7645286140156747
2023-11-20,37476.08,28847.68845820413,63547.52827549841,0.7661232325986537
2023-11-21,35734.18,28875.281585512257,63615.85416417961,0.6951460359436611
2023-11-22,37443.86,28912.661152348457,63684.24092582998,0.761449634311343
2023-11-23,37298.0,28951.961447744106,63752.68860347101,0.7536931925833188
2023-11-24,37745.94,28996.881969790782,63821.19724014247,0.7698821361767064
2023-11-25,37801.75,29042.273331841487,63889.76687891127,0.7701262012873492
2023-11-26,37470.52,29086.59761934123,63958.39756286467,0.7547253595219279
2023-11-27,37244.39,29133.372998245035,64027.08933511133,0.743647637949671
2023-11-28,37840.46,29183.605263968122,64095.842238784964,0.7654979169358596
2023-11-29,37864.76,29234.1327816242,64164.65631703917,0.7643360248160442
2023-11-30,37743.0,29283.508182056798,64233.5316130526,0.7573348278508979
2023-12-01,38714.0,29335.353977422983,64302.46817002533,0.7945424685009033
2023-12-02,39467.65,29390.86846939644,64371.466031178876,0.8233352643466502
2023-12-03,40028.84,29446.533370426034,64440.52523975881,0.8444088254998093
2023-12-04,41856.31,29512.08661865853,64509.645839032666,0.9202319404498063
2023-12-05,44060.06,29585.1079567084,64578.827872290996,1.0160775408655247
2023-12-06,43778.51,29656.048868761696,64648.071382846334,0.9996617858187345
2023-12-07,43305.91,29727.570502383118,64717.3764140337,0.9747966256791437
2023-12-08,44223.94,29801.80826889353,64786.74300921171,1.0129455491594725
2023-12-09,43734.7,29872.530096833343,64856.17121175987,0.9872541994883737
2023-12-10,43773.63,29948.598684945042,64925.66106508292,0.9854446563549049
2023-12-11,41205.53,30014.837536776995,64995.212612604875,0.8703494183086177
2023-12-12,41452.65,30080.76807804893,65064.82589777552,0.8779492369557644
2023-12-13,42927.11,30151.23665665533,65134.500964065024,0.9383115947867499
2023-12-14,43031.34,30215.554392394508,65204.2378549672,0.9398603978885138
2023-12-15,41939.81,30277.984906858437,65274.036613998906,0.8899907203045283
2023-12-16,42230.0,30341.91150424869,65343.89728469798,0.8994855524783775
2023-12-17,41387.55,30405.532519082542,65413.819910626415,0.861226355754062
2023-12-18,42638.28,30475.99786412559,65483.804535368785,0.9109772187214982
2023-12-19,42252.2,30542.902761567802,65553.85120253221,0.8916412112625175
2023-12-20,43647.01,30615.9221397039,65623.95995574535,0.948198399487017
2023-12-21,43876.98,30689.729985677302,65694.13083866103,0.9548910380613279
2023-12-22,44015.6,30772.0982105898,65764.3638949547,0.9573384875602778
2023-12-23,43715.59,30844.93033751718,65834.65916832275,0.9410968137213942
2023-12-24,43006.55,30920.58870983356,65905.0167024869,0.9076177505749252
2023-12-25,43603.68,30997.648288158627,65975.43654118931,0.92968381162504
2023-12-26,42520.26,31071.117515498914,66045.91872819689,0.8810264838293704
2023-12-27,43444.45,31151.992807987528,66116.46330729651,0.9163748444067255
2023-12-28,42613.04,31229.363480919514,66187.0703223014,0.8785141174773402
2023-12-29,42056.3,31305.10823963247,66257.73981704422,0.8527275551607101
2023-12-30,42164.76,31381.282662304486,66328.4718353824,0.8541390606987889
2023-12-31,42300.78,31463.261107592705,66399.26642119547,0.8565046702964078
2024-01-01,44229.57,31549.75513268449,66470.12361838564,0.9328309673385002
2024-01-02,45030.04,31634.452032204474,66541.04347087829,0.963284877494477
2024-01-03,42836.3,31710.43797135337,66612.02602262034,0.8686983957472031
2024-01-04,44230.11,31792.80774368968,66683.07131758417,0.922765949713781
2024-01-05,44174.5,31872.216796274697,66754.17939976203,0.9171757271017373
2024-01-06,44000.0,31942.540244175958,66825.35031317052,0.9069736257922727
2024-01-07,43923.68,32003.499271515553,66896.58410184894,0.9011478040944455
2024-01-08,47000.31,32076.035321083582,66967.88080985867,1.0283813828323234
2024-01-09,46103.0,32141.355643243907,67039.24048128548,0.9864273327694808
2024-01-10,46590.34,32209.214835307735,67110.66316023673,1.0041997087430081
2024-01-11,46324.98,32276.656721240375,67182.14889084244,0.9896646241995678
2024-01-12,42797.41,32332.542181357716,67253.69771725593,0.8423235717627613
2024-01-13,42829.8,32386.405008763835,67325.30968365379,0.8413001965648205
2024-01-14,41715.82,32439.2815084443,67396.98483423475,0.7959574928675809
2024-01-15,42500.0,32493.451718159038,67468.7232132214,0.8239095188943841
2024-01-16,43152.59,32550.008432665818,67540.52486485736,0.8470288394145222
2024-01-17,42705.07,32604.381053967412,67612.38983341178,0.8272878177398335
2024-01-18,41234.95,32652.959118510895,67684.31816317436,0.7693435935698539
2024-01-19,41633.68,32700.286601582746,67756.30989845918,0.7823269566264895
2024-01-20,41664.79,32749.900557626068,67828.36508360194,0.7814785459083199
2024-01-21,41565.85,32800.66803352274,67900.48376296283,0.7757428381234782
2024-01-22,39547.64,32846.50343804771,67972.66598092418,0.7005154132350077
2024-01-23,39866.78,32891.39657074326,68044.91178189004,0.7101406113490427
2024-01-24,40051.8,32937.308200997635,68117.22121029053,0.714988491007639
2024-01-25,39944.5,32983.55274496654,68189.59431057467,0.7094118508097119
2024-01-26,41792.29,33035.9333221997,68262.03112721872,0.7745091455424842
2024-01-27,42144.13,33088.65319428636,68334.53170471785,0.7855157057973343
2024-01-28,41991.74,33142.25402516023,68407.09608759335,0.777758103892425
2024-01-29,43272.35,33195.06358289216,68479.72432038764,0.8237310830006898
2024-01-30,42985.96,33253.08988751791,68552.4164476671,0.8105848567467616
2024-01-31,42599.49,33309.780215049796,68625.17251402087,0.7938776641661723
2024-02-01,43090.14,33368.83360792417,68697.9925640604,0.809973363804376
2024-02-02,43187.41,33428.843092774674,68770.8766424222,0.8113129574398255
2024-02-03,42987.78,33489.80054510771,68843.82479376224,0.8015165302155887
2024-02-04,42566.63,33548.893673144186,68916.83706276322,0.7836732024160834
2024-02-05,42654.6,33609.06074773944,68989.91349412907,0.7846749190026772
2024-02-06,43093.37,33670.49906380023,69063.0541325871,0.7985931541924305
2024-02-07,44393.14,33737.63285915883,69136.25902288688,0.8449115462297722
2024-02-08,45345.8,33806.927639828704,69209.52820980201,0.8788252849445972
2024-02-09,47154.45,33888.20312047261,69282.86173812894,0.9470458556125864
2024-02-10,47798.39,33971.68414271968,69356.25965268812,0.9696696341020934
2024-02-11,48312.28,34056.43735258688,69429.72199832062,0.9871210802942746
2024-02-12,49961.0,34147.93745788864,69503.24881989264,1.0517019086929231
2024-02-13,49691.47,34238.183647849866,69576.84016229332,1.0365452612321258
2024-02-14,51833.46,34335.63982457493,69650.4960704346,1.123442996762395
2024-02-15,51935.86,34434.18317210551,69724.21658925086,1.1234693436783842
2024-02-16,52181.12,34534.144773342276,69798.00176370045,1.1296270881492265
2024-02-17,51677.7,34629.7477807265,69871.85163876464,1.1037094778910281
2024-02-18,52160.7,34730.61057951083,69945.7662594482,1.119986973185132
2024-02-19,51766.22,34830.371531911704,70019.74567077825,1.0987889198937473
2024-02-20,52284.38,34932.72502731109,70093.78991780542,1.1164310767334016
2024-02-21,51833.99,35034.03250371858,70167.8990456044,1.0929509690839299
2024-02-22,51262.51,35133.71806611424,70242.07309927049,1.0648251530624375
2024-02-23,50751.19,35231.082737698925,70316.31212392604,1.0397056027087423
2024-02-24,51553.18,35327.91860190293,70390.61616471282,1.0687548558406896
2024-02-25,51729.95,35426.89793225831,70464.9852667979,1.0719576445066283
2024-02-26,54559.0,35536.4782299084,70539.41947537128,1.1874806358156054
2024-02-27,57064.29,35654.50960303623,70613.91883564538,1.2933737866282957
2024-02-28,62479.39,35789.04921834433,70688.48339285787,1.543031302951045
2024-02-29,61240.13,35921.41276908676,70763.11319226655,1.4754070955495275
2024-03-01,62468.47,36057.04835556467,70837.80827915446,1.5277998054235562
2024-03-02,62026.06,36193.33994342485,70912.56869882824,1.4989823203468322
2024-03-03,63209.21,36336.541027423904,70987.39449661637,1.5489446730816805
2024-03-04,68277.61,36508.20551702714,71062.28571787206,1.796912633523322
2024-03-05,63893.71,36672.39211256188,71137.24240796977,1.564876061036201
2024-03-06,66092.71,36843.286750900086,71212.26461230931,1.6649222455528443
2024-03-07,66914.79,37016.5152328763,71287.35237631234,1.6968217484293175
2024-03-08,68313.7,37194.825429100034,71362.50574542528,1.7581786446039647
2024-03-09,68503.25,37375.15543447861,71437.72476511644,1.7575663569674511
2024-03-10,68997.88,37554.91109328833,71513.0094808777,1.772636554864744
2024-03-11,72202.19,37745.9732175268,71588.3599382246,1.9292464096990043
2024-03-12,71471.62,37936.90454636612,71663.77618269628,1.8789086750488886
2024-03-13,73098.48,38133.46069634182,71739.25825985438,1.9532309194543531
2024-03-14,71456.55,38326.055132686844,71814.80621528471,1.855136948999151
2024-03-15,69492.42,38514.15694582139,71890.42009459503,1.7441484819808155
2024-03-16,65521.12,38680.21072510988,71966.09994341848,1.5422182071914747
2024-03-17,68360.1,38858.16262435809,72041.84580741067,1.6693149610619895
2024-03-18,67566.95,39044.741135072145,72117.65773224975,1.6213040567348262
2024-03-19,61977.96,39216.19610665686,72193.53576363747,1.3567841973204267
2024-03-20,67862.33,39405.74179676572,72269.4799473005,1.6171231584221368
2024-03-21,65505.11,39588.43218166947,72345.49032898738,1.4982027618186287
2024-03-22,63712.44,39767.66401834538,72421.56695447037,1.409452606276004
2024-03-23,64032.45,39948.99267497683,72497.70986954482,1.4156963661876905
2024-03-24,67297.56,40141.36195702933,72573.91912003097,1.5546261074699255
2024-03-25,69914.45,40338.324580525106,72650.19475177038,1.6679354991804984
2024-03-26,69976.26,40539.237766995844,72726.53681062894,1.660859780803992
2024-03-27,69372.26,40739.44765207258,72802.94534249745,1.6225855352159662
2024-03-28,70770.78,40945.232013462504,72879.42039328744,1.6784164138779718
2024-03-29,69933.54,41155.04356460392,72955.96200893598,1.628872798661002
2024-03-30,69654.17,41359.50195232295,73032.57023540208,1.606210119173078
2024-03-31,71213.11,41566.67226322666,73109.24511866969,1.6687925345901342
2024-04-01,69702.13,41767.90515372741,73185.98670474591,1.5893570512705673
2024-04-02,65478.7,41956.29712889191,73262.79503965983,1.3948241596354347
2024-04-03,65982.23,42147.550546037935,73339.67016946546,1.4084540597614639
2024-04-04,68415.92,42347.63343517544,73416.6121402406,1.505535005313178
2024-04-05,67878.68,42545.1216492184,73493.62099808562,1.473558429972512
2024-04-06,68946.12,42743.4454095672,73570.69678912469,1.5116291781189146
2024-04-07,69344.77,42944.56358503021,73647.83955950577,1.520404754290878
2024-04-08,71607.88,43157.995109744916,73725.04935539875,1.611555620792547
2024-04-09,69100.81,43364.634215848244,73802.32622300039,1.4919715374967617
2024-04-10,70554.77,43576.81844638151,73879.67020852824,1.5462235858801092
2024-04-11,70001.36,43791.22748866096,73957.08135822427,1.5130248906860742
2024-04-12,67107.27,43996.83616063122,74034.559718353,1.3825574855612726
2024-04-13,64034.0,44193.86484295058,74112.10533520466,1.2519014127835966
2024-04-14,65643.19,44396.00365400339,74189.71825509144,1.308253048837438
2024-04-15,63359.28,44585.457964294,74267.39852434944,1.2123528099081404
2024-04-16,63840.0,44778.53807538351,74345.14618933851,1.2242305876552355
2024-04-17,61267.8,44962.71432504918,74422.96129644121,1.121773314092125
2024-04-18,63447.36,45147.030982134995,74500.84389206574,1.1968417352587017
2024-04-19,63836.5,45337.391097951855,74578.79402264234,1.2052197882643292
2024-04-20,64905.95,45533.125116001145,74656.81173462392,1.2392876560863213
2024-04-21,64950.7,45726.87659673252,74734.89707449028,1.2344476965237159
2024-04-22,66828.83,45931.01767154476,74813.05008874147,1.299703494410656
2024-04-23,66472.3,46130.42234792778,74891.27082390324,1.2789771368145337
2024-04-24,64198.5,46322.42386206115,74969.55932652339,1.1867890416323674
2024-04-25,64510.14,46516.65412926809,75047.91564317608,1.192089506204521
2024-04-26,63747.32,46711.86665409624,75126.33982045572,1.1579889355304223
2024-04-27,63445.48,46908.45495334085,75204.83190498302,1.1410495428783032
2024-04-28,62991.27,47108.867009197034,75283.39194340083,1.1188165739088494
2024-04-29,63804.4,47314.10822262942,75362.0199823765,1.1417159505948258
2024-04-30,60690.8,47507.35111136186,75440.71606860071,1.0277301715341862
2024-05-01,58278.09,47691.72505351325,75519.48024878868,0.9429932753863982
2024-05-02,59071.21,47877.40846741872,75598.31256967773,0.9640709519067677
2024-05-03,62855.86,48066.8351742349,75677.21307802972,1.086127693669182
2024-05-04,63994.27,48262.41122665077,75756.18182063111,1.120095584251439
2024-05-05,64058.54,48459.870751765375,75835.21884429171,1.1166083634928143
2024-05-06,63145.67,48651.02004753688,75914.3241958434,1.0796213657862597
2024-05-07,62344.02,48831.84323317439,75993.49792214391,1.0473939287877687
2024-05-08,61156.89,49006.634409600985,76072.74007007308,1.003244637759515
2024-05-09,63088.62,49189.21434812504,76152.05068653662,1.0625529138148113
2024-05-10,60801.1,49338.94436444725,76231.4298184617,0.982876506051394
2024-05-11,60790.01,49483.081873186195,76310.8775128014,0.978636122048859
2024-05-12,61493.64,49626.3610584337,76390.39381653025,0.9974915427287232
2024-05-13,62909.03,49778.25616487512,76469.97877664874,1.0396695624110412
2024-05-14,61558.14,49926.920181395486,76549.63244018007,0.9915008514923813
2024-05-15,66293.39,50093.36233439961,76629.35485417146,1.1448935357535805
2024-05-16,65282.62,50252.93661613481,76709.14606569354,1.1055707948518692
2024-05-17,66941.22,50419.87117298629,76789.00612184223,1.1574079681464131
2024-05-18,66982.74,50586.18288553053,76868.93506973499,1.153833232886008
2024-05-19,66267.1,50744.517637082005,76948.93295651581,1.1246158501712162
2024-05-20,71466.21,50926.4394221114,77028.99982934959,1.3019788531211527
2024-05-21,70191.19,51105.87550638767,77109.1357354272,1.2502260468278232
2024-05-22,69145.91,51279.45949831583,77189.34072196357,1.2079034524595282
2024-05-23,67903.82,51449.55063893586,77269.61483619577,1.159839993289312
2024-05-24,68567.61,51622.36250693615,77349.95812538562,1.1774434678252939
2024-05-25,69304.6,51795.900213070076,77430.37063682025,1.197615474537135
2024-05-26,68474.6,51965.714237933724,77510.85241780775,1.1640713327616026
2024-05-27,69363.83,52131.59984466249,77591.4035156828,1.1894644582510228
2024-05-28,68350.32,52289.66667639285,77672.0239778023,1.1502721602400379
2024-05-29,67573.57,52446.26747063563,77752.71385154853,1.1197564838151772
2024-05-30,68356.11,52606.813012287916,77833.47318432531,1.1411593079410762
2024-05-31,67506.03,52769.016471601586,77914.30202356378,1.1083806924333566
2024-06-01,67719.96,52939.3023972264,77995.20041671667,1.110675759068552
2024-06-02,67721.84,53093.336596165886,78076.16841126082,1.1063664245747955
2024-06-03,68794.57,53264.42541617737,78157.2060546972,1.1368470743438355
2024-06-04,70596.56,53439.474785565006,78238.31339455221,1.1920251488599383
2024-06-05,71164.39,53617.474438473575,78319.49047837386,1.2060054080265081
2024-06-06,70770.7,53788.78039266916,78400.73735373556,1.1876682268447045
2024-06-07,69283.58,53954.30193954121,78482.05406823425,1.133611391843382
2024-06-08,69305.9,54133.3008953058,78563.44066949168,1.1294198340489725
2024-06-09,69654.99,54301.567711403244,78644.89720515315,1.1361130574494884
2024-06-10,69490.62,54470.77711768851,78726.4237228868,1.1260774932846176
2024-06-11,67316.44,54628.56918306321,78808.02027038696,1.0525725439302265
2024-06-12,68270.98,54790.2707951936,78889.68689536952,1.0783223200736247
2024-06-13,66764.3,54948.73765852722,78971.4236455765,1.0272139598211687
2024-06-14,66022.42,55106.251843004145,79053.23056877415,1.0006043416368449
2024-06-15,66154.97,55260.38457776936,79135.10771275032,1.0007874551018017
2024-06-16,66613.62,55416.68489940162,79217.05512531905,1.0108037275794464
2024-06-17,66517.55,55573.921244267214,79299.07285431857,1.0039991347176662
2024-06-18,65126.6,55718.63815419292,79381.16094760939,0.9589564237872997
2024-06-19,64903.53,55857.38863616669,79463.31945307757,0.9490504614373734
2024-06-20,64842.53,55992.26849760696,79545.54841863338,0.9440086196634344
2024-06-21,64136.38,56111.8749388632,79627.84789221008,0.9206384917223015
2024-06-22,64258.23,56217.8456722655,79710.21792176581,0.921444796681139
2024-06-23,63214.36,56321.20951098784,79792.65855528295,0.8891941210536405
2024-06-24,60236.01,56414.21092190201,79875.1698407675,0.805215415862148
2024-06-25,61820.98,56508.77727316268,79957.75182624975,0.8458537632847457
2024-06-26,60794.33,56601.91109156574,80040.40455978556,0.8158039113682555
2024-06-27,61622.64,56698.78252487728,80123.12808945178,0.8358896937303604
2024-06-28,60322.28,56806.93330647053,80205.92246335154,0.7986338496065744
2024-06-29,60890.24,56916.25568345985,80288.78772961292,0.8113423570266435
2024-06-30,62678.1,57024.074121908634,80371.72393638696,0.8571762304846322
2024-07-01,62870.34,57132.278850480594,80454.73113184772,0.859920857502227
2024-07-02,62056.54,57244.313663606576,80537.80936419618,0.8353009009613112
2024-07-03,60187.34,57345.82077585171,80620.95868165568,0.7835389110936157
2024-07-04,57171.19,57438.52920246351,80704.17913247454,0.7051071666958095
2024-07-05,56624.69,57520.06146198539,80787.47076492409,0.689998778068017
2024-07-06,58219.33,57612.32882957884,80870.8336273013,0.7274900464285966
2024-07-07,55913.47,57683.71740456186,80954.26776792618,0.6694835363318027
2024-07-08,56684.73,57757.63306353711,81037.77323514507,0.6864916805113358
2024-07-09,57995.57,57837.34229203349,81121.35007732533,0.7168794715792295
2024-07-10,57653.32,57917.42809830481,81204.99834286205,0.7067350215735069
2024-07-11,57384.82,58001.01321425841,81288.71808017131,0.6984385344224044
2024-07-12,57910.59,58083.36308521518,81372.5093376969,0.7095557370729758
2024-07-13,59251.21,58179.80496935845,81456.37216390236,0.7407934307876971
2024-07-14,60798.13,58277.65131364327,81540.30660728089,0.777868280641746
2024-07-15,64772.57,58399.78976902544,81624.31271634546,0.8801393471720504
2024-07-16,65045.81,58527.264351212296,81708.39053963611,0.8847361472363127
2024-07-17,64157.33,58650.228476652286,81792.54012571655,0.8580432115318196
2024-07-18,63999.59,58771.78110002349,81876.76152317364,0.8511867891531769
2024-07-19,66771.26,58892.9401790549,81961.0547806186,0.9236519847233702
2024-07-20,67216.19,59011.016329753795,82045.41994668977,0.9331690942911447
2024-07-21,68239.64,59148.56576438105,82129.85707004658,0.9585795699973295
2024-07-22,67585.54,59274.09026178003,82214.36619937488,0.9373352851007951
2024-07-23,65923.74,59392.8612801509,82298.94738338361,0.889109287968603
2024-07-24,65430.69,59510.814216830935,82383.60067080619,0.8732253576579022
2024-07-25,65816.21,59631.27056998314,82468.32611040113,0.8808551491121315
2024-07-26,67929.7,59741.1884453484,82553.12375095209,0.9356469883728231
2024-07-27,67805.48,59856.52994232933,82637.9936412638,0.9294762327048594
2024-07-28,68274.59,59971.00847602779,82722.93583016953,0.9396170970605725
2024-07-29,66827.89,60080.98782935039,82807.95036652366,0.8976486835960084
2024-07-30,66200.81,60212.17201276293,82893.037299207,0.878060134647815
2024-07-31,64607.71,60336.06530899966,82978.19667712429,0.8337343950049275
2024-08-01,65342.4,60471.59958372425,83063.42854920399,0.850019431732621
2024-08-02,61466.66,60583.26989640144,83148.73296439977,0.7500166143533135
2024-08-03,60631.11,60686.36897974394,83234.10997168913,0.7277773662485313
2024-08-04,58181.05,60780.2754469025,83319.55962007477,0.6684262236025764
2024-08-05,54025.9,60862.43820356108,83405.08195858386,0.5749924745497831
2024-08-06,56096.88,60953.24286644262,83490.67703626747,0.6183617472657411
2024-08-07,55100.98,61038.48795799041,83576.34490220048,0.5951569444784852
2024-08-08,61644.69,61158.885379389336,83662.08560548438,0.7426823401863746
2024-08-09,60818.65,61290.63809667767,83747.89919524241,0.7206186325632382
2024-08-10,60941.77,61420.82737282464,83833.78572062518,0.7212658781814747
2024-08-11,58732.95,61538.50780704499,83919.74523080504,0.6679631617685271
2024-08-12,59337.91,61660.399966703495,84005.77777498169,0.679749655932946
2024-08-13,60596.01,61775.04590458267,84091.8834023773,0.7068396463454284
2024-08-14,58779.3,61877.89246324913,84178.06216223861,0.6633066974263327
2024-08-15,57502.3,61975.226136616766,84264.31410383766,0.6331529316167481
2024-08-16,58879.72,62070.73619214672,84350.63927647106,0.6621497164067331
2024-08-17,59477.15,62171.59567706011,84437.03772945929,0.6738687196928576
2024-08-18,58448.05,62269.996614972435,84523.50951214884,0.6490582724551403
2024-08-19,59469.51,62370.38493035647,84610.05467390873,0.6701751499713093
2024-08-20,59062.49,62468.085687916384,84696.67326413392,0.6593241065708443
2024-08-21,61193.87,62578.480247641506,84783.36533224405,0.7057975981197466
2024-08-22,60378.7,62687.952365572164,84870.13092768194,0.6852176793800823
2024-08-23,64130.87,62815.90058654554,84956.97009991715,0.7706650380275044
2024-08-24,64157.87,62941.02164293637,85043.88289844176,0.7689940962569768
2024-08-25,64286.9,63057.65572666475,85130.86937277392,0.7698747541471257
2024-08-26,62838.55,63160.60284313159,85217.92957245567,0.7336265924590722
2024-08-27,59398.77,63233.546521158954,85305.06354705444,0.6540825345216396
2024-08-28,59024.0,63300.277981522864,85392.2713461609,0.6445150946490956
2024-08-29,59371.27,63365.5503548586,85479.55301939178,0.6507845351954206
2024-08-30,59113.86,63418.87039997334,85566.90861638848,0.6439531815419046
2024-08-31,58956.52,63473.10622730543,85654.33818681496,0.6393292368117414
2024-09-01,57347.49,63505.197831037854,85741.8417803634,0.6039858264006663
2024-09-02,59140.6,63546.460448765676,85829.4194467464,0.6412744137402696
2024-09-03,57474.64,63577.168134227555,85917.0712357055,0.6047444279805367
2024-09-04,57994.01,63613.83519303278,86004.79719700414,0.614740778425153
2024-09-05,56152.01,63637.291755581195,86092.5973804311,0.575510317797078
2024-09-06,53930.39,63650.32483895273,86180.47183580068,0.5302218612759344
2024-09-07,54178.64,63661.6521260518,86268.42061295107,0.5344738309236614
2024-09-08,57053.9,63692.20123399885,86356.44376174455,0.5918200375556864
2024-09-09,57645.59,63729.58489336752,86444.54133207024,0.6031891390220215
2024-09-10,57352.79,63768.5631239788,86532.71337383984,0.5961041507731597
2024-09-11,58137.54,63806.89881121822,86620.95993699123,0.6115369080570935
2024-09-12,60543.35,63857.109931357525,86709.28107148633,0.662000093797658
2024-09-13,60012.35,63887.534773634776,86797.67682731249,0.6494669195900081
2024-09-14,59122.33,63898.85350414253,86886.14725448043,0.6295923993727799
2024-09-15,58208.75,63876.23697626759,86974.69240302773,0.6098799013857411
2024-09-16,60312.6,63871.36287631558,87063.31232301464,0.6541460638680602
2024-09-17,61769.18,63867.76784533834,87152.0070645283,0.6854638263349211
2024-09-18,62960.14,63872.54124789717,87240.7766776785,0.7113734484052151
2024-09-19,63210.69,63872.54872546701,87329.62121260123,0.7163169690182458
2024-09-20,63362.74,63848.69489869505,87418.54071945726,0.7193037450112967
2024-09-21,63577.66,63847.11186313083,87507.53524843151,0.7234730713870314
2024-09-22,63338.87,63833.526881788195,87596.60484973506,0.7174712582357033
2024-09-23,64272.93,63820.671634379716,87685.74957360169,0.7381860058325619
2024-09-24,63130.89,63795.49929970475,87774.96947029211,0.711742822011481
2024-09-25,65177.21,63779.62534344371,87864.2645900912,0.7580490184427345
2024-09-26,65789.0,63764.44022499281,87953.63498330863,0.7717457134386879
2024-09-27,65858.99,63735.129847684024,88043.08070027744,0.772958232304239
2024-09-28,65600.01,63707.81735910052,88132.60179135842,0.7664405847809184
2024-09-29,63301.25,63661.99527590276,88222.19830693577,0.7134547780612923
2024-09-30,60790.0,63610.556717890664,88311.87029741851,0.6578335328786774
2024-10-01,60631.37,63567.18743452993,88401.61781324056,0.6541864639441527
2024-10-02,60744.99,63543.135643720176,88491.44090486139,0.656222354931013
2024-10-03,62090.71,63512.58098675003,88581.33962276464,0.6852534747123227
2024-10-04,62051.29,63485.54383026058,88671.31401745809,0.6839803745189775
2024-10-05,62810.86,63489.78136206884,88761.36413947803,0.7000703427128045
2024-10-06,62200.28,63462.13073052312,88851.49003938201,0.6861282717979137
2024-10-07,62122.02,63445.306726043345,88941.69176775317,0.6838899960451846
2024-10-08,60578.28,63429.30675228996,89031.96937520035,0.649827268633006
2024-10-09,60279.53,63410.15481523604,89122.32291235794,0.6429754689031667
2024-10-10,62518.75,63386.805957585966,89212.75242988455,0.6911857332993244
2024-10-11,63187.47,63354.7510129015,89303.25797846299,0.7056924024964679
2024-10-12,62845.3,63320.71335107414,89393.8396088039,0.697737744973186
2024-10-13,66065.65,63305.2529122736,89484.49737163846,0.7704844412900834
2024-10-14,67056.6,63288.19154524049,89575.23131772644,0.7931812412428965
2024-10-15,67608.44,63277.49277863817,89666.04149785257,0.805609483466829
2024-10-16,67402.33,63267.09619723591,89756.92796282357,0.8000256984552699
2024-10-17,68426.11,63254.46856898503,89847.89076347479,0.8238432824035054
2024-10-18,68363.73,63248.336833795795,89938.92995066509,0.8215891105720814
2024-10-19,69014.86,63264.97236755547,90030.04557527753,0.8362467250724709
2024-10-20,67346.15,63271.444791903006,90121.2376882209,0.7954092688743238
2024-10-21,67380.08,63266.618591949875,90212.50634043042,0.7954660928826266
2024-10-22,66601.11,63260.608311431235,90303.85158286482,0.7764675258630482
2024-10-23,68156.84,63256.966563119364,90395.2734665071,0.8123904486388359
2024-10-24,66564.51,63244.02577201205,90486.77204236819,0.7742493973987886
2024-10-25,67012.56,63223.05593048091,90578.34736148105,0.7841741858136981
2024-10-26,67943.19,63217.71553443123,90669.99947490665,0.8053588881045906
2024-10-27,69924.5,63214.87927231934,90761.72843372873,0.852190460785428
2024-10-28,72724.35,63226.94232660731,90853.53428905674,0.920694800189074
2024-10-29,72322.91,63250.608985724364,90945.41709202746,0.90929803799339
2024-10-30,70197.83,63279.68033350659,91037.37689379821,0.8553884109683806
2024-10-31,69467.29,63297.59802142867,91129.41374555578,0.8365943117841084
2024-11-01,69358.94,63326.238327623534,91221.52769851054,0.8327676812109108
2024-11-02,68738.18,63349.64956464556,91313.71880389718,0.8168001544281229
2024-11-03,67807.48,63381.78171444915,91405.98711297763,0.7936264300030758
2024-11-04,69380.73,63410.119252946395,91498.33267703744,0.8296711331079998
2024-11-05,75646.55,63463.960392887086,91590.75554738718,0.9844630949837143
2024-11-06,75920.0,63513.71686467966,91683.25577536253,0.9898168506567824
2024-11-07,76566.73,63565.98923318168,91775.83341232646,1.0049097326098195
2024-11-08,76716.06,63609.85742677278,91868.4885096648,1.0071208499080977
2024-11-09,80428.92,63670.502852467966,91961.22111878921,1.10479440142554
2024-11-10,88770.73,63773.75725583382,92054.03129113719,1.3423159973918037
2024-11-11,88035.43,63872.976060801855,92146.91907817208,1.3167914821239526
2024-11-12,90493.82,63984.965018222814,92239.88453138011,1.387526081389735
2024-11-13,87340.4,64087.305041526124,92332.92770227486,1.2891449076139494
2024-11-14,91058.36,64205.49618626482,92426.04864239502,1.3972465796382332
2024-11-15,90636.24,64318.28605156519,92519.24740330288,1.3805025311995909
2024-11-16,89886.69,64444.71768181654,92612.52403658743,1.353735227347624
2024-11-17,90520.3,64586.76448865453,92705.87859386348,1.3684885441386745
2024-11-18,92435.89,64731.52709272026,92799.31112677029,1.4223964154743425
2024-11-19,94393.15,64863.26804191977,92892.8216869707,1.4787677721957293
2024-11-20,98439.09,65003.083541313434,92986.41032615652,1.6031779815046137
2024-11-21,99024.03,65144.80320953228,93080.07709604244,1.6171290656147963
2024-11-22,97778.77,65287.386143421616,93173.82204836985,1.5716865883647197
2024-11-23,98028.18,65435.29462059744,93267.64523490224,1.5745585150198906
2024-11-24,93000.01,65572.57675950891,93361.54670743363,1.4127837870463653
2024-11-25,91929.54,65696.1274868995,93455.5265177794,1.3764657671441092
2024-11-26,95951.19,65846.16184193382,93549.58471778089,1.4946117822035876
2024-11-27,95665.53,65995.61517041888,93643.72135930615,1.4808709656775556
2024-11-28,97490.56,66147.85157791148,93737.93649424842,1.532830022019929
2024-11-29,96465.42,66289.39213554251,93832.23017452468,1.4960539109162774
2024-11-30,97263.18,66441.18222535182,93926.60245208011,1.5159014368861559
2024-12-01,95862.89,66563.82236373932,94021.05337888133,1.468377326122078
2024-12-02,95924.52,66692.02637292114,94115.58300692475,1.4659657347563437
2024-12-03,98746.24,66821.78119397319,94210.19138822894,1.5489064975013
2024-12-04,97044.23,66945.76088926994,94304.87857483928,1.4917024213944519
2024-12-05,99891.35,67083.27112654538,94399.6446188256,1.575691434226655
2024-12-06,99929.32,67195.80985598528,94494.48957228604,1.5726685007279693
2024-12-07,101174.99,67318.76582470589,94589.41348733939,1.60756174349365
2024-12-08,97324.81,67433.92377146905,94684.41641613434,1.4835090214560889
2024-12-09,96660.76,67553.08866767286,94779.49841084328,1.4592872711479632
2024-12-10,101202.11,67684.70858937077,94874.65952366388,1.5949179319925757
2024-12-11,100030.47,67809.01169854321,94969.89980681833,1.5537860723293115
2024-12-12,101428.75,67942.35129658073,95065.21931255714,1.5927951318068427
2024-12-13,101399.99,68071.4649035147,95160.61809315308,1.5872797414003004
2024-12-14,104447.76,68215.94340254486,95256.09620090807,1.6788797548076853
2024-12-15,106099.81,68369.99975773643,95351.65368814467,1.7267736170895416
2024-12-16,106136.99,68520.57921964987,95447.29060721693,1.7224590420741224
2024-12-17,100150.73,68655.85551935811,95543.00701049884,1.529085427950758
2024-12-18,97372.21,68780.63403444899,95638.80295039354,1.441350979178216
2024-12-19,97765.0,68907.01677496548,95734.67847932797,1.4488855393510995
2024-12-20,97230.08,69026.31366586557,95830.63364975514,1.429164585036351
2024-12-21,95087.75,69129.17687917559,95926.66851415424,1.3634788150456871
2024-12-22,94764.56,69228.24179331122,96022.78312502817,1.3509345525682457
2024-12-23,98594.47,69343.10705754848,96118.97753490915,1.4584537920327447
2024-12-24,99346.28,69468.1772358612,96215.25179635003,1.4766358054552802
2024-12-25,95669.49,69580.2395980835,96311.6059619329,1.3657851082053285
2024-12-26,94171.89,69685.23439119925,96408.04008426452,1.320044445893897
2024-12-27,95130.82,69794.74750103132,96504.55421597614,1.3436059894580266
2024-12-28,93563.35,69909.73623114765,96601.14840972681,1.2962583691376428
2024-12-29,92620.71,70016.43970768452,96697.82271819857,1.2670667452422613
2024-12-30,93354.22,70133.89707366968,96794.57719410125,1.283774989490442
2024-12-31,94383.59,70259.32885565917,96891.41189016843,1.308590319347488
2025-01-01,96903.19,70393.55119257924,96988.32685916312,1.3753834866143575
2025-01-02,98136.51,70530.05341995288,97085.32215386812,1.4064795748020589
2025-01-03,98209.85,70667.59424974424,97182.39782709727,1.4044367276459624
2025-01-04,98345.33,70813.37335483792,97279.55393168739,1.4040113864873778
2025-01-05,102279.41,70974.5884553226,97376.79052050071,1.5136242915592177
2025-01-06,96941.98,71117.44451875224,97474.10764642655,1.3556836579386664
2025-01-07,95036.63,71257.41698809953,97571.50536237958,1.2990592947627024
2025-01-08,92547.44,71387.51325404149,97668.98372129918,1.22842853902491
2025-01-09,94701.18,71531.93150659931,97766.54277615176,1.2823913234462618
2025-01-10,94565.02,71693.42421908921,97864.18257992914,1.2745531213361212
2025-01-11,94509.62,71845.74032983101,97961.90318564785,1.2690940142146572
2025-01-12,94506.45,72004.39673825451,98059.70464635146,1.2649498347473325
2025-01-13,96534.96,72166.18341296996,98157.5870151082,1.3155629392699646
2025-01-14,100510.23,72350.64386564962,98255.5503450134,1.4210882241614409
2025-01-15,99981.78,72530.26533928132,98353.59468918627,1.4013035589433633
2025-01-16,104107.0,72714.5108214922,98451.72010077388,1.5139637215964243
2025-01-17,104435.0,72899.25467730286,98549.92663294802,1.5181432352957311
2025-01-18,101211.13,73077.7709242754,98648.21433890598,1.4209605712830118
2025-01-19,102145.43,73271.29386951814,98746.58327187136,1.4420553955752224
2025-01-20,106159.26,73498.37951333936,98845.03348509244,1.551254835707008
2025-01-21,103667.11,73720.95281436564,98943.56503184629,1.4733417280184251
2025-01-22,103926.36,73934.85615022093,99042.17796543139,1.4749660316961728
2025-01-23,104850.27,74167.64643979784,99140.87233917668,1.495105615267466
2025-01-24,104733.56,74395.65926841785,99239.64820643335,1.485726668826244
2025-01-25,102563.0,74608.03058798853,99338.50562057976,1.4193131697032466
2025-01-26,102062.42,74821.3920310642,99437.44463502144,1.4000900985595872
2025-01-27,101290.0,75034.26480104632,99536.46530318623,1.373698096526226
2025-01-28,103747.25,75253.33037587059,99635.56767853237,1.4355326130725563
2025-01-29,104742.64,75468.00266003722,99734.75181454046,1.457597666992355
2025-01-30,102411.26,75665.01866167616,99834.01776471909,1.3884227652418222
2025-01-31,100623.85,75831.85721628045,99933.36558260157,1.3361021212334465
2025-02-01,97676.52,75986.16857673514,100032.79532174605,1.2551724688389059
2025-02-02,101460.2,76160.50129485052,100132.30703574029,1.3498559084403787
2025-02-03,97795.05,76322.131790476,100231.90077819438,1.2501936464670995
2025-02-04,96638.33,76463.34476016623,100331.57660274568,1.2173288209631679
2025-02-05,96564.62,76601.98298483652,100431.33456305711,1.2120675535401986
2025-02-06,96537.08,76734.96501596764,100531.17471281804,1.208076009403064
2025-02-07,96476.25,76871.63753330705,100631.09710574428,1.203212924712517
2025-02-08,96475.82,77018.13816544198,100731.10179557643,1.19972126577414
2025-02-09,97444.41,77171.66900989591,100831.18883608154,1.2202844585851138
2025-02-10,95774.08,77316.55030751384,100931.3582810523,1.175431679591631
2025-02-11,97862.53,77457.81685419519,101031.61018430784,1.2237997258807756
2025-02-12,96625.29,77595.11521691788,101131.94459969379,1.1897586756415786
2025-02-13,97509.03,77733.51583574722,101232.36158108058,1.2082644370374358
2025-02-14,97596.94,77880.85366785157,101332.86118236513,1.206955877366667
2025-02-15,96119.88,78026.19932601831,101433.44345747087,1.167360026652559
2025-02-16,95781.8,78179.96039350177,101534.10846034685,1.1557358444494394
2025-02-17,95607.4,78328.88206744322,101634.856244967,1.1482022944635235
2025-02-18,96632.03,78506.26856405524,101735.68686533341,1.1691346956249553
2025-02-19,98347.2,78696.3641621651,101836.60037547383,1.2068837472529754
2025-02-20,96157.03,78894.30695673371,101937.59682944094,1.1496933656184678
2025-02-21,96582.12,79123.80047078915,102038.67628131302,1.155371134317994
2025-02-22,96265.98,79337.7371985952,102139.83878519744,1.1435909107485251
2025-02-23,91510.82,79539.22871739372,102241.08439522312,1.0297648687632697
2025-02-24,88583.74,79683.54869085804,102342.41316555049,0.9622406598830867
2025-02-25,84111.78,79812.84048009217,102443.82515035989,0.8652768687470606
2025-02-26,84625.19,79943.96610498342,102545.32040386405,0.873570132244368
2025-02-27,84297.73,80088.53704406279,102646.8989802981,0.8644016071154135
2025-02-28,86018.76,80237.36634240462,102748.5609339229,0.8974989355546035
2025-03-01,94265.48,80414.84117666975,102850.30631902671,1.074393985759069
2025-03-02,86161.1,80568.75313640689,102952.1351899244,0.8949947111629478
2025-03-03,87249.96,80736.89491968746,103054.04760095662,0.9149416042353123
2025-03-04,90603.73,80911.06999425113,103156.04360648886,0.9835343513180778
2025-03-05,89921.85,81078.46536641494,103258.12326091497,0.9658300626302612
2025-03-06,86756.98,81238.74241846816,103360.28661865287,0.8963795807976994
2025-03-07,86206.69,81389.69573421284,103462.53373414878,0.8825298543163075
2025-03-08,80699.17,81516.81665077772,103564.86466187214,0.7713979537052567
2025-03-09,78544.71,81618.62171395501,103667.27945632162,0.7291265673543289
2025-03-10,82914.51,81748.16079712744,103769.77817202079,0.8104238216172632
2025-03-11,83659.43,81856.88791654386,103872.36086351905,0.8231416377320413
2025-03-12,81073.43,81952.72001640718,103975.02758539325,0.771373434137388
2025-03-13,83980.49,82062.2937695,104077.77839224528,0.8257624746023496
2025-03-14,84351.46,82183.18802201525,104180.61333870278,0.8310273436850658
2025-03-15,82562.57,82318.60706632085,104283.5324794218,0.7940587932133143
2025-03-16,84011.4,82464.0311520146,104386.53586908337,0.819912292546271
2025-03-17,82698.76,82600.7849144537,104489.62356239345,0.7923930479764506
2025-03-18,86877.96,82759.96068930313,104592.79561408646,0.8719612439577887
2025-03-19,84183.42,82907.4865871334,104696.05207892263,0.8164490268131258
2025-03-20,84061.96,83066.1677546161,104799.39301168805,0.811738382241489
2025-03-21,83852.03,83211.30135973255,104902.81846719384,0.8054854340228701
2025-03-22,86092.94,83379.59292460667,105006.32850028035,0.8465640724484035
2025-03-23,87523.62,83551.35185669025,105109.92316581127,0.8722748363916918
2025-03-24,87427.88,83736.51927422942,105213.60251867959,0.8675871271454688
2025-03-25,86926.01,83936.62162857702,105317.36661380074,0.8547675261882274
2025-03-26,87217.48,84136.6783572893,105421.21550612031,0.8576176036607854
2025-03-27,84381.8,84301.47621745824,105525.1492506081,0.8003987761792056
2025-03-28,82616.83,84453.31315693779,105629.16790226151,0.7651322430315287
2025-03-29,82379.98,84606.3632438815,105733.27151610298,0.7586276486790787
2025-03-30,82534.32,84754.72463002878,105837.46014718172,0.7593916693388026
2025-03-31,85170.37,84899.47948533653,105941.73385057373,0.8065010996621061
2025-04-01,82490.08,85034.63131335302,106046.0926813809,0.7545933006005271
2025-04-02,83174.33,85179.8796093922,106150.53669473281,0.7651021213281952
2025-04-03,83860.16,85335.52387908543,106255.06594578325,0.7755894076110084
2025-04-04,83498.25,85474.42848159392,106359.68048971449,0.7669049080768944
2025-04-05,78370.75,85576.22337936687,106464.38038173392,0.674140716961674
2025-04-06,79140.01,85674.1429301382,106569.16567707574,0.685979073601344
2025-04-07,76251.64,85754.5281814325,106674.03643100009,0.6355980954360422
2025-04-08,82594.75,85868.2583496243,106778.99269879483,0.7440230873079499
2025-04-09,79552.34,85964.5504466969,106884.03453577377,0.6887691431240199
2025-04-10,83380.47,86082.79637962882,106989.16199727583,0.754870624469589
2025-04-11,85271.01,86204.55872045537,107094.37513866852,0.7876003851534895
2025-04-12,83733.07,86326.37581025885,107199.67401534358,0.757629812676363
2025-04-13,84590.36,86438.98012602507,107305.05868272226,0.7714573408952036
2025-04-14,83629.78,86542.74624041263,107410.52919624913,0.7523923650779019
2025-04-15,84028.72,86648.2380266108,107516.08561139659,0.7579181647706112
2025-04-16,84961.97,86760.35876242086,107621.72798366382,0.773086069273984
2025-04-17,84466.47,86885.5789829388,107727.45636857611,0.7622450000249663
2025-04-18,85074.99,87031.71634780502,107833.2708216847,0.7712114816064483
2025-04-19,85177.34,87179.76254227504,107939.1713985704,0.7709982373067576
2025-04-20,87522.07,87339.10100418895,108045.15815483565,0.8117478265589532
2025-04-21,93489.1,87518.00094608485,108151.2311461133,0.9234068696590415
2025-04-22,93740.92,87698.72532954141,108257.39042806052,0.9255664156938957
2025-04-23,94021.96,87875.79233893273,108363.63605636402,0.9283372514301863
2025-04-24,94708.79,88060.72235841131,108469.96808673214,0.9390502230482198
2025-04-25,94666.64,88246.40064427018,108576.38657490553,0.935322843169339
2025-04-26,93780.57,88439.43924666,108682.89157664726,0.9149946848603671
2025-04-27,95042.57,88641.01529494887,108789.48314774923,0.936730599845578
2025-04-28,94271.09,88823.2302191812,108896.16134402755,0.9187935193687293
2025-04-29,94182.54,89000.6667532977,109002.92622132627,0.9143434967819258
2025-04-30,96524.98,89191.83412698837,109109.77783551812,0.9573939403248791
2025-05-01,96929.81,89362.95123345766,109216.71624250017,0.962649312827487
2025-05-02,95861.33,89522.7702119102,109323.74149819471,0.9389422922216164
2025-05-03,94272.55,89671.70642491033,109430.85365855545,0.9056810642022917
2025-05-04,94733.99,89824.45460179204,109538.05277955689,0.9121201568695285
2025-05-05,96839.17,89980.56896361135,109645.33891720408,0.9505242642949009
2025-05-06,97058.32,90138.3844734921,109752.71212753,0.9522270370642516
2025-05-07,103253.49,90320.13555147593,109860.17246658834,1.0744460721165934
2025-05-08,102986.96,90512.15977522163,109967.71999046615,1.065595379367116
2025-05-09,104821.19,90712.37044786883,110075.354755273,1.1003771462639478
2025-05-10,104137.62,90915.33571496535,110183.07681714639,1.0825881111172593
2025-05-11,102800.21,91102.34784147142,110290.88623225085,1.0517652255859562
2025-05-12,104131.06,91306.4078592422,110398.78305677803,1.0757095771600649
2025-05-13,103545.38,91505.27485668418,110506.76734694385,1.06029435192405
2025-05-14,103786.43,91699.31744645438,110614.83915899406,1.0619440888654539
2025-05-15,103500.03,91879.29594021307,110722.99854919966,1.0529929272557261
2025-05-16,103161.07,92040.04843503138,110831.24557385783,1.0432601614870982
2025-05-17,106473.46,92218.20528927208,110939.58028929464,1.1081015188428225
2025-05-18,105616.18,92406.75077397806,111048.0027518605,1.0870423383531442
2025-05-19,106883.24,92606.04695874132,111156.513017933,1.109800612270409
2025-05-20,109699.54,92818.56670862074,111265.11114391858,1.1652409779289372
2025-05-21,111722.53,93044.25684692258,111373.79718624809,1.204505883127783
2025-05-22,107329.61,93258.14684148639,111482.57120138132,1.1080142472598289
2025-05-23,107794.01,93463.82704730536,111591.43324580153,1.1140760572946322
2025-05-24,109048.68,93634.89255340623,111700.38337602277,1.1369685343377731
2025-05-25,109464.32,93806.36306195098,111809.42164858441,1.142442807104186
2025-05-26,108978.46,93972.071666372,111918.54812005111,1.1292249473089393
2025-05-27,107819.29,94132.1226732367,112027.76284701654,1.1023751629210723
2025-05-28,105572.58,94260.24117205942,112137.06588609876,1.0544464647125689
2025-05-29,104033.26,94335.0445070569,112246.45729394576,1.0221125344257642
2025-05-30,104645.87,94416.60533381782,112355.93712722992,1.0322853829108185
2025-05-31,105697.94,94489.95011496196,112465.50544265265,1.051303444419918
2025-06-01,105904.94,94581.04866118965,112575.16229693982,1.0533816056442462
2025-06-02,105447.82,94650.45669920865,112684.90774684535,1.0425256380511883
2025-06-03,104753.38,94718.98698519751,112794.74184915223,1.0270939961782148
2025-06-04,101570.2,94776.8781160546,112904.66466066513,0.9640916707424871
2025-06-05,104397.99,94844.49533501186,113014.67623822053,1.0168041243250434
2025-06-06,105619.02,94907.74124530704,113124.77663868027,1.0390223623901802
2025-06-07,105784.4,94961.82300394659,113234.96591893159,1.0406714908455281
2025-06-08,110301.15,95015.86043099113,113345.2441358917,1.1296936122121308
2025-06-09,110300.24,95067.10848714616,113455.61134650136,1.1279676639708502
2025-06-10,108669.37,95117.31835945786,113566.06760773138,1.0932163363296907
2025-06-11,105721.05,95153.25525375045,113676.61297657792,1.0333041176873679
2025-06-12,106118.7,95216.05745867579,113787.24751006348,1.0393936399352992
2025-06-13,105465.42,95281.4746480102,113897.97126523874,1.0249335617424347
2025-06-14,105599.25,95327.13095694117,114008.78429918169,1.0260459969957172
2025-06-15,106853.38,95379.8612334069,114119.68666899568,1.048960831779321
2025-06-16,104590.44,95413.39152494629,114230.67843181324,1.0036721894637581
2025-06-17,104915.6,95453.4600189118,114341.75964479137,1.008517852667097
2025-06-18,104671.9,95488.50273564298,114452.93036511623,1.0024949993272296
2025-06-19,103317.8,95524.26545102826,114564.19065000037,0.9754111185757487
2025-06-20,102160.03,95554.35024053771,114675.54055668363,0.9524468809249778
2025-06-21,100996.87,95565.11800652351,114786.98014243128,0.9298733447019342
2025-06-22,105419.39,95604.68046722676,114898.50946453684,1.011689979971489
2025-06-23,106141.0,95633.69386399825,115010.12858032309,1.0242815033090311
2025-06-24,107400.22,95668.17559248813,115121.83754713538,1.0473338419571996
2025-06-25,107029.64,95695.08806704717,115233.63642234926,1.0388174009125355
2025-06-26,107113.38,95740.9532501954,115345.5252633676,1.038936368787477
2025-06-27,107352.2,95791.18613847723,115457.50412761781,1.0420155068261416
2025-06-28,108386.44,95824.04018905143,115569.5730725575,1.0607961064528149
2025-06-29,107173.21,95857.09151281836,115681.7321556688,1.0358179838246686
2025-06-30,105711.78,95876.91669061688,115793.98143446213,1.0065763571767155
2025-07-01,108888.32,95911.07882017209,115906.32096647534,1.0665634520510001
2025-07-02,109628.83,95934.29851128321,116018.75080927362,1.0798103081713932
2025-07-03,108028.6,95942.94054317356,116131.27102044676,1.047406564576023
2025-07-04,108246.65,95952.38265721756,116243.88165761567,1.0505169458940462
2025-07-05,109217.98,95993.97232141643,116356.58277842589,1.0679559953523037
2025-07-06,108269.84,96044.90380411112,116469.3744405503,1.0479219111843605
2025-07-07,108958.04,96096.97243277429,116582.25670168924,1.0596840597621149
2025-07-08,111282.85,96161.85739643982,116695.2296195705,1.1035716443638692
2025-07-09,116031.3,96257.61485848007,116808.29325194923,1.1974063077858044
2025-07-10,117582.16,96361.50484875806,116921.44765660806,1.227114563576472
2025-07-11,117472.65,96445.94986460583,117034.69289135419,1.2225733289930814
2025-07-12,119130.81,96533.56767744744,117148.02901402707,1.2549743402760833
2025-07-13,119863.71,96642.44935195602,117261.45608248687,1.2678043001261978
2025-07-14,117781.64,96750.60956874203,117374.97415462794,1.221591422898161
2025-07-15,118681.68,96857.67104261088,117488.58328836635,1.237763527862491
2025-07-16,119273.69,96975.31894094255,117602.28354164759,1.2474189558372402
2025-07-17,118023.05,97092.90834783546,117716.07497244552,1.2187380886788912
2025-07-18,117914.17,97206.35769051823,117829.95763875966,1.2138963474280833
2025-07-19,117312.7,97312.11532944048,117943.93159861697,1.1990783093629787
2025-07-20,117428.79,97405.63809780954,118057.99691007286,1.1991393806227921
2025-07-21,120026.42,97503.75178121187,118172.15363120836,1.2503086277261009
2025-07-22,118810.44,97596.6306603889,118286.40182013295,1.222755324562404
2025-07-23,118397.04,97687.22217995298,118400.74153498268,1.2119634066637817
2025-07-24,117633.27,97755.56046684233,118515.17283392209,1.1943865809921728
2025-07-25,117969.63,97851.5617760609,118629.69577514229,1.1988897750632985
2025-07-26,119465.52,97963.55106938319,118744.31041686093,1.2268962143040163
2025-07-27,118070.59,98082.92438481808,118859.01681732424,1.195798287880183
2025-07-28,117933.39,98190.57720659969,118973.8150348069,1.190562952161925
2025-07-29,117830.15,98298.62490857087,119088.70512760733,1.1860277360231173
2025-07-30,115761.13,98398.36365628726,119203.6871540534,1.1424782731153869
2025-07-31,113248.73,98487.41433157376,119318.76117250255,1.0913830623096146
2025-08-01,112542.74,98562.99687432582,119433.92724133586,1.0759531360648238
2025-08-02,114215.73,98626.01331110709,119549.18541896397,1.1064040074592858
2025-08-03,115051.85,98695.27057634569,119664.53576382513,1.1207930015092074
2025-08-04,114112.95,98740.56706108991,119779.9783343822,1.10100684299557
2025-08-05,115028.83,98788.27912792702,119895.5131891296,1.1171334443879521
2025-08-06,117515.49,98862.08247297598,120011.14038658545,1.1639623015627918
2025-08-07,116683.79,98927.88226899484,120126.85998529741,1.1456770580037423
2025-08-08,116492.51,98973.83829312488,120242.67204384276,1.1402943545878077
2025-08-09,119309.37,99043.40915884146,120358.57662081951,1.1941159000315873
2025-08-10,118701.84,99109.26134801106,120474.57377486023,1.1800631916974786
2025-08-11,120113.18,99176.62953824164,120590.66356462015,1.2063082563675567
2025-08-12,123365.63,99257.85519072488,120706.84604878516,1.2702569300527558
2025-08-13,118389.79,99329.10086048879,120823.1212860668,1.167890014779865
2025-08-14,117436.96,99398.81316515514,120939.4893352043,1.1472558253801204
2025-08-15,117455.68,99472.43200605299,121055.95025496552,1.1456690206097873
2025-08-16,117488.6,99534.31497038803,121172.50410414503,1.1444966946167532
2025-08-17,116286.76,99586.3615874942,121289.15094156309,1.1195376903830783
2025-08-18,112856.19,99634.73131532401,121405.8908260716,1.0529318311659979
2025-08-19,114276.0,99698.1327524301,121522.7238165472,1.0778679065159786
2025-08-20,112480.3,99768.50302904118,121639.64997189323,1.0425198054820843
2025-08-21,116908.68,99839.22729547862,121756.66935104372,1.124344871679406
2025-08-22,115383.87,99921.82379468085,121873.78201295742,1.0932501904191023
2025-08-23,113478.0,100002.11000947398,121990.98801662182,1.0555685290987777
2025-08-24,110127.74,100067.84726467515,122108.28742105211,0.9925531145753396
2025-08-25,111788.01,100141.26250375654,122225.68028529224,1.0209745693439642
2025-08-26,111253.21,100212.64454590986,122343.16666840986,1.0095384414327901
2025-08-27,112574.85,100290.00143370977,122460.74662950441,1.0318776678529296
2025-08-28,108378.32,100343.34282025725,122578.42022770106,0.9549535430383455
2025-08-29,108827.93,100407.47062095496,122696.18752215175,0.9613546737844246
2025-08-30,108247.95,100458.11922499086,122814.04857203917,0.9497433681982818
2025-08-31,109240.55,100519.77513264645,122932.00343656978,0.9657201391215268
2025-09-01,111247.94,100586.0477517282,123050.05217498085,0.9999180528417899
2025-09-02,111756.41,100654.2055345869,123168.19484653439,1.0074288480211737
2025-09-03,110720.79,100725.40100813664,123286.43151052424,0.987197539771689
2025-09-04,110670.02,100798.19147428677,123404.76222626702,0.9846351088839567
2025-09-05,110212.6,100869.86480507658,123523.18705311012,0.9748831599258574
2025-09-06,111129.61,100940.39088637997,123641.70605042779,0.9895314670437033
2025-09-07,112072.57,101006.34796788238,123760.3192776231,1.0047744251055193
2025-09-08,111549.32,101081.36506597431,123879.02679412387,0.9937221521539672
2025-09-09,113983.97,101165.1275664374,123997.82865938984,1.0357206722472179
2025-09-10,115540.0,101257.48378988821,124116.72493290452,1.0622024234492013
2025-09-11,116106.03,101378.07554489738,124235.71567418026,1.0703333119184046
2025-09-12,115968.35,101514.70808461546,124354.8009427593,1.065338027024437
2025-09-13,115314.13,101674.98069534764,124473.98079820974,1.0506846222167512
2025-09-14,115381.08,101832.70339907972,124593.25530012748,1.049270331541355
2025-09-15,116832.56,101999.02335617522,124712.62450813633,1.0730534461628924
2025-09-16,116484.4,102153.7670312725,124832.08848188794,1.0640325438292582
2025-09-17,117117.99,102264.69819164986,124951.64728106087,1.073444249354582
2025-09-18,115690.55,102415.49637672097,125071.30096536457,1.044894468110347
2025-09-19,115752.4,102560.35090038713,125191.04959453337,1.0435355055026945
2025-09-20,115282.27,102683.95324395437,125310.89322832949,1.0328413888770198
2025-09-21,112736.59,102800.10981541475,125430.831926543,0.985670837174076
2025-09-22,112017.21,102931.54230880363,125550.86574899404,0.9709599377432719
2025-09-23,113348.17,103072.50902944054,125670.9947555285,0.9918617100041583
2025-09-24,109035.72,103227.72271599187,125791.2190060203,0.9155686616453693
2025-09-25,109697.29,103400.28632527724,125911.5385603712,0.9242820637175404
2025-09-26,109681.16,103545.02775238302,126031.95347851099,0.9218370376107884
2025-09-27,112197.67,103697.0958162789,126152.46382039937,0.9622886106686234
2025-09-28,114365.07,103875.62928740052,126273.06964601994,0.99715436421702
2025-09-29,114067.71,104034.78868847628,126393.7710153863,0.9895122722985272
2025-09-30,118659.97,104212.45993461604,126514.56798854102,1.067943517853697
2025-10-01,120621.32,104410.1817865925,126635.46062555263,1.1003984431257348
2025-10-02,122318.4,104606.48756008623,126756.4489865186,1.1283787513107757
2025-10-03,122458.56,104812.01504232307,126877.53313156444,1.1276712282182786
2025-10-04,123520.79,104996.59679956204,126998.71312084157,1.144209576319568
2025-10-05,124720.09,105203.15685519711,127119.98901453351,1.1631352361545013
2025-10-06,121393.95,105396.63846353741,127241.36087284873,1.0988515397719656
2025-10-07,123343.25,105600.20679642145,127362.82875602158,1.1311581011248062
2025-10-08,121714.51,105783.18592815066,127484.39272431967,1.0985277895755745
2025-10-09,112980.28,105918.30681704154,127606.05283803547,0.9444152444348869
2025-10-10,110768.89,106043.6991448326,127727.80915748843,0.9058687449285339
2025-10-11,115067.98,106192.5116102028,127849.66174302921,0.9752489747362979
2025-10-12,115274.03,106340.70429957952,127971.61065503232,0.9764494935528407
2025-10-13,113068.0,106496.41466777783,128093.65595390444,0.9371666218564133
2025-10-14,110804.12,106652.83983923012,128215.7977000783,0.8978377371302677
2025-10-15,108198.0,106798.31768562959,128338.03595401357,0.8541195563771664
2025-10-16,106463.3,106934.35109333864,128460.37077620014,0.8251130155511704
2025-10-17,107208.91,107057.46365090071,128582.80222715382,0.8349527987381181
2025-10-18,108676.78,107205.14419005143,128705.33036742064,0.8559755610971931
2025-10-19,110568.06,107357.85535204971,128827.95525757363,0.8839250429951265
2025-10-20,108362.27,107495.538391852,128950.67695821184,0.8471145138761157
2025-10-21,107585.98,107631.85635798142,129073.4955299677,0.8331696817733935
2025-10-22,110116.03,107815.03133522822,129196.41103349533,0.8705051161848123
2025-10-23,111042.13,107997.76598477515,129319.42352948233,0.8828705611185529
2025-10-24,111666.21,108203.95492536826,129442.53307864016,0.8902734349321989
2025-10-25,114548.09,108381.03944234522,129565.73974171157,0.9343986737205077
2025-10-26,114087.06,108576.5977741808,129689.04357946532,0.9243432214460726
2025-10-27,112906.75,108741.2965353505,129812.44465270043,0.9030857249259575
2025-10-28,110032.13,108879.99629233243,129935.9430222409,0.8557790295436597
2025-10-29,108308.18,109020.1859947808,130059.53874894202,0.8273197423256039
2025-10-30,109555.27,109161.24510230977,130183.23189368518,0.8445843259368572
2025-10-31,110052.25,109311.20215039128,130307.02251738196,0.8502866496137343
2025-11-01,110536.01,109461.16112278833,130430.91068096795,0.855789572609388
2025-11-02,106557.98,109585.18816742799,130554.89644541325,0.7936461901926327
2025-11-03,101468.15,109685.71855667773,130678.97987170974,0.718296357744946
2025-11-04,100291.85,109776.00034733106,130803.16102088285,0.7004959717200443
2025-11-05,103472.0,109882.84548150853,130927.43995398191,0.7441922001236148
2025-11-06,101447.93,109963.99901199341,131051.81673208662,0.7141555385689099
2025-11-07,102882.15,110016.6509981468,131176.29141630483,0.7334428747866193
2025-11-08,101838.43,110062.23633960387,131300.86406777267,0.7176579061719133
2025-11-09,106496.49,110130.81747592987,131425.53474765335,0.7835775283317993
2025-11-10,106071.01,110193.22533907034,131550.30351713943,0.776151782029034
2025-11-11,102734.93,110238.29835428031,131675.17043745168,0.7271095833619057
2025-11-12,101945.44,110284.32146655144,131800.1355698391,0.714999892994472
2025-11-13,98906.39,110306.29722823766,131925.19897557897,0.6722342522975464
2025-11-14,94829.23,110309.55303680092,132050.36071597566,0.6173503967187489
2025-11-15,95095.36,110314.8730437828,132175.620852363,0.620202089659944
2025-11-16,95197.96,110307.23768651333,132300.97944610298,0.6209951602112167
2025-11-17,91855.7,110277.58654177938,132426.43655858483,0.5777637322101485
2025-11-18,92184.51,110256.02356161954,132551.9922512282,0.581470007073553
2025-11-19,91783.66,110241.27462477775,132677.64658547993,0.575955272283338
2025-11-20,87214.0,110195.69487863134,132803.39962281517,0.5197548978430039
2025-11-21,84826.0,110122.74223534783,132929.25142473629,0.4915417369176111
2025-11-22,85133.92,110050.58786595638,133055.20205277498,0.49497246075966084
2025-11-23,86499.25,109953.20798302721,133181.25156849352,0.5109444511925102
2025-11-24,87981.12,109866.66483088437,133307.40003347804,0.5285167712894557
2025-11-25,87366.12,109766.65020558986,133433.64750934634,0.521135104255848
2025-11-26,90635.53,109690.46183494627,133559.99405774454,0.5607273003321506
2025-11-27,91094.0,109624.1764792699,133686.43974034482,0.5662208324013431
2025-11-28,90919.78,109549.83664649201,133812.98461884892,0.5639060584809227
2025-11-29,90946.75,109478.79701128548,133939.62875498793,0.5640729330946517
2025-11-30,87446.89,109385.06660183161,134066.37221052134,0.5214478054560037
2025-12-01,86628.25,109287.78674885935,134193.21504723583,0.5117017396847887
2025-12-02,91532.75,109222.45507204057,134320.15732694656,0.5710838712431233
2025-12-03,93150.03,109149.4728108874,134447.19911149694,0.5912791931313482
2025-12-04,92353.31,109076.26351764979,134574.34046276216,0.5810485454642577
2025-12-05,89347.18,108978.57095492723,134701.58144264025,0.543810885060854
2025-12-06,89480.46,108867.61923309656,134828.92211306197,0.5454747197590323
2025-12-07,90435.42,108752.61653433475,134956.36253598437,0.5572422547674172
2025-12-08,90338.37,108658.94353038441,135083.90277339506,0.5560008079705694
2025-12-09,92243.57,108574.33686754637,135211.54288730785,0.5796038361359348
2025-12-10,91194.97,108477.31768966564,135339.2829397672,0.5664726684304077
2025-12-11,91784.59,108381.81606001277,135467.12299284377,0.5737850298153342
2025-12-12,90350.0,108280.27779370346,135595.06310863886,0.5559850001354949
2025-12-13,90326.01,108184.475302434,135723.10334927993,0.5556571773100737
2025-12-14,88460.01,108088.85649293881,135851.24377692633,0.5329045483975431
2025-12-15,85950.0,107985.71064633816,135979.4844537613,0.5030974094691731
2025-12-16,87599.87,107889.75267655392,136107.82544200105,0.5225689850317039
2025-12-17,86064.34,107778.95814439209,136236.26680388907,0.5044519088176738
2025-12-18,85352.25,107662.75154288241,136364.8086016952,0.4962061769373666
2025-12-19,88016.09,107565.52400829042,136493.45089772096,0.5276418473266187
2025-12-20,88322.39,107473.80157927769,136622.19375429532,0.5312730175954505
2025-12-21,88716.0,107401.11480802573,136751.0372337746,0.5358762210687897
2025-12-22,88837.97,107314.47907083853,136879.98139854474,0.537277919755224
2025-12-23,87594.74,107214.12392871147,137009.02631102013,0.5223419122508763
2025-12-24,87516.0,107112.5430480291,137138.17203364483,0.5214062498527536
2025-12-25,87159.35,106986.50493355647,137267.41862888917,0.5172869220747189
2025-12-26,87280.65,106861.36261209066,137396.7661592553,0.5188463012041187
2025-12-27,87844.66,106747.75464458489,137526.21468726947,0.525637685401653
2025-12-28,88029.48,106650.05459199031,137655.76427549205,0.5278381654578279
2025-12-29,87055.23,106544.51500920056,137785.41498650855,0.5162444421577495
2025-12-30,88185.26,106449.23050746783,137915.1668829331,0.5297091120441151
2025-12-31,87696.0,106350.39839720789,138045.02002740937,0.5238412622646401
2026-01-01,88642.88,106251.09123825999,138174.97448260972,0.5352108677667302
2026-01-02,90112.01,106171.96434430678,138305.0303112361,0.5529903150617476
2026-01-03,91351.98,106098.49952445587,138435.18757601685,0.5681724797301588
2026-01-04,92392.38,106032.32203500706,138565.44633971102,0.5810039591234938
2026-01-05,93891.94,105981.61618442005,138695.80666510755,0.5997396422552423
2026-01-06,92771.99,105930.54760918501,138826.26861501814,0.5852492648273107
2026-01-07,91377.92,105877.55023110988,138956.83225228998,0.5675429680515017
2026-01-08,91246.53,105801.14395209879,139087.49763979652,0.5657886855373494
2026-01-09,90476.01,105716.70409298745,139218.2648404387,0.5561949591285482
2026-01-10,90509.91,105626.30060497855,139349.1339171473,0.556565039420663
2026-01-11,91538.05,105543.75894589657,139480.10493288268,0.5691916104279128
2026-01-12,91293.98,105459.46155453907,139611.17795063282,0.5660809505119745
2026-01-13,95222.7,105396.25931523388,139742.35303341426,0.6156412821508361
2026-01-14,96852.91,105336.98555880542,139873.63024427454,0.6366615396899062
2026-01-15,95569.99,105276.65136040442,140005.00964628631,0.6196799474884396
2026-01-16,95467.76,105223.0119766558,140136.49130255322,0.6180896859140136
2026-01-17,95015.57,105151.336388691,140268.0752762087,0.6120908984129844
2026-01-18,92624.74,105062.76052384257,140399.76163041254,0.5816193218185446
2026-01-19,92572.21,104981.6796885803,140531.55042835666,0.5808632613693785
2026-01-20,88916.02,104878.47042745638,140663.4417332582,0.5359107211292393
2026-01-21,89936.47,104776.66076658829,140795.4356083664,0.5483003787771447
2026-01-22,89522.33,104677.09769546858,140927.53211695462,0.5432693884804951
2026-01-23,89365.99,104573.4022223714,141059.73132233068,0.5414024935732142
2026-01-24,89155.13,104457.54825539852,141192.0332878299,0.5389427753820727
2026-01-25,86978.89,104307.13617761861,141324.43807681286,0.5132115632788904
2026-01-26,88136.48,104156.91138183592,141456.94575267116,0.5272286879594607
2026-01-27,89296.0,104014.18469677167,141589.55637882862,0.541427387187122
2026-01-28,88963.96,103862.43957479042,141722.27001873308,0.537689546275854
2026-01-29,83943.96,103677.62213022621,141855.08673586466,0.47912514553912766
2026-01-30,83986.02,103502.4607115774,141988.0065937287,0.47996731651204333
2026-01-31,78727.3,103290.26303359722,142121.0296558639,0.42221434628952026
2026-02-01,77831.33,103070.03709758914,142254.1559858343,0.4131535683566293
2026-02-02,78938.16,102862.96371822854,142387.3856472361,0.42544502428654507
2026-02-03,76313.98,102639.42814741746,142520.7187036908,0.39812181958968784
2026-02-04,72853.79,102395.23788923334,142654.1552188522,0.3633625072207862
2026-02-05,63845.99,102083.7357153859,142787.69525640042,0.2796532770783403
2026-02-06,69936.2,101808.41598402691,142921.33888004688,0.33614240720283406
2026-02-07,69199.99,101533.63568344321,143055.0861535328,0.32968472257211984
2026-02-08,70477.92,101270.62696662544,143188.93714062235,0.34254149793874683
2026-02-09,69986.8,101008.03641196787,143322.8919051145,0.33834579422677347
2026-02-10,69219.0,100739.1318927522,143456.950510838,0.3315361140690065
2026-02-11,67479.13,100451.82665652173,143591.11302164587,0.3156847109235522
2026-02-12,66001.99,100160.1381821788,143725.3795014222,0.30261167600441485
2026-02-13,68970.18,99891.84575847721,143859.75001408346,0.3310193485503938
2026-02-14,69801.43,99630.6760722104,143994.22462356792,0.3396178349085538
2026-02-15,68913.72,99372.63183317705,144128.8033938509,0.33158418988347976
2026-02-16,68810.28,99125.38610621102,144263.48638893064,0.3311046916933974
2026-02-17,67191.37,98870.07691726036,144398.27367283902,0.31622785289663563
2026-02-18,66533.36,98603.2976829512,144533.16530963313,0.31061323657818507
2026-02-19,67214.29,98338.65855448326,144668.16136340136,0.31756014328584375
2026-02-20,67885.32,98083.61962351836,144803.26189826216,0.3244717637885382
2026-02-21,67969.48,97825.93796619381,144938.46697835927,0.3258293564444208
2026-02-22,66238.9,97545.92034254562,145073.77666787,0.3100474727536531
2026-02-23,64743.99,97259.05719350661,145209.19103099706,0.29680742377633634
2026-02-24,64290.01,96970.42136598444,145344.71013197562,0.29325705828229826
2026-02-25,68448.27,96701.39125425999,145480.33403506846,0.33303351417407223
2026-02-26,67068.86,96425.75316279964,145616.062804565,0.3203609146479934
2026-02-27,65950.0,96137.13166123506,145751.8965047907,0.310401795611056
2026-02-28,66680.36,95841.84802198358,145887.83520009147,0.3179959674146514
2026-03-01,66474.29,95565.66285687449,146023.87895484825,0.31665157867152804
2026-03-02,69016.92,95312.01044425754,146160.02783346965,0.34192818508131473
2026-03-03,68222.81,95053.4552261961,146296.28190039322,0.33470177061823475
2026-03-04,72776.66,94826.10019707664,146432.64122008785,0.3814331675624545
2026-03-05,70955.49,94592.16571248598,146569.1058570466,0.3631402596143666
2026-03-06,68350.0,94355.28582230088,146705.67587579624,0.33749231401439284
2026-03-07,67193.87,94105.08854317461,146842.3513408937,0.3267344079445871
2026-03-08,66055.14,93854.96637027504,146979.132316919,0.3163008049028453
2026-03-09,68480.54,93604.31307688105,147116.01886848808,0.3405481522255782
2026-03-10,69847.95,93369.68708428176,147253.01106024132,0.35484381617517957
2026-03-11,70210.72,93145.81823572503,147390.10895685272,0.3590667173791784
2026-03-12,70500.54,92938.32492090654,147527.31262301936,0.36250801648151115
2026-03-13,70838.78,92726.57525280748,147664.62212347685,0.3664894420518181
2026-03-14,71118.53,92519.349590448,147802.03752298144,0.36987293246508335
2026-03-15,72953.27,92318.89294871109,147939.55888632082,0.38968583440197757
2026-03-16,74758.54,92147.63214738222,148077.18627831645,0.40958994725125153
2026-03-17,73845.35,91969.13331468355,148214.91976381402,0.40004817116169067
2026-03-18,71204.95,91776.72295128182,148352.75940768945,0.3723850150936718
2026-03-19,69858.95,91571.79708999122,148490.70527485135,0.3589079681912739
2026-03-20,70560.99,91363.57832372545,148628.75743023248,0.36665143010784407
2026-03-21,68398.68,91139.57039138737,148766.91593880075,0.3450500575022825
2026-03-22,67977.71,90917.53739879867,148905.18086554707,0.34133088601435074
2026-03-23,70906.0,90715.38098642048,149043.55227549616,0.37185348060649903
2026-03-24,70555.44,90513.30544677378,149182.03023370192,0.3686651374235039
2026-03-25,71277.56,90312.53657402091,149320.6148052461,0.37673662167307687
2026-03-26,68762.2,90092.22078663157,149459.30605523943,0.3511472506751972
2026-03-27,66390.02,89858.77046023059,149598.1040488243,0.3278831038772982
2026-03-28,66392.04,89616.26364797585,149737.00885117202,0.32848537622489177
2026-03-29,65862.79,89364.77614422695,149876.02052748075,0.32387820417019036
2026-03-30,66683.77,89117.336630507,150015.13914298004,0.33261589700557787
2026-03-31,68133.96,88880.66993435752,150154.36476292985,0.3478419699680764
2026-04-01,68100.65,88646.9225012358,150293.69745261798,0.3480952381762671
2026-04-02,66959.99,88406.06635354293,150433.13727736266,0.3371360393765332
2026-04-03,66911.51,88160.0345411681,150572.68430250994,0.3372746630648334
2026-04-04,67284.16,87918.44071238667,150712.33859343623,0.34166216140014893
2026-04-05,69279.05,87687.940200469,150852.10021555083,0.36283787761263
2026-04-06,68909.06,87461.06487757943,150991.96923428602,0.35957048953909726
2026-04-07,71872.04,87252.90807930798,151131.94571510685,0.39172722830210904
2026-04-08,71015.98,87041.80298600167,151272.0297235101,0.3830237081903444
2026-04-09,71798.73,86845.66355057948,151412.22132502036,0.39203465197777093
2026-04-10,72905.26,86659.36618364397,151552.52058518908,0.404705451076476
2026-04-11,72997.99,86468.91116419395,151692.9275695992,0.4062529060995074
2026-04-12,70661.26,86281.57281255117,151833.44234386669,0.38113362283879876
2026-04-13,74505.1,86114.84092983269,151974.06497363164,0.4241549309197624
2026-04-14,74386.01,85947.80698361313,152114.79552456585,0.4232298305111737
2026-04-15,74725.02,85773.31809578442,152255.63406237162,0.4275692823196119
2026-04-16,75124.72,85593.27783109776,152396.58065277914,0.43266409033788417
2026-04-17,75736.82,85418.19302070486,152537.63536155035,0.4402372053398514
2026-04-18,73823.14,85215.74031545469,152678.79825447386,0.418876959928671
2026-04-19,74201.44,85008.97165360255,152820.06939737135,0.42381811148705373
2026-04-20,75854.66,84806.1240775287,152961.44885608988,0.44356301681154214
2026-04-21,76434.02,84606.49477669253,153102.93669651076,0.4510100084347085
2026-04-22,78416.36,84414.49677260127,153244.53298454214,0.47534762914345674
2026-04-23,78281.09,84218.13854207128,153386.23778612132,0.47437489275945044
2026-04-24,77490.01,84029.32626162986,153528.05116721737,0.4654497649015097
2026-04-25,77650.51,83835.12689934627,153669.97319382615,0.4680298834003554
2026-04-26,78818.4,83653.17950439401,153812.0039319778,0.4828169923110505
2026-04-27,77302.47,83494.60336577565,153954.14344772793,0.46487581636278963
2026-04-28,76361.99,83339.46403607618,154096.3918071615,0.45405796912790736
2026-04-29,75794.4,83165.67491284708,154238.74907639777,0.44785417599609667
2026-04-30,76442.08,82995.03671458898,154381.21532158143,0.4560562529330209
2026-05-01,78285.16,82842.6189543953,154523.79060888782,0.47875102165013034
2026-05-02,78705.06,82701.05576000799,154666.47500452286,0.4842817099874339
2026-05-03,78496.31,82568.46366224553,154809.2685747217,0.4820447094605199
2026-05-04,79926.19,82450.18790846344,154952.17138574886,0.5000217617175156
2026-05-05,81028.26,82334.84607502092,155095.18350389943,0.5141514169971433
2026-05-06,81476.51,82216.34315871476,155238.30499549914,0.5201250703996357
2026-05-07,80047.2,82083.66485269982,155381.5359268992,0.5023843959882744
2026-05-08,80150.27,81959.98551193895,155524.87636448527,0.5039741274875862
2026-05-09,80645.62,81841.95564908908,155668.326374671,0.5104877388787422
2026-05-10,82103.78,81721.91999781554,155811.88602390088,0.5294039268439092
2026-05-11,81734.25,81596.80295800084,155955.55537864595,0.5249696195053357
2026-05-12,80414.77,81462.96504375013,156099.3345054106,0.5085227459544241
2026-05-13,79371.63,81313.67703772991,156243.22347072855,0.49586768582085505
2026-05-14,79142.38,81165.12541841426,156387.22234116038,0.49345491911545714
2026-05-15,79026.0,81020.46185518957,156531.33118329983,0.49242943738787665
2026-05-16,78183.58,80882.15141555277,156675.55006377006,0.4823665488000497
2026-05-17,77269.08,80745.70246341766,156819.87904922236,0.4715100468772998
2026-05-18,76952.14,80603.21305437348,156964.31820633868,0.4680455402678912
2026-05-19,76799.23,80458.35406269084,157108.86760183168,0.4665969430989919
2026-05-20,77494.61,80315.61376060909,157253.5273024434,0.47549134440997265
2026-05-21,77451.06,80187.59522564367,157398.29737494406,0.4752777815502977
2026-05-22,75478.44,80069.04623666123,157543.17788613716,0.45162874319041346
2026-05-23,76627.99,79961.37697572321,157688.16890285173,0.46568847861408597
2026-05-24,77078.18,79843.72815367073,157833.27049195144,0.4714368646003377
2026-05-25,77196.83,79734.74115549582,157978.48272032678,0.47310049961493333
2026-05-26,75834.53,79613.22623208386,158123.8056548978,0.4568267401425359
2026-05-27,74422.7,79488.47996559381,158269.2393626177,0.44026091957388
2026-05-28,74025.1,79344.05842184633,158414.78391046802,0.4359612463564524
2026-05-29,73897.41,79200.80089499525,158560.4393654558,0.43484453930680567
2026-05-30,73758.31,79069.69024003806,158706.20579462664,0.4335288144889231
2026-05-31,73688.35,78941.46695767228,158852.08326505046,0.43301162589531805
