cycle,post_peak_days,post_peak_vol_std
2017,60,15.526677
2021,51,9.322640
2025,147,11.577210
