date,mvrv,realized_cap,realized_price
2010-07-18,146.0383322,2026.5854008431354,0.0005877908813861405
2010-07-19,62.56512971,4463.911467850132,0.0012914542073919086
2010-07-20,45.10663005,5741.958658909622,0.0016568679311825313
2010-07-21,38.35756046,7176.328942610221,0.0020645959154780695
2010-07-22,25.1323482,8107.064741982727,0.002326474227905624
2010-07-23,23.1909876,9130.08654119934,0.0026127765971838772
2010-07-24,17.07191365,11193.82296079034,0.003194720938621899
2010-07-25,14.29480012,12429.029315735674,0.0035355946167536195
2010-07-26,12.57111018,15714.02980098612,0.004454658275853247
2010-07-27,12.41061061,16701.729115254297,0.0047235400583323095
2010-07-28,11.86773641,17591.32024996741,0.004963970949254307
2010-07-29,13.54121185,18339.62297842641,0.005162019527816486
2010-07-30,12.03290217,19139.449854978546,0.005373382142951387
2010-07-31,12.05286591,20018.224124767086,0.0056041276367259935
2010-08-01,10.44892297,20957.41356585003,0.00584749262440012
2010-08-02,9.9762043,21628.065495811872,0.00601431147515694
2010-08-03,9.60461264,22540.298237766558,0.006248263520704808
2010-08-04,8.82883787,23375.026386853908,0.006457903190091145
2010-08-05,9.19506028,24084.725195515523,0.0066339967485237634
2010-08-06,9.02581206,24856.599257304442,0.006832771900244497
2010-08-07,8.42875731,25520.343533977215,0.007000313675108958
2010-08-08,8.47702357,26261.9294569214,0.007184125359226765
2010-08-09,9.28085443,27801.267862359953,0.007585508482110736
2010-08-10,8.88387323,28680.29364015418,0.007805011059749138
2010-08-11,8.33793184,29621.104458440863,0.008035565807647572
2010-08-12,8.49787609,30454.315555923808,0.008237352399427607
2010-08-13,7.56762836,31602.54621700266,0.008523145816848756
2010-08-14,7.65189676,32587.217820224585,0.008755532878428916
2010-08-15,7.26649664,33446.159064913794,0.00896139301089525
2010-08-16,7.13837504,34313.66363177242,0.00917575773659547
2010-08-17,7.50985867,34917.23500037585,0.009321080871952015
2010-08-18,7.14796434,35700.17810133619,0.009513197991136034
2010-08-19,6.93168437,36175.23557264914,0.00962248083433724
2010-08-20,6.69412905,36879.48770572327,0.009784693350063217
2010-08-21,6.61775626,37904.47851882656,0.010033612208014442
2010-08-22,6.41568722,38929.903612387054,0.01027621619237585
2010-08-23,6.22495622,39613.62639109452,0.01042738257201751
2010-08-24,6.13247009,40380.75137191578,0.010599317900627542
2010-08-25,6.02386076,41098.49976014386,0.010757220756211503
2010-08-26,5.87469011,41785.17688123469,0.01090697769051166
2010-08-27,5.87209239,42501.71547454144,0.011069308124424793
2010-08-28,5.77497614,43045.59083425062,0.011186193403043223
2010-08-29,5.66272908,43582.66067710235,0.0113019710277222
2010-08-30,5.69050244,44112.333339057484,0.011417269509157788
2010-08-31,5.19159819,44759.04942866929,0.011557134778953301
2010-09-01,5.31891315,45253.558692492115,0.011661184500861215
2010-09-02,5.38522542,45779.1235784518,0.011772951929652
2010-09-03,5.12179597,46295.12701967314,0.0118805982035243
2010-09-04,5.18235949,46861.43472232877,0.011998063040985411
2010-09-05,5.06897347,47602.95184579058,0.012162225816502448
2010-09-06,5.03207272,48009.84672574446,0.012241476510299717
2010-09-07,4.94816313,48636.95956250291,0.012376131596860712
2010-09-08,4.88836125,49142.67536999234,0.012478619496462132
2010-09-09,4.79545778,50275.1685615846,0.012744345499653881
2010-09-10,4.74669508,50819.42487498094,0.012853474517857968
2010-09-11,4.91061134,51327.61369769046,0.012955793196867661
2010-09-12,4.69699949,51988.91345845132,0.013093465334823785
2010-09-13,4.70641545,52571.54826822609,0.013211753331295904
2010-09-14,4.64512859,53237.860310773445,0.013345163389760972
2010-09-15,4.45428881,54209.349752514136,0.013559964918395132
2010-09-16,4.47633904,55433.36368909179,0.013828264447100504
2010-09-17,4.19274776,57515.53107489717,0.014310549892985287
2010-09-18,4.22048014,58260.65799233923,0.014453331842949982
2010-09-19,4.29534109,58993.16833997926,0.014597210951645286
2010-09-20,4.22043399,59616.685958376795,0.014714537882631782
2010-09-21,4.22602175,60190.98162473962,0.014824817217280057
2010-09-22,4.14162414,60794.51907291206,0.014941450059085997
2010-09-23,4.11497371,61633.56890563834,0.015104230779095548
2010-09-24,4.07954667,62389.110994040915,0.01524679211477191
2010-09-25,4.03278411,63089.081651831846,0.015378953672776698
2010-09-26,4.00070639,63733.26986387521,0.015497263222058142
2010-09-27,3.91751164,65478.96873039159,0.0158775384894257
2010-09-28,3.70318762,69115.55172992335,0.016716381688657512
2010-09-29,3.67369778,69815.41851273351,0.016852230016591075
2010-09-30,3.58697479,71617.7851921842,0.017256881808193583
2010-10-01,3.57218676,72133.02709065794,0.017348844843585055
2010-10-02,3.26607208,78257.893193833,0.018799340154183004
2010-10-03,3.2380791,78618.62617288197,0.01885836219935282
2010-10-04,3.23417646,79154.44649409232,0.01895211274714593
2010-10-05,3.17003606,81017.05631701867,0.019368864845026396
2010-10-06,3.22421336,81651.49281559951,0.01948072071756442
2010-10-07,3.40312006,82677.01257651192,0.01968781553948467
2010-10-08,4.14833833,85649.39571553146,0.020358298047474854
2010-10-09,4.40766563,89699.86228288374,0.021281106116935643
2010-10-10,4.45879954,92028.32173603661,0.021787523789871116
2010-10-11,4.28117529,93905.46351583749,0.022190168251671843
2010-10-12,4.2360293,94979.99459068896,0.022403055616258365
2010-10-13,4.55044647,97904.8917053496,0.023045120917368798
2010-10-14,4.35844526,99664.50743033996,0.02340284067259342
2010-10-15,4.34353862,103161.85469993587,0.024173838242515726
2010-10-16,4.06985428,106225.0317227574,0.024816613335846508
2010-10-17,4.06277933,107802.50769859066,0.025105966067814962
2010-10-18,4.02994877,109423.28678783675,0.02540975229320347
2010-10-19,3.80761656,110649.53970749606,0.025618360026277407
2010-10-20,3.8186494,112317.89176560698,0.025925396555127583
2010-10-21,4.00919854,115872.6726464387,0.02668862590177437
2010-10-22,3.82096178,116674.3874103865,0.02682570669419258
2010-10-23,3.85485171,118206.1949666149,0.027123332407841698
2010-10-24,4.14384219,121241.08748938626,0.0277544353106748
2010-10-25,4.88883386,124596.29459410542,0.028456387939729457
2010-10-26,5.14523738,128851.79070202589,0.029347528373899825
2010-10-27,6.05058402,136533.14081241368,0.031021798784970845
2010-10-28,5.2615273,145156.1726193077,0.03289919259755623
2010-10-29,5.63366942,149179.32476059272,0.03372579855777196
2010-10-30,5.72124637,153214.97334802273,0.0345397717144261
2010-10-31,5.43761091,157354.69844421066,0.035401576756068406
2010-11-01,5.41406405,160019.58192810326,0.03592958257810433
2010-11-02,5.28311477,163697.46591744022,0.0366829055277177
2010-11-03,5.18370173,166588.1343060994,0.03725137171424405
2010-11-04,5.7153824,179799.4713575491,0.04011545416886226
2010-11-05,6.25148898,186226.36605406224,0.04144811174138933
2010-11-06,8.19405221,220401.84112299024,0.048935775910431016
2010-11-07,6.73312638,228040.12777196677,0.05049660155049696
2010-11-08,4.59520726,239717.8954233984,0.05292136243534857
2010-11-09,4.06257605,242835.4620570656,0.05348150819990213
2010-11-10,4.25825739,245314.42462912117,0.053906964781049324
2010-11-11,4.10381259,247989.91003631573,0.05436408098743124
2010-11-12,4.88620474,250849.2552442655,0.05488922676621201
2010-11-13,4.93212505,256365.15440742933,0.05595965171239931
2010-11-14,4.88743661,262283.8739999535,0.05709332361039052
2010-11-15,4.51276218,273889.325970621,0.05949007395185026
2010-11-16,3.76028119,276071.1094587051,0.059835950725801966
2010-11-17,4.00641517,279363.8704953568,0.06038798363549751
2010-11-18,4.39720823,283852.62331817654,0.06118832147406263
2010-11-19,4.48312449,288431.5365063619,0.06207501054694112
2010-11-20,4.49841005,292697.8997072109,0.06291466580126193
2010-11-21,4.36944711,295108.56695093395,0.06333753288067606
2010-11-22,4.46021601,298241.88941019477,0.063898250524418
2010-11-23,4.38599831,301558.6267975557,0.06451210876093566
2010-11-24,4.33600482,305565.25888173876,0.06524571538909289
2010-11-25,4.23185505,310468.5733505924,0.06616483709667702
2010-11-26,4.23141948,316031.7775915708,0.06721148809382521
2010-11-27,4.17587813,319268.69235525315,0.06777017699987331
2010-11-28,3.97931625,321843.7313142792,0.06819228784216609
2010-11-29,3.37289742,323333.07219078974,0.06835649821162126
2010-11-30,3.0371558,324945.34524702356,0.06855097785895607
2010-12-01,3.31113157,326333.755441799,0.06870762915651824
2010-12-02,3.6445754,332972.9438441581,0.06996699807609962
2010-12-03,3.57134671,335214.5710692029,0.07029843472600172
2010-12-04,2.90733946,337037.35932731745,0.0705113829425966
2010-12-05,2.86401711,339392.82454859704,0.07082709695599759
2010-12-06,2.83306957,345913.0020587528,0.07200670331579609
2010-12-07,3.1967626,351642.49127000285,0.07301774168007784
2010-12-08,3.24906898,354829.8626765382,0.07349797787303365
2010-12-09,2.71091675,356978.8005099429,0.07377271704518443
2010-12-10,2.7619015,357954.4744807155,0.07386215619927068
2010-12-11,3.07070131,360484.4262758985,0.07425013929472678
2010-12-12,2.94969685,362501.33103250485,0.07453430745700257
2010-12-13,3.03156879,365676.69833048835,0.07507836782541953
2010-12-14,3.26966627,368122.4363916504,0.07544806705914973
2010-12-15,3.15229808,372219.87585641013,0.07613493201125193
2010-12-16,3.26455554,374998.70380517404,0.07656785033591433
2010-12-17,3.15712017,377066.78879521135,0.07685986033046156
2010-12-18,3.11960091,379619.69628993346,0.0772534715025455
2010-12-19,3.09706546,381667.20408938336,0.07752500006893623
2010-12-20,3.39996207,387240.702364659,0.07853028783935816
2010-12-21,3.01272532,395957.48607805546,0.08013873708799114
2010-12-22,3.10757151,398120.3637691993,0.0804486716381307
2010-12-23,3.09503865,400270.2694342204,0.08076478398592017
2010-12-24,3.05891168,402405.6032895987,0.08107458663206647
2010-12-25,3.06790542,404984.06890261953,0.08145622690024126
2010-12-26,3.23677185,407585.0080335743,0.08185999498570497
2010-12-27,3.21872427,410279.75600452273,0.08226407932158816
2010-12-28,3.39360976,413665.65376686095,0.08280268500877956
2010-12-29,3.55514947,422264.9462893047,0.08438463770132287
2010-12-30,3.53000117,425991.3602238268,0.08498580752595047
2010-12-31,3.51255257,428799.27630520845,0.08540797440648697
2011-01-01,3.49431915,431813.73401453614,0.08585363474884657
2011-01-02,3.46374621,436339.3725662135,0.0866027652759236
2011-01-03,3.38619201,439617.42145862547,0.08711850926610627
2011-01-04,3.41744847,442045.9008413373,0.08747754432124619
2011-01-05,3.39994438,444948.590432292,0.0879179976945617
2011-01-06,3.37409013,447606.3003094704,0.08832010661197127
2011-01-07,3.59662517,451641.1700471974,0.08897229621512102
2011-01-08,3.60311438,455675.1345762162,0.08961691635223636
2011-01-09,3.58303029,459105.9569301046,0.09014715864989241
2011-01-10,3.56790627,466917.88809239096,0.09153547635095247
2011-01-11,3.47434474,480300.0448654384,0.09400045891819014
2011-01-12,3.37613389,483270.1056529373,0.09442742250785231
2011-01-13,3.31520101,491201.1293095015,0.09580112911464153
2011-01-14,4.10741466,500190.22586815647,0.09738242640555189
2011-01-15,3.93479597,504641.4642942719,0.09809911439957075
2011-01-16,3.89072744,512266.7217727285,0.0994132860666282
2011-01-17,3.48443916,517759.5137003339,0.100303085791287
2011-01-18,3.11008305,520193.6038331838,0.10063718394915531
2011-01-19,3.07260733,527399.013755526,0.10186462713411545
2011-01-20,3.78751517,534079.0489823966,0.1029698846064292
2011-01-21,4.03324208,540910.1081034045,0.10411227287403488
2011-01-22,4.1752733,548422.2749910485,0.10539083248285806
2011-01-23,4.11467439,560403.3421463514,0.10751762061055818
2011-01-24,3.8538566,568923.5660714516,0.10895579249108542
2011-01-25,3.73958941,573339.4137513081,0.10963770485166713
2011-01-26,3.28267628,662380.8618970835,0.1264471712540248
2011-01-27,3.29852211,669931.4439338411,0.12769355061258025
2011-01-28,3.44964227,677012.9572270002,0.12884931527073068
2011-01-29,3.35970677,687611.0947027678,0.13066616524989175
2011-01-30,3.62408311,693861.043917713,0.1316586897749994
2011-01-31,3.88967746,712659.0234430656,0.1350078189391351
2011-02-01,5.02344554,744608.4229836467,0.14084160189595823
2011-02-02,4.95514811,775152.616460684,0.1464002297484648
2011-02-03,4.68663449,785119.8075623156,0.1480589896869201
2011-02-04,5.36029838,803719.9950445431,0.15128989356032396
2011-02-05,5.79068626,837788.196862305,0.1574375534374986
2011-02-06,5.59155797,856034.1367613506,0.16059924708247278
2011-02-07,5.25293615,904230.6528187124,0.1693188998611925
2011-02-08,5.35492291,916950.3431749684,0.17143103933124595
2011-02-09,5.69602563,955824.9890334628,0.17837880505999232
2011-02-10,5.38116292,977202.0079366431,0.182052277127381
2011-02-11,5.62034798,1008430.7007024054,0.18754522981261026
2011-02-12,5.66318761,1026057.9819446388,0.1904763462435284
2011-02-13,5.42738984,1044062.6465114951,0.1934631620270712
2011-02-14,5.31812686,1087793.3913591765,0.20120103419202376
2011-02-15,5.15817185,1102839.8559462498,0.20356049207627702
2011-02-16,5.01369832,1117217.8440557215,0.20577377477151437
2011-02-17,5.00090272,1131419.3541289726,0.20794709590857627
2011-02-18,4.27713788,1145779.7962833801,0.21017697813140973
2011-02-19,4.46173899,1155147.9629629028,0.21158299914148654
2011-02-20,4.04564986,1169422.5683682868,0.21380990197703367
2011-02-21,3.8865163,1178223.6761343826,0.21503767484635072
2011-02-22,4.03903963,1192039.8656264446,0.21714116720885376
2011-02-23,4.11116115,1204444.3940126258,0.2189162543531041
2011-02-24,4.46075117,1222236.057798148,0.2217328939077225
2011-02-25,4.09708361,1233080.6690773393,0.2232446512736314
2011-02-26,4.20136279,1262610.6730478278,0.22802125117121816
2011-02-27,3.85737612,1287647.7074150476,0.2320315900521759
2011-02-28,3.66264324,1305124.290645065,0.2348634215972908
2011-03-01,3.45556491,1482963.4622919196,0.2665546490562366
2011-03-02,3.49629585,1497865.7526936687,0.26882736482383207
2011-03-03,3.4729141,1509138.7989617675,0.27039925444787677
2011-03-04,3.31231304,1521333.0863196433,0.2720455431350172
2011-03-05,3.30711769,1538923.1076871115,0.2745111277436183
2011-03-06,3.2074455,1550203.0123859614,0.2758491058118175
2011-03-07,3.17308684,1557177.8148276233,0.2765710201636899
2011-03-08,3.11400943,1568505.4141973963,0.27812105612890803
2011-03-09,3.08389438,1574949.8528545587,0.2788681757641778
2011-03-10,3.286687,1583566.479443238,0.2801210792997246
2011-03-11,3.13277134,1589803.8699498572,0.280901446193644
2011-03-12,3.23180751,1609297.3549630153,0.2839944861537267
2011-03-13,3.12541924,1619830.5367186517,0.2855584903867169
2011-03-14,3.09976092,1637479.5461472867,0.28838511934402117
2011-03-15,3.0094772,1647312.858193443,0.28983107099133365
2011-03-16,2.90524469,1667267.476745174,0.2929913850707625
2011-03-17,2.80330055,1677619.5192484802,0.2944457739288782
2011-03-18,2.72116816,1680901.0587430028,0.2947113742744436
2011-03-19,2.5915635,1685320.2709484063,0.29518859946900783
2011-03-20,2.50871253,1689522.0852586087,0.2955699352288881
2011-03-21,2.56031946,1696664.346526507,0.2964356643213577
2011-03-22,2.71742347,1705995.4268599497,0.2977564232236582
2011-03-23,2.8434557,1714492.5692002166,0.29883004683350617
2011-03-24,2.88481841,1737283.3921955156,0.30240182981497066
2011-03-25,2.91145917,1746498.4995822557,0.3035488215347358
2011-03-26,2.79254753,1764116.652295619,0.30624366848287804
2011-03-27,2.67675364,1771178.4264165603,0.307088402801238
2011-03-28,2.58237,1777615.472110084,0.3077562472814612
2011-03-29,2.56999182,1783677.2740935741,0.30837060857051524
2011-03-30,2.55673793,1788990.1448259542,0.3088726078774092
2011-03-31,2.53409399,1796439.4645440914,0.30962150697496427
2011-04-01,2.49434063,1803377.228995384,0.3103465463736603
2011-04-02,2.51639313,1808566.5738167074,0.3107582796492534
2011-04-03,2.50130518,1815244.0718968967,0.31143740724992225
2011-04-04,2.1702087,1829086.7601811753,0.3133339203736489
2011-04-05,2.2785139,1836632.7698378612,0.3141046603225238
2011-04-06,2.35209347,1841935.3037020252,0.3146133474023888
2011-04-07,2.39124558,1847881.2661307668,0.31523320160198687
2011-04-08,2.37382641,1854654.9060847294,0.3159413834308129
2011-04-09,2.31988599,1859938.1357403207,0.3164209449971199
2011-04-10,2.31383197,1865249.6428535804,0.3168582810154383
2011-04-11,2.42399078,1872823.179690347,0.3177049763251562
2011-04-12,2.6961135,1885950.1393507316,0.3194901133916198
2011-04-13,2.89135449,1902465.9302740286,0.32175925216466733
2011-04-14,3.07319764,1923920.2776591948,0.3249481104699098
2011-04-15,2.99333242,1947903.4400587918,0.32862141544644313
2011-04-16,3.15615233,1968526.5444348366,0.33161671191510267
2011-04-17,3.27386129,1994128.6487144434,0.3354210825150658
2011-04-18,3.37473832,2027434.0140396585,0.3405992413402086
2011-04-19,3.42498343,2062451.7670320328,0.3460344393325838
2011-04-20,3.28485981,2074846.4477148822,0.3476939811334627
2011-04-21,3.43905824,2097553.396610568,0.351066712962872
2011-04-22,3.90431563,2152489.04136345,0.35973143949519515
2011-04-23,4.86099744,2254444.461919665,0.37622984244846047
2011-04-24,4.27543628,2290384.950794567,0.38171173954545057
2011-04-25,4.06113168,2315214.3147930186,0.3852334173269137
2011-04-26,4.51459705,2361194.6417737002,0.3922478286567658
2011-04-27,4.76744161,2406713.7381526753,0.3992027830003774
2011-04-28,5.53562475,2492770.0057869293,0.41291535626750525
2011-04-29,5.27956549,3264967.356104408,0.5399317605596838
2011-04-30,5.74340681,3690766.7698363857,0.6093944092391393
2011-05-01,4.96719361,3778336.275251898,0.6229327456147818
2011-05-02,5.05486151,3845960.954922383,0.6330539409773068
2011-05-03,5.13349205,3983512.9453819883,0.6546393119829728
2011-05-04,4.84337805,4289469.279862859,0.7037800915294524
2011-05-05,4.67664599,4365597.626604566,0.7149860587149318
2011-05-06,4.63603126,4558604.63313748,0.7452658083357143
2011-05-07,4.80792811,4640597.014514024,0.7573455539439774
2011-05-08,4.92348609,4798361.47261425,0.781695795747141
2011-05-09,4.77598264,4898778.76971626,0.796504063950224
2011-05-10,6.2849561,5538852.196740044,0.8992373076938135
2011-05-11,5.77375573,5812178.025232159,0.9421512267256966
2011-05-12,6.23619574,6275254.139830531,1.0158242233639063
2011-05-13,6.81610339,7388844.33262713,1.1940891153837165
2011-05-14,5.71115111,7606971.08918098,1.2269407155188317
2011-05-15,5.38878812,7981453.530068815,1.285061629874466
2011-05-16,5.64948105,8686036.109364038,1.3957283289193898
2011-05-17,5.05909092,8945675.331461003,1.4344868782511464
2011-05-18,4.61026723,9169423.067689514,1.4669785990607729
2011-05-19,4.62646251,9321614.051190097,1.4892898445596028
2011-05-20,3.71328197,9486493.438571991,1.5129732306824035
2011-05-21,4.07285788,9383887.809865497,1.4939879678408865
2011-05-22,4.35034379,9710275.715981951,1.5428564646250267
2011-05-23,4.487161,9932257.773067687,1.5745494275227008
2011-05-24,4.5999394,10175493.323599432,1.609295240305933
2011-05-25,5.19133406,10462576.245931026,1.6506912362049688
2011-05-26,5.17913836,10772817.353639025,1.6956788608074531
2011-05-27,4.74938352,11423510.882715331,1.7957401065280323
2011-05-28,4.61095078,11533015.061683236,1.8107478301498983
2011-05-29,4.59177413,11669337.348834649,1.8295659225377576
2011-05-30,4.71031321,11902393.84466636,1.8638553474537547
2011-05-31,4.60202531,12116518.891775062,1.8951604640295752
2011-06-01,4.97744055,12379679.906973742,1.9334790913832312
2011-06-02,5.3275221,12882031.836634161,2.0089565143121417
2011-06-03,6.42904939,14249893.21749673,2.218780088391342
2011-06-04,7.74313927,15215642.07688165,2.365027682873034
2011-06-05,6.57534893,16212873.16779136,2.5159641826429278
2011-06-06,6.0241396,19720244.850825686,3.05472646152951
2011-06-07,7.22127316,20801474.823795933,3.2179752722284785
2011-06-08,7.38787829,25436571.238644723,3.9293989677663594
2011-06-09,6.61438788,28225179.076976217,4.352714799985105
2011-06-10,5.13598194,30416088.23458015,4.682531891559046
2011-06-11,3.17745001,30211344.959051326,4.642007452920747
2011-06-12,3.60717104,34071314.35722892,5.225741868661543
2011-06-13,3.61267024,35330054.60083181,5.409386358648915
2011-06-14,3.30858495,38087254.752686486,5.820535303333318
2011-06-15,3.13518917,40711128.21261037,6.2082833184182
2011-06-16,2.83819584,41482005.4923782,6.317168917551827
2011-06-17,2.42625836,41836948.6263769,6.362211530068215
2011-06-18,2.62955708,42264285.61868761,6.417584415151543
2011-06-19,2.69066084,42932044.86148115,6.507961364372516
2011-06-20,2.67081932,43327695.89085096,6.5563090173206096
2011-06-21,2.63871848,43938737.2023786,6.636068578012951
2011-06-22,2.62779902,44207945.995073654,6.663643854829544
2011-06-23,2.61500773,44504543.68774033,6.696239016987571
2011-06-24,2.59755925,44876297.433796845,6.7412193933016535
2011-06-25,2.58920413,45069464.31062908,6.762972678925125
2011-06-26,2.40438777,45398804.049342506,6.804785076651841
2011-06-27,2.41862667,46268449.8056047,6.9263628078934145
2011-06-28,2.4228443,46821664.29606487,7.000794606211509
2011-06-29,2.39153255,47195320.322027445,7.047601471258544
2011-06-30,2.27916897,47623326.979108825,7.1013878277001545
2011-07-01,2.17517451,47603254.93502229,7.08925069151431
2011-07-02,2.17108212,47636832.53905519,7.085334970908424
2011-07-03,2.17640481,47809706.10007833,7.102332474853744
2011-07-04,1.95761946,47694940.16821012,7.076348133763648
2011-07-05,1.82728432,47870834.34942274,7.095128860289624
2011-07-06,2.06878863,48045582.95566522,7.112753507005015
2011-07-07,2.07598143,48194260.96085213,7.1278523726048935
2011-07-08,2.0056172,48264185.40997762,7.129494948966733
2011-07-09,2.01609779,48343323.686385594,7.133334871511268
2011-07-10,2.03850499,48663740.113692164,7.173363628185036
2011-07-11,1.99133352,48807350.728114955,7.186217320883595
2011-07-12,1.94872351,48918447.76015617,7.195106206506586
2011-07-13,1.93841196,49072773.38057928,7.207680725670666
2011-07-14,1.93955814,49188829.77484119,7.217094584044282
2011-07-15,1.91086852,49302537.08544132,7.225191195054488
2011-07-16,1.89668424,49392294.60228627,7.230027544932939
2011-07-17,1.8320481,49499960.34544098,7.23678341792953
2011-07-18,1.94207395,48066813.405011624,7.018538738155826
2011-07-19,1.96438973,48248040.16747862,7.037704701648384
2011-07-20,1.96296845,47823361.88313394,6.9681866726138155
2011-07-21,1.95201716,47910773.55348622,6.97320122014035
2011-07-22,1.96311336,47996226.281657085,6.977970610465869
2011-07-23,1.95853437,48100333.105879225,6.985692236021264
2011-07-24,1.99913286,48252070.9552159,6.999292271402612
2011-07-25,2.00132141,48398075.732457995,7.012079773196398
2011-07-26,1.97632833,48529230.68893202,7.022128920857396
2011-07-27,1.97282473,48677291.20402118,7.034697276485378
2011-07-28,1.91925019,48696607.55549656,7.029615599874813
2011-07-29,1.91940166,48825291.62988855,7.039858655807716
2011-07-30,1.91948827,48977741.148379914,7.054109621558094
2011-07-31,1.8957305,49040254.29706752,7.054223214892307
2011-08-01,1.84650394,49073810.8639634,7.050682950003995
2011-08-02,1.73338364,49098426.832284555,7.046424205852432
2011-08-03,1.33360498,48574233.60000082,6.963349007215674
2011-08-04,1.54422773,48689261.872738644,6.97339099596437
2011-08-05,1.40034516,48563388.079225324,6.948396893572088
2011-08-06,1.01786264,47861181.22471029,6.841954368054023
2011-08-07,1.24329896,47877246.467070416,6.838092498868309
2011-08-08,1.15587536,47143740.0110688,6.726795904647574
2011-08-09,1.45369998,47307495.5850859,6.743137934833885
2011-08-10,1.48953532,47392272.260167666,6.747911910817193
2011-08-11,1.40111707,47357204.134224765,6.736348587017015
2011-08-12,1.40327416,47401574.832580365,6.736383776362938
2011-08-13,1.48374896,47487714.35017247,6.742397140142764
2011-08-14,1.60021658,47609420.838922426,6.753348828888398
2011-08-15,1.64552851,47729602.01376084,6.764207658711911
2011-08-16,1.62211392,47864886.25305508,6.77632158345568
2011-08-17,1.61521112,47993146.03186976,6.78794488246682
2011-08-18,1.59806892,48090150.29460355,6.794745408022702
2011-08-19,1.71440506,48223608.234672174,6.807302028873853
2011-08-20,1.68142171,48333490.03281001,6.815501233972826
2011-08-21,1.66508331,48414040.653185874,6.81916710866341
2011-08-22,1.60062575,48498136.148862794,6.822891500192283
2011-08-23,1.60020118,48547660.72170156,6.8224203248957735
2011-08-24,1.5924043,48621965.157001175,6.8264349009161815
2011-08-25,1.38808124,49029870.064590596,6.87718657849068
2011-08-26,1.18126116,49099549.710462965,6.879867414808204
2011-08-27,1.32290185,46415433.63092717,6.498212703128935
2011-08-28,1.38880945,46484455.77257561,6.502595730297069
2011-08-29,1.37651145,46582657.020528875,6.510049204895456
2011-08-30,1.35371166,46615466.64496288,6.507995017317654
2011-08-31,1.26084033,46629558.24287011,6.502926317771919
2011-09-01,1.26774835,46616064.95337829,6.495202036830205
2011-09-02,1.32640199,46700178.890845016,6.499857888298027
2011-09-03,1.29992885,46748966.25575415,6.5000891707865085
2011-09-04,1.26279873,46764961.44094461,6.496261365640881
2011-09-05,1.17142574,46738393.0226879,6.485543441389208
2011-09-06,1.05875513,46650590.692525655,6.46658498734306
2011-09-07,1.10898952,46639838.378690496,6.4590062794500165
2011-09-08,1.03732633,46528795.00159817,6.437877654462149
2011-09-09,0.7778049,46386415.3932735,6.411346909473609
2011-09-10,0.74125214,46335478.47205353,6.398425581843745
2011-09-11,0.95191723,44564331.80558633,6.148542948981688
2011-09-12,0.99274325,44508064.40476405,6.135150727278639
2011-09-13,0.94859348,44419642.46137405,6.116975711271999
2011-09-14,0.9162271,44407917.63018977,6.109219657625812
2011-09-15,0.79879632,44343820.81186239,6.0938628068383185
2011-09-16,0.7945909,44279627.964269504,6.080069757312864
2011-09-17,0.78623754,44273141.45606933,6.07359149411894
2011-09-18,0.86238311,44312403.379461505,6.072396615235055
2011-09-19,0.91006394,44303672.98159883,6.065921798849639
2011-09-20,1.01350919,44337464.554734774,6.064735882389128
2011-09-21,0.92389277,44333434.81415018,6.05813540239568
2011-09-22,0.90549337,44292894.44092947,6.046481352744471
2011-09-23,0.92077591,44300989.54719601,6.04210140514823
2011-09-24,0.90381871,44314996.99292515,6.038699605275221
2011-09-25,0.88996971,44083131.721815765,6.001501872862538
2011-09-26,0.81318218,44064680.55145425,5.993522978133928
2011-09-27,0.82013287,44065709.4974109,5.988246505129089
2011-09-28,0.79634397,44060803.75158553,5.981605312399677
2011-09-29,0.79926256,44068559.87736868,5.977586362077588
2011-09-30,0.86045873,44106905.70466291,5.977841505535263
2011-10-01,0.84362417,44071022.36194499,5.96719572971776
2011-10-02,0.84035131,44041347.231191985,5.958296889817498
2011-10-03,0.84387152,44039021.06391462,5.952144066096234
2011-10-04,0.83346608,44035888.45336987,5.947219376569782
2011-10-05,0.82223206,44034590.43590587,5.941226775951292
2011-10-06,0.79686105,44033833.18971217,5.935998874249769
2011-10-07,0.72247318,43945666.539454825,5.918608296113262
2011-10-08,0.67368961,43914128.19489222,5.909625048478126
2011-10-09,0.6969726,43874695.0638551,5.8992773080080045
2011-10-10,0.69210157,43825618.630283855,5.887809911957763
2011-10-11,0.68231478,43761136.90207513,5.875476559233892
2011-10-12,0.71047083,43711203.209835656,5.864048412078748
2011-10-13,0.68913751,43694675.77077499,5.858019671583165
2011-10-14,0.68173462,43655072.73606954,5.847261923484404
2011-10-15,0.65700741,43644707.27773249,5.840632087377736
2011-10-16,0.61884987,43622266.37961964,5.832984527475185
2011-10-17,0.44588055,43328223.22293361,5.789099169721845
2011-10-18,0.41992353,43207694.95404057,5.768371060713887
2011-10-19,0.38682853,42972477.46154985,5.7318799961143245
2011-10-20,0.41178781,42929005.69834072,5.7216931906619095
2011-10-21,0.4496029,42923580.083558016,5.716360604179265
2011-10-22,0.55278915,42891022.22071978,5.708299698927684
2011-10-23,0.55184552,42889844.89783976,5.704043642259849
2011-10-24,0.44332969,42827000.763195686,5.690879845340811
2011-10-25,0.49277864,42826714.785715304,5.685968513353033
2011-10-26,0.49043071,42689858.9575149,5.663399910339016
2011-10-27,0.53782812,42710772.35949384,5.662418371851234
2011-10-28,0.56150563,42742646.05237231,5.6627026813369445
2011-10-29,0.63046202,42763497.69152701,5.661227568841879
2011-10-30,0.57571366,42770727.25782751,5.658027504452508
2011-10-31,0.57758861,42769616.38875836,5.652982341083717
2011-11-01,0.56157774,42763716.840932004,5.646605121564184
2011-11-02,0.57806992,42697926.32191429,5.632191632852476
2011-11-03,0.56292746,42703489.50005463,5.6282853658531415
2011-11-04,0.55505983,42691263.46700766,5.621228565268972
2011-11-05,0.53030549,42687132.01243129,5.615287139297708
2011-11-06,0.52799021,42697354.649348244,5.61131725691588
2011-11-07,0.5382165,42701195.665702514,5.606958700295067
2011-11-08,0.54611468,42666537.3111037,5.5969327011062395
2011-11-09,0.53811177,41403939.83163907,5.425577708225376
2011-11-10,0.52701216,41403878.631207995,5.420561994869757
2011-11-11,0.56660138,41389772.16318479,5.414497461141357
2011-11-12,0.55904007,41409351.24854567,5.411996667624969
2011-11-13,0.55219421,41419192.98833289,5.408193800748816
2011-11-14,0.4125825,41325913.399952605,5.390981111288846
2011-11-15,0.43137161,41314669.92189224,5.383720351280883
2011-11-16,0.50419206,38797095.71057262,5.05121189481298
2011-11-17,0.45379982,38609546.01931524,5.0222493163804245
2011-11-18,0.42341662,38253374.60958129,4.971618740932961
2011-11-19,0.44318529,38285834.045139976,4.971863397812955
2011-11-20,0.44369635,38251755.782944016,4.962829894010803
2011-11-21,0.45948528,38273178.00795502,4.961811106114977
2011-11-22,0.46857456,38266391.780262716,4.9564333926763116
2011-11-23,0.4707238,38253839.6479952,4.950511462357289
2011-11-24,0.49214464,38321269.52956547,4.9556142687894145
2011-11-25,0.50383539,38344691.2716983,4.954318518439663
2011-11-26,0.50116148,38202651.57919241,4.932142767684298
2011-11-27,0.50265443,38206115.202633254,4.928962729321077
2011-11-28,0.52129794,37817489.70466894,4.874832715033749
2011-11-29,0.56397222,37967163.72244464,4.8897771644827115
2011-11-30,0.60468486,38125894.36090383,4.905103041408379
2011-12-01,0.62781131,38209083.15814103,4.910057211344632
2011-12-02,0.63153668,38239020.070924774,4.909298907449874
2011-12-03,0.57397228,38086901.15081832,4.885002783186271
2011-12-04,0.57735261,38110994.10083374,4.883833427266242
2011-12-05,0.58900798,38125431.20653935,4.88074240921561
2011-12-06,0.6191175,38212726.06957226,4.886569110855952
2011-12-07,0.61474353,38011102.93055358,4.856500760729877
2011-12-08,0.61605341,38051137.72328398,4.856527753090191
2011-12-09,0.60914874,38053928.79150261,4.852332046315666
2011-12-10,0.63235376,38096125.538814306,4.853256928677503
2011-12-11,0.66826403,38203694.95789749,4.862253093534601
2011-12-12,0.65547484,38237578.89908207,4.862635698597768
2011-12-13,0.66660548,38265289.84731004,4.862078854396787
2011-12-14,0.65014649,38230061.70913981,4.852885546430312
2011-12-15,0.6600436,38257506.53303585,4.852919626248204
2011-12-16,0.66134284,38282489.96321562,4.852457126961864
2011-12-17,0.65825176,38299727.90095742,4.850031398725785
2011-12-18,0.65885831,38316981.084258534,4.847796195943388
2011-12-19,0.72601344,38423182.532140374,4.8563480027937365
2011-12-20,0.81110758,38587811.7043684,4.87302908363152
2011-12-21,0.79739555,38656535.47442747,4.877119330212679
2011-12-22,0.79956455,38727241.980800316,4.881482577628435
2011-12-23,0.80606997,38792917.00066539,4.885388641855694
2011-12-24,0.80659692,38817296.99974684,4.883999704144754
2011-12-25,0.86693708,38857460.6413333,4.883707221115989
2011-12-26,0.81869415,38909043.20313182,4.884756980437823
2011-12-27,0.83793425,38967420.04978526,4.887637121742667
2011-12-28,0.86007177,39038490.901198074,4.891796269625092
2011-12-29,0.85308817,39074291.93295488,4.8920526312865995
2011-12-30,0.88040913,39141962.46515105,4.896172635108679
2011-12-31,0.96110917,39250112.972373664,4.905068517226976
2012-01-01,1.07623657,39405437.27881262,4.919775934879448
2012-01-02,1.05930034,39392309.39811239,4.9135053538037194
2012-01-03,0.99064729,39455334.65592734,4.9164913465367786
2012-01-04,1.13112076,39666379.052134976,4.938205065828047
2012-01-05,1.37524885,40186384.87454898,4.998368751418888
2012-01-06,1.3299183,40446349.03075369,5.025358805857938
2012-01-07,1.34825017,40616813.95584767,5.040776654018912
2012-01-08,1.40190243,40830347.99146623,5.0621572617828186
2012-01-09,1.23859081,40993085.129040286,5.077171808250193
2012-01-10,1.28528776,41046784.1374787,5.079387479136081
2012-01-11,1.35196805,41217014.95069041,5.095629087696015
2012-01-12,1.3223058,41474387.97083393,5.1225398813133385
2012-01-13,1.2583872,41563245.01562101,5.129080214835886
2012-01-14,1.3151655,41701238.89328617,5.141350759738345
2012-01-15,1.36849062,41802414.8125779,5.149412392869102
2012-01-16,1.30213368,41912281.21552691,5.157387271151192
2012-01-17,1.08841281,41850044.65253727,5.144759321898693
2012-01-18,1.14730395,41866144.30663888,5.14269238603737
2012-01-19,1.22398742,42045285.70876097,5.159943834727557
2012-01-20,1.25883339,42121451.59382968,5.1646961702461125
2012-01-21,1.19649675,42170801.41431822,5.16555379322227
2012-01-22,1.2195885,42226810.004205905,5.16810975732222
2012-01-23,1.23243877,42307220.83742929,5.172570217949141
2012-01-24,1.21229511,42368789.71554824,5.1757005567276275
2012-01-25,1.12369377,42367441.56689627,5.170861695239477
2012-01-26,1.04093223,42282665.44457548,5.156173283646544
2012-01-27,1.03027298,42246286.682745434,5.147312702465361
2012-01-28,1.09958449,42282783.00644052,5.14721408537273
2012-01-29,1.04861043,42278760.783887684,5.141498981022809
2012-01-30,1.07087848,42304230.29242307,5.139221715084217
2012-01-31,1.07878577,42297721.2733867,5.133753567896514
2012-02-01,1.18086101,42424577.52570139,5.144748281806805
2012-02-02,1.18457113,42502077.95985965,5.1491824833823365
2012-02-03,1.15560669,42551200.71835794,5.150204631930402
2012-02-04,1.14466214,42592850.553338066,5.150352259437444
2012-02-05,1.10288002,42613621.122929975,5.1484437238463086
2012-02-06,1.066879,42572759.601918735,5.138974577665649
2012-02-07,1.10174851,42609241.76473008,5.139128983415044
2012-02-08,1.09353017,42636905.38486138,5.137972727307012
2012-02-09,1.1353915,42689439.324362874,5.139812878798934
2012-02-10,1.15551803,42715463.49307972,5.138677200445447
2012-02-11,1.09013106,42832623.53363101,5.148126733772874
2012-02-12,1.07230709,42863386.58581305,5.146937123666244
2012-02-13,1.04822456,42526589.12855244,5.102298461049253
2012-02-14,0.88628318,42200118.344564505,5.0589407459579805
2012-02-15,0.85881942,42047410.91968838,5.036588858265339
2012-02-16,0.84731155,41960667.35377189,5.022047728492453
2012-02-17,0.87548728,41949157.931308486,5.016107570268023
2012-02-18,0.85418126,41849116.41867252,4.999034136636794
2012-02-19,0.87896592,41846384.61000557,4.993995055248069
2012-02-20,0.8748865,41842588.66882778,4.9893739804244435
2012-02-21,0.86595781,41821738.25962706,4.983055239131269
2012-02-22,0.88771358,41821460.64388944,4.978306502364355
2012-02-23,1.01031089,41944996.07059032,4.988083537394721
2012-02-24,1.0069634,42005486.95241272,4.990855436168702
2012-02-25,0.9562508,42047171.42125724,4.990915961653272
2012-02-26,0.987122,42082706.07362589,4.990690969858639
2012-02-27,0.99206546,42133245.79040028,4.99212597955267
2012-02-28,0.97277124,42182398.65693846,4.993216879612764
2012-02-29,0.98303424,41919498.37482598,4.9568454052001485
2012-03-01,0.99267825,41969879.15041486,4.958376113924043
2012-03-02,0.95273137,41921504.71346264,4.948743933018161
2012-03-03,0.93570447,41928007.54950426,4.946212613993316
2012-03-04,0.97707036,41973582.46289646,4.947590961197216
2012-03-05,1.00656035,42029225.54768731,4.94991969816553
2012-03-06,1.00730295,42078086.449502595,4.951679484732454
2012-03-07,0.99924077,42126367.91932611,4.952873254531468
2012-03-08,0.99664788,42153971.62709009,4.951577777933105
2012-03-09,0.98421823,42185735.40105196,4.950424305245424
2012-03-10,0.97883044,42189956.91122264,4.946131226561079
2012-03-11,0.98947911,42205282.46020321,4.944044499946281
2012-03-12,0.99347632,42238131.972169824,4.943086493808277
2012-03-13,1.06881595,42338738.268112525,4.950225788438448
2012-03-14,1.08718901,42441241.021312594,4.958239315008134
2012-03-15,1.07616655,42510475.72525785,4.962820019716781
2012-03-16,1.07471861,42595825.01446966,4.968346822755857
2012-03-17,1.05459511,42608835.972092316,4.964941999457924
2012-03-18,1.06154819,42645511.27440449,4.9645876042506005
2012-03-19,0.94459498,42582240.436081186,4.953099108035754
2012-03-20,0.97583693,42599054.30181553,4.950448243691505
2012-03-21,0.97521983,42545024.23923993,4.9396345076773915
2012-03-22,0.958695,42530143.806352496,4.933381841949578
2012-03-23,0.95107358,42557904.54771361,4.932997062650999
2012-03-24,0.94428539,42546850.36877521,4.926462185257744
2012-03-25,0.92514492,42534869.22574568,4.920602344570664
2012-03-26,0.94207727,42545705.94293568,4.9175609127382405
2012-03-27,0.97836225,42585698.39173433,4.917749775446211
2012-03-28,0.97414873,42622311.874237694,4.917718664565595
2012-03-29,0.97547676,42629827.68508035,4.914588198062258
2012-03-30,1.00380823,42045859.4995484,4.842966227241095
2012-03-31,1.00947443,42094999.03490766,4.843883834852143
2012-04-01,0.98982662,42118147.976697266,4.842591197821745
2012-04-02,1.02854689,42164963.78396788,4.844743129472152
2012-04-03,1.02616999,42067345.538579,4.829836422004184
2012-04-04,1.01818959,42101739.85144096,4.829986699897286
2012-04-05,1.01855009,42140835.73420098,4.831229502798464
2012-04-06,1.02383214,42197044.675380245,4.833905128435791
2012-04-07,0.9749089,42202190.62505824,4.830925135965402
2012-04-08,0.98932901,42233512.95970568,4.8303636110003385
2012-04-09,1.00365621,42308209.109783724,4.834870080725859
2012-04-10,1.00159858,42333415.11036867,4.833690552760958
2012-04-11,1.01641869,42386440.92483466,4.835852356399005
2012-04-12,1.01283392,42445232.45215156,4.839054113908714
2012-04-13,1.01932475,42490829.442446895,4.84085835597457
2012-04-14,1.0235231,42538500.03727956,4.842455105328791
2012-04-15,1.0239991,42589563.55199664,4.845317089046857
2012-04-16,1.02128074,42646021.89631608,4.8476039695585955
2012-04-17,1.02477367,42687743.394509524,4.848626241146398
2012-04-18,1.05577307,42763726.05075457,4.853673188515578
2012-04-19,1.05634217,42833273.332341366,4.857239119211571
2012-04-20,1.10253174,42960779.53106894,4.867448050200605
2012-04-21,1.08513311,43004130.820421465,4.868112759901918
2012-04-22,1.06645583,43071216.11404675,4.871846398682935
2012-04-23,1.05038086,43050141.76778402,4.865747641004007
2012-04-24,1.04562838,43084591.35933633,4.865846566272082
2012-04-25,1.05274593,43336988.849833935,4.8908441236818465
2012-04-26,1.04365008,43316169.12880479,4.884222579466273
2012-04-27,1.04332334,43349681.42779712,4.884283849970932
2012-04-28,1.01826429,43362766.92379784,4.881578094852564
2012-04-29,1.00664344,43305737.38602535,4.870250957651769
2012-04-30,1.0154865,43318146.13917842,4.866747918414082
2012-05-01,1.02469896,43361128.05431941,4.866929139220001
2012-05-02,1.03816859,43404023.61136243,4.8676461632176915
2012-05-03,1.05122986,43458008.476251796,4.869413601854565
2012-05-04,1.04434248,43498675.12460541,4.869577926440836
2012-05-05,1.0384012,43539887.18796244,4.86963956183999
2012-05-06,1.03909745,43474492.82617065,4.857870426820699
2012-05-07,1.04315667,43516093.25675047,4.8579048696844565
2012-05-08,1.034375,43546456.01542098,4.856523429947679
2012-05-09,1.03787929,43593865.886429176,4.857314606918093
2012-05-10,1.01481717,43609286.937127896,4.855543309101215
2012-05-11,1.02276513,43623171.94418423,4.853225664330714
2012-05-12,1.01650991,43770861.96636828,4.866191845537759
2012-05-13,1.01723564,43758300.45556828,4.861012394109324
2012-05-14,1.03132782,43775824.87385131,4.859207542734035
2012-05-15,1.03590742,43806985.47241358,4.85916048400413
2012-05-16,1.04782389,43804011.72110302,4.855572160183358
2012-05-17,1.04954557,43776417.19181672,4.849395616467306
2012-05-18,1.05722248,43738182.00565422,4.841271898379061
2012-05-19,1.05598806,43776137.42940405,4.841480699338124
2012-05-20,1.05630265,43639345.56408723,4.822671767830469
2012-05-21,1.05927394,43547407.59242554,4.809163255779332
2012-05-22,1.05870456,43555000.36564158,4.8069493426744945
2012-05-23,1.0665583,43602969.51095422,4.8087937619220815
2012-05-24,1.06748348,43512748.53424982,4.79553815596766
2012-05-25,1.07106937,43549584.05637447,4.796399701492612
2012-05-26,1.0671858,43458720.98558664,4.782652472317866
2012-05-27,1.07321035,43512200.15047648,4.784352047116178
2012-05-28,1.07353739,43547395.086055346,4.784486750902248
2012-05-29,1.07601639,43579945.84102149,4.78475118565575
2012-05-30,1.07393,43609391.01239153,4.784543284252921
2012-05-31,1.08799952,43441687.83157882,4.762538609590251
2012-06-01,1.10502904,43512583.60159092,4.766339677404532
2012-06-02,1.09982963,43562988.686258055,4.767683027596474
2012-06-03,1.09327409,43602143.646099,4.767976331355489
2012-06-04,1.10255401,43654157.4610963,4.769621995564045
2012-06-05,1.13624416,43742091.15442741,4.775394660648298
2012-06-06,1.13951888,43814962.999213256,4.779358655273398
2012-06-07,1.16734111,43911273.82092722,4.786235798515114
2012-06-08,1.17328064,43999257.86588631,4.792143422476415
2012-06-09,1.15906527,44060808.71228596,4.794382576467269
2012-06-10,1.13827143,44105328.32027126,4.794896388867231
2012-06-11,1.16358167,44200152.86586062,4.801551215214409
2012-06-12,1.19076668,44314699.10835679,4.809919016759648
2012-06-13,1.22631584,44432140.111777835,4.818743370213059
2012-06-14,1.23632319,44503308.932533614,4.822382391822059
2012-06-15,1.34544986,44782654.54332886,4.848475527114834
2012-06-16,1.32650659,44908444.369072564,4.857991909630137
2012-06-17,1.27481556,44998524.71842408,4.863422351087948
2012-06-18,1.29624188,45088755.416916676,4.868570261450625
2012-06-19,1.33207309,45190885.722622596,4.875728490210382
2012-06-20,1.37148675,45270561.717974536,4.88050727104953
2012-06-21,1.36507314,45371839.047349535,4.887842495969813
2012-06-22,1.340806,45475631.97772307,4.895385087654382
2012-06-23,1.31590739,45555823.95145368,4.899692590882645
2012-06-24,1.29595593,45593002.628634565,4.9002391914468335
2012-06-25,1.28915512,45632938.91034687,4.900475925690703
2012-06-26,1.31046257,45747464.83203191,4.908847437554137
2012-06-27,1.34542168,45865421.78766426,4.917204397597918
2012-06-28,1.33892459,45943016.73212966,4.9219087334583795
2012-06-29,1.35144702,46027871.41570855,4.927145983983567
2012-06-30,1.35478588,46096270.3142509,4.930984092502845
2012-07-01,1.3431952,46156256.38263423,4.933653792348022
2012-07-02,1.36464463,46267810.34790232,4.9415634683202905
2012-07-03,1.30578732,46288407.52786308,4.9395428370930565
2012-07-04,1.31743258,46377568.15848133,4.945099606644401
2012-07-05,1.34189548,46459278.197642185,4.950011907279812
2012-07-06,1.34647254,46547354.69606373,4.955304316390254
2012-07-07,1.37465592,46564103.495120525,4.9527111568867435
2012-07-08,1.37033073,46666985.94598995,4.959618535228944
2012-07-09,1.41488587,46807924.35320864,4.970291975586384
2012-07-10,1.45714854,46432057.774073385,4.926457281871668
2012-07-11,1.45509139,46573326.923299715,4.9379357464360165
2012-07-12,1.52548031,46753990.07919857,4.953151870052363
2012-07-13,1.53494235,46967425.470673114,4.971470919406615
2012-07-14,1.53495281,46694241.88853579,4.938346722371439
2012-07-15,1.54252702,46788323.6007198,4.944636146296581
2012-07-16,1.70367355,47210948.01807178,4.9853480893576405
2012-07-17,1.73352208,47854042.78929857,5.048672270188517
2012-07-18,1.79066623,48182980.85968493,5.079222768471179
2012-07-19,1.73994899,48446113.963909596,5.103329732385355
2012-07-20,1.67043972,48527364.30826603,5.10790696424233
2012-07-21,1.73068675,48758167.92736565,5.128395326900515
2012-07-22,1.65722469,48841889.52059305,5.1330170226502245
2012-07-23,1.65967218,48947418.50383344,5.140299013407021
2012-07-24,1.66485314,49084637.60243855,5.150355286389061
2012-07-25,1.69811126,49257677.541954495,5.164177094579657
2012-07-26,1.71150143,49509199.630352855,5.185952457060949
2012-07-27,1.71018114,49681307.64906092,5.199133405373604
2012-07-28,1.69715731,49827094.23232343,5.2102187829682745
2012-07-29,1.67503455,49986820.259795435,5.222388194478491
2012-07-30,1.73507837,50182216.8356895,5.2379865982521645
2012-07-31,1.77024687,50478752.33349771,5.265366407400585
2012-08-01,1.80931121,50733200.83056956,5.288211807330477
2012-08-02,1.9719365,51375854.92421055,5.350598102973498
2012-08-03,2.02602743,51776866.638534695,5.38781686022849
2012-08-04,2.01583662,52099224.963088535,5.416964238288071
2012-08-05,1.9855767,52375940.14069116,5.441803067872926
2012-08-06,1.98923564,52629101.07575663,5.464132193887998
2012-08-07,1.99677645,52821775.92896811,5.479471395054514
2012-08-08,2.00790333,53194690.34879156,5.513408654353444
2012-08-09,2.00671418,53433510.75742896,5.533286630789343
2012-08-10,2.06026781,53699566.090867124,5.556349882736992
2012-08-11,2.07039383,53927061.00048098,5.575043433730239
2012-08-12,2.0737898,54116490.118479565,5.590032504659102
2012-08-13,2.13114399,54487631.687495716,5.623722773587203
2012-08-14,2.1544732,54851049.60541113,5.6566484470567095
2012-08-15,2.30814027,55376524.740204975,5.705925902799053
2012-08-16,2.33572798,55933185.91631412,5.758714601973428
2012-08-17,2.0858717,56276112.597787194,5.789908143618277
2012-08-18,1.97544904,57008401.19897144,5.860696444397219
2012-08-19,1.36686681,55778365.8969611,5.728884324805076
2012-08-20,1.71866113,56587244.529856116,5.80677393265037
2012-08-21,1.70425191,56676255.77246071,5.810750136180315
2012-08-22,1.67933753,56804955.852756426,5.819291478949441
2012-08-23,1.72984273,56978336.089187615,5.832124071803104
2012-08-24,1.80794118,57291376.08529317,5.8597274687825855
2012-08-25,1.80118006,57490707.71291698,5.875968153643171
2012-08-26,1.7917826,57636611.46572242,5.885496790880768
2012-08-27,1.83189532,58314653.76111275,5.950329127242161
2012-08-28,1.83040885,58581535.918586165,5.972959830043489
2012-08-29,1.81697118,58713221.87933724,5.981263776463312
2012-08-30,1.79273795,58786185.03166993,5.984002758684614
2012-08-31,1.67505198,59291103.288016,6.0311022829111245
2012-09-01,1.66090374,59277172.45677173,6.0247518844550845
2012-09-02,1.69521665,59401255.926812515,6.032335867888332
2012-09-03,1.73716742,59550480.055019684,6.042672794989385
2012-09-04,1.71209367,59702586.12136613,6.053408219314251
2012-09-05,1.81269181,60043297.03294663,6.082403427659167
2012-09-06,1.82965166,60268586.04533676,6.099942005234045
2012-09-07,1.81354854,60393879.85492601,6.107430869562057
2012-09-08,1.80523977,60536242.966153875,6.117342536340145
2012-09-09,1.8034734,60747594.43466859,6.133772471098714
2012-09-10,1.78632149,61727949.99658447,6.228043981485381
2012-09-11,1.80560418,61897857.708698094,6.240621881640361
2012-09-12,1.80894872,62090654.09653057,6.255172290478637
2012-09-13,1.81613397,62241070.717638075,6.266222358430969
2012-09-14,1.86613678,62486153.58563271,6.285770554526555
2012-09-15,1.85833105,62731358.99945842,6.305869675667584
2012-09-16,1.87885659,62989241.85532361,6.32667298138263
2012-09-17,1.87699904,63218414.04905584,6.344338437817208
2012-09-18,1.92401948,63546211.633999415,6.371895381584598
2012-09-19,1.9513395,63954885.0469091,6.408343652238987
2012-09-20,1.91810213,64395774.001740225,6.447611133890924
2012-09-21,1.90624657,64675326.966650136,6.470127227963275
2012-09-22,1.88391087,64856665.30096347,6.483177001400867
2012-09-23,1.87373566,65002473.50119687,6.4926250196361215
2012-09-24,1.86187643,65187338.68927089,6.506118516436668
2012-09-25,1.86751446,65405083.016772225,6.523325872671476
2012-09-26,1.88332202,65633444.39481271,6.541534973254971
2012-09-27,1.87790927,65869735.50880786,6.559822457137027
2012-09-28,1.87920326,66211494.179658905,6.588673855986233
2012-09-29,1.87778161,66441775.91779823,6.606067201580647
2012-09-30,1.87229802,66618459.9243861,6.618402807915643
2012-10-01,1.8688831,66771614.4592375,6.6293045082061575
2012-10-02,1.9232089,67122416.13069111,6.659306794935485
2012-10-03,1.93693159,67462519.67628732,6.688636068167849
2012-10-04,1.91743612,67702944.95817566,6.708116971275006
2012-10-05,1.8990167,67819789.19869205,6.715169708119575
2012-10-06,1.86118784,67909506.12981924,6.718897171398777
2012-10-07,1.76871725,67895278.66935715,6.713338203339284
2012-10-08,1.74493179,68065319.32868308,6.724234044759137
2012-10-09,1.7595105,68097534.93780276,6.722701248681324
2012-10-10,1.79846745,68252620.75785086,6.733059571405088
2012-10-11,1.79078273,68356318.40667932,6.738702359665484
2012-10-12,1.7833828,68465619.28800124,6.744524038706608
2012-10-13,1.76778643,68538088.35832132,6.746744757702208
2012-10-14,1.72624831,68604609.22916904,6.749074216815076
2012-10-15,1.76179327,68764632.98679456,6.759197988584039
2012-10-16,1.7507955,68898689.3109143,6.76721985461209
2012-10-17,1.7561613,69150128.11337194,6.787183022837764
2012-10-18,1.75473806,69297566.22436954,6.796417719768044
2012-10-19,1.72901826,69380945.6083391,6.800093480328311
2012-10-20,1.71932352,69451395.508765,6.801731853074457
2012-10-21,1.70878321,69713819.63606614,6.822054042714407
2012-10-22,1.71974123,69820359.39732403,6.82723523056803
2012-10-23,1.71372613,69911135.63388966,6.831769397122106
2012-10-24,1.70097555,70048836.43381678,6.839811652147617
2012-10-25,1.57445232,69997970.65978898,6.830076518468658
2012-10-26,1.4868804,69882641.41480845,6.81333851301759
2012-10-27,1.53614064,69888396.70626189,6.808091670391261
2012-10-28,1.57242952,69975728.35619472,6.811091974328425
2012-10-29,1.56040388,70047225.34615608,6.812812447016858
2012-10-30,1.59285398,70144431.59018898,6.817525771223173
2012-10-31,1.63149593,70340599.03338708,6.831810998208496
2012-11-01,1.5558671,70282410.9515603,6.82162104399714
2012-11-02,1.5453108,70257655.14503658,6.814489123358031
2012-11-03,1.56238365,70333159.06977372,6.8169857123677655
2012-11-04,1.58109304,70508100.39115134,6.82874607585427
2012-11-05,1.57225848,70590772.6601164,6.831459885172634
2012-11-06,1.58971981,70689506.94137879,6.836549076609481
2012-11-07,1.60010198,70839681.73543076,6.8458755013082975
2012-11-08,1.5902082,70933629.25957786,6.849857377875425
2012-11-09,1.57844306,71010356.81323737,6.852237810847101
2012-11-10,1.5845781,71094735.3231086,6.855616926054827
2012-11-11,1.58025646,71199024.59453659,6.8608108324440575
2012-11-12,1.60489338,71376770.86251286,6.87356717446819
2012-11-13,1.59806012,71513508.41718201,6.882095761876969
2012-11-14,1.59128731,71612121.8074845,6.886847114031657
2012-11-15,1.62005507,71774807.48740183,6.897981473285472
2012-11-16,1.68971657,72129301.76826638,6.927223794653325
2012-11-17,1.69344447,72295763.6474006,6.938546026951684
2012-11-18,1.67867627,72458581.36182867,6.949303591540553
2012-11-19,1.6880353,72632066.7770971,6.961068498195565
2012-11-20,1.67898029,72755826.87435433,6.968021236731611
2012-11-21,1.68083489,72914726.03297357,6.978160226029397
2012-11-22,1.75627213,73181976.25799745,6.998914198178673
2012-11-23,1.74998238,73432227.50671604,7.017377866124972
2012-11-24,1.76602085,73605988.46874796,7.02891157811993
2012-11-25,1.77806828,73844743.51938029,7.04679883821565
2012-11-26,1.72578205,74042178.1967106,7.060350546535235
2012-11-27,1.72025602,74177787.37376298,7.068294046470128
2012-11-28,1.74127299,74370983.65436478,7.0819796194058
2012-11-29,1.76192076,74518282.29626189,7.093203018630135
2012-11-30,1.77041545,74707971.06760517,7.109144312724902
2012-12-01,1.76938314,74818378.38365902,7.116823137724315
2012-12-02,1.75501044,74890835.3386904,7.121293681064996
2012-12-03,1.77399667,75058183.5489403,7.134713413491075
2012-12-04,1.85774266,75730288.81678465,7.196685455633183
2012-12-05,1.84294645,76035782.20355144,7.223622923005874
2012-12-06,1.8612199,76248196.13285862,7.241446612690579
2012-12-07,1.8543992,76548438.63320921,7.267735258645926
2012-12-08,1.85513901,76671909.2724321,7.277074298123622
2012-12-09,1.83087828,76827652.67120044,7.289676783268846
2012-12-10,1.84712224,77009718.74058072,7.304474110466453
2012-12-11,1.85959868,77217640.90625563,7.321695703869289
2012-12-12,1.86112478,77477381.26528078,7.344060854751879
2012-12-13,1.86515926,77826245.81984721,7.3748402164585665
2012-12-14,1.84173767,77951252.41559517,7.384831441698318
2012-12-15,1.83124675,78015909.79669611,7.388926854734404
2012-12-16,1.80326306,78087263.70994857,7.393741585636097
2012-12-17,1.80108367,78131534.55601941,7.39558754174391
2012-12-18,1.79259699,78241458.08932516,7.403802384540653
2012-12-19,1.82412757,78459350.94282839,7.42192783151219
2012-12-20,1.82505515,78621542.26100095,7.435406555413077
2012-12-21,1.80384887,78742407.16612326,7.444619239270195
2012-12-22,1.80284753,78804339.10344644,7.447781184755207
2012-12-23,1.78784107,78842782.26416439,7.449267152626324
2012-12-24,1.80152292,78906370.37375598,7.452951346040659
2012-12-25,1.79274659,78954958.16238695,7.455357650227407
2012-12-26,1.80324201,79047611.10593753,7.461393946525014
2012-12-27,1.79484765,79119447.83866695,7.465426484069887
2012-12-28,1.80018039,79247536.63101907,7.474532716972825
2012-12-29,1.78895887,79288508.98952614,7.475858771596911
2012-12-30,1.79682629,79391539.4731107,7.482645302873434
2012-12-31,1.80428719,79684118.52466002,7.507425934559897
2013-01-01,1.77533304,79733603.32941462,7.509222845295267
2013-01-02,1.7682754,79775738.27815649,7.510485534648562
2013-01-03,1.78037669,79881284.33429503,7.5175558204209025
2013-01-04,1.78670376,80029478.22815815,7.528792097924561
2013-01-05,1.78641402,80114748.83757673,7.534315458855947
2013-01-06,1.79112313,80199130.55019653,7.539680707428584
2013-01-07,1.79609055,80314407.63401748,7.547537988996436
2013-01-08,1.82064961,80567099.66076772,7.5689196622571435
2013-01-09,1.82378518,80690200.13440873,7.578170613588987
2013-01-10,1.85730887,80994293.98245843,7.604105641104271
2013-01-11,1.86676138,81202427.50044857,7.621553175015436
2013-01-12,1.86299654,81313532.0852605,7.629797131050548
2013-01-13,1.85333941,81455005.77357419,7.640688041644406
2013-01-14,1.87068729,81625421.9979283,7.653855562508527
2013-01-15,1.86625363,81817782.20354247,7.669717299683
2013-01-16,1.91141576,82109729.9480532,7.694722600762276
2013-01-17,2.0121271,82745576.19207764,7.752293450859045
2013-01-18,2.01889919,83111143.85000624,7.784336732486479
2013-01-19,1.99859889,83303356.28751323,7.7995271976590566
2013-01-20,2.01174993,83482151.48212788,7.813889739937308
2013-01-21,2.13015937,84191204.62577172,7.877823489210621
2013-01-22,2.1703499,85217263.48231079,7.971147342965665
2013-01-23,2.18559134,85803708.86225231,8.02363877542272
2013-01-24,2.09953529,86116125.66979791,8.0499175949455
2013-01-25,2.15223509,86550848.87607111,8.087964976550353
2013-01-26,2.16087068,86961787.93167377,8.123405689442183
2013-01-27,2.18079976,87724646.14793327,8.191778237733159
2013-01-28,2.27526587,88488257.26595192,8.260249987550905
2013-01-29,2.32416991,89980184.24410418,8.396423214234108
2013-01-30,2.32557517,90984650.02198163,8.487124794353864
2013-01-31,2.38254625,92334090.10607663,8.609126908106735
2013-02-01,2.33077644,94101752.89509057,8.770936416435545
2013-02-02,2.2350697,94290151.72755964,8.785364369368615
2013-02-03,2.32891208,94877793.82557517,8.836288780479084
2013-02-04,2.30317042,95329137.59689151,8.874935082496458
2013-02-05,2.31494333,95897089.82970092,8.924341455755894
2013-02-06,2.36137756,96543403.87100212,8.981437738339777
2013-02-07,2.44320117,97345141.32276842,9.052781019634416
2013-02-08,2.48951622,98460911.53771576,9.153330621774337
2013-02-09,2.57029343,99360710.3807712,9.233910757695591
2013-02-10,2.57573299,99883500.34340726,9.279024436885091
2013-02-11,2.61956557,100702497.34748514,9.351654707736634
2013-02-12,2.64695645,101655986.36886114,9.437154286147813
2013-02-13,2.58643345,102667436.62193453,9.52727043287609
2013-02-14,2.81731895,104390921.32095928,9.683812981240159
2013-02-15,2.76388477,106019701.72573876,9.830825627765153
2013-02-16,2.75541364,107077056.70644324,9.924522098958652
2013-02-17,2.69341809,107910628.30957352,9.997427238037186
2013-02-18,2.67527962,108689301.31864129,10.06581421834866
2013-02-19,2.87905367,110356143.25621909,10.216421002242553
2013-02-20,2.88625353,111650850.65337336,10.331665918359118
2013-02-21,2.8644687,112539220.94916144,10.409633352195018
2013-02-22,2.89510636,113837397.6272775,10.525574104447479
2013-02-23,2.81513609,114555170.9741008,10.587926690918732
2013-02-24,2.78872419,115978295.08258022,10.71559840860494
2013-02-25,2.77552491,118415224.38300826,10.935601040948217
2013-02-26,2.82058485,119654041.90477636,11.045772067687343
2013-02-27,2.81550442,120249460.44605152,11.095795432277248
2013-02-28,2.93242114,123393342.78433533,11.381480470634855
2013-03-01,2.99916694,125140865.80773355,11.53862313316924
2013-03-02,2.94238341,125892332.32497881,11.604033589905606
2013-03-03,2.95351788,126596867.31188428,11.664645986335453
2013-03-04,3.07990408,128236408.83175775,11.810843554170233
2013-03-05,3.34059331,132236551.390567,12.175368330087055
2013-03-06,3.41073072,137884128.2259862,12.690827784027846
2013-03-07,3.24461202,140516357.42518887,12.928337951432077
2013-03-08,3.35334641,142350521.6986646,13.092273671470164
2013-03-09,3.50857536,145361383.28620297,13.363995867630045
2013-03-10,3.41442475,146811022.75931397,13.491595753872772
2013-03-11,3.52669627,149009460.37001693,13.688469570762894
2013-03-12,3.21775227,150299110.43305832,13.802661464119362
2013-03-13,3.35448171,152676466.38700798,14.015932986434711
2013-03-14,3.31080577,154455809.713959,14.173456799776359
2013-03-15,3.27320999,156214765.08194387,14.329211199744107
2013-03-16,3.26643484,157451340.11248273,14.436845677163697
2013-03-17,3.25507816,158667966.92114452,14.541432634524575
2013-03-18,3.46957223,161609217.52708724,14.804544475864047
2013-03-19,3.86035942,168313574.3168626,15.412710226713784
2013-03-20,4.00566845,173711656.89573133,15.899340220778857
2013-03-21,4.23461019,183065528.78836015,16.74712000003984
2013-03-22,4.05568242,188352748.31989804,17.221783490086086
2013-03-23,3.70672564,190060014.15717277,17.36926943709367
2013-03-24,4.02556381,194953543.0679709,17.808790914800024
2013-03-25,4.02378239,202244243.1324516,18.468714768037366
2013-03-26,4.15075356,207473779.3948566,18.939741012234123
2013-03-27,4.49610198,216546140.36310562,19.76202504059356
2013-03-28,4.28052357,224527802.20850334,20.481880902443343
2013-03-29,4.30087359,230241166.78275687,20.99473455072414
2013-03-30,4.24924608,238021164.87367398,21.69560393836049
2013-03-31,4.26532297,241613501.28662306,22.014567028940462
2013-04-01,4.45266486,255425489.35131237,23.262551790426688
2013-04-02,4.75336825,269637674.2989541,24.54679252784023
2013-04-03,4.85046378,297660116.82499176,27.087061224927645
2013-04-04,4.73920513,308517832.2918016,28.065280321754088
2013-04-05,4.71276367,332805236.6647178,30.26378479276025
2013-04-06,4.6145611,341100124.89322954,31.00659409730927
2013-04-07,5.04960835,354916032.4764393,32.250464449754006
2013-04-08,5.33290242,384690096.58758634,34.943666163695156
2013-04-09,5.64074143,450396984.18120605,40.89586441036476
2013-04-10,3.7993504,467456140.5470696,42.426434177015366
2013-04-11,2.09881888,435361325.7887662,39.499161089111944
2013-04-12,2.84072926,432698439.8929961,39.24216741233517
2013-04-13,2.50198944,430329854.86744,39.01258347047672
2013-04-14,2.29456796,427326682.1098829,38.72689453912112
2013-04-15,2.11528578,422038696.8841885,38.23345948365654
2013-04-16,1.81094891,416380148.73829955,37.70572341936482
2013-04-17,2.42321708,423356342.5700789,38.322623953071876
2013-04-18,2.78425484,431151065.1442511,39.01523076542232
2013-04-19,3.00006559,438521510.4491902,39.66989376357001
2013-04-20,3.18525555,445095206.7357404,40.25055035004805
2013-04-21,2.91485166,449670443.3321681,40.64812126881373
2013-04-22,3.07341776,454815050.43311965,41.098959407259365
2013-04-23,3.38292483,465107888.5584876,42.01311740443994
2013-04-24,3.50996743,486318708.37239414,43.91302223693284
2013-04-25,3.16156158,494129042.93291414,44.60095295012157
2013-04-26,3.0583438,497235338.38173085,44.86402098404962
2013-04-27,2.83739563,501032894.25417703,45.191677977315415
2013-04-28,2.9627086,503979925.3305915,45.43935558213859
2013-04-29,3.11966325,511486155.18528646,46.098045419670534
2013-04-30,3.00006777,514737450.3775972,46.375501559184784
2013-05-01,2.52047369,511501019.97601724,46.068245624229064
2013-05-02,2.32100761,508861926.4556107,45.8167324566648
2013-05-03,2.10886798,507414163.35445184,45.67229489354222
2013-05-04,2.45598818,509075545.04369074,45.805446982681325
2013-05-05,2.53233335,511433597.3278328,46.000545633931644
2013-05-06,2.43394807,512335787.6284588,46.06449807912582
2013-05-07,2.41884231,513386929.9922046,46.141582860548695
2013-05-08,2.44959787,514066806.61275953,46.18556508410215
2013-05-09,2.42161822,514857247.3343019,46.23954832595205
2013-05-10,2.54554421,514995788.84465694,46.23413587607422
2013-05-11,2.486801,517557268.2511734,46.44512273510024
2013-05-12,2.46930854,518647725.4131539,46.52544374208255
2013-05-13,2.5169175,520195981.1269555,46.64612830818372
2013-05-14,2.31657619,519442567.67781025,46.56249470010223
2013-05-15,2.33507149,520849715.1020219,46.67388253088645
2013-05-16,2.41471463,522010637.14449674,46.76240937433794
2013-05-17,2.50090692,523699981.38922507,46.89683373503042
2013-05-18,2.50453812,527063590.263484,47.18230309080064
2013-05-19,2.47744864,527888766.87589645,47.23967968394493
2013-05-20,2.48938747,529032421.25779694,47.328364061341155
2013-05-21,2.4741524,529909131.8224351,47.39079165525454
2013-05-22,2.50485148,531305371.14452547,47.499093073055164
2013-05-23,2.59511089,533498681.5474878,47.67663552484803
2013-05-24,2.69072496,536555594.93107027,47.93172196038498
2013-05-25,2.65472177,543500534.4082061,48.53424442073904
2013-05-26,2.67740913,544587719.3703839,48.61363907818675
2013-05-27,2.59424673,545998787.5794033,48.72046457315222
2013-05-28,2.57846403,547411363.3272988,48.82930062279208
2013-05-29,2.63946924,550511561.3567768,49.08744925946361
2013-05-30,2.56977125,552344660.78652,49.23125682142486
2013-05-31,2.58656508,554628306.258158,49.41553177366138
2013-06-01,2.59949225,556342263.133554,49.54473362297541
2013-06-02,2.47023042,557679309.4762583,49.64180990943305
2013-06-03,2.47098358,559240401.277412,49.757185315578674
2013-06-04,2.41037014,560703063.0604053,49.863698001061366
2013-06-05,2.41605705,562778028.6035264,50.02776066306215
2013-06-06,2.36554851,566386343.1552005,50.32827488698762
2013-06-07,2.19162685,566059483.2663752,50.28124721304631
2013-06-08,2.17144932,566262967.5338277,50.27911281913824
2013-06-09,1.98865953,565984485.847951,50.23665536567534
2013-06-10,2.07770045,566099107.8037515,50.2274361194382
2013-06-11,2.13557988,567607139.1492132,50.34113753491347
2013-06-12,2.11326913,567829228.9562554,50.33817737462241
2013-06-13,2.01619261,567125422.8107927,50.255068497960124
2013-06-14,1.97525553,567046608.5134495,50.22805545648977
2013-06-15,1.98785838,567427334.6244808,50.2425315655667
2013-06-16,1.97078129,567781875.9757475,50.253344579182155
2013-06-17,1.99247389,567951724.7117932,50.25225454008132
2013-06-18,2.07413684,568449874.9921117,50.28075986646714
2013-06-19,2.07549068,568947224.7003783,50.30962162114453
2013-06-20,2.07320647,569256961.48942,50.31987948010456
2013-06-21,2.01650897,569167319.6885854,50.29328354206974
2013-06-22,1.9886398,569526854.5790344,50.30549447646376
2013-06-23,1.99397986,569771861.6972234,50.30880532253971
2013-06-24,1.96797679,570185737.1764495,50.328684631582206
2013-06-25,1.94416036,570300238.8814662,50.321357606554024
2013-06-26,1.95910003,570907610.9482799,50.355622096432505
2013-06-27,1.92349796,570793622.3067409,50.327035230681965
2013-06-28,1.78128607,569590057.2484124,50.202215257437956
2013-06-29,1.76821188,569989195.9000369,50.21869384672435
2013-06-30,1.78301213,569801550.4238299,50.185248967622734
2013-07-01,1.65189371,569770757.1360664,50.1651950320849
2013-07-02,1.74762367,570915619.1061158,50.24907146408035
2013-07-03,1.55181119,569053844.346237,50.06493786186798
2013-07-04,1.58276019,568499442.2187002,49.99801696792021
2013-07-05,1.36137275,563565546.8677927,49.54383276198065
2013-07-06,1.34844416,559869475.9195749,49.19868605339165
2013-07-07,1.46501861,560351048.3471446,49.22089172156072
2013-07-08,1.50296907,560671239.8078749,49.228261077738146
2013-07-09,1.52222014,560567037.9753424,49.199132834253405
2013-07-10,1.71733658,564273010.9669166,49.503213362524896
2013-07-11,1.76516035,565240560.60019,49.5691790189621
2013-07-12,1.81083744,567226520.6491387,49.726550117166894
2013-07-13,1.83583015,569305641.788288,49.8916514122874
2013-07-14,1.80117415,569702169.5658454,49.90759459648141
2013-07-15,1.87663807,570744447.5478283,49.980949465856725
2013-07-16,1.83749352,570584846.3339641,49.9490390864974
2013-07-17,1.8238974,570372435.6283829,49.91034652309669
2013-07-18,1.7072557,568912727.542506,49.76508739579853
2013-07-19,1.7344736,568614901.5990456,49.720442328813355
2013-07-20,1.70903901,568422240.1201895,49.68339438120713
2013-07-21,1.72424963,568654650.9363911,49.682104476853034
2013-07-22,1.72449453,568677074.6008515,49.66616428654214
2013-07-23,1.75049177,569093224.7474989,49.68721257797916
2013-07-24,1.77287254,569695525.8986785,49.7225426972432
2013-07-25,1.81143598,570490042.0710038,49.776030299877334
2013-07-26,1.80661592,571061046.3067483,49.80803333843925
2013-07-27,1.76941732,571507335.4593769,49.82729334991984
2013-07-28,1.85884089,572487152.9673538,49.894449114224784
2013-07-29,1.869772,572754938.8834736,49.898435345629515
2013-07-30,1.93317595,574171477.2076021,50.00039075234977
2013-07-31,1.95512089,575981436.5626246,50.13726794656959
2013-08-01,1.92448734,576677929.3007607,50.1785674650543
2013-08-02,1.90836477,578819699.9990014,50.343902902698524
2013-08-03,1.88398021,583061649.3472458,50.69411505473966
2013-08-04,1.89918712,583820868.2505037,50.74038316675568
2013-08-05,1.91794773,585319339.8962748,50.84973501329976
2013-08-06,1.91969225,585892986.2944161,50.87857525305158
2013-08-07,1.90613164,586570431.1050249,50.916843758257805
2013-08-08,1.85073304,586979509.8398066,50.92969636014829
2013-08-09,1.81530455,587353981.4918678,50.94064064277771
2013-08-10,1.83035886,587961111.9189082,50.970088397334834
2013-08-11,1.84834368,588617673.6082824,51.00312967251576
2013-08-12,1.87013093,589287859.6992941,51.03732003262637
2013-08-13,1.90506811,592731840.4048474,51.315265092934546
2013-08-14,1.92870802,593840775.4436307,51.3925832854367
2013-08-15,1.90518517,595235910.9723183,51.49438211222035
2013-08-16,1.90684121,596054666.4534266,51.54648417586885
2013-08-17,1.92994937,597189025.823849,51.623377240928086
2013-08-18,1.91982911,597861234.0212407,51.65982702639637
2013-08-19,1.98520771,599422557.98967,51.77494110856742
2013-08-20,2.01417621,600912613.2353127,51.882357893466526
2013-08-21,2.12829753,603238449.5138053,52.06114379153697
2013-08-22,2.10024403,604524756.8745164,52.1478529484319
2013-08-23,2.06093411,606042378.6645602,52.256678693894784
2013-08-24,2.08130944,606952363.9883446,52.31450593134004
2013-08-25,2.15729459,608359025.0329139,52.41869327323024
2013-08-26,2.13483001,609735554.7380977,52.51852106253649
2013-08-27,2.23422335,612149484.6420006,52.7072598921831
2013-08-28,2.23736392,614420162.5249788,52.88250754376919
2013-08-29,2.23910779,616881437.4185047,53.072763514998535
2013-08-30,2.34219842,620025231.7161136,53.31972668761854
2013-08-31,2.39605237,623338339.9183614,53.578953685253964
2013-09-01,2.42498554,626553549.1602657,53.829752735216715
2013-09-02,2.39758629,629290265.9529126,54.03992017006779
2013-09-03,2.37429811,633850177.2545437,54.40883900784135
2013-09-04,2.2514393,634232563.4480841,54.42262589503035
2013-09-05,2.24501895,635464111.7675818,54.50737288341776
2013-09-06,2.16099099,636100502.5726668,54.54032291250366
2013-09-07,2.19342788,637280738.072874,54.62454023326993
2013-09-08,2.15970205,637952592.7717534,54.66373767797599
2013-09-09,2.21003514,640609947.4462543,54.867576742501484
2013-09-10,2.22281192,642213094.1861508,54.982398236087825
2013-09-11,2.30280245,644896446.6082243,55.18850610055542
2013-09-12,2.28428174,648847694.9582396,55.50135140224777
2013-09-13,2.29152617,650278857.9354926,55.5995156617644
2013-09-14,2.22795516,653077885.4320138,55.812827713524975
2013-09-15,2.23809743,654177062.4941363,55.8851532590688
2013-09-16,2.25259491,656045551.0337989,56.026347846450555
2013-09-17,2.26165636,657253965.2351165,56.10810395002404
2013-09-18,2.25652894,659013503.0907842,56.23850736160157
2013-09-19,2.19436054,663412351.832939,56.59095443581572
2013-09-20,2.17030968,664245088.4036665,56.63783238779407
2013-09-21,2.17848848,665177250.4792151,56.69447325575437
2013-09-22,2.16687478,666955222.4281613,56.82143530493164
2013-09-23,2.16034239,667862027.9609923,56.87325285804766
2013-09-24,2.17210146,669585312.1121695,56.99427948709357
2013-09-25,2.16519894,671019463.381634,57.09132603260973
2013-09-26,2.18059655,672288757.4630013,57.17961649502746
2013-09-27,2.21042861,673681326.4685996,57.27637942120826
2013-09-28,2.21128719,674690510.2021377,57.34060790364276
2013-09-29,2.21364079,675876005.1149546,57.42062048969472
2013-09-30,2.19174983,677391962.8269682,57.529495432963714
2013-10-01,2.21273466,679140381.86291,57.655093771282544
2013-10-02,1.81680607,675244864.4727628,57.30115869114858
2013-10-03,2.04455417,677952694.2524605,57.50666661580553
2013-10-04,2.11654681,679408339.3170817,57.608150773596165
2013-10-05,2.10462698,680563193.6394031,57.67929606627299
2013-10-06,2.12014896,681868623.6658002,57.76729067693951
2013-10-07,2.126249,688087153.5090148,58.274864603877056
2013-10-08,2.13762894,689408900.6104498,58.366785084061405
2013-10-09,2.15267013,691255437.5575305,58.501076666438884
2013-10-10,2.16263506,692564781.47093,58.58808674672323
2013-10-11,2.16817047,694070243.1795388,58.69247875154853
2013-10-12,2.174057,695747260.9187268,58.80768673686614
2013-10-13,2.2466238,697636454.1141243,58.939845059566714
2013-10-14,2.28766824,700615889.6052716,59.1603242764143
2013-10-15,2.37863355,704852010.4254832,59.48537492587791
2013-10-16,2.31116231,709511641.447293,59.852101827070726
2013-10-17,2.38998533,713242158.0603641,60.14561346276547
2013-10-18,2.52745724,717098645.7595274,60.44635286491019
2013-10-19,2.71725799,724094123.8794475,61.007352903023026
2013-10-20,2.71537286,728081509.1813599,61.317601547081445
2013-10-21,2.87138391,744309039.7872723,62.656417330059504
2013-10-22,2.97641992,760309975.0587226,63.97040287728554
2013-10-23,3.12646993,778154009.129327,65.44133017276388
2013-10-24,2.94581752,785095642.7553672,65.99527718371708
2013-10-25,2.72008931,812309236.7934918,68.24915157875826
2013-10-26,2.63011758,814000178.3632095,68.36508731338506
2013-10-27,2.83044183,818694157.6894604,68.73348577363487
2013-10-28,2.84330802,822532741.5402784,69.03039907626962
2013-10-29,2.92026025,834406675.3710982,70.00340951363975
2013-10-30,2.81514522,838267195.3538218,70.2985402014117
2013-10-31,2.87412323,843772381.2139188,70.72892623060287
2013-11-01,2.85280581,849416544.879081,71.17102367699749
2013-11-02,2.86731813,852786277.3053623,71.42314597506206
2013-11-03,2.92760426,857929983.209276,71.8250705823703
2013-11-04,3.1028572,881110179.0742092,73.73560048659668
2013-11-05,3.23550814,900160875.9896004,75.30244350028802
2013-11-06,3.44238515,914326538.7958882,76.46139886094444
2013-11-07,3.65033333,950695161.910617,79.47883109719133
2013-11-08,4.05004446,985992843.975948,82.40666486707681
2013-11-09,3.9318261,1007735368.9888918,84.19781038922298
2013-11-10,3.83414476,1022872187.4226022,85.43199957314809
2013-11-11,3.93601752,1042856373.3108206,87.06711571488812
2013-11-12,3.97746675,1068416006.5484062,89.1636588315739
2013-11-13,4.2842717,1103772709.4921253,92.08204400865378
2013-11-14,4.37591685,1141908839.1573408,95.22719868471609
2013-11-15,4.19286144,1168408330.5820441,97.40336120787526
2013-11-16,4.38705732,1192088841.924347,99.33730311218886
2013-11-17,4.73725385,1229931356.1900516,102.45103856016499
2013-11-18,5.88406778,1342479249.22551,111.78975641829317
2013-11-19,4.73213355,1388304986.8271084,115.56698295455205
2013-11-20,4.91891962,1454433894.313018,121.0304590521705
2013-11-21,5.68827806,1523166342.1367433,126.71047681872327
2013-11-22,5.68433725,1698560086.5648031,141.25075596425847
2013-11-23,5.59412815,1794035384.8628585,149.13768823639282
2013-11-24,5.296892,1833738144.8433928,152.3849637673768
2013-11-25,5.13246251,1914454965.9358244,159.03543085325217
2013-11-26,5.08521124,2169337815.6628847,180.14928326561892
2013-11-27,5.07240404,2286771194.34339,189.83317443137832
2013-11-28,5.00804872,2424050016.338875,201.15362688544093
2013-11-29,5.25316203,2590222577.504475,214.8659191497849
2013-11-30,5.06423911,2665379543.4028153,221.01972092440755
2013-12-01,4.31245878,2698201869.4510727,223.65101741051353
2013-12-02,4.55216972,2759299847.0475144,228.64002920105094
2013-12-03,4.5167953,2816310568.38139,233.26738483107258
2013-12-04,4.71817918,2905198256.8736124,240.5445379648278
2013-12-05,4.1962207,2958143846.531689,244.84216781710268
2013-12-06,3.37225697,2955513780.66014,244.51923968825363
2013-12-07,2.86818513,2966916364.735813,245.3636512736945
2013-12-08,3.17322401,2987095160.3405843,246.9328814684933
2013-12-09,3.60228356,3010208768.0684648,248.75312422350055
2013-12-10,3.88194448,3047326932.376468,251.72059321390574
2013-12-11,3.43846013,3083348229.202632,254.60933126258317
2013-12-12,3.41655496,3096576105.278408,255.61561754818865
2013-12-13,3.40755236,3126610389.266908,258.0022380935605
2013-12-14,3.3146272,3119383221.4106116,257.3007668934859
2013-12-15,3.34036895,3137158296.0207567,258.67252114797077
2013-12-16,2.62754698,3130238373.320575,257.99504707667904
2013-12-17,2.64569174,3131783548.54641,258.0144777962756
2013-12-18,2.04906035,3117859191.371396,256.7620696612035
2013-12-19,2.65997338,3130932784.5368605,257.7187930202794
2013-12-20,2.33082877,3129569462.533084,257.5122471397442
2013-12-21,2.28074868,3182378176.940208,261.7708420851599
2013-12-22,2.38571042,3135075588.785486,257.7903127370215
2013-12-23,2.54494127,3145094972.5925827,258.52330735925585
2013-12-24,2.46859013,3207695604.128327,263.5774717199643
2013-12-25,2.56119713,3224050791.0340543,264.8332493230152
2013-12-26,2.81662728,3242797136.2675433,266.27470389201295
2013-12-27,2.69881739,3261824931.8371115,267.7359980597627
2013-12-28,2.67127051,3265826672.017634,267.98198100831837
2013-12-29,2.70995202,3271688774.7814198,268.37051368287877
2013-12-30,2.73973508,3274976671.9773645,268.5449416071761
2013-12-31,2.71424112,3279186880.3886867,268.78878870959664
2014-01-01,2.79859382,3281322851.274269,268.8509295516825
2014-01-02,2.90688604,3296653625.3845716,270.03291856409896
2014-01-03,2.97276592,3316137653.206987,271.5393545112382
2014-01-04,3.00082617,3373108239.719081,276.1246455733062
2014-01-05,3.23751863,3406633950.1929083,278.7589766743687
2014-01-06,3.25855458,3430848352.018949,280.63361787900845
2014-01-07,2.85648041,3439485726.4602942,281.2383356057092
2014-01-08,2.89105715,3473063869.2220716,283.8719426571052
2014-01-09,2.91922133,3485642725.958806,284.7796232317314
2014-01-10,2.98942387,3495050632.2373695,285.43923242460863
2014-01-11,3.08800818,3528748844.83372,288.06783702216256
2014-01-12,2.92251348,3544115947.473931,289.20014843555964
2014-01-13,2.83904175,3553221347.9560356,289.84322340365196
2014-01-14,2.80186801,3568362167.607922,290.9821589746706
2014-01-15,2.87183201,3592930402.891573,292.8757164191212
2014-01-16,2.77584537,3607004998.4553976,293.91219306213407
2014-01-17,2.69438096,3612304881.988883,294.25293536655073
2014-01-18,2.74847429,3618217889.3410354,294.6301994902
2014-01-19,2.83776277,3629583387.8547277,295.45403992105827
2014-01-20,2.79830469,3640311499.6244144,296.2097799981302
2014-01-21,2.77609902,3648228972.394234,296.7538109515564
2014-01-22,2.75067841,3661734715.958276,297.7361451438399
2014-01-23,2.72035724,3667456041.154255,298.09409340509706
2014-01-24,2.61463948,3676555832.3651423,298.7190088443497
2014-01-25,2.68630023,3686744999.6679854,299.44651450992166
2014-01-26,2.7159709,3693375859.0275583,299.89252880929837
2014-01-27,2.47713004,3693827848.913633,299.8233290048741
2014-01-28,2.62930512,3703650468.720353,300.5267041339409
2014-01-29,2.63373693,3713574097.5580063,301.23905537878073
2014-01-30,2.64884556,3722063390.6860795,301.81996712422637
2014-01-31,2.65797129,3728133950.654102,302.1995014795367
2014-02-01,2.67963991,3745376163.2290826,303.48090658824117
2014-02-02,2.68024654,3751795421.813135,303.8865485958806
2014-02-03,2.65176796,3758576986.378553,304.3243000690494
2014-02-04,2.627458,3762137541.165014,304.50657323299896
2014-02-05,2.49283475,3889291577.869657,314.6914141732784
2014-02-06,2.4248508,3893220032.500183,314.8933461112791
2014-02-07,2.26379227,3887437278.723222,314.32710626715453
2014-02-08,2.15811443,3885017531.210062,314.01592590314084
2014-02-09,2.18797536,3888063260.782434,314.17449535458707
2014-02-10,2.1809637,3890732140.701659,314.2911084842623
2014-02-11,2.13932234,3889298409.611926,314.071273471692
2014-02-12,2.08400611,3886174370.8056207,313.7062687938795
2014-02-13,1.95543342,3884317324.444532,313.44376581331574
2014-02-14,2.12998114,3892561470.9844074,313.9880396590103
2014-02-15,2.08368328,3894775920.7557306,314.04823683123
2014-02-16,1.98508729,3895289153.5858164,313.9662044526859
2014-02-17,2.01155832,3895106902.7373075,313.85348862580037
2014-02-18,1.99849686,3896612903.70429,313.871777319422
2014-02-19,1.9894402,3892632453.31552,313.4249207119822
2014-02-20,1.80129677,3888482643.590906,312.9792772008208
2014-02-21,1.85383269,3890430178.824622,313.0402862693693
2014-02-22,1.93944631,3891837611.7160754,313.04018585450297
2014-02-23,1.94857991,3893781087.4677863,313.0907388583037
2014-02-24,1.7420652,3872723717.5895414,311.2780455943584
2014-02-25,1.72827883,3843245404.4587855,308.8087611626892
2014-02-26,1.89989181,3850402106.567049,309.2694990349162
2014-02-27,1.89448535,3848485685.6974277,308.99891923157816
2014-02-28,1.78120748,3856204308.144244,309.50620660416274
2014-03-01,1.83532329,3853857303.5460734,309.2284822698796
2014-03-02,1.80787101,3851371132.148352,308.9422331942991
2014-03-03,2.18083347,3868262575.770434,310.20513124369785
2014-03-04,2.17294282,3872020748.6114883,310.4137822794067
2014-03-05,2.15549405,3880431367.423646,310.990814889753
2014-03-06,2.14266138,3889727123.613601,311.6277916034997
2014-03-07,1.96402906,4016415332.1875963,321.6705435169711
2014-03-08,1.93041869,4021423892.292103,321.9633739125273
2014-03-09,1.95221351,4099909424.623113,328.1295237640446
2014-03-10,1.9107893,4108751069.8096414,328.7391452139621
2014-03-11,1.92512349,4115784507.274162,329.1912656652223
2014-03-12,1.92370225,4126260118.9316773,329.90907180002773
2014-03-13,1.94782915,4132899213.6456404,330.33292517423666
2014-03-14,1.90343662,4130978463.2272954,330.09167912606677
2014-03-15,1.92641386,4134455115.274487,330.2606274133472
2014-03-16,1.91927821,4137869299.789612,330.4205183316774
2014-03-17,1.88442201,4139920592.8516636,330.4781016911981
2014-03-18,1.85742156,4144313535.1408663,330.7324125801173
2014-03-19,1.84533875,4146980501.025202,330.8396376950173
2014-03-20,1.77477734,4144494343.5971217,330.52461426519625
2014-03-21,1.71786219,4159896132.571709,331.62993010243974
2014-03-22,1.7024792,4162093966.666859,331.6927611824462
2014-03-23,1.68536505,4163387907.8012176,331.6544755045253
2014-03-24,1.76264446,4168041075.8293023,331.9008817688594
2014-03-25,1.75724218,4173210953.472093,332.20872782264826
2014-03-26,1.74314104,4175664587.7295804,332.2989001515299
2014-03-27,1.4579435,4165815572.0571585,331.4010540274757
2014-03-28,1.50668923,4161773332.028217,330.9649521747447
2014-03-29,1.47991892,4160805051.9765663,330.77286662949956
2014-03-30,1.38999605,4154660791.6294637,330.1925413930939
2014-03-31,1.38223661,4146595394.933398,329.4337241263694
2014-04-01,1.45469684,4146119120.2860274,329.28404922355713
2014-04-02,1.33564877,4140230692.527319,328.6878275078553
2014-04-03,1.36778873,4140669200.4816613,328.58959988621854
2014-04-04,1.36964635,4139218327.71354,328.3474378163355
2014-04-05,1.41084013,4126585239.0748925,327.2343348230207
2014-04-06,1.40141439,4128203768.723854,327.2647147176325
2014-04-07,1.37167544,4127179031.4689503,327.0855932700771
2014-04-08,1.38533994,4125344432.9361587,326.8534211148392
2014-04-09,1.35469234,4127146128.020096,326.8919236172864
2014-04-10,1.1286601,4105608309.232808,325.08623815390735
2014-04-11,1.30082437,4097885868.7371078,324.36625404804107
2014-04-12,1.30827456,4098361620.1395683,324.3005907319447
2014-04-13,1.28401659,4099434495.5439587,324.26553122183884
2014-04-14,1.42132931,4102957915.698429,324.4204163964289
2014-04-15,1.60547388,4110476590.3520923,324.8980292386183
2014-04-16,1.62848084,4130354365.9801617,326.36665638141557
2014-04-17,1.53010414,4135560559.299885,326.66897531871325
2014-04-18,1.48000554,4133000689.3148384,326.3636523506567
2014-04-19,1.54481447,4135891301.692845,326.48942961965395
2014-04-20,1.53703688,4135125483.854943,326.31434611325653
2014-04-21,1.52622244,4136987701.618346,326.35120362992035
2014-04-22,1.50076937,4135925853.045851,326.1683772432156
2014-04-23,1.5016104,4144494872.2341757,326.73785926317504
2014-04-24,1.53947611,4148091039.296693,326.9240735594383
2014-04-25,1.42807837,4145605361.028642,326.61104680427513
2014-04-26,1.4063299,4146068034.051918,326.5426624427312
2014-04-27,1.34395279,4146109003.782584,326.4321239418589
2014-04-28,1.35421878,4142539299.4289346,326.05352398678815
2014-04-29,1.37364362,4142347220.619331,325.9287374494171
2014-04-30,1.37742743,4142840842.300705,325.87975652119036
2014-05-01,1.41200262,4144739702.569334,325.91632036489494
2014-05-02,1.38757157,4146120820.336008,325.92176831765227
2014-05-03,1.34737725,4145757456.8216257,325.8022858897491
2014-05-04,1.34079342,4145485878.1123834,325.6843240211493
2014-05-05,1.32836701,4143722880.0942264,325.46591098750184
2014-05-06,1.32260352,4142083525.3027053,325.21326224393084
2014-05-07,1.36002582,4142293724.4962106,325.128295061229
2014-05-08,1.35471389,4143152016.0134206,325.08913207634123
2014-05-09,1.39224562,4145395138.8495784,325.15670598665844
2014-05-10,1.4045981,4147225706.555941,325.18614847102526
2014-05-11,1.3505933,4147708056.4672227,325.12709491258767
2014-05-12,1.3576711,4147774931.6932573,325.0278772093852
2014-05-13,1.35114784,4147627463.576138,324.9132048979844
2014-05-14,1.36967388,4147196472.014054,324.78403233304346
2014-05-15,1.37634402,4148093031.066726,324.74552309790977
2014-05-16,1.38233452,4148039206.2433662,324.626309492206
2014-05-17,1.38379554,4149497252.462731,324.6305370405371
2014-05-18,1.37668474,4151345809.3329177,324.665937270254
2014-05-19,1.37835145,4151791561.9876604,324.59417865369824
2014-05-20,1.50867507,4158558252.5193343,325.01077131139385
2014-05-21,1.51856262,4163219185.7221293,325.2638286445185
2014-05-22,1.61686251,4171803438.18929,325.82503779360934
2014-05-23,1.60608676,4176305744.999543,326.0716253464028
2014-05-24,1.61622687,4182995226.148117,326.4957741561808
2014-05-25,1.7510962,4195923838.632652,327.40203467749285
2014-05-26,1.78420425,4202217025.5022736,327.792053442591
2014-05-27,1.7360648,4239229304.5538793,330.5915016798168
2014-05-28,1.74983943,4245810802.935671,330.9956953132574
2014-05-29,1.72220405,4249266171.250408,331.1740620568631
2014-05-30,1.86223265,4279067271.6616845,333.38818359125645
2014-05-31,1.87963895,4288782749.104036,334.04948364666257
2014-06-01,1.88300736,4297455697.192781,334.61098820980914
2014-06-02,1.97543263,4315357582.513715,335.8786899483907
2014-06-03,1.99693718,4327531301.941902,336.70958899977916
2014-06-04,1.90998921,4334276387.215373,337.1157100883208
2014-06-05,1.95863649,4343544693.30186,337.73676817035454
2014-06-06,1.92408683,4346713717.958543,337.891879805204
2014-06-07,1.94195206,4352200574.879182,338.21652207567575
2014-06-08,1.94276934,4358275023.45416,338.5991127842783
2014-06-09,1.91093556,4368322532.880584,339.27691540060346
2014-06-10,1.91468487,4378673675.94697,339.97062377426005
2014-06-11,1.8557786,4383932820.056318,340.2825219609898
2014-06-12,1.71579412,4446388685.994213,345.0152149652238
2014-06-13,1.72900225,4451618974.479278,345.3118697258913
2014-06-14,1.6672379,4451936775.097611,345.2173572339574
2014-06-15,1.70763012,4455246840.737207,345.34682862446294
2014-06-16,1.70895309,4459784564.081612,345.5726699754918
2014-06-17,1.76144005,4464118734.575909,345.7852584436626
2014-06-18,1.75639628,4467645173.720718,345.95256374929016
2014-06-19,1.72175665,4469879956.7597885,346.01375108037763
2014-06-20,1.70893923,4473115107.845301,346.13958905588936
2014-06-21,1.71186032,4476399041.251483,346.2691100306682
2014-06-22,1.73072722,4480477258.256153,346.46397573133044
2014-06-23,1.70033791,4485398488.0698185,346.72655144450897
2014-06-24,1.67166269,4489845057.913315,346.94422628145276
2014-06-25,1.62093285,4490376739.042735,346.8600071577573
2014-06-26,1.67219737,4497519427.685375,347.29705996050757
2014-06-27,1.72780213,4503561477.453892,347.6314185218495
2014-06-28,1.70918053,4506852648.1910305,347.7633250409569
2014-06-29,1.72411286,4517671136.973121,348.4925681780983
2014-06-30,1.82938369,4528882605.804071,349.2685090946887
2014-07-01,1.83761917,4538048430.508092,349.88566032811895
2014-07-02,1.85565119,4553457456.030987,350.98102017214455
2014-07-03,1.83854971,4562563581.992643,351.58874716002816
2014-07-04,1.79270708,4566483677.659479,351.77833007848
2014-07-05,1.79121232,4570420472.998671,351.9785649449519
2014-07-06,1.80217443,4574162974.823272,352.1705024187809
2014-07-07,1.76756914,4578197852.400373,352.37941468002384
2014-07-08,1.77273738,4581118691.359244,352.50248465620336
2014-07-09,1.76136723,4590351742.500326,353.1001832929553
2014-07-10,1.74495565,4594489136.901011,353.31720310223415
2014-07-11,1.79446067,4599350528.524028,353.5850011922735
2014-07-12,1.80030291,4603368085.429817,353.7871068233406
2014-07-13,1.77957268,4606874147.706512,353.9477524673733
2014-07-14,1.74898486,4609171881.104547,354.0324866438535
2014-07-15,1.75571279,4613214135.302344,354.23481844242247
2014-07-16,1.73946637,4615779926.37547,354.3338881754937
2014-07-17,1.76036866,4621012183.366553,354.61848939380064
2014-07-18,1.77738508,4625885193.864273,354.87534320297607
2014-07-19,1.77274463,4627970451.699603,354.9148330556669
2014-07-20,1.76080313,4631668269.59113,355.09289230576326
2014-07-21,1.74762284,4638545676.425241,355.51454076049674
2014-07-22,1.74270129,4641811907.561696,355.66810446627085
2014-07-23,1.74066345,4648167558.74443,356.0555124965811
2014-07-24,1.69279908,4650591392.404253,356.1436514538571
2014-07-25,1.68863136,4653459618.704339,356.25212735544136
2014-07-26,1.66914747,4655163979.672194,356.2912312638404
2014-07-27,1.65995112,4657703202.265255,356.3812434336542
2014-07-28,1.64850401,4659016602.8580265,356.37948188421757
2014-07-29,1.63937643,4659325249.473046,356.3015684794431
2014-07-30,1.58077127,4658236935.990715,356.1012499126815
2014-07-31,1.63310806,4663003091.451874,356.3607186851279
2014-08-01,1.67172212,4670435825.107534,356.82171819628905
2014-08-02,1.65218507,4673647143.990029,356.95593202700763
2014-08-03,1.64362281,4675442348.190577,356.9880711887188
2014-08-04,1.64417187,4681832103.295636,357.3886320511796
2014-08-05,1.61859835,4710671238.894257,359.49745568636956
2014-08-06,1.61916711,4713455923.947796,359.5974546569328
2014-08-07,1.62893008,4717208644.641878,359.7739649743794
2014-08-08,1.63661291,4720342282.433822,359.9045376124987
2014-08-09,1.63562717,4724457519.411794,360.0933832204279
2014-08-10,1.63601768,4728091472.963944,360.2488587076805
2014-08-11,1.59181557,4729662490.867151,360.2436706455435
2014-08-12,1.57747585,4731494551.027192,360.2638482000515
2014-08-13,1.52247712,4731736665.555579,360.18286786212
2014-08-14,1.40529956,4723469993.770332,359.43048306922765
2014-08-15,1.39272818,4722442848.473793,359.23956111283036
2014-08-16,1.4519714,4725151423.546512,359.33763081504225
2014-08-17,1.38521881,4726711023.839097,359.3400951372888
2014-08-18,1.30849176,4716063621.21311,358.39577482437113
2014-08-19,1.35854035,4716753752.207072,358.3215991134323
2014-08-20,1.43685004,4720704898.850425,358.5066914057476
2014-08-21,1.44883851,4721179619.614843,358.43045898417967
2014-08-22,1.43998218,4722823397.435358,358.44844190376085
2014-08-23,1.38794257,4720665789.275475,358.1745889510183
2014-08-24,1.41936719,4722432728.865943,358.2094510468176
2014-08-25,1.40049218,4723101721.241035,358.16714569192305
2014-08-26,1.4286897,4725967520.312545,358.26696429719624
2014-08-27,1.42412594,4726972019.670849,358.22837675947324
2014-08-28,1.41962708,4707456172.08521,356.6324979273381
2014-08-29,1.4275503,4706712623.679384,356.46139536224047
2014-08-30,1.40634187,4708044662.342693,356.43945043124614
2014-08-31,1.34266216,4709067100.889787,356.3900434061343
2014-09-01,1.33136652,4710831945.704852,356.4318935795854
2014-09-02,1.33208957,4708484287.804112,356.1552326097959
2014-09-03,1.33099316,4709184487.618518,356.09439449698596
2014-09-04,1.37428858,4712311573.377918,356.2244556701788
2014-09-05,1.34365527,4714655776.857325,356.3040264602326
2014-09-06,1.34865874,4717329380.107049,356.38555370771553
2014-09-07,1.34317011,4715546841.065314,356.14662455277534
2014-09-08,1.31734021,4714911003.0516,356.00180754281007
2014-09-09,1.33112394,4712523075.658449,355.7234701804627
2014-09-10,1.34373558,4711751018.369125,355.5598472670129
2014-09-11,1.34256122,4712371745.304209,355.4926769427139
2014-09-12,1.33422001,4710677830.771904,355.26171001666955
2014-09-13,1.34529696,4712566150.770775,355.28287672025806
2014-09-14,1.33870825,4714246495.227624,355.3037519546637
2014-09-15,1.33078173,4713893543.672051,355.1714147358222
2014-09-16,1.30741226,4713607326.919096,355.03549165854923
2014-09-17,1.28560635,4714266594.226615,354.9608255214685
2014-09-18,1.20503333,4706378799.241325,354.2475517710344
2014-09-19,1.11512348,4694356090.571694,353.2289452888114
2014-09-20,1.16620763,4685685492.208194,352.4598298006325
2014-09-21,1.1367134,4684307848.147671,352.2475680182981
2014-09-22,1.13884767,4682578599.791424,352.0063593323144
2014-09-23,1.2456203,4684171390.444204,352.0268584203156
2014-09-24,1.20431489,4682769166.358173,351.8183618565116
2014-09-25,1.16485544,4681084021.236582,351.57817510290124
2014-09-26,1.15453429,4675215999.144026,351.0491246643475
2014-09-27,1.14181027,4673683451.957908,350.84579734919447
2014-09-28,1.07103907,4672092144.303302,350.64079387137855
2014-09-29,1.0668785,4660468819.512404,349.6785790142926
2014-09-30,1.1140296,4658356861.830882,349.41983625161754
2014-10-01,1.09708972,4654416646.555315,349.02283640750363
2014-10-02,1.06843242,4650856445.418589,348.66566385773757
2014-10-03,1.02941189,4635864194.353908,347.446650939467
2014-10-04,0.9484552,4627190172.2509775,346.696515651724
2014-10-05,0.93172895,4625775998.275087,346.4808746609805
2014-10-06,0.95087199,4589875773.59818,343.68825264208067
2014-10-07,0.97154668,4586366300.713999,343.3393389963043
2014-10-08,1.03194969,4588876536.151261,343.4347020419406
2014-10-09,1.05462843,4584069531.968837,342.97996773870483
2014-10-10,1.04743744,4580807838.98241,342.63658821480834
2014-10-11,1.05694518,4579008381.236736,342.4097898554502
2014-10-12,1.10393506,4578737284.570607,342.29481190417494
2014-10-13,1.14335604,4587429046.946059,342.8452688649277
2014-10-14,1.16884486,4590251225.603253,342.9716002296096
2014-10-15,1.15308824,4581669888.079623,342.23389520891993
2014-10-16,1.11729203,4582292209.408131,342.18580824355473
2014-10-17,1.11813531,4578604384.228414,341.81980139481243
2014-10-18,1.14449554,4580965124.308159,341.89139530366447
2014-10-19,1.13688775,4582011834.858848,341.8846741504717
2014-10-20,1.11540138,4581406685.580015,341.75218481641474
2014-10-21,1.1273598,4581845093.916544,341.6873952230725
2014-10-22,1.11497797,4580855542.01447,341.5123648553505
2014-10-23,1.04769288,4576314235.879537,341.07781003861356
2014-10-24,1.04955841,4571370275.885212,340.608422123691
2014-10-25,1.01613431,4568823573.836585,340.3204116190034
2014-10-26,1.03785791,4568305036.338505,340.2025968718444
2014-10-27,1.02988218,4565054926.283809,339.85995549938247
2014-10-28,1.04388822,4564657226.796118,339.7430857920267
2014-10-29,0.98355448,4558369820.052046,339.1772971108504
2014-10-30,1.01672909,4556610908.452857,338.9392372284863
2014-10-31,0.99675714,4549336960.03717,338.2799070034211
2014-11-01,0.95963351,4547129116.226917,338.0158275428044
2014-11-02,0.95980572,4545901930.163668,337.8272913686147
2014-11-03,0.96404683,4542868734.161325,337.49591352910414
2014-11-04,0.97805226,4538303006.688614,337.0553062003906
2014-11-05,1.00559416,4537656679.603858,336.9209754976153
2014-11-06,1.03634538,4545757909.370917,337.4260343086742
2014-11-07,1.01476248,4543384769.477778,337.1560290005924
2014-11-08,1.02534954,4544852565.677013,337.1692472345206
2014-11-09,1.07917955,4542917196.065339,336.9319328967436
2014-11-10,1.0847227,4544460513.067241,336.95455432532293
2014-11-11,1.09194006,4544204170.837972,336.85499822982496
2014-11-12,1.25193043,4554845125.850897,337.55183955201005
2014-11-13,1.24597359,4570517485.9175205,338.62232316979043
2014-11-14,1.1770509,4569678197.279398,338.46359814776565
2014-11-15,1.11736503,4568523555.541183,338.2903801243994
2014-11-16,1.15327838,4570528219.637831,338.3448699480797
2014-11-17,1.14624262,4567923613.224594,338.06196419436134
2014-11-18,1.10670813,4565911106.832253,337.8167688911041
2014-11-19,1.1187722,4563155070.292211,337.524831250596
2014-11-20,1.05691479,4557234835.6869,337.0009282790952
2014-11-21,1.04171403,4554283056.895047,336.70359499187214
2014-11-22,1.04704666,4554431117.41563,336.6187277760267
2014-11-23,1.09252099,4555752670.14318,336.62807911451756
2014-11-24,1.11975677,4557626323.891276,336.67510118800527
2014-11-25,1.11940193,4557296360.2397785,336.56868006374805
2014-11-26,1.09262566,4555804254.870608,336.3733998938475
2014-11-27,1.09877029,4556165479.912435,336.31254022387606
2014-11-28,1.13429879,4514617088.979504,333.154663694178
2014-11-29,1.12906205,4515012872.581601,333.08739362582423
2014-11-30,1.13677757,4516871458.927885,333.1262043956216
2014-12-01,1.13825789,4517101585.591948,333.0633438083816
2014-12-02,1.1510639,4513278085.173475,332.68943306965235
2014-12-03,1.13011906,4513490667.112911,332.63399635695646
2014-12-04,1.11229742,4500765262.745496,331.6069618221689
2014-12-05,1.1410958,4502451373.228638,331.6358973819675
2014-12-06,1.13129289,4503114494.058242,331.60108625638935
2014-12-07,1.13597735,4503542883.515623,331.55572433151764
2014-12-08,1.10418082,4469432980.041996,328.94583044577337
2014-12-09,1.06761307,4469581956.515624,328.8708687447447
2014-12-10,1.06041309,4459763678.35421,328.06214597151285
2014-12-11,1.06328138,4458044230.805831,327.84643152197583
2014-12-12,1.07767689,4457661246.001521,327.7333083641666
2014-12-13,1.06591465,4457673122.864411,327.6462567254967
2014-12-14,1.08689147,4458374824.513233,327.6129506360832
2014-12-15,1.06028962,4456070676.004528,327.3588413256587
2014-12-16,1.00469489,4453413388.257551,327.07772633395
2014-12-17,0.98028857,4449834519.111282,326.73808834064647
2014-12-18,0.96077271,4445083803.695216,326.3119860881841
2014-12-19,0.97619248,4442008208.307743,326.00424115293436
2014-12-20,1.01306177,4440454402.968513,325.81010171616975
2014-12-21,0.98778637,4429963001.615671,324.9616312036973
2014-12-22,1.0214974,4429895301.631366,324.85896141638335
2014-12-23,1.03954357,4409845073.957797,323.29970409973095
2014-12-24,0.99961153,4409146040.551153,323.15783490320183
2014-12-25,0.98749454,4408757764.012951,323.03585634004924
2014-12-26,1.01929944,4409182704.728663,322.9770654100614
2014-12-27,0.97876537,4408312748.166543,322.8234810682574
2014-12-28,0.98276009,4406235856.0810175,322.5715855237945
2014-12-29,0.97130504,4404043284.783626,322.3143283190325
2014-12-30,0.9677018,4384641020.849185,320.8033756795482
2014-12-31,1.00093553,4379833718.93616,320.3625784558902
2015-01-01,0.98274685,4380336374.30047,320.3027025181816
2015-01-02,0.98668726,4380328532.036206,320.2055449016611
2015-01-03,0.89443575,4370059827.5523205,319.36034506712645
2015-01-04,0.826303,4362258521.977396,318.6900868205162
2015-01-05,0.86470946,4354468293.00575,318.03034923291114
2015-01-06,0.90423431,4355354449.405637,318.0033292923015
2015-01-07,0.93577843,4355807345.211866,317.9551436834989
2015-01-08,0.89651769,4346123314.208708,317.1631692801243
2015-01-09,0.9241025,4338479877.880768,316.5245354848547
2015-01-10,0.87375367,4334403131.219085,316.1423426638586
2015-01-11,0.85069708,4332632041.326395,315.9238720885453
2015-01-12,0.85146752,4327604387.408116,315.47560619582293
2015-01-13,0.71350593,4309652736.59632,314.0942609508348
2015-01-14,0.56357972,4277196835.0400815,311.6464882041444
2015-01-15,0.68179854,4275572279.193773,311.4424554162935
2015-01-16,0.66753485,4270411534.9662657,310.98781561886096
2015-01-17,0.64325099,4266821339.252563,310.6483157456734
2015-01-18,0.68000493,4265789764.5970416,310.4867466332722
2015-01-19,0.69895138,4264539349.5311193,310.3144240379838
2015-01-20,0.68366065,4260832298.51775,309.97813591672417
2015-01-21,0.73912676,4239498417.8069067,308.3425235520806
2015-01-22,0.75789177,4239761008.1917586,308.28594802799614
2015-01-23,0.75661441,4238521587.0495157,308.12637103419956
2015-01-24,0.8081469,4240696764.6930213,308.2139199001444
2015-01-25,0.8258294,4241423708.7052855,308.1967549985747
2015-01-26,0.89147229,4230101577.689901,307.303152278611
2015-01-27,0.86202293,4228873367.3977704,307.1308143743833
2015-01-28,0.76846781,4225037093.6143875,306.7608524086194
2015-01-29,0.76357085,4221310028.8196077,306.39903745121876
2015-01-30,0.74804548,4216762621.620557,305.99234413848603
2015-01-31,0.71163625,4209837049.8619013,305.39781531518946
2015-02-01,0.74387279,4209800340.257152,305.30932753407745
2015-02-02,0.78676033,4209035629.4450526,305.1658945868127
2015-02-03,0.74694335,4206939679.153665,304.9437360837806
2015-02-04,0.7443882,4204158943.7017083,304.6543915286231
2015-02-05,0.71333929,4199355765.0385027,304.2186994652139
2015-02-06,0.73237364,4199254192.124057,304.11385275443416
2015-02-07,0.75214553,4198796588.147847,303.9932011706179
2015-02-08,0.73731062,4197899270.969086,303.855638069316
2015-02-09,0.72729218,4194878630.8862553,303.5485598968464
2015-02-10,0.72810409,4193564226.208289,303.37441765467076
2015-02-11,0.72439005,4189693792.0037317,303.00783359897196
2015-02-12,0.73482642,4189184932.099653,302.9058589603773
2015-02-13,0.78098836,4190103025.192658,302.89230408290075
2015-02-14,0.85038033,4192193921.4404902,302.9558501099561
2015-02-15,0.7743708,4190495211.650542,302.7565128219685
2015-02-16,0.77684571,4189741426.9434137,302.61623872057805
2015-02-17,0.80607357,4190436450.7245946,302.58502864987247
2015-02-18,0.78023417,4190067246.4974523,302.4671840766484
2015-02-19,0.80139075,4182293823.1288757,301.8156298223569
2015-02-20,0.81236962,4189371311.262484,302.2402232097441
2015-02-21,0.81269734,4189867246.784491,302.19860523973284
2015-02-22,0.78366869,4188655851.551248,302.02899687445466
2015-02-23,0.79211394,4186657037.2036824,301.8076134676193
2015-02-24,0.79522354,4185270390.9059153,301.6375271378549
2015-02-25,0.79086428,4180884594.133648,301.2351386589012
2015-02-26,0.78721981,4180358863.0349193,301.11590102929324
2015-02-27,0.8470053,4182650925.701786,301.1985573182777
2015-02-28,0.84675657,4182187899.0441594,301.08824377718025
2015-03-01,0.86514949,4185891343.806096,301.2789509945859
2015-03-02,0.91679724,4188762568.4542456,301.39991878271036
2015-03-03,0.9391453,4184736479.148436,301.0246667210345
2015-03-04,0.90841341,4185678209.7157426,301.01662251809563
2015-03-05,0.91835146,4184093193.709764,300.83124077128485
2015-03-06,0.90850025,4185403158.512883,300.84539310266564
2015-03-07,0.91980286,4181689055.8167825,300.50282447842903
2015-03-08,0.91749265,4177230971.2846174,300.0983538105782
2015-03-09,0.96777239,4174040720.249046,299.7916266549069
2015-03-10,0.9731036,4183653589.96943,300.4000633738206
2015-03-11,0.98702529,4187504048.2937264,300.5934420784375
2015-03-12,0.98143882,4199651654.564623,301.39458395133175
2015-03-13,0.95005909,4194419459.329654,300.9402565691035
2015-03-14,0.94250473,4194971516.5903172,300.9091596321782
2015-03-15,0.95476771,4195635294.6904373,300.8796160714411
2015-03-16,0.96883474,4195089919.831542,300.7655547731639
2015-03-17,0.94842564,4195973418.3160214,300.7598956853634
2015-03-18,0.85686576,4190207144.6199546,300.26425625907723
2015-03-19,0.87346947,4188379627.710875,300.05965518592774
2015-03-20,0.87674824,4187643623.213398,299.93386939662065
2015-03-21,0.87101347,4187779486.6304045,299.8625239249744
2015-03-22,0.89689624,4188125141.146963,299.81106380676874
2015-03-23,0.89015559,4187634378.082643,299.6981606176938
2015-03-24,0.8245462,4184185951.4207506,299.35870542172404
2015-03-25,0.82488492,4181714510.281119,299.09522016977473
2015-03-26,0.834809,4180234817.46502,298.9102819579221
2015-03-27,0.82811622,4178918695.518418,298.7248556791763
2015-03-28,0.84785463,4179303780.9845023,298.6733869324273
2015-03-29,0.81383575,4178666758.5991406,298.5462536644108
2015-03-30,0.83226724,4177483708.3398795,298.3860503042316
2015-03-31,0.82051756,4176580040.7874484,298.2416192054293
2015-04-01,0.83080879,4167516787.354421,297.5243189276524
2015-04-02,0.85233643,4169396815.223332,297.5703742085164
2015-04-03,0.85676268,4168617657.414279,297.4372829206216
2015-04-04,0.85381712,4169571531.8738766,297.42417044358865
2015-04-05,0.87790912,4170683892.0219336,297.4250184092791
2015-04-06,0.86213123,4170774642.861698,297.3646911134874
2015-04-07,0.85722526,4170650535.5119185,297.2753019583884
2015-04-08,0.82735719,4169414495.688693,297.12101783181816
2015-04-09,0.82153081,4166414145.757189,296.8368723477017
2015-04-10,0.7967323,4156482285.826857,296.0491254627169
2015-04-11,0.80216867,4156253327.336568,295.95903788739344
2015-04-12,0.80176151,4154615857.0465217,295.77503960358615
2015-04-13,0.76357046,4149523221.496269,295.3304870980041
2015-04-14,0.74489185,4146245410.2988844,295.01898390173284
2015-04-15,0.75926768,4134472792.7341037,294.1174948320835
2015-04-16,0.77719921,4133785647.2292485,293.996458530475
2015-04-17,0.75827898,4131998780.1308284,293.8035552544447
2015-04-18,0.76055574,4132036549.529169,293.7300086989574
2015-04-19,0.76035314,4132094610.9835215,293.65846414600725
2015-04-20,0.76631946,4130630093.176052,293.4740865972097
2015-04-21,0.80085177,4130172473.521503,293.36184961751036
2015-04-22,0.79730639,4129929721.3584857,293.2654518935412
2015-04-23,0.80445024,4131160024.486396,293.2851305854567
2015-04-24,0.78956794,4130107385.7211595,293.14588475269016
2015-04-25,0.77276772,4129702859.2514057,293.0324172787108
2015-04-26,0.75294572,4128247210.778877,292.8543199364504
2015-04-27,0.77665961,4127032976.3066425,292.69706758217677
2015-04-28,0.77087913,4126603035.4764543,292.5872033793171
2015-04-29,0.77154151,4126181085.433564,292.49144148811905
2015-04-30,0.80792304,4127464847.9579916,292.51297999547705
2015-05-01,0.7959527,4127130096.342379,292.41258016987064
2015-05-02,0.80559481,4127749426.278403,292.38033093568095
2015-05-03,0.8223728,4129099755.9036345,292.4029697689491
2015-05-04,0.81741779,4129366249.4522004,292.35559126891036
2015-05-05,0.80768013,4128630295.7441196,292.2238329690245
2015-05-06,0.78562752,4128046026.4339566,292.09926263839253
2015-05-07,0.81202047,4128033039.5461593,292.02550437842785
2015-05-08,0.83681725,4129322336.614952,292.03923894125154
2015-05-09,0.83113721,4129945478.8053546,292.0167056763383
2015-05-10,0.82457424,4129892735.8979573,291.94640367073316
2015-05-11,0.83050336,4127423126.8598595,291.6903758579495
2015-05-12,0.83069449,4126872822.0646176,291.5742128630612
2015-05-13,0.81161902,4126363190.631335,291.4548083488224
2015-05-14,0.81336253,4125578696.5040727,291.32017762776826
2015-05-15,0.81536167,4125836165.3053775,291.2627746381725
2015-05-16,0.80981981,4125778531.1735415,291.1908692679585
2015-05-17,0.81389832,4126395152.1281033,291.1465438753541
2015-05-18,0.80026593,4125480306.1898365,291.0080772967931
2015-05-19,0.79745588,4124796331.8612404,290.89314234503854
2015-05-20,0.80520035,4125199888.562904,290.8472484564283
2015-05-21,0.81004487,4125530029.8998528,290.79107894562924
2015-05-22,0.82662537,4125639207.255264,290.7280763498185
2015-05-23,0.8221977,4125198682.152583,290.6396864240851
2015-05-24,0.82826864,4125985616.4069376,290.6203937993632
2015-05-25,0.81597835,4124636140.3726773,290.453224953287
2015-05-26,0.8155281,4124349254.6140122,290.35941404193306
2015-05-27,0.81731823,4123396306.415611,290.2218349330505
2015-05-28,0.81693429,4122000648.4534516,290.0562319894615
2015-05-29,0.81601049,4122378732.786194,290.0042701566692
2015-05-30,0.80519424,4110633214.4827466,289.1088366672047
2015-05-31,0.79414393,4109133397.342265,288.9281643507494
2015-06-01,0.77376466,4104944693.8010235,288.5666837364956
2015-06-02,0.78141163,4102957410.6761475,288.35096937777985
2015-06-03,0.781559,4101245257.4361873,288.1587486206531
2015-06-04,0.77606861,4100593876.0552726,288.0416421631072
2015-06-05,0.78040202,4100543786.032621,287.96833699608436
2015-06-06,0.78204257,4101042318.7991776,287.9133717109607
2015-06-07,0.77660755,4098738882.2046227,287.6764278897688
2015-06-08,0.79532581,4099470263.7045865,287.648518976252
2015-06-09,0.79751177,4099974309.1541204,287.6077045419706
2015-06-10,0.79522298,4098970078.5934997,287.4520646199749
2015-06-11,0.79912895,4097676094.6391892,287.2933232459118
2015-06-12,0.79991673,4098704597.226937,287.2939268443954
2015-06-13,0.81144066,4097971336.820732,287.1625197280094
2015-06-14,0.80992401,4097752368.430595,287.07274489659585
2015-06-15,0.8248878,4098580857.263844,287.0583888950715
2015-06-16,0.87513216,4102995693.8741627,287.30823558946224
2015-06-17,0.86325931,4103266922.5704846,287.24777685918843
2015-06-18,0.86709753,4103409040.1107364,287.1793205824562
2015-06-19,0.85251691,4104099909.129952,287.1538163621353
2015-06-20,0.85520736,4105169792.323704,287.16136534442944
2015-06-21,0.85070324,4106247507.8177733,287.17447941284905
2015-06-22,0.86017515,4107305072.200227,287.1716213384553
2015-06-23,0.85051054,4107339161.4299293,287.10374746951163
2015-06-24,0.8379559,4106260441.631078,286.95011908759045
2015-06-25,0.8448489,4105967758.460563,286.85349260153373
2015-06-26,0.84717268,4106287204.0830398,286.79866939283147
2015-06-27,0.87686139,4107973965.0277176,286.8518668720572
2015-06-28,0.86825845,4108931144.877123,286.8480989707374
2015-06-29,0.89447788,4111071490.490676,286.92741108876834
2015-06-30,0.91895089,4114952441.2496395,287.1256339552498
2015-07-01,0.89877462,4115625071.073988,287.1049558281007
2015-07-02,0.88759905,4115325420.7097363,287.00696940131473
2015-07-03,0.89360593,4110315849.5875864,286.57715245178713
2015-07-04,0.90895603,4111771161.6672516,286.60268596925414
2015-07-05,0.94652746,4113169832.825484,286.62925237432836
2015-07-06,0.93879668,4115251990.526754,286.6839495997291
2015-07-07,0.92913382,4117791162.390386,286.7939077421431
2015-07-08,0.94328042,4119692555.7530375,286.84592318675396
2015-07-09,0.94097662,4117058666.9483037,286.5961800331649
2015-07-10,0.99548676,4121858386.420806,286.8534191553929
2015-07-11,1.02415822,4124802623.090047,286.9844210479227
2015-07-12,1.08367916,4132176688.201109,287.4299805625108
2015-07-13,1.0183322,4132534397.0576324,287.3808997159316
2015-07-14,1.00130096,4133370455.6866546,287.3670983900355
2015-07-15,0.9949258,4134671293.293075,287.3811146993143
2015-07-16,0.96964467,4133781578.5200715,287.2523903724784
2015-07-17,0.97483547,4135441246.0918202,287.29435206372307
2015-07-18,0.96571539,4135170443.819107,287.2012170179808
2015-07-19,0.95860718,4135793676.606069,287.16871229760244
2015-07-20,0.97272012,4133649667.535713,286.9421401965069
2015-07-21,0.96438518,4133509823.380812,286.8692078244047
2015-07-22,0.96830559,4134425406.651807,286.85610405534067
2015-07-23,0.96492102,4135700484.1270022,286.8749077305601
2015-07-24,1.00796633,4138997415.070221,287.01948440046806
2015-07-25,1.00828547,4141677011.895659,287.1286442088886
2015-07-26,1.02127006,4143826118.5167146,287.2059548891495
2015-07-27,1.02492676,4145764648.0901365,287.2661475198325
2015-07-28,1.02815783,4147516162.2358813,287.3198225498599
2015-07-29,1.00910193,4147475423.9223547,287.2413853702668
2015-07-30,1.00375693,4147225174.8873944,287.1574303016538
2015-07-31,0.99098704,4148717838.0339704,287.18571775844015
2015-08-01,0.98089158,4149400432.624584,287.1559426463014
2015-08-02,0.98353023,4150432365.990415,287.1523394141012
2015-08-03,0.98277599,4151245028.86044,287.13059250520655
2015-08-04,0.99397021,4150582525.443147,287.01727134776104
2015-08-05,0.98382413,4151013011.698638,286.9810551487907
2015-08-06,0.97232925,4151379418.826321,286.935468294284
2015-08-07,0.97419688,4151724565.5357485,286.8914085199092
2015-08-08,0.91166096,4151332438.1618834,286.78454715209256
2015-08-09,0.93317694,4132510377.3266153,285.41427572768146
2015-08-10,0.92856137,4132207036.925145,285.3110562292646
2015-08-11,0.95127646,4133545975.9729986,285.3237176911
2015-08-12,0.93998135,4133595272.133081,285.26509435315285
2015-08-13,0.92822959,4133084123.9867277,285.1574985832158
2015-08-14,0.93435614,4132812968.241246,285.0689690492599
2015-08-15,0.91933993,4131605526.9182215,284.91837251672183
2015-08-16,0.90950511,4129336796.676587,284.69418647887636
2015-08-17,0.90668516,4128485362.4144015,284.56338505097517
2015-08-18,0.76798027,4117145995.027234,283.71286558824875
2015-08-19,0.80186184,4113178962.739306,283.3633433653284
2015-08-20,0.83203851,4109960479.3812423,283.0684881512191
2015-08-21,0.82326318,4106907526.3500724,282.7778813572836
2015-08-22,0.81611734,4105518901.3973904,282.6054073186008
2015-08-23,0.8092317,4106103268.3858194,282.5804697633224
2015-08-24,0.75213176,4095954688.9100447,281.8068972277556
2015-08-25,0.79407506,4076386285.520168,280.39545713803676
2015-08-26,0.80814493,4068815221.228353,279.79721431319996
2015-08-27,0.80418084,4068549351.4689975,279.713052184577
2015-08-28,0.82998858,4069846561.833209,279.72771420450147
2015-08-29,0.82198826,4069076402.483518,279.59791077227305
2015-08-30,0.81927215,4069286071.0835795,279.5402876470755
2015-08-31,0.82540167,4069614920.8454247,279.48752042347456
2015-09-01,0.81598508,4068868947.842145,279.36242464954256
2015-09-02,0.82188383,4068191110.8295507,279.23919699153464
2015-09-03,0.81397546,4065867291.8144784,279.0097892709628
2015-09-04,0.82872426,4066170647.6706276,278.9559502134148
2015-09-05,0.8456626,4067202569.151101,278.9564137479439
2015-09-06,0.86322379,4068268637.58668,278.9606531099623
2015-09-07,0.86259401,4069393412.3733163,278.96509010281676
2015-09-08,0.87516289,4070926389.6104393,279.0051491548779
2015-09-09,0.85581756,4071026924.9668827,278.9408331133413
2015-09-10,0.85661875,4068887989.4174366,278.7126445764957
2015-09-11,0.86421443,4069608562.1641064,278.68663118352583
2015-09-12,0.84831164,4069493717.750967,278.6143924377897
2015-09-13,0.82782905,4068846787.105004,278.4981238787863
2015-09-14,0.82963832,4068074526.8269167,278.3728625024564
2015-09-15,0.82794791,4067781946.5242324,278.2766732340021
2015-09-16,0.82333716,4067486947.154555,278.18893270623056
2015-09-17,0.83834106,4068235353.766121,278.17162842712486
2015-09-18,0.83835706,4068698954.6636343,278.1334374611123
2015-09-19,0.83518355,4068676333.817038,278.07248848332443
2015-09-20,0.83222368,4068578119.53379,278.0049755220363
2015-09-21,0.81585049,4068830819.225672,277.9595658312775
2015-09-22,0.82986426,4069173622.861091,277.90846757579243
2015-09-23,0.82892525,4066156160.736013,277.627491448352
2015-09-24,0.84398148,4067256432.0513167,277.63626815360215
2015-09-25,0.8484784,4067873951.091721,277.6007283156731
2015-09-26,0.84518839,4068320140.8331237,277.5615675885018
2015-09-27,0.84044962,4068774831.6250825,277.52205987120794
2015-09-28,0.86502832,4068967209.3819885,277.4675230770537
2015-09-29,0.85547192,4069669361.5431924,277.4331082444109
2015-09-30,0.85345406,4070067240.3071265,277.39026520312177
2015-10-01,0.85908051,4069891720.314296,277.30790197015295
2015-10-02,0.85804128,4070769393.3202624,277.30251778290784
2015-10-03,0.86449878,4071914051.6794553,277.31201392861533
2015-10-04,0.86381713,4072465652.8752365,277.27735023930467
2015-10-05,0.86904243,4073449009.90159,277.2720934160038
2015-10-06,0.89045639,4075122977.957745,277.3190254119452
2015-10-07,0.87953074,4073101869.606817,277.1187813740257
2015-10-08,0.87738611,4072219626.62271,276.9927973479988
2015-10-09,0.88249178,4073175812.5287743,276.99848659518847
2015-10-10,0.88802862,4073842237.4593287,276.9684656258792
2015-10-11,0.89733993,4074743352.737534,276.9610011674739
2015-10-12,0.88965466,4070664848.993136,276.6170385108543
2015-10-13,0.9052258,4072757329.703577,276.694832053333
2015-10-14,0.91550869,4071007341.8855486,276.5045578547365
2015-10-15,0.92101163,4072620177.328638,276.53615514379777
2015-10-16,0.94954679,4075994632.402648,276.6976477671764
2015-10-17,0.98206419,4079877371.392759,276.89731658437216
2015-10-18,0.9516082,4080632093.125116,276.880419254109
2015-10-19,0.95474467,4081969144.0668793,276.8936413429844
2015-10-20,0.97727168,4086354110.1218896,277.13093237737843
2015-10-21,0.96713256,4087624293.9702477,277.1494092898103
2015-10-22,0.99332361,4090371124.9470887,277.26609302905024
2015-10-23,1.00428416,4093737715.6003246,277.42424815988835
2015-10-24,1.02166516,4097292586.2602425,277.5969603376609
2015-10-25,1.02981363,4100899495.60865,277.7684088859068
2015-10-26,1.03170839,4103861728.7745204,277.891878747895
2015-10-27,1.06222316,4110163510.6294355,278.24935938424085
2015-10-28,1.09230955,4117997286.121493,278.7141218524429
2015-10-29,1.12707436,4128856555.505686,279.3777176359038
2015-10-30,1.17145113,4145383217.037811,280.4148741204578
2015-10-31,1.11900853,4150812353.0560765,280.712344688158
2015-11-01,1.17301764,4159119783.91572,281.20142135684506
2015-11-02,1.29040009,4180308194.6076555,282.56091333295234
2015-11-03,1.40849617,4212261921.115444,284.64621611405374
2015-11-04,1.41400867,4244659201.80107,286.7603926875661
2015-11-05,1.33554498,4260780750.1761017,287.77856884237923
2015-11-06,1.29585462,4262466558.5338144,287.82196098840006
2015-11-07,1.33922357,4275136715.14461,288.6034561409773
2015-11-08,1.29084893,4274494405.220752,288.4924185115024
2015-11-09,1.31634235,4283910163.8401537,289.0552327515885
2015-11-10,1.1732578,4268466465.166172,287.94225986634314
2015-11-11,1.07637834,4255725843.85397,287.00148858088784
2015-11-12,1.17484219,4261192821.2425103,287.2921924970672
2015-11-13,1.17320189,4265215341.121433,287.4858633338649
2015-11-14,1.15846495,4266297674.762934,287.49002503283424
2015-11-15,1.113692,4264151246.3772116,287.267953460006
2015-11-16,1.15257372,4265847550.1778483,287.29852092637594
2015-11-17,1.16708912,4273876176.069996,287.76704395119884
2015-11-18,1.16637111,4276267600.1465344,287.85392752728154
2015-11-19,1.13381269,4275407739.9717727,287.7301942430464
2015-11-20,1.11922908,4275340448.3254642,287.64484519375696
2015-11-21,1.13292142,4276935856.415676,287.66799302936033
2015-11-22,1.12503742,4279226510.3805065,287.73884347926395
2015-11-23,1.12274649,4279799894.669005,287.6985670570397
2015-11-24,1.11232756,4280203713.3750052,287.6503001752263
2015-11-25,1.14323112,4282695962.502999,287.7462409655993
2015-11-26,1.23571942,4292174881.923125,288.2978827985038
2015-11-27,1.24471977,4298143223.740563,288.6343039057796
2015-11-28,1.23492724,4300761659.300573,288.7354906985063
2015-11-29,1.28597204,4306492848.941394,289.0479737858888
2015-11-30,1.30285581,4316837395.356901,289.6635506117373
2015-12-01,1.25175777,4317377168.010066,289.6186342854688
2015-12-02,1.2400996,4319341906.855305,289.67221999718413
2015-12-03,1.24663471,4321502322.267378,289.7481236414772
2015-12-04,1.25296246,4324969423.708952,289.90623693089094
2015-12-05,1.34032565,4335080134.606991,290.4987745299256
2015-12-06,1.35140208,4344391738.196299,291.0452304089136
2015-12-07,1.35604281,4352913107.192568,291.54432687304615
2015-12-08,1.41573376,4365260189.136405,292.28564870311203
2015-12-09,1.4230962,4384145561.581567,293.4676315240572
2015-12-10,1.4147374,4391543252.234266,293.8566014535751
2015-12-11,1.53766856,4412233927.036119,295.1620992553688
2015-12-12,1.47529212,4417538225.940428,295.43689448064697
2015-12-13,1.46917519,4422199996.687974,295.67846595198904
2015-12-14,1.49347951,4437685607.335389,296.6171860336892
2015-12-15,1.5607304,4455136622.566911,297.6925878501816
2015-12-16,1.52430436,4459967472.746628,297.9342605843521
2015-12-17,1.52913908,4467557480.3167,298.36405372056674
2015-12-18,1.54887254,4478951161.807544,299.04059744341964
2015-12-19,1.5407991,4486332493.35448,299.454943833085
2015-12-20,1.47646827,4487753152.5226965,299.46731605975526
2015-12-21,1.46115451,4489608421.403611,299.5166674443334
2015-12-22,1.45244997,4493161626.687301,299.67874144272105
2015-12-23,1.47498552,4500885068.8635435,300.11530354562325
2015-12-24,1.51648924,4509409308.660462,300.6145385069227
2015-12-25,1.51327284,4518628608.220695,301.14782594845616
2015-12-26,1.39046843,4514356872.160615,300.7774376873058
2015-12-27,1.40524438,4516326697.1136675,300.8059669351868
2015-12-28,1.39984175,4517163226.372499,300.7860564257153
2015-12-29,1.43330598,4520681005.17502,300.9406416713296
2015-12-30,1.41549314,4522604243.039726,300.9860203137855
2015-12-31,1.42597532,4528716220.157696,301.32159189056165
2016-01-01,1.44202141,4531461828.6346655,301.43658299011594
2016-01-02,1.44085731,4533731415.384209,301.51485108872924
2016-01-03,1.42578556,4537363040.360368,301.68364169131365
2016-01-04,1.4358758,4541543835.832057,301.8707962551845
2016-01-05,1.43257229,4545016208.411361,302.0228058648551
2016-01-06,1.42542709,4547837769.146061,302.13952904940373
2016-01-07,1.51365061,4567600704.595263,303.3784263420691
2016-01-08,1.49531085,4573841546.7328205,303.70569686484527
2016-01-09,1.48063286,4576703177.695282,303.8195547327026
2016-01-10,1.47362064,4586881897.805768,304.40684940990513
2016-01-11,1.4731839,4594168984.362022,304.8044843755128
2016-01-12,1.44857001,4597936542.1666355,304.9684545229547
2016-01-13,1.41794151,4597822856.029902,304.88609169549176
2016-01-14,1.4098903,4598486560.992919,304.86288523467744
2016-01-15,1.21085056,4582967152.293373,303.772581055014
2016-01-16,1.2771992,4585145625.027135,303.84548045343115
2016-01-17,1.25902054,4585506003.244516,303.79336503844723
2016-01-18,1.26741248,4584838379.35193,303.6621247166968
2016-01-19,1.24584593,4583975282.679271,303.53811487316966
2016-01-20,1.3822596,4596651979.401059,304.30096066493076
2016-01-21,1.34524409,4597013480.760049,304.2559062071078
2016-01-22,1.25973209,4571544516.101562,302.48214077048635
2016-01-23,1.27705234,4573905274.961907,302.5487605085913
2016-01-24,1.33208711,4580030445.503487,302.86827612278375
2016-01-25,1.29373682,4583060617.412071,302.987509709675
2016-01-26,1.29079002,4584854917.34444,303.0259988573951
2016-01-27,1.3020216,4586972213.881744,303.0883131079008
2016-01-28,1.25165178,4582514766.95981,302.7207739972207
2016-01-29,1.2534027,4578586487.914191,302.3768776171537
2016-01-30,1.24726247,4581450665.213908,302.47264561449043
2016-01-31,1.21190019,4580006788.643384,302.2870122741584
2016-02-01,1.23041296,4572423827.87061,301.70637595575226
2016-02-02,1.236387,4572577326.309749,301.6269430282096
2016-02-03,1.22129665,4570478204.667314,301.39950568465486
2016-02-04,1.29128531,4577973694.495174,301.81020276536873
2016-02-05,1.27387646,4578552495.455818,301.75486089369366
2016-02-06,1.24218056,4577587350.062101,301.5918680317183
2016-02-07,1.24380766,4579300590.303247,301.61730760851805
2016-02-08,1.23006764,4578004950.147717,301.4585038000788
2016-02-09,1.23955252,4577345643.182965,301.32778307844507
2016-02-10,1.25743769,4580776724.042115,301.4722833945156
2016-02-11,1.25239109,4583169985.194669,301.5345351172404
2016-02-12,1.26735993,4586158565.496174,301.64631799445635
2016-02-13,1.29090383,4589715206.796242,301.80283257215063
2016-02-14,1.34395157,4597105590.58803,302.2063283809587
2016-02-15,1.32080872,4599531129.238741,302.29026550263086
2016-02-16,1.34439265,4607802086.812318,302.7651999348159
2016-02-17,1.36891644,4618581724.837586,303.3962492144414
2016-02-18,1.387065,4624906245.898959,303.7274121846359
2016-02-19,1.37990407,4631656686.119714,304.0983338364992
2016-02-20,1.44479793,4641602865.971997,304.67635019509123
2016-02-21,1.43896168,4645765449.955764,304.8855426653704
2016-02-22,1.43388713,4650600741.606453,305.13928602880827
2016-02-23,1.37701655,4649985890.013929,305.03089640395757
2016-02-24,1.38888584,4654640441.571106,305.27715114966253
2016-02-25,1.38869889,4657501810.834432,305.38720330604934
2016-02-26,1.4125491,4662758906.504014,305.66175856383614
2016-02-27,1.41577688,4666026851.87911,305.80231398925866
2016-02-28,1.41489813,4671615453.48624,306.1013747412784
2016-02-29,1.42718873,4682381862.84243,306.7400010853007
2016-03-01,1.40836687,4692194824.107867,307.3118775889062
2016-03-02,1.37665947,4693578334.510045,307.3234874795638
2016-03-03,1.36370699,4696515729.063515,307.4478787650374
2016-03-04,1.32762119,4695587523.129722,307.30916120413383
2016-03-05,1.29300875,4696279181.40855,307.2790141173143
2016-03-06,1.31351951,4698442698.157697,307.34616759782426
2016-03-07,1.34309201,4704418987.9430275,307.67018423416874
2016-03-08,1.33712484,4705975344.265695,307.6944956341676
2016-03-09,1.3411659,4705800033.788799,307.5985629419306
2016-03-10,1.35270133,4709842080.162674,307.7848150682819
2016-03-11,1.36229072,4713539885.960171,307.94596783935873
2016-03-12,1.33231582,4714451745.4481,307.93311701148906
2016-03-13,1.33700014,4716612517.874068,308.00735927102744
2016-03-14,1.34667706,4720518533.113116,308.1859560869374
2016-03-15,1.34702813,4723251802.014885,308.2833914479774
2016-03-16,1.3520056,4726953774.059084,308.44851416941765
2016-03-17,1.35638731,4730637034.116406,308.6178709695581
2016-03-18,1.32505057,4731307988.66054,308.59319384695334
2016-03-19,1.32598423,4731602245.324583,308.5439635021723
2016-03-20,1.33522284,4733670514.874012,308.60538142694674
2016-03-21,1.33302131,4737323623.509818,308.7735889610519
2016-03-22,1.34807127,4742255157.588759,309.02049698616526
2016-03-23,1.35020487,4744967377.2098255,309.12219975360995
2016-03-24,1.33729801,4748075113.551067,309.25062089801287
2016-03-25,1.34555077,4752180833.415338,309.44446922208294
2016-03-26,1.34628144,4755917439.623897,309.610668530508
2016-03-27,1.37287033,4761481605.118309,309.90178063505965
2016-03-28,1.36375683,4766030493.022572,310.1120650774142
2016-03-29,1.3408893,4767681946.437268,310.14031415950143
2016-03-30,1.3308193,4769249003.362786,310.16810304680433
2016-03-31,1.34039332,4772614953.886383,310.32444359056336
2016-04-01,1.3439179,4775519912.654112,310.43612132642915
2016-04-02,1.35165651,4778420652.498131,310.554533334799
2016-04-03,1.35223224,4781022353.795322,310.65194755394015
2016-04-04,1.35014818,4783617847.99655,310.7368021474754
2016-04-05,1.35890201,4787547156.5154295,310.9137828170406
2016-04-06,1.35566372,4793455840.434542,311.2181767563987
2016-04-07,1.35117853,4805436210.393025,311.9256343177359
2016-04-08,1.34214463,4806491926.23927,311.9212722621302
2016-04-09,1.34233375,4808400343.712576,311.96312791765763
2016-04-10,1.35084023,4815937305.361569,312.3644670729942
2016-04-11,1.35449753,4819137581.525472,312.49451153251715
2016-04-12,1.36654458,4824695847.527634,312.7798908558958
2016-04-13,1.35807492,4827046113.395314,312.8491012248868
2016-04-14,1.36084658,4829655304.371652,312.9350517776221
2016-04-15,1.37555561,4833715008.149334,313.12759413700405
2016-04-16,1.37971516,4836915138.954714,313.26488652434176
2016-04-17,1.37038391,4838680071.006822,313.29904386555154
2016-04-18,1.37101446,4841075099.077616,313.38614303493495
2016-04-19,1.39507656,4846360071.667634,313.6521239977812
2016-04-20,1.41003606,4852047613.548444,313.93640620947167
2016-04-21,1.43844551,4859512202.760476,314.34260085762793
2016-04-22,1.42445756,4864616896.708244,314.60005121707803
2016-04-23,1.44126699,4871029766.2423725,314.94145506588205
2016-04-24,1.46984701,4876985341.934848,315.2592536962211
2016-04-25,1.47288881,4888220205.413391,315.92066115484306
2016-04-26,1.48393742,4897780111.353487,316.4612996440713
2016-04-27,1.40953828,4895251196.174445,316.23200264682345
2016-04-28,1.4252343,4900179054.58457,316.48134049028914
2016-04-29,1.44285983,4905419440.664798,316.73898997175286
2016-04-30,1.42025882,4907111517.084063,316.77358955741676
2016-05-01,1.43481218,4913739968.301091,317.1221554248125
2016-05-02,1.40306525,4914874042.854862,317.1150174179604
2016-05-03,1.42352585,4918330059.705701,317.260730024604
2016-05-04,1.41279571,4921228224.597172,317.36220912139447
2016-05-05,1.41534562,4924198921.580319,317.474450143307
2016-05-06,1.45231269,4932126002.471818,317.9025188860616
2016-05-07,1.45028008,4936679636.456268,318.11913357437277
2016-05-08,1.44965118,4940340340.100741,318.26889024220435
2016-05-09,1.45525025,4944916192.849113,318.4759677432676
2016-05-10,1.41626148,4946551655.38287,318.5002732141088
2016-05-11,1.42414735,4950937337.318313,318.7144260459299
2016-05-12,1.42876187,4954657405.040111,318.8825692361198
2016-05-13,1.43336991,4957660596.019171,318.9978382401553
2016-05-14,1.43505829,4962481485.944152,319.2340882817206
2016-05-15,1.44303466,4965658151.994901,319.3670487659735
2016-05-16,1.42545539,4966572222.857001,319.353436464401
2016-05-17,1.41546718,4984308454.882225,320.4212598069395
2016-05-18,1.41776705,4987767159.404259,320.564781148542
2016-05-19,1.36583656,4987419562.611521,320.48064897459034
2016-05-20,1.37946798,4992043780.456713,320.7010279718207
2016-05-21,1.38433791,4994519569.585341,320.78743490364866
2016-05-22,1.37324466,4996437914.450513,320.81586164596996
2016-05-23,1.38378129,5000877016.209553,321.0081394267494
2016-05-24,1.38792754,5003610743.578128,321.1078691749513
2016-05-25,1.40185071,5009212828.717359,321.39622569160025
2016-05-26,1.41287581,5014057470.477202,321.6374143914107
2016-05-27,1.46115986,5034985970.851195,322.90793787602746
2016-05-28,1.63473944,5065064702.444991,324.7677182707275
2016-05-29,1.61944736,5081723398.356772,325.75909873900446
2016-05-30,1.63256643,5098855037.111825,326.78189336261926
2016-05-31,1.62098355,5111788792.575716,327.54415849020853
2016-06-01,1.63749336,5124993030.087895,328.3150283081344
2016-06-02,1.63594156,5142035991.111757,329.3340400198135
2016-06-03,1.72607424,5158776070.946207,330.33109181473213
2016-06-04,1.73508921,5169772068.068828,330.9721473263441
2016-06-05,1.73449123,5180811361.773045,331.5886688270687
2016-06-06,1.76124697,5198615425.738608,332.6377044303173
2016-06-07,1.73648602,5207418065.28897,333.12634482249734
2016-06-08,1.74643017,5220396487.745652,333.87970234745535
2016-06-09,1.7262705,5228432875.356396,334.30548671704287
2016-06-10,1.73124783,5239118094.524904,334.9116074103676
2016-06-11,1.80308386,5254099437.824048,335.7855784834211
2016-06-12,1.97978904,5299656157.665235,338.6180854615146
2016-06-13,2.05438766,5367078387.659636,342.8378157905397
2016-06-14,1.99146107,5385508808.1932955,343.9426106400649
2016-06-15,2.00817303,5420392468.097939,346.0864467637577
2016-06-16,2.18424554,5504033818.62883,351.3432978181857
2016-06-17,2.12593041,5528067888.916468,352.7935958767004
2016-06-18,2.14155867,5549665315.794805,354.08265519458314
2016-06-19,2.15941186,5566891300.750154,355.08146772471275
2016-06-20,2.03279428,5573669146.193577,355.4208408964221
2016-06-21,1.88290437,5578164943.475038,355.6230551823659
2016-06-22,1.68209991,5547968341.991818,353.62523420782776
2016-06-23,1.77191858,5558794849.486635,354.2362853037959
2016-06-24,1.86988311,5574597486.508312,355.17032167903216
2016-06-25,1.87909186,5588359591.429336,355.9552879457761
2016-06-26,1.7731205,5583305541.660339,355.5507040492172
2016-06-27,1.83085813,5595609704.301359,356.25087330758225
2016-06-28,1.81560781,5600448783.15175,356.4749858511921
2016-06-29,1.79144978,5601568433.618702,356.46343691857265
2016-06-30,1.88463722,5623593204.201527,357.7796339649012
2016-07-01,1.89054098,5634254752.285321,358.36958463568135
2016-07-02,1.95662702,5647996607.999244,359.15854661652224
2016-07-03,1.84470645,5649447569.335515,359.1628824817466
2016-07-04,1.89000024,5659331995.010979,359.7049561012796
2016-07-05,1.85502138,5668318467.97435,360.1931430555733
2016-07-06,1.87853142,5678102327.398337,360.734628084376
2016-07-07,1.77579285,5674579242.9784155,360.43237594927183
2016-07-08,1.8419359,5685789219.761467,361.0612662241313
2016-07-09,1.80354226,5693468035.094807,361.47859048608314
2016-07-10,1.79645545,5699251330.615694,361.8009792395314
2016-07-11,1.79504742,5707118305.016409,362.25928487252605
2016-07-12,1.84676287,5716435169.836762,362.80950785810626
2016-07-13,1.81377039,5719456868.640375,362.9641419959369
2016-07-14,1.81967435,5723815619.546729,363.2001298467025
2016-07-15,1.83455167,5728288278.045013,363.4450214901797
2016-07-16,1.82935184,5732506857.46165,363.66739716444545
2016-07-17,1.86895135,5745102476.684888,364.42339817306754
2016-07-18,1.8515086,5749059634.674027,364.6316194229149
2016-07-19,1.8472273,5759057471.978447,365.22866477536627
2016-07-20,1.82663887,5761162390.037807,365.31871506399233
2016-07-21,1.82456417,5764400172.981062,365.48549527513904
2016-07-22,1.7803472,5763853989.230161,365.4135056525069
2016-07-23,1.79860084,5765723282.786481,365.49407091199566
2016-07-24,1.80565737,5778844675.756325,366.2898569933857
2016-07-25,1.78771375,5782076066.762533,366.4566420934062
2016-07-26,1.78522608,5786365157.3056965,366.69100148838686
2016-07-27,1.78796338,5792645556.565515,367.0517831708466
2016-07-28,1.78683669,5796227386.027152,367.23918701300454
2016-07-29,1.78935642,5800746405.725576,367.482721806974
2016-07-30,1.78228347,5804865704.591221,367.7090323672266
2016-07-31,1.7008979,5799716004.984295,367.3380319547823
2016-08-01,1.6531908,5793058105.309185,366.8718988305464
2016-08-02,1.44664432,5752805510.171441,364.2783101891327
2016-08-03,1.56457026,5757680474.207108,364.5391041190748
2016-08-04,1.59778327,5769130856.738287,365.2198448893735
2016-08-05,1.59141223,5770542475.238463,365.2603610248735
2016-08-06,1.61723105,5772130905.73196,365.31292358053173
2016-08-07,1.62732927,5775214099.620957,365.4652656871587
2016-08-08,1.6187062,5776362688.918657,365.49516142526846
2016-08-09,1.6089797,5775532732.043001,365.4068091867542
2016-08-10,1.61532499,5773462849.366191,365.23223622539444
2016-08-11,1.61439329,5773730613.6674185,365.20585680043115
2016-08-12,1.60770275,5774894574.687538,365.23645279679954
2016-08-13,1.60245343,5776518746.867309,365.29210190411527
2016-08-14,1.56450982,5776090215.454888,365.21794573109673
2016-08-15,1.55189891,5774546143.041868,365.07818754822426
2016-08-16,1.58343489,5778532780.411598,365.2912587633654
2016-08-17,1.5706748,5778187591.05706,365.2339392078291
2016-08-18,1.56943471,5779418645.899101,365.2673082481953
2016-08-19,1.57097556,5781455885.4259405,365.3516149667822
2016-08-20,1.58942926,5793082077.33407,366.041499786171
2016-08-21,1.5862522,5795405063.022592,366.1411423589767
2016-08-22,1.5971444,5798027484.71276,366.2611206104038
2016-08-23,1.5907111,5798821091.9486685,366.26873817576427
2016-08-24,1.58033884,5798245729.53046,366.1884508751187
2016-08-25,1.5702844,5809060758.004255,366.8338274180086
2016-08-26,1.57746065,5811761588.169641,366.96614487280743
2016-08-27,1.55410904,5811358010.78522,366.8989620872079
2016-08-28,1.56720759,5813049669.980174,366.961745351209
2016-08-29,1.56317394,5811748995.038024,366.8365067311889
2016-08-30,1.56851349,5815609247.333341,367.0326727135614
2016-08-31,1.55808288,5820347532.995622,367.2928864531668
2016-09-01,1.55789624,5821168273.523866,367.30411650880365
2016-09-02,1.57001279,5823633507.369154,367.4153300289311
2016-09-03,1.63244029,5829949346.669061,367.77725375772314
2016-09-04,1.65865731,5835766341.56149,368.0922573002985
2016-09-05,1.64951295,5839813487.286691,368.30687759862565
2016-09-06,1.66267259,5846369074.55284,368.6807985870609
2016-09-07,1.6686166,5851564441.573391,368.96421809038156
2016-09-08,1.70667998,5860094025.223294,369.4601093314963
2016-09-09,1.68507108,5864622097.913523,369.7042168953597
2016-09-10,1.68900378,5868351893.825113,369.8941635549121
2016-09-11,1.64409449,5870130467.923502,369.95846626827023
2016-09-12,1.64235516,5871890851.132187,370.0218975206435
2016-09-13,1.64324029,5879022840.127893,370.4231815773839
2016-09-14,1.64445893,5882326024.793051,370.5857753881576
2016-09-15,1.63757095,5885072884.714739,370.7138689746382
2016-09-16,1.63843679,5889740320.230082,370.9672791514434
2016-09-17,1.63684292,5892109272.3183775,371.0688681590479
2016-09-18,1.64735892,5895190395.88833,371.22053542260545
2016-09-19,1.63980889,5897169049.332842,371.306260153339
2016-09-20,1.63608322,5906450435.778632,371.8464569464467
2016-09-21,1.60558003,5906395948.318853,371.7944577534064
2016-09-22,1.60186568,5907050587.889398,371.7944169576284
2016-09-23,1.61963842,5909706204.004216,371.92176814445963
2016-09-24,1.62065676,5909789893.134932,371.8784721146944
2016-09-25,1.61373559,5915540287.927769,372.18616147654456
2016-09-26,1.62933517,5919791682.824723,372.4088338663034
2016-09-27,1.62414841,5923548700.555202,372.59625414075185
2016-09-28,1.62251024,5925661454.91469,372.6857800227172
2016-09-29,1.62353046,5927658175.51878,372.76945327658035
2016-09-30,1.63296882,5929731472.055159,372.85821583317926
2016-10-01,1.64973693,5933264070.676564,373.034310896333
2016-10-02,1.63963562,5934971598.897628,373.100322324526
2016-10-03,1.64023485,5941671870.006814,373.4772172406786
2016-10-04,1.63178451,5948001935.58315,373.8286995725509
2016-10-05,1.63673816,5951583179.362423,374.0047100428177
2016-10-06,1.63502177,5954818200.3995905,374.160683359164
2016-10-07,1.65057413,5958628409.615877,374.35804542943544
2016-10-08,1.65345115,5962483382.777953,374.5505283015836
2016-10-09,1.6471487,5964785060.778431,374.64804563234946
2016-10-10,1.64905635,5967967569.187619,374.8114489841417
2016-10-11,1.71172286,5981718139.823599,375.6340481770004
2016-10-12,1.69165254,5993274100.051884,376.3171911197496
2016-10-13,1.68770306,5997013429.641662,376.51415725013374
2016-10-14,1.69764855,6001382184.510859,376.7482323111406
2016-10-15,1.6909697,6004066268.490664,376.8747360298851
2016-10-16,1.70485941,6008366460.890716,377.1061934944049
2016-10-17,1.69213973,6018571693.022478,377.7096684975897
2016-10-18,1.6808924,6025818735.3061495,378.11849740736943
2016-10-19,1.66452177,6028843882.9233675,378.27123645023636
2016-10-20,1.66126571,6031299227.907584,378.3855269669426
2016-10-21,1.66533193,6039433434.420491,378.8471187181465
2016-10-22,1.72581278,6046508174.230461,379.2466011151203
2016-10-23,1.71807394,6050794169.93954,379.4725835550698
2016-10-24,1.71141678,6056983357.212174,379.81815695047175
2016-10-25,1.72432365,6065626130.700719,380.31868616123546
2016-10-26,1.77111563,6079984684.80903,381.1777491434531
2016-10-27,1.79615707,6097349126.742455,382.21786865232167
2016-10-28,1.80415758,6105232903.462238,382.66649354355843
2016-10-29,1.8651885,6120491567.413384,383.5781044737242
2016-10-30,1.8226058,6123238536.191049,383.6997616202724
2016-10-31,1.81838639,6134329616.853833,384.3505053924898
2016-11-01,1.89570499,6151552729.946606,385.3861670806115
2016-11-02,1.91748494,6163806316.364966,386.1136221091186
2016-11-03,1.78730294,6163100104.236185,386.0225323385844
2016-11-04,1.82526343,6171001063.56148,386.4823044512134
2016-11-05,1.82779984,6175267334.811779,386.70499367690167
2016-11-06,1.84962453,6181514408.457066,387.04984074681795
2016-11-07,1.82330887,6186336427.043718,387.3075091077772
2016-11-08,1.83441017,6198954615.317889,388.04617321814516
2016-11-09,1.85565551,6211906246.202778,388.8122046616885
2016-11-10,1.83311387,6218567920.254115,389.17801413226385
2016-11-11,1.83712016,6225767849.6321,389.5789324074779
2016-11-12,1.80622068,6228196682.850649,389.67971020002096
2016-11-13,1.80498214,6231204326.962147,389.8245969907458
2016-11-14,1.80858594,6237454795.795522,390.1631482114192
2016-11-15,1.82341234,6246272656.304389,390.6670681161453
2016-11-16,1.89261677,6269642024.540952,392.07626676162806
2016-11-17,1.87204522,6281814030.369976,392.78863174987674
2016-11-18,1.90458043,6294979725.188906,393.5663285661189
2016-11-19,1.90689799,6301743189.845332,393.9454671111473
2016-11-20,1.85356329,6303650522.435313,394.0252904003979
2016-11-21,1.86694042,6311921740.350914,394.4994580638669
2016-11-22,1.89259128,6324177821.815451,395.22409612185356
2016-11-23,1.86965336,6344661633.346842,396.4586879049729
2016-11-24,1.85483303,6362638825.419881,397.5317260653698
2016-11-25,1.85929274,6368192527.306102,397.83148950247386
2016-11-26,1.84525241,6373754703.970954,398.13140029514545
2016-11-27,1.82681448,6378230478.622469,398.36618540416373
2016-11-28,1.83082068,6385566960.082602,398.77334341241544
2016-11-29,1.83343351,6390869519.510924,399.0580687652594
2016-11-30,1.85741761,6400088543.021447,399.58943391035245
2016-12-01,1.88258493,6412848037.218735,400.3404564122618
2016-12-02,1.92399804,6430617504.6908045,401.40497374383904
2016-12-03,1.89395129,6481131015.1171055,404.50378644494225
2016-12-04,1.89327742,6486468862.11442,404.7901966210224
2016-12-05,1.85781173,6492817075.683022,405.13832165434974
2016-12-06,1.87197007,6499660217.422081,405.5178754938112
2016-12-07,1.88398255,6509042816.589158,406.0481611614014
2016-12-08,1.88724567,6521278998.186762,406.76168282570063
2016-12-09,1.89591358,6528031857.598529,407.14003488427613
2016-12-10,1.90150182,6539641718.810937,407.8221504458913
2016-12-11,1.8880226,6545001230.912587,408.09688956942887
2016-12-12,1.90486371,6555376494.793985,408.6941207278677
2016-12-13,1.90337593,6564984943.759998,409.23639008326745
2016-12-14,1.89626794,6573666954.754753,409.7332160161459
2016-12-15,1.89136263,6584690079.093026,410.3796753131529
2016-12-16,1.90373524,6593598979.7952175,410.8923339030778
2016-12-17,1.91920336,6602842845.228955,411.4222331308288
2016-12-18,1.91892195,6613151985.602175,412.0193458238403
2016-12-19,1.91635095,6619838236.678366,412.38742396186984
2016-12-20,1.93543766,6634048422.397968,413.2282518198498
2016-12-21,1.99546268,6666267562.561716,415.1837503931168
2016-12-22,2.05790608,6699025381.876187,417.1723103887958
2016-12-23,2.17751843,6752640962.173037,420.4613957458684
2016-12-24,2.11635351,6763305513.570363,421.0805368065003
2016-12-25,2.12388831,6776844600.127874,421.8693022093733
2016-12-26,2.13574409,6794115143.471121,422.8976921291126
2016-12-27,2.18144466,6820151375.244873,424.4667891147507
2016-12-28,2.2923126,6869745424.574858,427.49883850562884
2016-12-29,2.26582772,6904762451.193062,429.62779157760724
2016-12-30,2.23030531,6927092894.961263,430.96461002154325
2016-12-31,2.2443903,6940193866.634416,431.72998788102365
2017-01-01,2.30193946,6965068893.909038,433.224841620201
2017-01-02,2.33524167,7003064559.221409,435.5343171355837
2017-01-03,2.35770988,7043145835.101977,437.97121178678276
2017-01-04,2.55770131,7133884536.041667,443.56095878669663
2017-01-05,2.23704042,7193867996.726834,447.2418647359308
2017-01-06,2.00164999,7172604683.804348,445.8641421320502
2017-01-07,2.0252978,7176913725.907761,446.0841677877204
2017-01-08,2.04304794,7186615947.740769,446.62926366658434
2017-01-09,2.02053011,7195983167.944798,447.1641686166403
2017-01-10,2.02492109,7205038646.074008,447.67124599368066
2017-01-11,1.76845775,7175193710.528568,445.7639183014968
2017-01-12,1.81077416,7175547988.191677,445.72639226729024
2017-01-13,1.85366729,7180887213.642423,446.0061046936157
2017-01-14,1.83889611,7180850200.426669,445.94425580488445
2017-01-15,1.84823542,7184718408.425851,446.1266439567363
2017-01-16,1.86155157,7188691597.02209,446.3148098911984
2017-01-17,2.0228738,7214962395.757307,447.890930275638
2017-01-18,1.96641888,7220051293.785444,448.1546756564543
2017-01-19,2.01003826,7232696167.675188,448.87895315937317
2017-01-20,1.99263298,7239607938.308651,449.242045662299
2017-01-21,2.05421871,7253388584.952125,450.0339983259962
2017-01-22,2.04635127,7266493893.858376,450.7862803934185
2017-01-23,2.03609568,7277340884.075933,451.4108807137403
2017-01-24,1.96451725,7285885996.570445,451.8887242170013
2017-01-25,1.97868447,7299317063.839731,452.6694613696574
2017-01-26,2.02100235,7314728517.100862,453.5707088892796
2017-01-27,2.02710253,7323809271.133842,454.07395523878796
2017-01-28,2.03067894,7330205008.709788,454.41695897436597
2017-01-29,2.00928142,7351872944.522388,455.7012342971647
2017-01-30,2.01726706,7361028907.045299,456.21785981235814
2017-01-31,2.11732767,7381186430.938188,457.41578849210384
2017-02-01,2.1532295,7401857623.805358,458.62858112196676
2017-02-02,2.19051199,7425401189.964328,460.03143127502346
2017-02-03,2.19895326,7453526294.513715,461.7206094915405
2017-02-04,2.23392412,7471248269.919642,462.7668253110808
2017-02-05,2.18915215,7483238230.774953,463.4524264314748
2017-02-06,2.20253705,7502631320.545399,464.6085209693067
2017-02-07,2.25911131,7532261843.820601,466.38890893331416
2017-02-08,2.25075614,7552057920.035223,467.5618236250107
2017-02-09,2.10032332,7558590556.628199,467.90507446758903
2017-02-10,2.12395089,7581073894.247775,469.24350173031877
2017-02-11,2.15345527,7588495202.070626,469.6523472294969
2017-02-12,2.14002159,7598607180.651263,470.2272489102972
2017-02-13,2.12270941,7613249803.687789,471.07398698512617
2017-02-14,2.14502476,7627417535.272511,471.8889415197705
2017-02-15,2.14664641,7635204197.264694,472.319910619388
2017-02-16,2.19057597,7651994580.722066,473.30331335527706
2017-02-17,2.22822443,7682232586.159837,475.11817305538653
2017-02-18,2.22851853,7696620094.528367,475.9524278580667
2017-02-19,2.22135058,7708550727.174472,476.64083728317655
2017-02-20,2.27876692,7727426147.415089,477.7533058197458
2017-02-21,2.35331243,7759543318.877234,479.68781313150583
2017-02-22,2.3431243,7799958210.59526,482.13481062389224
2017-02-23,2.45151251,7846416754.964844,484.9503237923717
2017-02-24,2.42731203,7903158374.020585,488.39575502943063
2017-02-25,2.35507801,7913761745.280116,488.98793670067
2017-02-26,2.41199874,7930100324.079163,489.9301339883411
2017-02-27,2.42985611,7955583535.624203,491.4498620850887
2017-02-28,2.41245373,7975313389.816466,492.61045961549286
2017-03-01,2.48115883,8016757396.928731,495.11528071489073
2017-03-02,2.53571034,8065386590.533106,498.0582551031794
2017-03-03,2.57132568,8121081038.2655115,501.43908301662896
2017-03-04,2.52422599,8142410399.362719,502.70485663083593
2017-03-05,2.53213829,8164800296.757252,504.03000814539234
2017-03-06,2.53275359,8201968622.025577,506.26901159917026
2017-03-07,2.43376828,8218482042.160645,507.2284293511173
2017-03-08,2.27006537,8224362771.766,507.53577604950635
2017-03-09,2.34691879,8241255037.584969,508.52016340652335
2017-03-10,2.16260738,8233258075.323023,507.96559708200476
2017-03-11,2.31121876,8253865653.235366,509.1785086544556
2017-03-12,2.41252703,8277306557.850598,510.56354657031545
2017-03-13,2.41079093,8335630068.248877,514.1036001483296
2017-03-14,2.41809563,8359331839.272322,515.5034190580544
2017-03-15,2.43048179,8398478920.371419,517.8608564982583
2017-03-16,2.27079494,8414218507.427254,518.7702022886709
2017-03-17,2.07020764,8400490005.029253,517.8623233004879
2017-03-18,1.86260387,8384057299.855536,516.7867798782063
2017-03-19,1.97134108,8397117303.421529,517.5259948095536
2017-03-20,2.00477708,8399875721.5167465,517.6417648787165
2017-03-21,2.1395375,8433443791.475907,519.653552970462
2017-03-22,1.99485875,8439904661.484944,519.987979166154
2017-03-23,1.97800188,8437876587.128886,519.8037811181857
2017-03-24,1.8009221,8429440806.206299,519.2137384515698
2017-03-25,1.86294639,8441424824.603456,519.8986586410155
2017-03-26,1.85054884,8450051909.607709,520.3634909673391
2017-03-27,1.99869446,8474243470.841632,521.800214415504
2017-03-28,1.9993941,8490516008.299869,522.7398298409204
2017-03-29,1.98727297,8498462794.495501,523.1735304990588
2017-03-30,1.98163667,8509765246.876684,523.8032163716823
2017-03-31,2.0572416,8543454997.374253,525.8223103659434
2017-04-01,2.06862352,8558433472.964956,526.6907009881335
2017-04-02,2.09581972,8572765938.43213,527.5086140313967
2017-04-03,2.16252803,8603333726.13941,529.3178886615865
2017-04-04,2.15325451,8620510586.186687,530.3237092500087
2017-04-05,2.13735782,8639231806.651262,531.4092161580928
2017-04-06,2.23959041,8672568788.323696,533.399524326629
2017-04-07,2.22647362,8703823239.285276,535.2551408541907
2017-04-08,2.21001181,8715759775.455603,535.9327560964392
2017-04-09,2.2586269,8739595067.696089,537.3327218414382
2017-04-10,2.24975256,8760713366.462885,538.5702844639678
2017-04-11,2.27711178,8786130127.442339,540.0634890680378
2017-04-12,2.24625621,8808771068.1698,541.3961071943169
2017-04-13,2.16504122,8812737959.937809,541.5870741178775
2017-04-14,2.16522828,8826257585.04419,542.3600109026979
2017-04-15,2.1659084,8833737605.081486,542.7571124486473
2017-04-16,2.16125164,8839673935.632261,543.0609551300561
2017-04-17,2.18766073,8869394554.17041,544.829088494508
2017-04-18,2.20166725,8889608858.556614,546.009601603621
2017-04-19,2.21134437,8906383961.18308,546.979893902138
2017-04-20,2.25276621,8933244196.607082,548.5713826104618
2017-04-21,2.26940479,8951653027.710365,549.6313728373332
2017-04-22,2.26016436,8961968674.088587,550.2035226223281
2017-04-23,2.26874872,8975428164.436934,550.9651519389861
2017-04-24,2.27570599,9000656951.003872,552.4612791725305
2017-04-25,2.3093693,9030095767.42821,554.2053050660714
2017-04-26,2.33216845,9059002596.898392,555.9141568233546
2017-04-27,2.4099622,9101666951.384092,558.469321912684
2017-04-28,2.40107994,9150512270.593443,561.4078619652662
2017-04-29,2.41223986,9175140880.879883,562.8442162542864
2017-04-30,2.44637619,9209709008.3458,564.8993715463279
2017-05-01,2.52560356,9276810049.094656,568.9497396886392
2017-05-02,2.55708418,9335116402.47502,572.4563469274327
2017-05-03,2.6373993,9395504304.071133,576.101216253796
2017-05-04,2.64748386,9486733312.694147,581.6201846642418
2017-05-05,2.61101197,9557851272.475847,585.9224165164514
2017-05-06,2.6710611,9609477633.974659,589.0114268124604
2017-05-07,2.58516798,9633266868.16989,590.3940415169654
2017-05-08,2.82026827,9750419163.214775,597.4915628568697
2017-05-09,2.8500152,9845309456.859314,603.2346822428595
2017-05-10,2.92992045,9930377531.22506,608.3779510122877
2017-05-11,2.98180004,10048705463.869913,615.5635936665358
2017-05-12,2.75847679,10089212160.152073,617.9720805579371
2017-05-13,2.86505128,10143540315.095795,621.2245725291136
2017-05-14,2.87984317,10176366051.121113,623.1566945207054
2017-05-15,2.77569902,10219981712.053076,625.7461034494223
2017-05-16,2.7951762,10267508480.672728,628.5925547620539
2017-05-17,2.85141326,10362505720.784025,634.3331884130363
2017-05-18,2.96696988,10430810754.469698,638.445060504925
2017-05-19,3.05210147,10533552194.402704,644.652730923592
2017-05-20,3.14988555,10625857123.98376,650.2197129020512
2017-05-21,3.12275546,10704225602.670109,654.941611458071
2017-05-22,3.12461059,10875467826.171503,665.344829426959
2017-05-23,3.32739524,11090205812.41617,678.3950210322264
2017-05-24,3.49513899,11296972576.525467,690.9617138433398
2017-05-25,3.29706174,11503989795.826683,703.535924282525
2017-05-26,3.20703848,11623392823.379492,710.7549840297831
2017-05-27,2.87538901,11628317817.709002,710.9648443097652
2017-05-28,3.1100624,11706342362.362516,715.6450837216963
2017-05-29,3.1715195,11785240174.65145,720.3852278022725
2017-05-30,2.99605054,11835750752.46664,723.3738046046647
2017-05-31,3.14282004,11972603924.46748,731.6462861351615
2017-06-01,3.24185226,12115505104.948402,740.2828505023822
2017-06-02,3.32189022,12216808564.297573,746.3894741021272
2017-06-03,3.38499502,12329962892.98028,753.1922311423608
2017-06-04,3.33016911,12413760401.930004,758.2179012967991
2017-06-05,3.49837338,12568788315.831253,767.5907128916498
2017-06-06,3.68734337,12752198156.217594,778.7020055451006
2017-06-07,3.45563714,12828919246.397093,783.2882618151481
2017-06-08,3.54000799,12968040745.282448,791.6828308669242
2017-06-09,3.50908106,13094619048.060873,799.3181744624417
2017-06-10,3.60375711,13258693661.981104,809.2465087886015
2017-06-11,3.64019441,13388008883.038563,817.0482738599503
2017-06-12,3.22800548,13531642795.124973,825.7214203859064
2017-06-13,3.24114582,13689118289.812983,835.2409840113394
2017-06-14,2.919798,13719151398.516426,836.9840829308978
2017-06-15,2.87371971,13747158800.413584,838.5949248241054
2017-06-16,2.93413098,13837060918.783054,843.983827669077
2017-06-17,3.1272984,13908670427.36264,848.2578328165807
2017-06-18,2.93677553,14005532086.610352,854.07079356268
2017-06-19,3.00723619,14123032350.43341,861.1369542556582
2017-06-20,3.14552423,14252268674.195436,868.9256087157466
2017-06-21,3.02520974,14311153494.45725,872.4225891862361
2017-06-22,3.0574306,14416101087.703403,878.727227469729
2017-06-23,3.04158628,14488772756.435873,883.0492459385731
2017-06-24,2.89910643,14502471096.17725,883.7858183576309
2017-06-25,2.82389576,14515499455.30276,884.4975713194563
2017-06-26,2.74177101,14524703348.811821,884.9626910301783
2017-06-27,2.84709982,14588235781.08727,888.7449320278276
2017-06-28,2.86973355,14660520412.138195,893.0418868337863
2017-06-29,2.83338619,14720444557.792078,896.6102258086249
2017-06-30,2.7235698,14786868602.718313,900.5504703018406
2017-07-01,2.67604439,14803768953.660042,901.4671887226054
2017-07-02,2.78455696,14857116991.175516,904.5863394282298
2017-07-03,2.8067694,14934899062.325727,909.2045223721728
2017-07-04,2.84851858,14993496384.889652,912.6655406658189
2017-07-05,2.84213614,15077199330.005074,917.6565662947974
2017-07-06,2.82784137,15126524407.284874,920.5592298480271
2017-07-07,2.70091753,15185582146.61771,924.0492886168317
2017-07-08,2.7563821,15226015178.69587,926.3933901340818
2017-07-09,2.70314378,15239766982.55978,927.1327822448718
2017-07-10,2.50667922,15211503424.336248,925.2747135989583
2017-07-11,2.5040635,15228086536.994478,926.1615931942301
2017-07-12,2.5607933,15250542604.04342,927.4025617188119
2017-07-13,2.52324473,15276314198.0358,928.8589094751184
2017-07-14,2.38547763,15271399050.841352,928.4619605878006
2017-07-15,2.15162881,15211158475.622803,924.7102385841497
2017-07-16,2.0725336,15167450921.96735,921.938993709482
2017-07-17,2.38704005,15272831998.719786,928.2401005976459
2017-07-18,2.47286929,15330275977.567028,931.6146046197207
2017-07-19,2.41800668,15362059837.371891,933.4404468582568
2017-07-20,2.98008325,15596849064.091791,947.5902817006372
2017-07-21,2.80324324,15656301711.381151,951.0911077033045
2017-07-22,2.956705,15756527722.835436,957.0633712081051
2017-07-23,2.86830102,15805072322.450346,959.8866526682718
2017-07-24,2.8571688,15879838005.622824,964.2970776614949
2017-07-25,2.63175728,16012397073.31249,972.2374545679911
2017-07-26,2.58755545,16056237096.621931,974.7905677881105
2017-07-27,2.70895213,16207018705.851183,983.8296945074773
2017-07-28,2.77596935,16581296561.51176,1006.4352781354196
2017-07-29,2.65045335,16825358664.816511,1021.1274857785368
2017-07-30,2.63429117,17199051678.50855,1043.6904466043136
2017-07-31,2.66440296,17706920208.20678,1074.391274089607
2017-08-01,2.51234417,17893595447.84648,1085.5953633131521
2017-08-02,2.45667542,18051267866.739407,1095.0350421039543
2017-08-03,2.51633659,18277681976.684685,1108.6538754534665
2017-08-04,2.52690325,18663922543.86496,1131.9281192303501
2017-08-05,2.8058202,19027512020.1289,1153.8242412312522
2017-08-06,2.74360243,19417149130.47628,1177.3268144182755
2017-08-07,2.8173808,19861913460.861042,1204.1547307499468
2017-08-08,2.79701154,20204349228.61068,1224.7631329395515
2017-08-09,2.70304955,20429974776.923496,1238.310792940862
2017-08-10,2.74911842,20628726105.116306,1250.2306668421509
2017-08-11,2.89608699,20857434213.811348,1263.9539316076032
2017-08-12,3.02040239,21151523693.183357,1281.6445977567942
2017-08-13,3.12865374,21438661411.255848,1298.8976698705271
2017-08-14,3.25544228,21826730277.01094,1322.2792975490322
2017-08-15,3.11536106,22044669976.391273,1335.3285432281803
2017-08-16,3.22936466,22314820314.213894,1351.559527698157
2017-08-17,3.14349195,22632499106.17222,1370.6148862337852
2017-08-18,2.97541172,22803579756.0967,1380.8197146530902
2017-08-19,2.97749577,23077702355.062504,1397.2588974886537
2017-08-20,2.88932289,23358262864.492363,1414.1065397958344
2017-08-21,2.8086644,23483076282.864193,1421.539018774386
2017-08-22,2.84203031,23683887860.690155,1433.5985252918467
2017-08-23,2.86484514,23916725208.38222,1447.5181528439264
2017-08-24,2.96780825,24084804543.38661,1457.579487487212
2017-08-25,2.96751747,24241114822.74282,1466.9270919439305
2017-08-26,2.94348577,24378349629.105057,1475.1145600998846
2017-08-27,2.93116239,24500204759.02893,1482.3141357136274
2017-08-28,2.93365297,24678217889.01296,1492.9386554844148
2017-08-29,3.03875355,25028005570.157578,1513.9289038349425
2017-08-30,3.00669499,25222057930.33997,1525.4732362139864
2017-08-31,3.06677185,25559888317.62819,1545.7153155064143
2017-09-01,3.14249768,25883011211.79326,1565.0500798097742
2017-09-02,2.91990917,26029058360.93007,1573.68594373976
2017-09-03,2.92473488,26160376447.55007,1581.4412260286647
2017-09-04,2.75162247,26303473279.667725,1589.8814405645119
2017-09-05,2.78742564,26440218593.793385,1597.9090074299706
2017-09-06,2.86204183,26641401488.63199,1609.870436382521
2017-09-07,2.84583752,26957151156.846535,1628.7338413486168
2017-09-08,2.66619471,26978942931.396126,1629.8350754515297
2017-09-09,2.65540041,27030571235.758495,1632.745642958231
2017-09-10,2.59879339,27152366450.013393,1639.9316457551595
2017-09-11,2.56454296,27200308312.00168,1642.6114278658529
2017-09-12,2.53102364,27248867028.27633,1645.31036709281
2017-09-13,2.36797159,27190312143.202297,1641.5393677891846
2017-09-14,1.99521056,26963493373.984745,1627.6320926456503
2017-09-15,2.26320938,27080998142.621902,1634.503186749986
2017-09-16,2.26588756,27140277879.976265,1637.8722475850127
2017-09-17,2.26478555,27161639429.837288,1638.943786079119
2017-09-18,2.47915064,27279497777.436043,1645.8977430333882
2017-09-19,2.38109715,27329306425.032227,1648.7089534501476
2017-09-20,2.3596557,27369596083.2333,1650.9938626253825
2017-09-21,2.19309389,27346457559.014164,1649.3792091178868
2017-09-22,2.19168978,27381751014.747444,1651.3348519120257
2017-09-23,2.28253357,27431482934.840324,1654.1270821690562
2017-09-24,2.22242941,27439826388.283047,1654.449373123032
2017-09-25,2.34287282,27743823425.41746,1672.6209113234452
2017-09-26,2.32052467,27809137310.533035,1676.3842191253325
2017-09-27,2.4968666,27958927855.09431,1685.2271905069576
2017-09-28,2.47501585,28075324499.33376,1692.0173647849326
2017-09-29,2.44954557,28148925379.981853,1696.2371187129943
2017-09-30,2.54204123,28299664416.832054,1705.1433160693896
2017-10-01,2.56194858,28390529695.87122,1710.4507608864108
2017-10-02,2.55136556,28542671371.48228,1719.4226432526195
2017-10-03,2.49742904,28629227538.67064,1724.3992013571722
2017-10-04,2.44055834,28687821991.522404,1727.7541586854422
2017-10-05,2.48286744,28888732713.61023,1739.6905071334334
2017-10-06,2.50112549,28990008205.16792,1745.5804308336683
2017-10-07,2.535902,29073592637.23829,1750.4051548837729
2017-10-08,2.61523452,29223796136.453167,1759.2073526966792
2017-10-09,2.68982061,29508880799.000225,1776.1536361065243
2017-10-10,2.65170924,29708154722.72241,1787.9327957397056
2017-10-11,2.68235621,29829554866.802685,1795.051343333561
2017-10-12,2.9735157,30146294027.9041,1813.9029777978371
2017-10-13,3.05039678,30590485456.76465,1840.4417259486286
2017-10-14,3.12159957,30810017323.183147,1853.4530727848799
2017-10-15,3.05072713,31007919508.16278,1865.084885390671
2017-10-16,3.05813234,31297278548.4862,1882.2432033160346
2017-10-17,2.95026635,31511371329.32764,1894.88529548246
2017-10-18,2.93164856,31677951776.735065,1904.686155756132
2017-10-19,2.96891932,31981670669.74934,1922.690506436857
2017-10-20,3.09805688,32223741270.20486,1936.9828775813628
2017-10-21,3.09579617,32408582081.289474,1947.8698084805692
2017-10-22,3.04834116,32734134246.700367,1967.1676574441296
2017-10-23,2.93951363,33336962809.93425,2003.137511104832
2017-10-24,2.73999189,33518492335.663208,2013.7925858248284
2017-10-25,2.83167233,33720776458.43372,2025.664389487473
2017-10-26,2.89701261,33908906268.572464,2036.6903853779875
2017-10-27,2.82258819,34048449963.095596,2044.9122073921205
2017-10-28,2.81072114,34137771840.654514,2050.1459553741565
2017-10-29,2.99284618,34358491599.151665,2063.162779995456
2017-10-30,2.94639905,34590400888.439964,2076.859339194387
2017-10-31,3.07051562,34873281530.83687,2093.6270752644305
2017-11-01,3.17194342,35326641521.03951,2120.596411710159
2017-11-02,3.26783421,35911938491.91905,2155.4881570704315
2017-11-03,3.2996631,36350664950.048615,2181.6263941473117
2017-11-04,3.37458714,36642638941.64326,2198.935090652008
2017-11-05,3.31955857,37006203483.265854,2220.5178412643977
2017-11-06,3.12842422,37215234707.493744,2232.8377971549235
2017-11-07,3.16064437,37541282381.86439,2252.1364983033573
2017-11-08,3.2777098,37898127739.18299,2273.298504545601
2017-11-09,3.10220792,38254471565.46991,2294.4103790691597
2017-11-10,2.86889448,38479623214.82365,2307.706812678942
2017-11-11,2.7353594,38691116743.397385,2320.2513896903415
2017-11-12,2.4696982,39360420140.03893,2360.247024347432
2017-11-13,2.72664306,39877707821.64015,2391.0152625997075
2017-11-14,2.74071229,40120645983.85556,2405.350762715841
2017-11-15,2.97614814,40678401708.9604,2438.5120870215287
2017-11-16,3.15562228,41416233290.22424,2482.4594765417555
2017-11-17,3.06551771,42069186558.98228,2521.2815586759507
2017-11-18,3.06748215,42411671735.75385,2541.548364376653
2017-11-19,3.12664738,42799981115.00968,2564.510708747163
2017-11-20,3.18401839,43353016319.54079,2597.307315631359
2017-11-21,3.07693153,43902594029.31286,2629.892152191264
2017-11-22,3.11368282,44234258235.54727,2649.4661810852813
2017-11-23,3.0255203,44546617463.496414,2667.861729914504
2017-11-24,3.04932356,45084160618.03515,2699.7536244197418
2017-11-25,3.19796528,45749792573.101234,2739.293480427999
2017-11-26,3.34857257,46489190726.40039,2783.246628197826
2017-11-27,3.43189779,47365983157.1699,2835.3783168716336
2017-11-28,3.42405668,48463021874.34583,2900.709628443327
2017-11-29,3.31618599,49379974317.869415,2955.2104680727334
2017-11-30,3.33958212,50024398847.88141,2993.4029506500738
2017-12-01,3.55287307,50848750932.98524,3042.314802581478
2017-12-02,3.54526509,51557629455.57489,3084.356094139324
2017-12-03,3.59996863,52076908836.00443,3115.0112148240023
2017-12-04,3.65371219,52911224640.71544,3164.488050964929
2017-12-05,3.65310274,53726464157.39221,3212.8179529963613
2017-12-06,4.21096815,55573163013.18642,3322.782751807253
2017-12-07,4.7166582,60401987123.92326,3611.0934170273563
2017-12-08,4.34686442,62724084983.84409,3749.4814109455933
2017-12-09,3.96460494,63512148869.95423,3796.096252183049
2017-12-10,4.00840979,64599823554.030945,3860.6331073873557
2017-12-11,4.25607302,66347463400.612,3964.5696174923946
2017-12-12,4.23927385,68830784737.62984,4112.4804282612695
2017-12-13,3.93575963,70241410738.51877,4196.17916863993
2017-12-14,3.8994793,71281419402.91914,4257.720461121925
2017-12-15,4.07868942,72670097774.34082,4340.120158529158
2017-12-16,4.43076633,74230678328.655,4432.757771588804
2017-12-17,4.25193445,75827043292.28624,4527.461059704013
2017-12-18,4.12995773,76988404886.82553,4596.179008411981
2017-12-19,3.80550806,77711922742.97244,4638.888109311059
2017-12-20,3.49226172,78935560567.77188,4711.453086733173
2017-12-21,3.30154348,79343081029.80682,4735.310543448242
2017-12-22,3.01016272,79639863796.4344,4752.473428964232
2017-12-23,3.11960008,80104986776.61,4779.733851304877
2017-12-24,2.92511724,80372294842.58994,4795.140062885172
2017-12-25,2.92950297,80572449835.03104,4806.597707624717
2017-12-26,3.23788307,81429828722.25343,4857.230832382065
2017-12-27,3.13118795,82403672902.55391,4914.74827435172
2017-12-28,2.90015736,82620448545.76398,4927.129957364314
2017-12-29,2.94080172,83098425795.54976,4955.025013422429
2017-12-30,2.60242905,83453010328.57207,4975.626860150942
2017-12-31,2.78726716,83782591256.63965,4994.670349948729
2018-01-01,2.69423548,83841120888.56781,4997.5786124049555
2018-01-02,2.92544313,84621433001.56424,5043.448650068613
2018-01-03,2.96026687,85086698674.68692,5070.5854636530785
2018-01-04,2.94402195,85909025019.96,5118.94987693818
2018-01-05,3.26196426,87458707272.381,5210.733795087196
2018-01-06,3.24692954,88424557647.58368,5267.619475247682
2018-01-07,3.04278121,89557927781.6348,5334.49297835499
2018-01-08,2.80152545,89525228868.55936,5331.8862726809775
2018-01-09,2.69017079,89754021473.27559,5344.859988393786
2018-01-10,2.73334467,90132199048.03412,5366.717350590879
2018-01-11,2.45400706,90260087978.19714,5373.560311893968
2018-01-12,2.55762013,90573646465.04344,5391.513580220061
2018-01-13,2.63127775,90868820200.51268,5408.484552640669
2018-01-14,2.52606465,91004912208.4422,5415.960142244894
2018-01-15,2.50804935,91070016455.25565,5419.229967172934
2018-01-16,2.12079726,90589067538.49155,5389.973063809786
2018-01-17,2.07376393,90455041814.19122,5381.33026095709
2018-01-18,2.09352287,90306893942.9039,5371.825591890811
2018-01-19,2.129939,90306880456.6252,5371.16582289906
2018-01-20,2.37080852,90562813253.2947,5385.67517279818
2018-01-21,2.12617327,90350093789.40323,5372.278176986441
2018-01-22,2.00268788,90179512261.05795,5361.4697950037535
2018-01-23,2.02766184,90010051500.99731,5350.690961028443
2018-01-24,2.09753554,90042932055.15834,5351.945633660921
2018-01-25,2.08000559,90040462697.83496,5351.170689593773
2018-01-26,2.05791562,90241336648.78227,5362.4913007255855
2018-01-27,2.10883443,90350534497.03247,5368.354207528659
2018-01-28,2.15410037,90767348317.83185,5392.487217891337
2018-01-29,2.06552658,90730287793.50772,5389.693079549477
2018-01-30,1.85916763,90190984747.4886,5356.992319929285
2018-01-31,1.87794381,90108847909.37115,5351.648831918245
2018-02-01,1.69691999,89708169527.69211,5327.219390645684
2018-02-02,1.66151934,89058462093.69902,5287.977797414504
2018-02-03,1.72878243,88974760596.3641,5282.388439316873
2018-02-04,1.56184746,88989123328.85236,5282.5433387504245
2018-02-05,1.30831891,88206669169.51208,5235.376869483627
2018-02-06,1.48101152,88047022643.8086,5225.242245025016
2018-02-07,1.46484643,87715910175.83337,5205.047596380653
2018-02-08,1.58085047,87619729110.72426,5198.835062395895
2018-02-09,1.6660923,87615496087.28098,5198.063437334803
2018-02-10,1.64139497,87606482556.07825,5196.97754696575
2018-02-11,1.55971533,87518177102.86687,5191.157851412213
2018-02-12,1.71364615,87645668151.01886,5198.080233270451
2018-02-13,1.64241903,87518136989.96727,5189.885635891079
2018-02-14,1.81957973,87751185717.59526,5203.015221943257
2018-02-15,1.93482187,88106889637.54715,5223.59874068247
2018-02-16,1.9474862,88259457147.95197,5232.035268513379
2018-02-17,2.11360732,88485757696.70586,5244.871319984642
2018-02-18,1.99108492,88573560135.17705,5249.445602353464
2018-02-19,2.11485368,88883782482.70122,5267.199256341412
2018-02-20,2.12780635,89197257633.9996,5285.223590926261
2018-02-21,1.97827013,89236281133.9277,5286.874087734874
2018-02-22,1.84607258,90327013955.22241,5350.904969686268
2018-02-23,1.89577059,90470291972.82405,5358.805367113169
2018-02-24,1.8093287,90393791989.3904,5353.699291871759
2018-02-25,1.7940982,90387966065.08789,5352.676613520118
2018-02-26,1.92409125,90514378969.9065,5359.603248044135
2018-02-27,1.98459986,90673519370.05557,5368.390631075021
2018-02-28,1.91774992,90787808538.73227,5374.540683799844
2018-03-01,2.0275908,91017710173.47922,5387.492812542204
2018-03-02,2.0411051,91174068780.38681,5396.125102656694
2018-03-03,2.11464502,91304411184.47154,5403.119888868534
2018-03-04,2.11715719,91500632452.54926,5414.138946171164
2018-03-05,2.124487,91816178606.17848,5432.211315283549
2018-03-06,1.96727059,91744330439.75592,5427.334340853996
2018-03-07,1.82720774,91627462324.50371,5419.791538916149
2018-03-08,1.72480924,91465601983.14258,5409.5694970601435
2018-03-09,1.72471755,90967208285.27222,5379.512247901165
2018-03-10,1.6363096,90811391469.50764,5369.742023847053
2018-03-11,1.76958222,90930004305.92052,5376.147710031929
2018-03-12,1.70331347,90847724318.98709,5370.64394881827
2018-03-13,1.70702426,90786216277.27205,5366.381221077571
2018-03-14,1.53691592,90514610067.0481,5349.757349797957
2018-03-15,1.54749227,90413592313.84361,5343.218368672705
2018-03-16,1.56958433,90319132328.69019,5337.020979463167
2018-03-17,1.47896206,90196442807.42796,5329.184658404502
2018-03-18,1.5372127,90172656757.7908,5327.185183397248
2018-03-19,1.60262445,90178102198.01726,5326.897155050704
2018-03-20,1.66984764,90191025198.35828,5327.160973281975
2018-03-21,1.66685407,90201088970.42557,5327.157557694957
2018-03-22,1.6366036,90130107718.23132,5322.4036260983785
2018-03-23,1.64830412,90126693392.4215,5321.679547518835
2018-03-24,1.61787156,90149576307.56665,5322.417878687909
2018-03-25,1.58785272,90045424821.02487,5315.73918427391
2018-03-26,1.54056226,89856978366.97646,5304.027345490775
2018-03-27,1.47972397,89738457602.53435,5296.437361492402
2018-03-28,1.49995286,89625799279.88226,5289.261376981033
2018-03-29,1.34902071,89299778974.033,5269.4304546793055
2018-03-30,1.30076662,89021836239.97417,5252.401899993005
2018-03-31,1.31875342,88974435097.54872,5249.109645457755
2018-04-01,1.29804435,88866842645.29741,5242.135894132084
2018-04-02,1.34269917,88809485918.97597,5238.149964436962
2018-04-03,1.41752889,88767186513.43214,5235.0259439777765
2018-04-04,1.29795987,88589841520.35951,5224.000955748109
2018-04-05,1.30312944,88481243020.54016,5216.997182258793
2018-04-06,1.26963243,88314208759.6314,5206.619013185919
2018-04-07,1.32349168,88268917138.17531,5203.258604501563
2018-04-08,1.34758367,88256346073.27315,5201.9004536653065
2018-04-09,1.29733763,88112507858.24207,5192.8601067304735
2018-04-10,1.3143587,88012603643.77809,5186.345717823887
2018-04-11,1.33919481,88013645008.56337,5185.792093310988
2018-04-12,1.52215846,88143313879.82314,5192.84324397975
2018-04-13,1.52369622,88229218025.27875,5197.272652302721
2018-04-14,1.54037773,88245336470.24628,5197.697803192734
2018-04-15,1.60406337,88307101812.76411,5200.7116784935315
2018-04-16,1.54777167,88288487180.29129,5199.075735471777
2018-04-17,1.51791712,88253945793.58133,5196.422027257556
2018-04-18,1.57002305,88311210644.12086,5199.181541810319
2018-04-19,1.58612722,88605571811.51965,5215.828346919827
2018-04-20,1.69131108,88794441921.61491,5226.4194544781785
2018-04-21,1.69378446,88916309369.6411,5232.9803693247595
2018-04-22,1.68092587,88974361388.29619,5235.780616002762
2018-04-23,1.70339486,89105927815.06879,5242.932712352807
2018-04-24,1.83531084,89392359447.84549,5259.171132406132
2018-04-25,1.68455575,89361513745.21553,5256.88089372334
2018-04-26,1.75708104,89641323591.69164,5272.794604250757
2018-04-27,1.70402847,89614150671.36325,5270.645971179801
2018-04-28,1.77091583,89698959837.0166,5275.137601930703
2018-04-29,1.78054751,89751063804.70547,5277.588818592484
2018-04-30,1.74740041,89826167742.3472,5281.403409785912
2018-05-01,1.71724649,89863316204.79947,5282.974115994135
2018-05-02,1.7386519,90057239359.65067,5293.8300303592
2018-05-03,1.83904816,90206850259.50018,5302.036324272014
2018-05-04,1.82662477,90326027510.15746,5308.50291162654
2018-05-05,1.84393794,90404781211.27898,5312.502964206657
2018-05-06,1.80577797,90431654031.95085,5313.547389994939
2018-05-07,1.75762436,90444430313.94191,5313.712679292519
2018-05-08,1.73387152,90444577114.98212,5313.1789342249185
2018-05-09,1.74723256,90549553110.88919,5318.72086536909
2018-05-10,1.69887071,90576943994.62349,5319.728249984973
2018-05-11,1.58493865,90459855509.428,5312.356151688149
2018-05-12,1.5974431,90466426196.37434,5312.09860733258
2018-05-13,1.63680889,90486064770.35695,5312.674648171535
2018-05-14,1.62361239,90970607738.43094,5340.606063465437
2018-05-15,1.58958164,90971074219.89076,5340.061314114699
2018-05-16,1.56132079,90876161985.77873,5333.789349813397
2018-05-17,1.50426871,91191525756.01825,5351.780693047667
2018-05-18,1.5392871,91147837459.28777,5348.636037610729
2018-05-19,1.53821787,91181571961.21571,5350.0112670711005
2018-05-20,1.59036292,91223240319.32025,5351.890894322568
2018-05-21,1.56883389,91259771002.90738,5353.417707297353
2018-05-22,1.49717102,91184978833.73376,5348.438104382324
2018-05-23,1.40810171,91071361667.0558,5341.139511246677
2018-05-24,1.41826534,91086577391.3459,5341.4719180637385
2018-05-25,1.39150485,91008753513.24622,5336.219758385593
2018-05-26,1.37360478,90975429770.9178,5333.632565286122
2018-05-27,1.37644815,90945767219.21465,5331.252793226153
2018-05-28,1.33597351,90808171609.30708,5322.5785005633525
2018-05-29,1.40088628,90784613350.19533,5320.655810130863
2018-05-30,1.38664652,90756807071.74065,5318.348218328993
2018-05-31,1.40689168,90724461387.59033,5315.7908127204355
2018-06-01,1.41524122,90695804886.14426,5313.465740694112
2018-06-02,1.43730299,90710509447.81247,5313.735730187535
2018-06-03,1.44919617,90739154534.90799,5314.779387720896
2018-06-04,1.40952829,90694633467.59917,5311.460048517991
2018-06-05,1.43371987,90658655254.94391,5308.672922777941
2018-06-06,1.44133056,90659206186.04335,5308.13403909949
2018-06-07,1.44450247,90649007989.12717,5306.981507798668
2018-06-08,1.43712165,90608957789.74812,5304.075914670307
2018-06-09,1.42518183,90581265858.3931,5301.900107607687
2018-06-10,1.27551954,90349348159.13312,5287.83416441709
2018-06-11,1.29750932,90206339527.11784,5278.923689979629
2018-06-12,1.23858038,90054863390.12555,5269.50029679276
2018-06-13,1.20092906,89754268906.50412,5251.36194808242
2018-06-14,1.2632478,89710168836.12164,5248.194474747061
2018-06-15,1.22097074,89605143712.72775,5241.463891644168
2018-06-16,1.23955794,89591428132.49886,5240.025576517964
2018-06-17,1.23172728,89551894566.0361,5237.11220622061
2018-06-18,1.28056779,89527045666.03636,5235.031399402619
2018-06-19,1.28664559,89495697492.65234,5232.605514293893
2018-06-20,1.29123078,89462192570.18787,5230.05409291192
2018-06-21,1.28466547,89493325918.83734,5231.224308041742
2018-06-22,1.16113556,89288293127.27272,5218.663580630241
2018-06-23,1.18384639,89242789367.07297,5215.394354810499
2018-06-24,1.17963703,89170009903.19276,5210.490208937625
2018-06-25,1.19907224,89120017544.55598,5206.971884338002
2018-06-26,1.17183193,89048199091.24289,5202.221078084627
2018-06-27,1.19000509,88315502067.29185,5158.960860601175
2018-06-28,1.13776355,88159471258.55835,5149.2559927762495
2018-06-29,1.20834141,88152957814.45413,5148.3079728922785
2018-06-30,1.23851505,88152136346.29126,5147.730123621509
2018-07-01,1.23860628,87959604929.91035,5135.935964143634
2018-07-02,1.28633397,87993134191.06128,5137.365032206994
2018-07-03,1.26579418,87939160151.86044,5133.77922084197
2018-07-04,1.28137705,87961482921.66873,5134.580314504681
2018-07-05,1.27324533,87939569033.61154,5132.788040690077
2018-07-06,1.28661278,87877231141.05833,5128.55087282001
2018-07-07,1.31378163,87888016473.62616,5128.596660589904
2018-07-08,1.30865599,87811069881.43652,5123.516058737927
2018-07-09,1.30098801,87798583007.54688,5122.279407872921
2018-07-10,1.2330456,87711916951.26662,5116.667221464623
2018-07-11,1.24746562,87653348305.18105,5112.74732476943
2018-07-12,1.20621817,87554015613.61914,5106.428363794867
2018-07-13,1.21722522,87468928903.92314,5100.934050551294
2018-07-14,1.22667095,87448677638.90517,5099.258671339237
2018-07-15,1.24480827,87457222790.72372,5099.26261480933
2018-07-16,1.31568081,87488409492.86958,5100.634885343861
2018-07-17,1.43309368,87629108671.61284,5108.245839084595
2018-07-18,1.44339934,87673496666.22258,5110.185473186705
2018-07-19,1.46018625,87745663166.64818,5113.754699492137
2018-07-20,1.43265396,87767674193.04037,5114.463706877242
2018-07-21,1.44833778,87813102955.40431,5116.600369561187
2018-07-22,1.44583406,87845265558.79945,5117.795984783774
2018-07-23,1.50619599,87944270094.52803,5122.944609227694
2018-07-24,1.63581402,88137408984.57346,5133.601020013742
2018-07-25,1.59635249,88231414908.29453,5138.414257983099
2018-07-26,1.5404035,88227514092.38753,5137.569979683823
2018-07-27,1.58953743,88318356656.17859,5142.234751488929
2018-07-28,1.59195773,88372343431.51723,5144.835131201623
2018-07-29,1.59809411,88465781416.36095,5149.63780117482
2018-07-30,1.5863148,88505738410.07964,5151.461437091156
2018-07-31,1.50002457,88490167477.27725,5150.004333558275
2018-08-01,1.47548838,88475674062.2461,5148.599009625071
2018-08-02,1.46550321,88455103613.17967,5146.829164498133
2018-08-03,1.44098379,88404315307.94742,5143.253034196943
2018-08-04,1.36290424,88320366444.70747,5137.711401378134
2018-08-05,1.36894032,88310138711.4885,5136.518844753428
2018-08-06,1.35040999,88236864121.18858,5131.768089344416
2018-08-07,1.31126727,88160769495.63602,5126.779708905447
2018-08-08,1.22457474,88020049384.84854,5118.01237512273
2018-08-09,1.28263103,87943428752.11482,5113.003470646246
2018-08-10,1.20148237,87848274862.25816,5106.818053903064
2018-08-11,1.23709272,87805471807.81311,5103.699350688896
2018-08-12,1.237715,87784309807.76567,5101.894746170864
2018-08-13,1.22859486,87761470593.1377,5100.011604992405
2018-08-14,1.21462636,87631577642.25195,5091.960202166566
2018-08-15,1.23272558,87547232831.30754,5086.464417048731
2018-08-16,1.23701888,87539159722.1151,5085.411837278749
2018-08-17,1.28997856,87588939874.40791,5087.7421472183605
2018-08-18,1.25820087,87570184569.18199,5086.061851804895
2018-08-19,1.27574994,87608733555.78693,5087.765183135065
2018-08-20,1.23354388,87575987319.99915,5085.3097571312655
2018-08-21,1.27272294,87597380328.67406,5086.005630927506
2018-08-22,1.25162869,87596807696.40683,5085.381856880716
2018-08-23,1.28108729,87627673281.26183,5086.623742417841
2018-08-24,1.31632801,87664004902.87152,5088.193693246631
2018-08-25,1.32478942,87733119468.60535,5091.706528888817
2018-08-26,1.31333891,87779991281.67975,5093.787507703188
2018-08-27,1.34163355,87858092867.96472,5097.635604272894
2018-08-28,1.38993223,87962163791.58466,5103.107658924666
2018-08-29,1.37670606,88070563394.27939,5108.881461659898
2018-08-30,1.36359134,88087190431.3364,5109.275440042858
2018-08-31,1.37493819,88099633573.9364,5109.422977221594
2018-09-01,1.40711254,88143830012.36665,5111.426657700555
2018-09-02,1.42507788,88183124893.58243,5113.171633158644
2018-09-03,1.41924297,88200073945.33736,5113.620688859216
2018-09-04,1.43842941,88246851120.2356,5115.865559895408
2018-09-05,1.32907873,88145083022.4642,5109.477095057333
2018-09-06,1.27139307,88045044788.01358,5103.12356577421
2018-09-07,1.25683206,87984507454.63606,5099.053267660128
2018-09-08,1.21428401,87938524243.00299,5095.834624667263
2018-09-09,1.22689803,87909193256.49,5093.533576172447
2018-09-10,1.23657997,87873498698.38249,5090.96763274566
2018-09-11,1.23448848,87794148380.92928,5085.851137051023
2018-09-12,1.24485106,87755028537.82884,5082.966602637483
2018-09-13,1.27856168,87656746838.96542,5076.729905186577
2018-09-14,1.27941999,87657372986.2011,5076.281072456644
2018-09-15,1.28532707,87659326005.81998,5075.879766109602
2018-09-16,1.28016559,87660564209.7256,5075.440827420021
2018-09-17,1.23381568,87619239224.1649,5072.552550902045
2018-09-18,1.25024052,87606647233.07285,5071.302432416109
2018-09-19,1.25910583,87597949250.82758,5070.226603433026
2018-09-20,1.28206545,87584053427.4014,5068.857530671442
2018-09-21,1.3314931,87489273205.0406,5062.844785969629
2018-09-22,1.32462421,87487461044.91417,5062.17235085843
2018-09-23,1.32411544,87500036918.87822,5062.350794356125
2018-09-24,1.29944603,87486699129.39034,5061.037435478947
2018-09-25,1.26947306,87382903759.04863,5054.415271817411
2018-09-26,1.27892467,87378626431.42416,5053.65996541858
2018-09-27,1.3210537,87410491797.96902,5054.980345313108
2018-09-28,1.31014502,87425091236.9932,5055.261867001593
2018-09-29,1.30289231,87408642044.29721,5053.755476977617
2018-09-30,1.3069717,87410596249.96796,5053.273172132188
2018-10-01,1.29942083,87360471669.41199,5049.798864823369
2018-10-02,1.28953035,87326883586.96117,5047.357697810199
2018-10-03,1.2814305,87290374414.5131,5044.719041460836
2018-10-04,1.29764795,87286715425.45404,5043.961012490454
2018-10-05,1.30556584,87293935989.47821,5043.904625888426
2018-10-06,1.298913,87286959756.9646,5043.0462362738235
2018-10-07,1.30175802,87292485413.82918,5042.848332197576
2018-10-08,1.30960738,87308052665.14474,5043.255997922605
2018-10-09,1.30696334,87304033056.6473,5042.550483589533
2018-10-10,1.29493068,87304406211.90869,5042.047838423551
2018-10-11,1.22741162,86899397494.43828,5018.081580983126
2018-10-12,1.23438108,86871931450.95877,5016.017600708244
2018-10-13,1.23595286,86854487444.78285,5014.500064651648
2018-10-14,1.23348719,86827336135.21503,5012.520109141246
2018-10-15,1.28526524,86841497211.54243,5012.751620113316
2018-10-16,1.28989252,86796582123.82086,5009.671006746817
2018-10-17,1.28666145,86764555191.83531,5007.3239547010135
2018-10-18,1.27802221,86732630942.64078,5004.983295320188
2018-10-19,1.2749913,86765542990.24976,5006.369722014542
2018-10-20,1.28642152,86342674253.73537,4981.456425221469
2018-10-21,1.28793139,86345431418.29594,4981.119765178073
2018-10-22,1.28689576,86326141808.63986,4979.450422303994
2018-10-23,1.28492912,86305323559.66144,4977.696876277106
2018-10-24,1.2887609,86295435813.47676,4976.721159949476
2018-10-25,1.28694965,86270746895.95662,4974.806014475158
2018-10-26,1.28863398,86190872318.1628,4969.687786991765
2018-10-27,1.28980748,86192124175.41995,4969.272877519838
2018-10-28,1.28937475,86192455999.45868,4968.790689493789
2018-10-29,1.26107732,86160424958.58629,4966.42167401607
2018-10-30,1.26329155,86144290968.91884,4964.940775729173
2018-10-31,1.27073654,86115970445.36336,4962.72573646675
2018-11-01,1.27883905,86077348898.82683,4959.949808057902
2018-11-02,1.27995054,86081850454.55432,4959.698351078612
2018-11-03,1.276901,86083544206.85504,4959.220905115729
2018-11-04,1.29459494,86094383392.84212,4959.406067423861
2018-11-05,1.29123581,86092340328.58357,4958.7742141251865
2018-11-06,1.2989943,86096608957.78032,4958.563112153648
2018-11-07,1.31084446,86117447655.80682,4959.29914147461
2018-11-08,1.29195817,86118844556.5704,4958.947654987521
2018-11-09,1.2768824,86118362420.73724,4958.46662707174
2018-11-10,1.28133653,86121714487.47354,4958.192157429274
2018-11-11,1.27781403,86127591585.86656,4958.009581389774
2018-11-12,1.27501457,86124299147.9829,4957.320647535596
2018-11-13,1.26499475,86089890166.56891,4954.912256539562
2018-11-14,1.12750028,85907048557.41832,4943.9086160748075
2018-11-15,1.12835655,85299914816.47493,4908.51992469196
2018-11-16,1.12138354,85178743242.87703,4901.10299920344
2018-11-17,1.12295891,85146687714.7654,4898.747666950861
2018-11-18,1.13432294,85132987270.57832,4897.526218061499
2018-11-19,0.98256686,84787782318.11691,4877.225376469922
2018-11-20,0.89259762,84097168995.99281,4837.040311709524
2018-11-21,0.94205218,83966523614.51132,4829.161384601551
2018-11-22,0.89310508,83792172572.86319,4818.711308315076
2018-11-23,0.89181194,83653617750.43323,4810.311076685249
2018-11-24,0.79317203,83462955062.61838,4798.8541967342435
2018-11-25,0.82453777,83259922877.9126,4786.7435767587585
2018-11-26,0.77562836,82987387838.05675,4770.694553631754
2018-11-27,0.7940544,82740287381.21764,4756.041784188249
2018-11-28,0.88549955,82688405677.03442,4752.656587053997
2018-11-29,0.89130855,82752349774.50273,4755.973100797619
2018-11-30,0.8373706,82567631377.3995,4745.012605301153
2018-12-01,0.8734641,82644231553.90834,4748.991659301236
2018-12-02,0.86368527,82592816006.10136,4745.648566960937
2018-12-03,0.80763958,82841013960.89946,4759.51991603086
2018-12-04,0.81335924,83314751254.74773,4786.263505151867
2018-12-05,0.78473772,82292286059.95564,4727.083665954047
2018-12-06,0.74841821,81698533248.30725,4692.522088138009
2018-12-07,0.72100902,81455153670.11221,4678.160188034041
2018-12-08,0.72908961,81394588226.9388,4674.255602988266
2018-12-09,0.75773343,81369887292.85553,4672.407783274073
2018-12-10,0.73200608,81219184766.63857,4663.339113469263
2018-12-11,0.7222971,80846611142.78406,4641.5307498470365
2018-12-12,0.73845418,80746363385.69815,4635.376182560549
2018-12-13,0.7044642,80627461301.541,4628.115356902381
2018-12-14,0.69277432,80452516232.12627,4617.589568994979
2018-12-15,0.69048064,80378288225.73747,4612.836130834921
2018-12-16,0.69338644,80307927367.0974,4608.418006026855
2018-12-17,0.75972613,80271743139.29471,4605.812994587853
2018-12-18,0.79650093,80082011846.09035,4594.5048417085345
2018-12-19,0.80573894,79998705306.64993,4589.234949140462
2018-12-20,0.88611656,80028890291.34389,4590.522163103722
2018-12-21,0.8376707,79906611475.96437,4583.04809803677
2018-12-22,0.86519497,79910912143.58179,4582.719795870115
2018-12-23,0.86090691,79867755069.00323,4579.667034974583
2018-12-24,0.88260111,79837458672.78915,4577.431122420332
2018-12-25,0.82260882,79764891034.29947,4572.749427622707
2018-12-26,0.83308567,79735447725.69293,4570.547292616305
2018-12-27,0.78552581,79638277763.06456,4564.4083113499355
2018-12-28,0.85252346,79438818273.21065,4552.4317710419955
2018-12-29,0.84031284,79398312390.1358,4549.660726504037
2018-12-30,0.8415034,79343038978.34576,4545.920388304075
2018-12-31,0.81213582,79250723313.51363,4540.127216767154
2019-01-01,0.8391035,79227580658.16284,4538.317182180005
2019-01-02,0.85907301,79225003073.819,4537.678919768065
2019-01-03,0.83487141,79150349076.9364,4532.900024348108
2019-01-04,0.8447265,79127033946.69292,4531.081473576655
2019-01-05,0.83856669,79115437776.16512,4529.888916762339
2019-01-06,0.89346662,79097796707.97807,4528.421862011353
2019-01-07,0.8841578,79050037601.71416,4525.230991797935
2019-01-08,0.88278743,79016171791.32355,4522.745401239457
2019-01-09,0.88542141,79019985500.67487,4522.4330363229765
2019-01-10,0.80976747,78290426716.56297,4480.179291506016
2019-01-11,0.80976244,78218439102.3105,4475.585976917835
2019-01-12,0.80855945,78188216545.2947,4473.41513146222
2019-01-13,0.784834,78146473025.70273,4470.588822762393
2019-01-14,0.82050798,78129048471.97427,4469.115819868503
2019-01-15,0.80090242,78179369405.98308,4471.572224101932
2019-01-16,0.80691139,78161320517.52724,4470.114835888895
2019-01-17,0.81482992,78120040270.21835,4467.348389250803
2019-01-18,0.80838072,78086823938.46423,4465.008438250767
2019-01-19,0.82616434,78061881861.10176,4463.157973066037
2019-01-20,0.79319975,78029577128.81255,4460.810436424154
2019-01-21,0.79297133,78001067783.96521,4458.70267850037
2019-01-22,0.80398567,77846742109.59908,4449.467799339558
2019-01-23,0.79874618,77808824417.9271,4446.836692423644
2019-01-24,0.80256605,77789674668.5203,4445.227821017996
2019-01-25,0.80172488,77742785252.49605,4442.110488019794
2019-01-26,0.8011809,77709732909.96358,4439.746273599682
2019-01-27,0.79718191,77680637122.46115,4437.649783881023
2019-01-28,0.77522856,77572597901.34813,4431.01904556624
2019-01-29,0.76708054,77509363090.72473,4426.945524255275
2019-01-30,0.77747695,77427877072.67534,4421.862109429919
2019-01-31,0.77173662,77382408124.36617,4418.7764680831515
2019-02-01,0.78014383,77341042590.57487,4415.916346209698
2019-02-02,0.78422167,77323926960.19566,4414.4854062438235
2019-02-03,0.77343528,77302162783.50531,4412.808291220243
2019-02-04,0.77384742,77232111860.53432,4408.347012022461
2019-02-05,0.77765737,77201492049.08537,4406.137128741981
2019-02-06,0.76510945,77126452027.5156,4401.33939659382
2019-02-07,0.76378864,77071331395.0277,4397.648018259174
2019-02-08,0.8216013,77066772371.69237,4396.876707995131
2019-02-09,0.82367897,77067636849.73508,4396.455722284471
2019-02-10,0.8284814,77067724801.68544,4396.02187707135
2019-02-11,0.81717159,77039524509.63194,4393.959025955981
2019-02-12,0.81707553,76997326417.12358,4391.151532600016
2019-02-13,0.81622357,76832211428.82806,4381.2571751501
2019-02-14,0.81324408,76815885764.81906,4379.88602806862
2019-02-15,0.81432592,76787346658.78117,4377.862519381441
2019-02-16,0.81951471,76731623896.22102,4374.218008399191
2019-02-17,0.82849268,76713844593.88704,4372.709037077914
2019-02-18,0.88420768,76717282520.2969,4372.422118211515
2019-02-19,0.89133025,76689645814.36177,4370.361278535907
2019-02-20,0.89885411,76761111324.9917,4374.028872213023
2019-02-21,0.89047082,76714731404.79504,4371.015542398526
2019-02-22,0.90331002,76721996573.52374,4370.925178622683
2019-02-23,0.94072884,76698007192.04497,4369.113549526247
2019-02-24,0.8599356,76644803391.84576,4365.656904876307
2019-02-25,0.87606044,76601286951.59337,4362.734033132017
2019-02-26,0.87035678,76590696682.05232,4361.630949070172
2019-02-27,0.8713884,76572332699.02058,4360.147544312157
2019-02-28,0.87032071,76544606718.24948,4358.103489194254
2019-03-01,0.87459349,76534627814.50726,4357.032994354257
2019-03-02,0.87461492,76520070474.44432,4355.795109234382
2019-03-03,0.86848471,76516699587.4522,4355.150789299814
2019-03-04,0.85007558,76440538261.046,4350.3918264015065
2019-03-05,0.88264283,76454332856.97357,4350.715735258508
2019-03-06,0.88556451,76444603535.42308,4349.766032835011
2019-03-07,0.88659022,76441681484.11629,4349.160504299968
2019-03-08,0.88315552,76414756389.40059,4347.177213921553
2019-03-09,0.89955742,76418847963.37144,4346.983393866352
2019-03-10,0.89825462,76410854211.96822,4346.108401764635
2019-03-11,0.88665284,76380484383.6846,4343.942463076338
2019-03-12,0.88880804,76348359543.1632,4341.6740737260425
2019-03-13,0.88736975,76341559781.17754,4340.870833599996
2019-03-14,0.88808394,76324730387.4182,4339.435825232556
2019-03-15,0.89930632,76321922225.74179,4338.8043874711675
2019-03-16,0.92006352,76289087056.66637,4336.435463559776
2019-03-17,0.91484274,76296750901.17027,4336.421245959376
2019-03-18,0.91560369,76286199064.79916,4335.3256317929
2019-03-19,0.92168535,76302536222.85255,4335.718153234366
2019-03-20,0.92967286,76308531480.25133,4335.563023601731
2019-03-21,0.91748018,76287132772.8906,4333.907082426206
2019-03-22,0.9194745,76276145669.24725,4332.787527898991
2019-03-23,0.91913227,76271953963.33754,4332.103401202125
2019-03-24,0.91670464,76268699723.87912,4331.457281615483
2019-03-25,0.90273487,76239284462.69734,4329.331865391243
2019-03-26,0.90526912,76218384445.03165,4327.733395019627
2019-03-27,0.93039612,76235939938.74577,4328.272475904436
2019-03-28,0.92674903,76238424586.2011,4327.96510400504
2019-03-29,0.94438915,76287002218.91623,4330.271096438443
2019-03-30,0.944965,76293340460.48651,4330.203804733667
2019-03-31,0.94641855,76228860293.35533,4326.117461167925
2019-04-01,0.95655086,76241123067.68964,4326.395992906003
2019-04-02,1.12892016,76555036443.68716,4343.725655558289
2019-04-03,1.14051964,76657376701.17816,4349.094420458143
2019-04-04,1.12838804,76724407470.50467,4352.465223270808
2019-04-05,1.15614507,76750452341.79843,4353.454955002964
2019-04-06,1.15841744,76776869943.18506,4354.524260216636
2019-04-07,1.19121228,76813398166.45819,4356.160562399113
2019-04-08,1.21179209,76889304477.9249,4360.007849893854
2019-04-09,1.19099798,76938219198.26512,4362.373401191873
2019-04-10,1.21651316,77016712144.7857,4366.365920178734
2019-04-11,1.15695368,77009772789.91318,4365.486791650526
2019-04-12,1.16368455,77060643510.08318,4367.903167596451
2019-04-13,1.16156591,77085988273.45782,4368.921857027846
2019-04-14,1.18135304,77026404806.9615,4365.167622220296
2019-04-15,1.15555322,77014680612.72601,4364.054940245019
2019-04-16,1.19224124,77066359670.69106,4366.534878001519
2019-04-17,1.1961381,77123673389.84283,4369.355190003386
2019-04-18,1.20765693,77158419002.87973,4370.8624597281105
2019-04-19,1.20719787,77363503221.63786,4382.008410196772
2019-04-20,1.21246475,77384404302.92679,4382.78577758851
2019-04-21,1.20835451,77389989436.42708,4382.59946426704
2019-04-22,1.22794551,77429065896.77457,4384.396482980796
2019-04-23,1.2632969,77520260449.15915,4389.199967057949
2019-04-24,1.238908,77445554697.16081,4384.464318284843
2019-04-25,1.17030753,77400584106.15497,4381.47498494476
2019-04-26,1.17673094,77323987891.93277,4376.671408560295
2019-04-27,1.18413668,77320002576.36879,4376.0216630119
2019-04-28,1.17650667,77332687835.72395,4376.234956177147
2019-04-29,1.17708337,77305676723.97131,4374.202052721873
2019-04-30,1.20333737,77357064306.05898,4376.6763451492825
2019-05-01,1.21799733,77139945007.48561,4363.86451606371
2019-05-02,1.23567987,77161282375.73703,4364.503709515053
2019-05-03,1.2951638,77247159950.51616,4368.891709580966
2019-05-04,1.32099457,77300285315.7851,4371.488392035304
2019-05-05,1.30956777,77355832674.40643,4374.230821380798
2019-05-06,1.29939268,77470867267.95721,4380.268152695966
2019-05-07,1.32870246,77553325235.26366,4384.536845852608
2019-05-08,1.35126305,77655101225.38307,4389.819284242027
2019-05-09,1.39928506,77758560861.5654,4395.201964615516
2019-05-10,1.44472955,77858324160.77919,4400.452315501549
2019-05-11,1.6543368,78349499882.39339,4427.806272770822
2019-05-12,1.56569495,78471604203.55069,4434.211897099004
2019-05-13,1.74753483,78986913705.65065,4462.804175412251
2019-05-14,1.77133721,79499302189.7751,4491.272264499824
2019-05-15,1.81667469,80053618037.36212,4522.112232652176
2019-05-16,1.72799889,80552297788.22691,4549.812877679465
2019-05-17,1.61073752,80542927500.71161,4548.798665770162
2019-05-18,1.59950822,80575393498.52164,4550.140769775607
2019-05-19,1.80201739,80784272602.97488,4561.411467270407
2019-05-20,1.74723194,80907960113.96463,4567.876305511945
2019-05-21,1.74497388,81048500983.93266,4575.316896652717
2019-05-22,1.67542929,81082184209.99281,4576.67904017908
2019-05-23,1.72268374,81228025404.53778,4584.399974476974
2019-05-24,1.73899884,81387951737.01395,4592.930244635051
2019-05-25,1.75307893,81495286036.76773,4598.533256414599
2019-05-26,1.89396436,81711276397.0854,4610.184404881706
2019-05-27,1.90714924,81948404024.94325,4623.01875670605
2019-05-28,1.88105961,82174194318.86656,4635.220384288784
2019-05-29,1.84071984,83372387061.65233,4702.2302460415485
2019-05-30,1.75787076,83439379701.41263,4705.477872093065
2019-05-31,1.81476063,83611468959.13892,4714.793810335194
2019-06-01,1.81246057,83712639570.74684,4719.996380187068
2019-06-02,1.8504971,83816355995.16771,4725.40797036131
2019-06-03,1.72701182,83952454203.00583,4732.6840360267715
2019-06-04,1.62636908,83447224034.85408,4703.692062302125
2019-06-05,1.65612566,83549188471.09647,4708.908662398189
2019-06-06,1.651342,83565894473.1422,4709.329337063473
2019-06-07,1.70183629,83673661950.79297,4714.877770672641
2019-06-08,1.6835165,83704486198.58922,4716.202754698389
2019-06-09,1.61842434,83726844306.47997,4716.974134688662
2019-06-10,1.69111483,83907811703.51335,4726.646823015519
2019-06-11,1.67511723,83967092377.71802,4729.50996218852
2019-06-12,1.72008481,84094555594.1787,4736.252583425268
2019-06-13,1.73649236,84188482792.74788,4741.038619587886
2019-06-14,1.82901577,84456493491.17717,4755.56578444398
2019-06-15,1.85878621,84570326167.46913,4761.486161452654
2019-06-16,1.88896018,84815590515.7958,4774.8582009395295
2019-06-17,1.9511578,85042681080.83481,4787.194653747888
2019-06-18,1.88755922,85156154528.95416,4793.032530379052
2019-06-19,1.93150882,85417638639.47838,4807.151580370941
2019-06-20,1.98086596,85645159562.86125,4819.467834259659
2019-06-21,2.08422475,85982591150.79175,4838.0033456930205
2019-06-22,2.19688103,86450482018.193,4863.847922064218
2019-06-23,2.2136737,86681960785.9053,4876.250594826328
2019-06-24,2.24706654,87064192318.3372,4897.143326012989
2019-06-25,2.37982686,87610395073.0476,4927.360064673234
2019-06-26,2.57176389,88944365928.93756,5001.804689379746
2019-06-27,2.21524309,89190752479.03091,5015.159686988076
2019-06-28,2.44168454,90022436065.47836,5061.345049189523
2019-06-29,2.35329242,90286870766.87285,5075.591730899597
2019-06-30,2.13021037,90551555703.76756,5089.9276727245015
2019-07-01,2.07558255,90603400251.87294,5092.3302126572125
2019-07-02,2.11000412,90792626071.31323,5102.3991916274545
2019-07-03,2.33157806,91226317626.05148,5126.152582475664
2019-07-04,2.17425127,91494603051.02834,5140.624974203234
2019-07-05,2.13840364,91553929418.31134,5143.275523262577
2019-07-06,2.17712562,91652613880.03069,5148.175878122274
2019-07-07,2.22256119,91774995271.52286,5154.496378079832
2019-07-08,2.37905472,92211562900.14256,5178.368858957393
2019-07-09,2.41917807,92602208061.42561,5199.744397490342
2019-07-10,2.31328701,93213304508.71243,5233.584453200514
2019-07-11,2.15704038,93268193542.796,5236.192207188074
2019-07-12,2.24857787,93590579834.14218,5253.6867295136635
2019-07-13,2.15890911,93637841490.20514,5255.819754338337
2019-07-14,1.95875859,93539971667.08092,5249.792313165657
2019-07-15,2.07837284,93681199921.0947,5257.180070784941
2019-07-16,1.80452153,93538234727.62067,5248.560744386048
2019-07-17,1.84011447,93710943417.05484,5257.761198483396
2019-07-18,2.02312657,94095761181.46992,5278.903874835276
2019-07-19,1.9920017,94252254537.21013,5287.245853809161
2019-07-20,2.0519756,94379935688.52826,5293.751323322363
2019-07-21,1.99813946,94497351081.35368,5299.783474956046
2019-07-22,1.94697902,94507760350.3859,5299.780233476733
2019-07-23,1.86302934,94450252433.85814,5296.024452511166
2019-07-24,1.84274782,94784184232.35265,5314.230970859783
2019-07-25,1.86177246,94825746037.47597,5316.002357254526
2019-07-26,1.84937883,94888814963.40639,5318.919319594239
2019-07-27,1.7764295,94878701761.02666,5317.7860714848575
2019-07-28,1.79184692,94901589403.74065,5318.41681650715
2019-07-29,1.75506806,96641118897.51503,5415.265158409629
2019-07-30,1.76975529,96705341257.7963,5418.324928990533
2019-07-31,1.85482085,96803361381.21841,5423.167428269258
2019-08-01,1.91516898,96943717676.3962,5430.490532682708
2019-08-02,1.93668955,97070610061.67511,5436.955269579784
2019-08-03,1.98633631,97179453252.35374,5442.39241572078
2019-08-04,2.0166431,97289514486.78824,5447.919331440353
2019-08-05,2.15209305,97843612295.44333,5478.39877907714
2019-08-06,2.07763358,98210492048.54189,5498.3213169636
2019-08-07,2.16935722,98545867195.24277,5516.506657829594
2019-08-08,2.15713659,98873494427.74503,5534.297024218944
2019-08-09,2.13982687,99016457994.9398,5541.729223392919
2019-08-10,2.03923311,99051916796.25255,5543.128201705983
2019-08-11,2.07768124,99177277585.28839,5549.549671178626
2019-08-12,2.04944243,99284296626.96745,5555.02124867245
2019-08-13,1.95417056,99401265236.90584,5560.955108376007
2019-08-14,1.8019476,99449826514.905,5563.080520044423
2019-08-15,1.85280853,99487404041.1128,5564.571677391242
2019-08-16,1.86332594,99542837349.76012,5567.100033398021
2019-08-17,1.83353888,99548440472.81804,5566.915254973921
2019-08-18,1.85527013,99587846177.03014,5568.628421801519
2019-08-19,1.95283046,99691171109.53966,5573.77099412967
2019-08-20,1.92992501,99835598339.62862,5581.249179919585
2019-08-21,1.80967076,99811542999.68665,5579.374130930701
2019-08-22,1.81392145,99813171527.49686,5578.915517449391
2019-08-23,1.85888092,100243566225.2213,5602.372944141628
2019-08-24,1.81099778,100266650202.38194,5603.036771740383
2019-08-25,1.8021966,100303156556.48698,5604.469999763177
2019-08-26,1.8474094,100398913576.34425,5609.283720411567
2019-08-27,1.81156248,100474125161.26924,5612.956596260482
2019-08-28,1.73309226,100454023390.43646,5611.241941662695
2019-08-29,1.69107373,100394531768.6365,5607.272803504741
2019-08-30,1.70811556,100403742979.80823,5607.160925045978
2019-08-31,1.71310224,100408943744.74121,5606.8016474171845
2019-09-01,1.7403943,100469297905.74121,5609.611889039484
2019-09-02,1.84745992,100613594783.51628,5617.084447802472
2019-09-03,1.88765943,100773526564.85179,5625.3693526932975
2019-09-04,1.87870879,100867106196.08487,5630.058868212087
2019-09-05,1.8773914,100977600059.13107,5635.577482452993
2019-09-06,1.81873604,101789002527.79599,5680.235891300531
2019-09-07,1.84632204,101867233541.90991,5684.006764568982
2019-09-08,1.83013043,101926740475.25015,5686.625109770619
2019-09-09,1.81652807,101962285371.93448,5688.02905557705
2019-09-10,1.77328813,101969538903.02939,5687.711857809199
2019-09-11,1.77786135,102287046514.61523,5704.690110043789
2019-09-12,1.82231036,102373534336.96634,5708.884830560531
2019-09-13,1.81108514,102444269806.55473,5712.232141075156
2019-09-14,1.813611,102491789338.30565,5714.264468134512
2019-09-15,1.80307986,102531085179.28882,5715.869771539624
2019-09-16,1.79436332,102557485295.89073,5716.692181125837
2019-09-17,1.78283665,102605124050.69675,5718.757902570939
2019-09-18,1.77473473,102739302775.43272,5725.542355534114
2019-09-19,1.79282081,102785141192.70665,5727.506380944005
2019-09-20,1.77523927,102820528086.22609,5728.875700305401
2019-09-21,1.74318445,102831582168.5577,5728.829274563515
2019-09-22,1.7535283,102857282220.48637,5729.598703863803
2019-09-23,1.69241697,102821645703.96765,5727.158980168576
2019-09-24,1.5076985,102580915815.8101,5713.125832856934
2019-09-25,1.47778949,102365557842.6305,5700.512626061246
2019-09-26,1.42454001,102013231927.18927,5680.216239935731
2019-09-27,1.44132571,102019338559.13115,5680.034417255541
2019-09-28,1.44491153,101966376874.6066,5676.457584529365
2019-09-29,1.42120643,101939243610.24039,5674.410059037791
2019-09-30,1.45994759,101924149561.26453,5673.056697960233
2019-10-01,1.46687818,101846932321.18007,5668.194880451988
2019-10-02,1.47560342,101839431256.25702,5667.193921467246
2019-10-03,1.45721375,101800845731.04596,5664.467488236631
2019-10-04,1.44209083,101773982113.73409,5662.3937836541
2019-10-05,1.43793767,101778469685.74641,5662.021298734811
2019-10-06,1.38789488,101741340661.10495,5659.369399053386
2019-10-07,1.45350223,101753757740.28848,5659.450160789309
2019-10-08,1.44711351,101768303861.0971,5659.6217671605455
2019-10-09,1.5187746,101809351156.67258,5661.361416465683
2019-10-10,1.51523934,101818119162.40506,5661.211501616861
2019-10-11,1.4650268,101780384832.01886,5658.499918861859
2019-10-12,1.47085893,101800738172.83336,5659.108412298792
2019-10-13,1.46532541,101796237840.22365,5658.299920856426
2019-10-14,1.46837588,102269659140.51736,5684.08167845061
2019-10-15,1.43701211,102188098131.44499,5678.944923802876
2019-10-16,1.41022441,102137878707.40614,5675.590258109601
2019-10-17,1.42275851,102116832785.75728,5673.829624319773
2019-10-18,1.40337963,102087073798.73189,5671.54590491741
2019-10-19,1.40147566,102096418876.623,5671.505802126944
2019-10-20,1.4480022,102123630945.042,5672.442375622964
2019-10-21,1.44819078,102096061660.17406,5670.285070270632
2019-10-22,1.41660892,102065188389.0666,5667.905418018517
2019-10-23,1.31849373,101871356381.684,5656.481852825262
2019-10-24,1.32043974,101680624353.22554,5645.370184151546
2019-10-25,1.53033296,101894691131.10799,5656.713541317825
2019-10-26,1.63052996,102194124092.9282,5672.785528552024
2019-10-27,1.68313273,102310443121.54279,5678.789244392716
2019-10-28,1.63844571,102482603017.60999,5687.816254632897
2019-10-29,1.65571824,102642095423.72629,5696.142553762136
2019-10-30,1.61181743,102670791394.0006,5697.2054615184115
2019-10-31,1.60646394,102712975538.45938,5699.024466601254
2019-11-01,1.62077063,102884266860.37271,5708.013905369274
2019-11-02,1.62876338,102929097606.9612,5709.970491552873
2019-11-03,1.61294847,102936158956.65181,5709.815823244594
2019-11-04,1.64848919,103008910701.54929,5713.328414744029
2019-11-05,1.63757092,102741790537.51642,5697.943893000384
2019-11-06,1.64148312,102771567131.74956,5699.073763421375
2019-11-07,1.61571232,102811149271.82755,5700.73527840932
2019-11-08,1.54350145,102729601278.6701,5695.708245010279
2019-11-09,1.54712396,102726070911.90671,5694.944160745905
2019-11-10,1.58742033,102767669474.43857,5696.595005308273
2019-11-11,1.52978275,102762560872.21667,5695.7158979425985
2019-11-12,1.5426696,102799663473.85243,5697.239475618979
2019-11-13,1.5361222,102986350872.29474,5707.052102045319
2019-11-14,1.51523438,102973564189.39198,5705.675582429439
2019-11-15,1.48420069,102954554777.33647,5703.998081650743
2019-11-16,1.48640991,102955524936.51897,5703.467250726579
2019-11-17,1.4912036,102968081914.02228,5703.5546475754545
2019-11-18,1.43585132,102903583854.10286,5699.429529723789
2019-11-19,1.42462588,102879401811.24121,5697.510333442159
2019-11-20,1.41836156,102831265864.49756,5694.284791588555
2019-11-21,1.33896278,102677027284.29735,5685.204698534413
2019-11-22,1.28344958,102416918800.7807,5670.284510305446
2019-11-23,1.29339001,102302739306.12169,5663.284950338035
2019-11-24,1.22636138,102284711633.03479,5661.773739196753
2019-11-25,1.26222308,102187966948.86398,5655.929446301299
2019-11-26,1.26841696,102073525955.96283,5649.118512476127
2019-11-27,1.33297166,102039267664.38156,5646.679552467035
2019-11-28,1.31736129,102018112571.65308,5644.872396172048
2019-11-29,1.37249236,102030261082.3482,5645.013602903159
2019-11-30,1.33947241,101969704051.49707,5641.171602194979
2019-12-01,1.31531292,101949561629.1966,5639.515200702103
2019-12-02,1.29871273,101879073351.10426,5635.051041503319
2019-12-03,1.29767248,101806538115.40678,5630.423967466621
2019-12-04,1.28246605,101736405815.87434,5625.8957847871225
2019-12-05,1.31656246,101708738544.23163,5623.802151379661
2019-12-06,1.34019312,101681512795.5933,5621.733348349228
2019-12-07,1.33632666,101686844847.82077,5621.425978757349
2019-12-08,1.33937263,101693951081.9615,5621.243932267812
2019-12-09,1.30638835,101658645206.57599,5618.717787163557
2019-12-10,1.28784015,101613982192.81247,5615.675038359527
2019-12-11,1.28292787,101566239647.28818,5612.5247680498915
2019-12-12,1.28218893,101526618415.05339,5609.819938357149
2019-12-13,1.29164777,101523156220.25475,5609.039777188452
2019-12-14,1.26106197,101501594263.92421,5607.263765394551
2019-12-15,1.26826677,101507150442.23691,5607.090588645707
2019-12-16,1.22841184,101438260157.18594,5602.677840783732
2019-12-17,1.18120445,101310998367.57162,5595.104200493275
2019-12-18,1.30300236,101239645374.91776,5590.646423414996
2019-12-19,1.27839546,101238017551.13963,5589.950732177044
2019-12-20,1.28507153,101259244166.53181,5590.5208421068355
2019-12-21,1.27731542,101263594789.85806,5590.082057632992
2019-12-22,1.33772206,101294720743.41557,5591.148289720302
2019-12-23,1.30974111,101288003026.19014,5590.225936975972
2019-12-24,1.29430833,101298880973.75574,5590.344214048781
2019-12-25,1.28852354,101137425525.18117,5580.941242014546
2019-12-26,1.28945009,101125104889.65518,5579.618640631884
2019-12-27,1.29743017,101107065669.14168,5578.0654825394495
2019-12-28,1.30991222,101115616583.12712,5577.964077851903
2019-12-29,1.32663778,101012186151.2478,5571.662915698813
2019-12-30,1.29751611,101024791334.19818,5571.720493430252
2019-12-31,1.28681852,101001097165.33844,5569.856932620468
2020-01-01,1.28743526,101010417659.62956,5569.702874838288
2020-01-02,1.24755453,100995769275.82278,5568.354009456285
2020-01-03,1.31328518,101041684349.123,5570.236740443228
2020-01-04,1.31850725,101036412124.88853,5569.30134012479
2020-01-05,1.31891454,101049110148.18356,5569.375777613044
2020-01-06,1.39343235,101126866032.33673,5573.142990872933
2020-01-07,1.45871525,101219471790.60677,5577.570291326782
2020-01-08,1.44434936,101276361038.52028,5580.159310536899
2020-01-09,1.40023893,101333717015.1706,5582.7158677986035
2020-01-10,1.45520178,101416965170.16121,5586.7289551624035
2020-01-11,1.43755242,101438322289.79137,5587.278337322926
2020-01-12,1.46084233,101478913266.18312,5588.933059710756
2020-01-13,1.45276596,101520326897.1049,5590.663528226713
2020-01-14,1.57463765,101840688649.72395,5607.745930288032
2020-01-15,1.56868373,102021107598.05592,5617.096699608881
2020-01-16,1.55078627,102123289301.4481,5622.107421684138
2020-01-17,1.58368313,102236615927.30835,5627.730532274861
2020-01-18,1.58583813,102286126687.7956,5629.944562232906
2020-01-19,1.54314165,102291418290.48886,5629.654825689683
2020-01-20,1.53413892,102297213280.18996,5629.3851056245285
2020-01-21,1.5503965,102344184330.91321,5631.377238144378
2020-01-22,1.53544323,102369849012.763,5632.185094848358
2020-01-23,1.48547764,102379814274.13,5632.117501255985
2020-01-24,1.49494018,102435658919.02629,5634.600682251466
2020-01-25,1.4807681,102462406159.56729,5635.436479868467
2020-01-26,1.52095733,102503759359.90282,5637.156704182515
2020-01-27,1.5779271,102592795893.88455,5641.5529493489585
2020-01-28,1.64585254,102737887881.17151,5648.980143537343
2020-01-29,1.64528656,102945486873.75552,5659.772449330523
2020-01-30,1.67702648,103144533501.27191,5670.107823779139
2020-01-31,1.64732688,103339875026.3926,5680.284159758232
2020-02-01,1.650978,103393156082.38165,5682.623286705345
2020-02-02,1.64356756,103399015604.09164,5682.38707700034
2020-02-03,1.6319591,103480775309.66963,5686.302138646931
2020-02-04,1.61069803,103520796512.1851,5687.985598219568
2020-02-05,1.69086813,103645166490.97414,5694.197320912348
2020-02-06,1.70571675,103938575280.12056,5709.787651712925
2020-02-07,1.7097118,104355129507.98734,5732.123624475575
2020-02-08,1.72664271,104512335638.99194,5740.210960272221
2020-02-09,1.76640757,104642181935.76224,5746.738960526816
2020-02-10,1.71346985,104921933748.36096,5761.619834195909
2020-02-11,1.7792319,105147189406.41606,5773.402868886175
2020-02-12,1.79208365,105296824963.33417,5781.055601344613
2020-02-13,1.76851563,105426599559.73508,5787.620504444396
2020-02-14,1.7883096,105554111766.99551,5794.083804158518
2020-02-15,1.71075719,105558579302.0215,5793.764530080243
2020-02-16,1.71695434,105615743337.48212,5796.337374686493
2020-02-17,1.67061779,105622922266.84273,5796.107096227616
2020-02-18,1.75425426,105919053586.84883,5811.759459813653
2020-02-19,1.65794069,105934241835.95909,5812.030766104039
2020-02-20,1.65435215,105931105089.57738,5811.356501360982
2020-02-21,1.66881312,105983033546.8553,5813.591340106727
2020-02-22,1.66379813,106022352703.95892,5815.158030961773
2020-02-23,1.71384131,106102726766.92761,5818.999906756775
2020-02-24,1.65765413,106136289762.8599,5820.278011257566
2020-02-25,1.60369037,106264619734.19664,5826.740195548789
2020-02-26,1.51151916,106173882601.03485,5821.222238802512
2020-02-27,1.50901158,106120968544.9504,5817.734998350338
2020-02-28,1.50435395,106116218690.93477,5816.844796396812
2020-02-29,1.47581569,106095413012.91708,5815.150467501352
2020-03-01,1.46928146,106079481143.18063,5813.572230008054
2020-03-02,1.53109223,106151088507.52597,5816.902850103426
2020-03-03,1.50704354,106192304239.48338,5818.5516088023705
2020-03-04,1.50859699,105944562447.53096,5804.313299193319
2020-03-05,1.56090164,105987423269.12218,5806.0133774649175
2020-03-06,1.57478419,106043502948.53201,5808.468942637378
2020-03-07,1.53210003,106044790329.2298,5807.915137727946
2020-03-08,1.39731984,105979151128.5157,5803.692403841866
2020-03-09,1.36296685,105804388183.26714,5793.5270545071735
2020-03-10,1.3667676,105700666459.46182,5787.32468888855
2020-03-11,1.37532279,105442350975.64627,5772.711244590799
2020-03-12,0.87746909,103245195429.9605,5651.838305070735
2020-03-13,1.00230839,102576116462.61214,5614.731398556266
2020-03-14,0.91943052,102243645467.08272,5596.0427618054155
2020-03-15,0.9586443,102137533822.08936,5589.779924999044
2020-03-16,0.9005596,101719675244.92528,5566.45821973906
2020-03-17,0.97465625,101566444080.06348,5557.605269237743
2020-03-18,0.97098752,101500406218.1495,5553.611889825206
2020-03-19,1.11612479,101590168899.01328,5558.116518571817
2020-03-20,1.11275432,101422487703.65181,5548.528875661798
2020-03-21,1.11317824,101420075494.17157,5547.926468818902
2020-03-22,1.05120625,101403595256.89847,5546.543296905408
2020-03-23,1.16908967,101442673117.69975,5548.255898399042
2020-03-24,1.21902362,101625867179.64403,5557.773867364678
2020-03-25,1.20405859,101603154216.91187,5556.182289150879
2020-03-26,1.21539093,101637240635.88245,5557.438491054709
2020-03-27,1.168733,101579675730.55121,5553.70252659971
2020-03-28,1.12273873,101531420808.04012,5550.552166521973
2020-03-29,1.06488351,101441675034.08237,5545.073739372065
2020-03-30,1.16111925,101426870828.80905,5543.707677032605
2020-03-31,1.16086021,101389239891.69354,5541.048945194788
2020-04-01,1.20232747,101109961671.07932,5525.208542984017
2020-04-02,1.2293196,101127898998.22552,5525.611258530605
2020-04-03,1.22207588,101124829437.7664,5524.945432833991
2020-04-04,1.24154011,101143749033.48389,5525.386665657776
2020-04-05,1.22896481,101160404605.31381,5525.636224398956
2020-04-06,1.31870276,101328941193.68187,5534.358436603454
2020-04-07,1.29919781,101303452952.67601,5532.331782983254
2020-04-08,1.33180003,101371646459.57246,5535.511787004285
2020-04-09,1.3184332,101401426188.23381,5536.555957405963
2020-04-10,1.24393645,101010699153.38496,5514.608623898439
2020-04-11,1.24828502,101012544520.18906,5514.111055309844
2020-04-12,1.26554137,101027876641.89413,5514.372308995327
2020-04-13,1.24500204,101012742275.45236,5512.903041666469
2020-04-14,1.24727346,101016104313.45575,5512.454745447947
2020-04-15,1.20252464,100976131290.56865,5509.638268287193
2020-04-16,1.29329091,101018302125.13118,5511.360380807602
2020-04-17,1.28483033,101030364518.55695,5511.54112187091
2020-04-18,1.31739282,101068074635.03104,5513.0043471773515
2020-04-19,1.29699559,101077162435.5528,5512.928702755882
2020-04-20,1.24397211,101019624149.07536,5509.185744354566
2020-04-21,1.2473842,101005663465.50345,5507.864937407224
2020-04-22,1.29301523,101041684193.96196,5509.337210150163
2020-04-23,1.35798226,101146320388.65082,5514.508831126748
2020-04-24,1.3603772,101218695174.82481,5517.913205603261
2020-04-25,1.36573263,101251503372.7389,5519.190245251357
2020-04-26,1.39182404,101291627686.72095,5520.862049259633
2020-04-27,1.40592618,101504524446.21971,5531.934485056407
2020-04-28,1.40416612,101543202273.03069,5533.461880152735
2020-04-29,1.57124906,102340367674.24992,5576.3515744282895
2020-04-30,1.54783671,102600329299.3024,5590.002443625465
2020-05-01,1.58149669,102783875308.60239,5599.464933606671
2020-05-02,1.60183196,102884541302.90027,5604.384186077153
2020-05-03,1.58639791,102965892826.34825,5608.174079351
2020-05-04,1.58241067,103064227085.33774,5612.926197281196
2020-05-05,1.59959352,103161176857.71957,5617.601901361229
2020-05-06,1.64574813,103413654017.64732,5630.76020208311
2020-05-07,1.76246608,104150690128.74492,5670.323696020089
2020-05-08,1.73504927,104383078015.33191,5682.445896546315
2020-05-09,1.68527866,104401830810.90125,5682.940839222737
2020-05-10,1.53444392,104352592210.85428,5679.6036529118255
2020-05-11,1.51427708,104255430895.34042,5673.765387994018
2020-05-12,1.55398556,104264169871.10837,5673.9592104846515
2020-05-13,1.64026769,104449720324.06786,5683.826645421266
2020-05-14,1.72149026,104631163923.00624,5693.479490105549
2020-05-15,1.63770129,104665430309.53969,5695.101979746819
2020-05-16,1.64923495,104702390362.65247,5696.868956909079
2020-05-17,1.69855053,104772166000.4673,5700.4677283169185
2020-05-18,1.7030904,104975717714.70442,5711.294022966925
2020-05-19,1.70545218,105129231819.75035,5719.422436113406
2020-05-20,1.66337697,105157068806.05031,5720.713176799002
2020-05-21,1.58611169,105105092515.36331,5717.630912448271
2020-05-22,1.60231403,105113359248.12706,5717.864826970472
2020-05-23,1.60568496,105147066183.21007,5719.466990008457
2020-05-24,1.54008682,105124412246.21,5718.009233505136
2020-05-25,1.55903037,105065699049.76201,5714.572822292916
2020-05-26,1.54624899,105058056148.40962,5713.916264779976
2020-05-27,1.60359036,105134951331.77151,5717.830231416975
2020-05-28,1.67222784,105213823186.8124,5721.864942165978
2020-05-29,1.64770853,105268001880.63751,5724.564242821963
2020-05-30,1.69215433,105326121196.43369,5727.421145549266
2020-05-31,1.64704955,105338161435.21802,5727.783870642744
2020-06-01,1.77456298,105703852059.17842,5747.406639936387
2020-06-02,1.65555855,105677138643.96385,5745.702278558273
2020-06-03,1.67699652,105756171419.68983,5749.727733693013
2020-06-04,1.70498933,105870952074.75374,5755.672781327617
2020-06-05,1.67491159,105895497270.37103,5756.657055886692
2020-06-06,1.67895972,105940627520.51978,5758.726920842348
2020-06-07,1.69210512,105981238194.14575,5760.623259059797
2020-06-08,1.6929366,106171524015.01547,5770.648683172489
2020-06-09,1.69357425,106246827978.59773,5774.427761678208
2020-06-10,1.71128591,106325297058.49634,5778.37059074083
2020-06-11,1.60651966,106267664260.98717,5774.875589954617
2020-06-12,1.63695561,106306672567.22163,5776.67560167612
2020-06-13,1.63756141,106331176290.22142,5777.697093299091
2020-06-14,1.61687359,106350403143.20348,5778.408215141296
2020-06-15,1.63326898,106396951478.02844,5780.666459042129
2020-06-16,1.64602728,106457805089.56145,5783.6781102898
2020-06-17,1.63347313,106476437619.99619,5784.419337591326
2020-06-18,1.61930293,106745344648.6707,5798.7857567786405
2020-06-19,1.601515,106740747659.64786,5798.254517087858
2020-06-20,1.61343538,106770626886.20555,5799.60783087899
2020-06-21,1.6005863,106798884318.95224,5800.8552065136
2020-06-22,1.66795041,106904314072.09283,5806.299831627345
2020-06-23,1.65453862,106965453822.23743,5809.3089409098475
2020-06-24,1.60043802,106918779919.42712,5806.5001127265095
2020-06-25,1.59283584,106904474088.20033,5805.4453574422405
2020-06-26,1.57369557,107184653206.93422,5820.336503878651
2020-06-27,1.5467905,107181629488.63829,5819.899732499604
2020-06-28,1.56486434,107195466801.03221,5820.354801219555
2020-06-29,1.57752462,107229864295.47778,5821.935993795793
2020-06-30,1.56990039,107283411100.50348,5824.552719106588
2020-07-01,1.5861884,107318359813.13171,5826.129867290928
2020-07-02,1.56106575,107317434212.33847,5825.755440980847
2020-07-03,1.5561961,107331333793.5692,5826.187777112518
2020-07-04,1.56620843,107351109135.14317,5826.950857963796
2020-07-05,1.55815127,107361102752.8411,5827.1710795376375
2020-07-06,1.60183713,107421504796.7657,5830.144910659395
2020-07-07,1.58667765,107445930297.45547,5831.152113734325
2020-07-08,1.61561301,107607494135.95268,5839.621182834007
2020-07-09,1.58050888,107635973663.27032,5840.841810085921
2020-07-10,1.58940706,107662093624.20444,5841.940210980043
2020-07-11,1.58104284,107677269718.45795,5842.45459672829
2020-07-12,1.58969582,107698730934.69547,5843.31785996272
2020-07-13,1.58057885,107713403981.77185,5843.822661026315
2020-07-14,1.58381858,107774551311.90042,5846.8546232421395
2020-07-15,1.57234112,107820341519.32521,5849.065092803374
2020-07-16,1.56130786,107830048005.74574,5849.321934559516
2020-07-17,1.56536628,107835979956.10428,5849.4097047755295
2020-07-18,1.56854068,107850937557.12224,5849.96323371828
2020-07-19,1.57544863,107885285277.22566,5851.56642702618
2020-07-20,1.56656719,107894191681.07852,5851.769797058235
2020-07-21,1.6036542,107948884298.82115,5854.488049727579
2020-07-22,1.62670582,108041750222.51288,5859.238537769415
2020-07-23,1.6387837,108127097076.5126,5863.596712226958
2020-07-24,1.62771038,108176769252.5698,5865.970288313945
2020-07-25,1.6530963,108242653616.879,5869.260484385217
2020-07-26,1.69125357,108330224414.76224,5873.694359289535
2020-07-27,1.87222939,108824377628.52983,5900.189575335585
2020-07-28,1.84950049,109150950659.64032,5917.604800905568
2020-07-29,1.87484925,109364555488.8862,5928.888032997213
2020-07-30,1.87475515,109568095619.0157,5939.650693149714
2020-07-31,1.90517626,109787923470.8623,5951.258987866507
2020-08-01,1.97908671,109975023775.43875,5961.124425182057
2020-08-02,1.8599879,110043773592.47536,5964.566051280279
2020-08-03,1.87772343,110406402473.4627,5983.8927826222525
2020-08-04,1.87038652,110515009247.30746,5989.484948308437
2020-08-05,1.95126913,110844589963.64284,6007.084461791081
2020-08-06,1.95155359,111286939123.78108,6030.73836579804
2020-08-07,1.91764781,111621179780.36603,6048.539777751891
2020-08-08,1.93742923,111858884877.19931,6061.129074123033
2020-08-09,1.92470744,112004958854.43675,6068.723549050188
2020-08-10,1.95320633,112169855661.2257,6077.376139115165
2020-08-11,1.87194792,112334578443.3129,6085.98346498219
2020-08-12,1.89982911,112468646421.28694,6092.922996479194
2020-08-13,1.92924287,112653363952.68845,6102.626216027689
2020-08-14,1.9265623,112825685765.14645,6111.615623278572
2020-08-15,1.93989709,112936378226.7308,6117.288603855372
2020-08-16,1.94366153,113034369822.64882,6122.281359138902
2020-08-17,2.00437877,113448071554.10228,6144.428688324661
2020-08-18,1.95013602,113550254401.9772,6149.671547659275
2020-08-19,1.90751141,113616354911.64058,6152.964015310243
2020-08-20,1.92666487,113744850421.0531,6159.618379272623
2020-08-21,1.86965642,113833084737.8737,6164.073155832824
2020-08-22,1.89433444,113891681752.27945,6166.962339754482
2020-08-23,1.89095764,113938214653.89522,6169.154203541175
2020-08-24,1.90603293,114067965811.80894,6175.868143967743
2020-08-25,1.83853818,114111936320.59521,6177.9812047637215
2020-08-26,1.8556766,114194205032.21779,6182.138159448635
2020-08-27,1.82960462,114237608278.75635,6184.217954712311
2020-08-28,1.86186629,114379801252.06631,6191.574064232398
2020-08-29,1.85563351,114400086478.38512,6192.366265119828
2020-08-30,1.88762446,114503990770.77573,6197.724219447335
2020-08-31,1.88187726,114656990822.15135,6205.690708481646
2020-09-01,1.92471346,114914370163.06584,6219.297108342557
2020-09-02,1.83478767,114954523648.00038,6221.167233843738
2020-09-03,1.65212902,114773015559.40742,6211.07327896619
2020-09-04,1.68560929,114805922730.16783,6212.570419166058
2020-09-05,1.63131545,114743216199.59105,6208.881051233839
2020-09-06,1.65140122,114748434428.36852,6208.848445693228
2020-09-07,1.67005527,114741483297.7213,6208.10492957769
2020-09-08,1.62894233,114702002342.56644,6205.643541810409
2020-09-09,1.64757745,114694689118.24336,6204.935257591379
2020-09-10,1.66531058,114717315923.60179,6205.827822349028
2020-09-11,1.67381361,114718490037.06361,6205.601794553337
2020-09-12,1.68190081,114722567957.08833,6205.465726758165
2020-09-13,1.66341746,114731558277.64238,6205.612158745224
2020-09-14,1.71735678,114797273537.51883,6208.7971681295
2020-09-15,1.7348274,114890614640.07553,6213.51785483455
2020-09-16,1.76292263,115047354499.92636,6221.668699426076
2020-09-17,1.75667708,115126174845.82997,6225.556691702951
2020-09-18,1.75269523,115223436151.62712,6230.46874153409
2020-09-19,1.77573693,115334494420.66689,6236.159963068571
2020-09-20,1.75066035,115380387738.64595,6238.342063224714
2020-09-21,1.67690819,115322652640.62242,6234.914961148052
2020-09-22,1.68568673,115434400400.99843,6240.684569021077
2020-09-23,1.64062817,115379693299.66417,6237.427685233334
2020-09-24,1.72053475,115463862156.34157,6241.688933867626
2020-09-25,1.71066582,115537360156.91698,6245.305456944594
2020-09-26,1.71935636,115587598862.69258,6247.704472516739
2020-09-27,1.72167524,115618317382.64142,6249.043977624607
2020-09-28,1.71621999,115651826797.59206,6250.582743836005
2020-09-29,1.73140353,115858909629.65587,6261.476632473367
2020-09-30,1.71995233,115896327111.31621,6263.168797709062
2020-10-01,1.69356781,115895895448.4239,6262.883168849377
2020-10-02,1.68748627,115918505824.58093,6263.817291853165
2020-10-03,1.68506329,115932949530.85794,6264.278319158387
2020-10-04,1.70216949,115969093164.85008,6265.896953917908
2020-10-05,1.71835152,116035132472.23581,6269.168720257482
2020-10-06,1.69012311,116047964782.38275,6269.586805061971
2020-10-07,1.70039927,116123482324.34608,6273.346844094742
2020-10-08,1.73638098,116232278374.83423,6278.880896118431
2020-10-09,1.76179817,116363756834.25807,6285.682360413563
2020-10-10,1.79700041,116446438546.70953,6289.845135005116
2020-10-11,1.80770338,116534765478.45128,6294.319441092653
2020-10-12,1.83284911,116660462759.7355,6300.792298549878
2020-10-13,1.81348383,116754640196.09233,6305.525638417796
2020-10-14,1.80880169,116879906033.85004,6311.973378303291
2020-10-15,1.82050458,117003906580.42542,6318.347872017713
2020-10-16,1.7940757,117045049116.17307,6320.238982426104
2020-10-17,1.79732641,117084943387.34882,6322.058227262513
2020-10-18,1.81665683,117136707401.35576,6324.597125506472
2020-10-19,1.85166488,117489517357.8299,6343.3789204679415
2020-10-20,1.87699868,117721635141.6702,6355.602365543805
2020-10-21,2.013415,118205430727.90529,6381.4417880900855
2020-10-22,2.02018679,119180984918.3758,6433.8106783622725
2020-10-23,2.00849858,119473361912.94656,6449.309860582924
2020-10-24,2.02902772,119735492312.53726,6463.1285190842045
2020-10-25,2.01568826,119868792448.84328,6470.068460617763
2020-10-26,2.01954164,120002443191.76102,6477.042072696357
2020-10-27,2.10370037,120444774860.2796,6500.6994924509145
2020-10-28,2.04049323,120682164907.45602,6513.292303251308
2020-10-29,2.06357066,120997048751.19533,6530.048891420709
2020-10-30,2.0801745,121176662684.58713,6539.497571421292
2020-10-31,2.10747626,121404598922.98042,6551.54882316264
2020-11-01,2.09316771,121616963797.63608,6562.732334180715
2020-11-02,2.06586073,121960611342.2122,6581.06549146423
2020-11-03,2.09497527,123821859504.6492,6681.184068868417
2020-11-04,2.10823433,124212204829.01141,6701.886974537457
2020-11-05,2.30749272,125358259515.06113,6763.387246449458
2020-11-06,2.29919169,125918164214.61795,6793.245008362821
2020-11-07,2.18711473,125998523619.52911,6797.245750569426
2020-11-08,2.26976446,126591229481.04672,6828.902725522798
2020-11-09,2.23751677,126930836388.82225,6846.795598555753
2020-11-10,2.23228692,127229997422.02582,6862.592590119527
2020-11-11,2.28563276,127608427782.35138,6882.663471180773
2020-11-12,2.35643005,128176333144.47064,6912.921050943409
2020-11-13,2.35455292,128601487589.77888,6935.52590356387
2020-11-14,2.317866766319,128818727351.86163,6946.9092231391405
2020-11-15,2.29883051,128962280176.8347,6954.299119072636
2020-11-16,2.39979607,129387730095.8856,6976.865304976222
2020-11-17,2.51738625,130269102084.48572,7024.019133744427
2020-11-18,2.51023261,131553048661.92319,7092.84468420741
2020-11-19,2.504430386254,131967443617.03665,7114.858835760301
2020-11-20,2.596127396527,133351759413.85861,7189.085511787489
2020-11-21,2.589987418208,133982102300.24388,7222.6564514977
2020-11-22,2.55377715,134263366997.45967,7237.3944734119905
2020-11-23,2.52775968,134848830096.11758,7268.59357128032
2020-11-24,2.61774563,135726210348.34149,7315.550765912135
2020-11-25,2.555478063978,136122926860.11374,7336.550439352437
2020-11-26,2.326869284941,136468893471.65181,7354.825207490828
2020-11-27,2.31953985,136810309218.85716,7372.842944715787
2020-11-28,2.40313103,137029525808.20187,7384.273720792019
2020-11-29,2.45853128,137311200979.75813,7399.078884373928
2020-11-30,2.63721867,138381986831.89288,7456.494916541282
2020-12-01,2.51290662,139003059773.68237,7489.577065779201
2020-12-02,2.55197705,139748437600.10306,7529.406359295959
2020-12-03,2.57495934,140349768906.785,7561.405302836923
2020-12-04,2.47230116,140648608357.69974,7577.138009755824
2020-12-05,2.51909742,140855011111.50836,7587.889606475637
2020-12-06,2.54722977,141067091994.7419,7598.966494803961
2020-12-07,2.51748691,141456785573.54858,7619.573613928462
2020-12-08,2.40341294,141679908404.8005,7631.22218094459
2020-12-09,2.422360712922,142369647045.6202,7668.014361427045
2020-12-10,2.38235433,142585683314.556,7679.313996709449
2020-12-11,2.34803699,142833080404.0553,7692.2808723366825
2020-12-12,2.43833504,143272945971.96683,7715.627040554852
2020-12-13,2.46411643,144364776047.3497,7774.016792523193
2020-12-14,2.474236613553,144762079063.83435,7795.031078917086
2020-12-15,2.48407194,145286046826.59918,7822.87668530892
2020-12-16,2.70395115,146790733730.10666,7903.515682464936
2020-12-17,2.838980097189,149095724936.9371,8027.2726950911565
2020-12-18,2.82221791,151697081568.1284,8166.897559329638
2020-12-19,2.906877174893,152450281854.6266,8207.011195822766
2020-12-20,2.850832494921,153316446365.60034,8253.220999647438
2020-12-21,2.76690892,154004997263.61655,8289.907259954836
2020-12-22,2.831513764707,155875163340.3446,8390.172445802931
2020-12-23,2.75180066,157363130728.34253,8469.825318601312
2020-12-24,2.77320466,158837563460.94852,8548.822013038083
2020-12-25,2.87742129,159301169009.88226,8573.358516449254
2020-12-26,3.06732801,160403582888.01035,8632.291042522575
2020-12-27,3.033869719213,161891452657.64398,8711.928673077922
2020-12-28,3.03336124,165655201740.9043,8913.98909679096
2020-12-29,3.00690895,168306828708.5447,9056.21151424931
2020-12-30,3.14848763,170271920875.1978,9161.418772415474
2020-12-31,3.140996404211,171741198124.30893,9239.956904667177
2021-01-01,3.145922773591,173596230367.00995,9339.292744065171
2021-01-02,3.36183826,177063573811.49234,9525.348509140025
2021-01-03,3.43360474,180167391272.13794,9691.807247762828
2021-01-04,3.2392637,182518467735.70972,9817.70848530109
2021-01-05,3.40781574,185562691128.87628,9980.931120534646
2021-01-06,3.60095708,189200296932.58054,10175.982914626853
2021-01-07,3.742047073313,194858858482.1855,10479.732184212276
2021-01-08,3.78863874,200127448033.9635,10762.547543240607
2021-01-09,3.6883279,203539372103.06625,10945.524216950234
2021-01-10,3.47615243,205053696716.83047,11026.369222413328
2021-01-11,3.17723254,206446735250.1016,11100.702662987615
2021-01-12,3.024579234512,207302594514.46548,11146.168088644743
2021-01-13,3.31893271605,209012142006.787,11237.512392884444
2021-01-14,3.43968572,211142283243.48895,11351.478454302507
2021-01-15,3.21691863,212272369010.65115,11411.640034208045
2021-01-16,3.16002808,212966647945.8301,11448.398615818407
2021-01-17,3.14208979,213556640786.75797,11479.60175472993
2021-01-18,3.16789734,214906582091.5397,11551.6042580508
2021-01-19,3.12779915,215625469803.46866,11589.665592614188
2021-01-20,3.05640832,216200174249.23087,11620.005017149671
2021-01-21,2.671999724485,216030584787.59543,11610.387060961673
2021-01-22,2.83570647,216452810536.1517,11632.528297919109
2021-01-23,2.75080418,216717660205.31833,11646.151516446838
2021-01-24,2.763770318383,216921808301.2728,11656.578000056854
2021-01-25,2.777191691556,217247994413.13147,11673.557156606012
2021-01-26,2.79160837,217610679791.84882,11692.413410627041
2021-01-27,2.58416695,218656661625.72363,11748.054715874103
2021-01-28,2.83537151,219988025717.60968,11819.011186703006
2021-01-29,2.87127647,221493552117.24176,11899.28931711327
2021-01-30,2.878188037248,222160285496.9254,11934.563221974135
2021-01-31,2.77012967,222826545685.68408,11969.776337046993
2021-02-01,2.798474060738,223322157876.78897,11995.92031881125
2021-02-02,2.95247741,224458978425.35602,12056.366219381067
2021-02-03,3.10161426,225575853799.9624,12115.746852059094
2021-02-04,3.046232040351,226943834860.29944,12188.566874051723
2021-02-05,3.09428668,228945515897.87546,12295.374521799675
2021-02-06,3.18428793,230067166983.9973,12354.952801406685
2021-02-07,3.141200247585,231227145736.1562,12416.59528447802
2021-02-08,3.65741696,234851284997.20996,12610.521189378473
2021-02-09,3.61855022,239578961909.90616,12863.760114191035
2021-02-10,3.46683384,242177858953.98804,13002.67922568305
2021-02-11,3.64585169,244676346751.10117,13136.255939740791
2021-02-12,3.57975153,247293232807.4998,13276.119514135971
2021-02-13,3.54773666,247875653274.6975,13306.688052506184
2021-02-14,3.65475277,248892932403.10266,13360.637663500149
2021-02-15,3.56148121,251660098982.45966,13508.492365031794
2021-02-16,3.6125173,253427470196.75793,13602.808949261615
2021-02-17,3.79432537,256441633979.86957,13763.959076068479
2021-02-18,3.70969063,259416913337.8798,13923.012752297374
2021-02-19,3.90986635,266023007138.54788,14276.831842054497
2021-02-20,3.87796973,268422731740.67145,14404.91402884037
2021-02-21,3.95810037,270717042990.81775,14527.351692773369
2021-02-22,3.68695731,272702546307.17163,14633.24600811079
2021-02-23,3.28933195,275132798061.9412,14763.024764061045
2021-02-24,3.32994398,277427108193.9451,14885.339208940899
2021-02-25,3.17682646,279084345209.5497,14973.474871547123
2021-02-26,3.06572143,281087108569.2195,15080.224552069658
2021-02-27,3.04478896,280602418823.8134,15053.428649187004
2021-02-28,3.00886446,281022018057.9863,15075.276659099292
2021-03-01,3.269931,282968821438.8035,15179.050294728786
2021-03-02,3.17061495,284027729595.2245,15235.121971496976
2021-03-03,3.3135168,285216110937.9174,15298.086668375543
2021-03-04,3.161905493951,285827988615.5349,15330.248031730669
2021-03-05,3.17106851,286945047849.5705,15389.392315411973
2021-03-06,3.175929809802,287516815480.8995,15419.271652575599
2021-03-07,3.30549961,288196970353.6673,15454.991440591093
2021-03-08,3.35002291,289959318394.2336,15548.692212227888
2021-03-09,3.49855563203,291791561765.30896,15646.209753845043
2021-03-10,3.56293331,293741018223.28894,15749.955452388751
2021-03-11,3.63177042,297076873571.3859,15928.114458212392
2021-03-12,3.570586382096,299504852791.11163,16057.486193939523
2021-03-13,3.78957634,301673757156.38525,16172.993661778217
2021-03-14,3.68484058,303262572326.56604,16257.316204025603
2021-03-15,3.43735753,304574215540.1771,16326.821238179724
2021-03-16,3.44231318,306206688368.9347,16413.51122669085
2021-03-17,3.55383882,308069023634.38837,16512.585109998432
2021-03-18,3.48651656,308941346148.1992,16558.49867556261
2021-03-19,3.50341884,309791564935.8582,16603.245166731962
2021-03-20,3.49731896,310773462355.7363,16655.010701856114
2021-03-21,3.440164039174,311613997845.47394,16699.18421496695
2021-03-22,3.25092326,312579041796.79596,16750.053137473165
2021-03-23,3.23614304,314660686373.6945,16860.69227206381
2021-03-24,3.11041886,315586320487.25275,16909.430430790053
2021-03-25,3.03612207,316881441880.2733,16977.94874742398
2021-03-26,3.20883079,318864817740.4513,17083.436522439715
2021-03-27,3.26897077,319878678260.0104,17136.84252537758
2021-03-28,3.24472988,320520566182.90405,17170.316235903247
2021-03-29,3.33795673,321976662362.7225,17247.447466986727
2021-03-30,3.38330063,323820223653.19855,17345.354377263335
2021-03-31,3.375535019449,325177638580.60016,17417.148537591842
2021-04-01,3.35598363,327236946463.1801,17526.59833403219
2021-04-02,3.35413045,328616351814.6476,17599.65359106069
2021-04-03,3.25187507,328920822632.815,17615.18766610576
2021-04-04,3.298301283114,329514392862.9641,17646.113679779734
2021-04-05,3.32023402,330468773357.2574,17696.29856678443
2021-04-06,3.22914317,335922144479.2046,17987.45467923753
2021-04-07,3.12214094,336582645757.59186,18021.87529567858
2021-04-08,3.2057806,337699840135.0815,18080.88320186837
2021-04-09,3.203576140634,338464920282.3624,18120.92486895321
2021-04-10,3.27565104,340157685317.92786,18210.596385055258
2021-04-11,3.28353702,340957922664.4274,18252.552135681446
2021-04-12,3.26759859,342483199272.50073,18333.321772690382
2021-04-13,3.43453079,345106467794.4469,18472.869277854395
2021-04-14,3.37622405,347894106640.06726,18621.24511179162
2021-04-15,3.37419883,350125577294.31006,18739.607881122407
2021-04-16,3.27664917,351095563574.83325,18790.876562042897
2021-04-17,3.19962738,352023513618.64496,18839.967601416018
2021-04-18,2.959841879616,355991570315.22534,19051.544060391934
2021-04-19,2.92575459,356373522257.0367,19071.366158960005
2021-04-20,2.95532944,357098265992.9354,19109.33278511945
2021-04-21,2.82653587,357193534980.6767,19113.785233695904
2021-04-22,2.70960708,357839723297.52454,19147.44768479019
2021-04-23,2.65915763,358128778801.8735,19162.049472329774
2021-04-24,2.61911452,358805136987.07947,19197.308121679845
2021-04-25,2.54988868,358792309107.21106,19195.716709813543
2021-04-26,2.79947785,360177204801.3312,19269.075473619196
2021-04-27,2.84255929,361861612699.1642,19358.270266652624
2021-04-28,2.82520447,362516035523.81366,19392.358779323607
2021-04-29,2.75289848,363765983907.70306,19458.42957267527
2021-04-30,2.9509244,365817865576.9157,19567.239478090323
2021-05-01,2.95232813,366434440153.1287,19599.30869633817
2021-05-02,2.88247785,366963209228.3314,19626.37695239483
2021-05-03,2.90918692,367924880686.65125,19676.646148778193
2021-05-04,2.72676307,368431007144.0664,19702.521834869207
2021-05-05,2.90068009,369683733181.2923,19768.47631673902
2021-05-06,2.845644398322,371500873809.56274,19864.517510442398
2021-05-07,2.86911512,373787340594.6352,19985.628340677595
2021-05-08,2.93389162,374449133272.9017,20019.869000849663
2021-05-09,2.90472472,375349580320.5206,20066.764065130275
2021-05-10,2.78208874,375879191827.7015,20093.869378127096
2021-05-11,2.81280636,376512255358.8051,20126.555263030405
2021-05-12,2.528710162627,377111927258.8345,20157.452536310197
2021-05-13,2.4489477,377163284927.82886,20159.113432267986
2021-05-14,2.47934018,377301635267.6939,20165.60547214239
2021-05-15,2.33381396,377198415312.57904,20159.260395005305
2021-05-16,2.2838578,377064455365.2338,20151.212439321134
2021-05-17,2.16428882,376036565797.8445,20095.467426266663
2021-05-18,2.13179763,375613201177.4223,20072.17232536669
2021-05-19,1.88892076,372931915263.27734,19928.05669717633
2021-05-20,2.05205637,372087738300.8368,19882.203405345295
2021-05-21,1.87448768,371156757849.50696,19831.72868941059
2021-05-22,1.90162942,370490269995.3952,19795.34992594062
2021-05-23,1.75890282,370037956615.2949,19770.39710580315
2021-05-24,1.94867935,371054815815.31586,19823.89207267173
2021-05-25,1.93329011,370532084445.3816,19795.151734755214
2021-05-26,1.97886373,370764284484.0649,19806.749855389437
2021-05-27,1.94636165,370391733408.2967,19786.074721410787
2021-05-28,1.80279078,369643883315.93646,19745.340583016958
2021-05-29,1.75819515,369292506671.49567,19725.807096576737
2021-05-30,1.80573948,369647226204.60016,19743.805330273775
2021-05-31,1.88939041,369755976408.2729,19748.684390231076
2021-06-01,1.85490761,370070206099.91406,19764.530546332007
2021-06-02,1.905098964141,369953785665.741,19757.218066759036
2021-06-03,1.9791401,370519273398.56006,19786.44685801101
2021-06-04,1.866853639007,369993521743.559,19757.506847077522
2021-06-05,1.79378368,369684733904.37866,19740.154641525784
2021-06-06,1.81038933,369529847859.8392,19730.896422509515
2021-06-07,1.71255578,368831518320.1447,19692.73535241147
2021-06-08,1.7042113,367909798823.2615,19642.54604076184
2021-06-09,1.89766024,368893674080.96906,19694.24668737476
2021-06-10,1.87120729,368647767126.3444,19680.343495554465
2021-06-11,1.88860664,368828959453.8962,19689.32669156898
2021-06-12,1.81254069,368653642405.49994,19679.100987082722
2021-06-13,1.976225,369002503229.20184,19696.856091279536
2021-06-14,2.04984505,369751146953.7903,19735.928812445163
2021-06-15,2.03798688,370071487592.9806,19752.16418857098
2021-06-16,1.937890111061,369970844459.16455,19745.982269189204
2021-06-17,1.927486814795,369583683017.20306,19724.463453049153
2021-06-18,1.812458657444,369232340802.4087,19704.897505961108
2021-06-19,1.805038478086,369119185044.28955,19698.18196583317
2021-06-20,1.807459745287,369093449580.0602,19696.11880500327
2021-06-21,1.615498500377,367901227405.8831,19631.810153347968
2021-06-22,1.651499802307,367601751444.1966,19615.234315935948
2021-06-23,1.713698226674,367569345115.8273,19612.844484414985
2021-06-24,1.766672167447,367683065618.2946,19618.225449300156
2021-06-25,1.630917169218,364108760183.1025,19426.80094272314
2021-06-26,1.643033945428,363797677210.3585,19409.627254058454
2021-06-27,1.776255857109,364121567087.7436,19426.53197141734
2021-06-28,1.769776037417,364085414871.99133,19424.03321787274
2021-06-29,1.849675862855,364153221211.7172,19427.06770386246
2021-06-30,1.805586334557,364041590028.5182,19420.54250314422
2021-07-01,1.727368166727,363604542003.06757,19396.60643219893
2021-07-02,1.746141242195,362689285234.6419,19347.2012057839
2021-07-03,1.787452030946,362767887996.41284,19350.574836593885
2021-07-04,1.8265447061,362893858347.25464,19356.552166664427
2021-07-05,1.752492211228,362797997483.4323,19350.587479462563
2021-07-06,1.763785729615,362748110020.8596,19347.01080472933
2021-07-07,1.753796589122,362772573963.79333,19347.52231170117
2021-07-08,1.697989573018,362433442532.66705,19328.54008807384
2021-07-09,1.754049012631,362574075554.4716,19335.19578415582
2021-07-10,1.738516988105,362554477989.33026,19333.11326185374
2021-07-11,1.771750243299,362622435226.30597,19335.93152838589
2021-07-12,1.713116506244,362752967815.03125,19342.079648976327
2021-07-13,1.688811469688,362512311426.0065,19328.37178506808
2021-07-14,1.697934967437,362311541233.9313,19316.57286527474
2021-07-15,1.643649164372,361847932592.2365,19291.032857936792
2021-07-16,1.63221452573,361505308511.33374,19271.8034829481
2021-07-17,1.630400402935,362986019783.30554,19349.818082855403
2021-07-18,1.639258220118,362870172343.8022,19342.71456661371
2021-07-19,1.597725750094,362645503190.6447,19329.64386686095
2021-07-20,1.540648215719,362495552726.8234,19320.8659930208
2021-07-21,1.661721371109,362668443375.73627,19329.147343394143
2021-07-22,1.670492594499,362886459438.94666,19339.78129263664
2021-07-23,1.732406654257,362201219574.5027,19302.393938913538
2021-07-24,1.769606297066,362318172544.3808,19307.63623029405
2021-07-25,1.81848487747,362432537144.3205,19312.74649083887
2021-07-26,1.93010945385,364094575898.8863,19400.341486093745
2021-07-27,2.001791162085,366844575219.6201,19545.765327179623
2021-07-28,2.033833059073,368583695934.1604,19637.400358441108
2021-07-29,2.017407304464,372971955973.5683,19870.13941428203
2021-07-30,2.099162197424,373699212503.3445,19907.783757477457
2021-07-31,2.098153113059,373931234685.8127,19919.096222280932
2021-08-01,2.006838470091,373899520426.76965,19916.38567333235
2021-08-02,1.972933571383,374017051456.11615,19921.697746784852
2021-08-03,1.922865034712,373863209139.05383,19912.383191928013
2021-08-04,1.995697932518,374207634168.1999,19929.825401349943
2021-08-05,2.052274774394,374595121828.3442,19949.400024340466
2021-08-06,2.140827816615,375335321476.15625,19987.762208789627
2021-08-07,2.222890074166,375814938035.5009,20012.190932517013
2021-08-08,2.195821362505,376083624624.4745,20025.44549796818
2021-08-09,2.303684409546,377189695534.46497,20083.32489673619
2021-08-10,2.261488524708,377796612812.7149,20114.535521816557
2021-08-11,2.268172978331,378254662454.64136,20137.93780172909
2021-08-12,2.20343699514,378555596991.8246,20152.946712920595
2021-08-13,2.362590119037,379403033955.19934,20197.106968085525
2021-08-14,2.327809478249,380304912616.4336,20244.0128859207
2021-08-15,2.323985756424,380550842159.6623,20255.87746395917
2021-08-16,2.268193061802,380906526990.8991,20273.723908906875
2021-08-17,2.204708913004,381068402794.45056,20281.17931329172
2021-08-18,2.213680687968,381580450025.9041,20307.519504177668
2021-08-19,2.293129661764,382248068271.7501,20342.007816986938
2021-08-20,2.414499299985,383241846500.3979,20393.808192537184
2021-08-21,2.403261370099,383721676132.9396,20418.18737683596
2021-08-22,2.414996575605,384158672188.03485,20440.325503525604
2021-08-23,2.420040085444,385150537594.26935,20491.758242311498
2021-08-24,2.33794635096,385308791143.009,20499.12830252154
2021-08-25,2.379019545564,387182064073.2469,20597.693993847493
2021-08-26,2.287786761638,387753137455.47205,20627.07319767838
2021-08-27,2.375147501066,388216259309.6066,20650.707194864972
2021-08-28,2.363961726236,388512704444.5541,20665.507506890717
2021-08-29,2.367277866365,388750063840.4948,20677.060624522466
2021-08-30,2.277961082403,388967492827.2369,20687.696942250728
2021-08-31,2.280110865221,389390201413.3094,20709.187900787918
2021-09-01,2.346384601556,390183820587.3039,20750.45051224283
2021-09-02,2.375035051723,390888324839.9436,20786.887435146433
2021-09-03,2.395390356338,391440022123.25,20815.202011481488
2021-09-04,2.395772281636,391861263606.3291,20836.528557529862
2021-09-05,2.480946695916,392286882007.0786,20858.02324640867
2021-09-06,2.51931377876,393001252188.3249,20894.812237306884
2021-09-07,2.245742480847,392435216117.18884,20863.6568985382
2021-09-08,2.213572688033,392494136446.08356,20865.80485037898
2021-09-09,2.222094260363,393214555913.08685,20903.152335877712
2021-09-10,2.142454311237,393067482438.5541,20894.389832016925
2021-09-11,2.157808262825,393195832306.98303,20900.18488747748
2021-09-12,2.208217016174,393457585609.842,20913.07698389773
2021-09-13,2.151863481078,393385996563.0001,20908.167513100827
2021-09-14,2.245175277381,394079381146.0298,20943.851570751995
2021-09-15,2.293761212961,395139772789.70667,20999.216960968057
2021-09-16,2.273981867172,395534060266.8735,21019.22139917046
2021-09-17,2.244949537952,395777211861.43054,21031.115992267798
2021-09-18,2.290426705637,396075176282.651,21045.86605339623
2021-09-19,2.242941684172,396212217786.2169,21052.02927463733
2021-09-20,2.040586287582,395284019677.9415,21001.567346416603
2021-09-21,1.933233183973,394575423316.2313,20963.063179377852
2021-09-22,2.075944471859,395131736034.1155,20991.685024768827
2021-09-23,2.135308888042,395484558719.43744,21009.277994454875
2021-09-24,2.038939778388,395196123992.28,20992.923947411826
2021-09-25,2.035666539997,395221241315.1463,20993.254535756376
2021-09-26,2.040529522117,397951507305.2095,21137.30466032852
2021-09-27,2.010425564687,397988912214.2434,21138.203757188527
2021-09-28,1.951689041262,397705923983.3604,21122.107775778873
2021-09-29,1.962665363543,397706945575.4714,21121.250613154763
2021-09-30,2.069864321133,398306514882.0586,21151.89172956173
2021-10-01,2.26565626698,399615140797.1552,21220.399693921707
2021-10-02,2.248711046277,400258915964.1568,21253.259405407684
2021-10-03,2.266397740964,400563739341.68555,21268.386411824686
2021-10-04,2.31284262096,401383119471.37213,21310.789097348414
2021-10-05,2.411845063946,402652387952.18695,21377.01550677451
2021-10-06,2.572944325306,405729562583.084,21539.447964763844
2021-10-07,2.490026710036,407044881826.68195,21608.264961859746
2021-10-08,2.492000787508,407709042876.20087,21642.660733191824
2021-10-09,2.538238578635,408298507164.35187,21672.87304597827
2021-10-10,2.520123658863,408940240530.2325,21705.791900267453
2021-10-11,2.631558646637,410170903227.1535,21770.058793960492
2021-10-12,2.574418652958,411293818750.7206,21828.68788462993
2021-10-13,2.620098281333,412435797225.4342,21888.069346694774
2021-10-14,2.613922367304,413682399073.60693,21953.229228401186
2021-10-15,2.783786506255,415955839725.00183,22072.843542146664
2021-10-16,2.755061819188,416795127544.9423,22116.405079389948
2021-10-17,2.775039217832,417417138295.36884,22148.235591536715
2021-10-18,2.778276503838,420443792044.24066,22307.73555685145
2021-10-19,2.86843851115,422453317003.50085,22413.20408561821
2021-10-20,2.928317326688,425234486587.7798,22559.64405289205
2021-10-21,2.756592260011,426528263405.0154,22627.17142666605
2021-10-22,2.683021944048,426844088427.93787,22642.739656527556
2021-10-23,2.702488997272,427271494767.3329,22664.32266355211
2021-10-24,2.679080716831,428319869730.8357,22718.780613786217
2021-10-25,2.761945352578,430281980168.98157,22821.477203626
2021-10-26,2.643400963823,430786028129.46924,22847.075075009485
2021-10-27,2.563731148388,430731793070.3841,22843.009894699586
2021-10-28,2.64447556709,431871673235.59235,22902.299747416757
2021-10-29,2.709231626512,433171150350.08374,22969.909608313752
2021-10-30,2.6854484387,433603590311.43274,22991.65965816646
2021-10-31,2.660031269082,435569361606.6757,23094.830040862547
2021-11-01,2.639313472843,436574028968.5921,23146.96442381976
2021-11-02,2.705646798155,439366156178.89886,23293.782201234553
2021-11-03,2.692667749587,441025794038.1329,23380.523561683487
2021-11-04,2.624435938698,441285350878.11273,23393.175300168507
2021-11-05,2.601770640962,442338811303.0328,23447.81660352897
2021-11-06,2.617491647791,442942235179.90137,23478.605434614903
2021-11-07,2.682304638596,443436349253.111,23503.605128173982
2021-11-08,2.854649564891,446411909311.8297,23660.26160929542
2021-11-09,2.82534877502,448084558267.3092,23747.71789730121
2021-11-10,2.721054645529,449058378754.6013,23798.154173532916
2021-11-11,2.723236415073,450155463110.71814,23855.04649336098
2021-11-12,2.650242500833,456281202500.806,24178.530084422186
2021-11-13,2.661045965713,456712905708.036,24200.179942798306
2021-11-14,2.684880108371,457141858055.8125,24221.649768294043
2021-11-15,2.626068388319,458212578452.10144,24277.1678920645
2021-11-16,2.481173720882,458894339132.5452,24312.081554517932
2021-11-17,2.470657927214,459585270084.8164,24347.485624605346
2021-11-18,2.337640428663,458625952521.4735,24295.505386857847
2021-11-19,2.386216999692,458961028179.9687,24312.15308431024
2021-11-20,2.455017801074,459465255595.2564,24337.694739635663
2021-11-21,2.424879879847,459614872445.9535,24344.556030329266
2021-11-22,2.319018826324,459050801590.4407,24313.543829858587
2021-11-23,2.368765838495,459462821175.3103,24334.30306251564
2021-11-24,2.346842971087,459752551255.321,24348.382521718955
2021-11-25,2.404923210419,463326589694.1067,24536.60691684665
2021-11-26,2.198435955413,462131037742.3311,24472.224313159968
2021-11-27,2.23272965194,462119259747.8934,24470.44245388802
2021-11-28,2.336711996385,462691666746.88324,24499.625878132403
2021-11-29,2.35943908323,463636790399.21594,24548.508644135374
2021-11-30,2.324578694477,463917942451.6917,24562.30581908456
2021-12-01,2.324286205718,464676705324.0339,24601.363508194605
2021-12-02,2.300196624281,464658824825.5774,24599.15520779776
2021-12-03,2.184991514137,464016106004.51355,24563.76407909636
2021-12-04,2.009166960477,462225521697.10754,24467.72058539744
2021-12-05,2.016818310956,462064933794.21783,24457.87671203752
2021-12-06,2.067537537544,461797409208.43915,24442.325377701025
2021-12-07,2.064377234197,462885310187.8272,24498.658480001704
2021-12-08,2.06171865801,462831419240.54065,24494.44503748025
2021-12-09,1.960546627964,462040211572.9094,24451.253625935915
2021-12-10,1.941373722658,461754584867.6159,24434.877436984563
2021-12-11,2.016910635367,462141246590.3284,24454.117331913287
2021-12-12,2.049751176277,462270672671.61786,24459.833387158364
2021-12-13,1.915299897932,461674608122.533,24427.155189400866
2021-12-14,1.974877505476,462195291200.92096,24453.507681483377
2021-12-15,1.995926977652,462436613410.4576,24465.13471323271
2021-12-16,1.94871973203,462335647675.79816,24458.863080358555
2021-12-17,1.896526938461,461836041921.2471,24431.228900221613
2021-12-18,1.919525855516,461939280022.3249,24435.656097337276
2021-12-19,1.918249189772,461989132486.63794,24437.08939066079
2021-12-20,1.922187343668,461835061469.7744,24427.77684131231
2021-12-21,2.007205377658,462335309448.05804,24452.934917849056
2021-12-22,1.990870317874,462447929744.10974,24457.69485937962
2021-12-23,2.070150565572,463218883753.96405,24497.237839437912
2021-12-24,2.071634649338,463556990767.00616,24513.89507185883
2021-12-25,2.064057745187,463509477789.777,24510.191643441063
2021-12-26,2.071542317446,463752827367.37213,24521.97387333309
2021-12-27,2.070718360007,463942433153.09644,24530.799868607424
2021-12-28,1.945824586517,463383765865.14703,24500.175594230106
2021-12-29,1.898459995686,462984715971.4904,24477.904027843608
2021-12-30,1.923609297095,463165554253.93304,24486.50205368221
2021-12-31,1.893385603418,463115694273.4775,24482.660714538528
2022-01-01,1.941966039424,463293135888.878,24490.649381157473
2022-01-02,1.933497096507,463316912263.44525,24490.62780705534
2022-01-03,1.897502355497,463162944897.81946,24481.356883308723
2022-01-04,1.876886228678,462754390816.99146,24458.574217620553
2022-01-05,1.782277170897,462129584502.82477,24424.3402483563
2022-01-06,1.768057798633,461737918335.08795,24402.46315825725
2022-01-07,1.704571291459,460838393090.169,24353.79780759871
2022-01-08,1.71699299406,460689620505.6501,24344.77777688708
2022-01-09,1.72082066082,460639613425.92584,24341.001657328183
2022-01-10,1.718638590786,460480250973.13525,24331.439594279673
2022-01-11,1.758039861455,460423944684.5627,24327.195047918045
2022-01-12,1.805597050184,460821557228.66376,24347.085934619983
2022-01-13,1.752041588022,460522077251.9326,24329.82509312744
2022-01-14,1.771675205411,460525951967.7613,24328.752519884412
2022-01-15,1.775752274618,460602756122.9195,24331.47635448876
2022-01-16,1.774015355513,460676824784.9676,24333.983092649363
2022-01-17,1.73630676024,460265277444.5935,24310.952054140114
2022-01-18,1.745911520714,460139116808.74286,24303.197191621894
2022-01-19,1.721981468557,459484397268.1667,24267.23096380103
2022-01-20,1.681574639726,458935359896.522,24236.882027254767
2022-01-21,1.514790775018,456186482545.1329,24090.645273241957
2022-01-22,1.455165902925,455432413581.21783,24049.76016472036
2022-01-23,1.508378975549,455389546707.71277,24046.377503934807
2022-01-24,1.526343091945,454874860228.205,24018.01103178982
2022-01-25,1.538880544803,454795978433.62396,24012.641460720064
2022-01-26,1.534660000135,454501809280.4581,23996.08030190246
2022-01-27,1.543763850705,454247299955.76,23981.606459011437
2022-01-28,1.576577931046,453789497159.70966,23956.21982262373
2022-01-29,1.592485103381,453078664233.41205,23917.518064771954
2022-01-30,1.589486377439,452706430436.80133,23896.71715574555
2022-01-31,1.609690053329,452685000129.0502,23894.458640305354
2022-02-01,1.61452774476,455168757347.70154,24024.340373397383
2022-02-02,1.539179072383,454755577111.69495,24001.320841851593
2022-02-03,1.544771260316,454545821539.1332,23989.087018825845
2022-02-04,1.709053357873,455466450517.5819,24036.64338441811
2022-02-05,1.726159971835,455676331211.1129,24046.775715956133
2022-02-06,1.760874145144,455859910680.3972,24055.225803674086
2022-02-07,1.821609827046,456605954573.54034,24093.513038950412
2022-02-08,1.831529736531,457037461962.4388,24115.05743729814
2022-02-09,1.840095004198,457378654942.65625,24131.945960920817
2022-02-10,1.806667830508,457567974926.01904,24140.76453878115
2022-02-11,1.754236923972,457683419060.00745,24145.724652611163
2022-02-12,1.745950590083,457887624283.5737,24155.01311194301
2022-02-13,1.746704565079,457954054959.8601,24157.25909737333
2022-02-14,1.765131690456,458035349555.5062,24160.328710698745
2022-02-15,1.839746953131,458711191382.2258,24194.581984367724
2022-02-16,1.820760197081,458872002136.1906,24201.81929395898
2022-02-17,1.680750155719,458137783766.7745,24161.84471163748
2022-02-18,1.658393382535,457864946871.0337,24146.3942797877
2022-02-19,1.660632849962,457859933439.0264,24144.944097857337
2022-02-20,1.597672365828,457595753206.37524,24129.867500591063
2022-02-21,1.53935959409,457041344492.98334,24099.6555649579
2022-02-22,1.585255941769,457045957406.38574,24098.691621488524
2022-02-23,1.548559725335,456946138238.7781,24092.23753146066
2022-02-24,1.589005849792,456978953985.761,24092.919737907392
2022-02-25,1.632120546767,457013320638.25964,24093.66777088465
2022-02-26,1.621580052318,456877347646.98334,24085.507278212008
2022-02-27,1.564733720961,456623515563.3106,24071.047219295066
2022-02-28,1.785886675274,458676580888.9092,24178.04842370646
2022-03-01,1.831088158538,459346749037.5222,24212.082512622474
2022-03-02,1.815856076135,459565092844.6632,24222.506125258555
2022-03-03,1.753487692697,459792093091.13214,24233.289251053782
2022-03-04,1.617160596022,458842632277.99493,24182.140791800244
2022-03-05,1.62862859109,458863074301.2315,24182.238392983058
2022-03-06,1.588284555745,458776144865.3279,24176.614000263213
2022-03-07,1.578754463552,458531623668.77594,24162.550386338495
2022-03-08,1.603838311539,458230385685.7007,24145.499569955453
2022-03-09,1.735654059064,459138758826.30725,24192.26492667938
2022-03-10,1.630630592506,459551898773.16797,24212.877305701182
2022-03-11,1.605299073538,459057920085.6758,24185.751466161513
2022-03-12,1.610487025913,459084931766.87744,24185.932198800823
2022-03-13,1.563583025151,459005831399.3044,24180.562715406708
2022-03-14,1.638923579978,459248459412.2028,24192.1257395686
2022-03-15,1.62739184969,459114858332.2354,24183.98120130406
2022-03-16,1.697348146346,459732590260.1586,24215.28468842273
2022-03-17,1.69308040701,459397726059.5058,24196.380020038603
2022-03-18,1.727490580808,459717184269.67053,24212.066066055042
2022-03-19,1.742021306446,459906609802.4583,24220.806817981378
2022-03-20,1.705071792374,459891043975.00275,24218.759408025315
2022-03-21,1.695351371558,459971583282.2193,24221.781004855326
2022-03-22,1.748109505852,460437855465.9041,24245.145614092482
2022-03-23,1.761428760821,460762838539.70654,24261.10041241454
2022-03-24,1.810651634482,461269055267.44055,24286.611930645053
2022-03-25,1.816863848057,463609022486.23584,24408.562219500833
2022-03-26,1.823441620909,463762114321.9201,24415.328877883654
2022-03-27,1.912928867709,464501222640.51117,24453.186114837845
2022-03-28,1.926069685862,465759486862.5007,24518.143467325775
2022-03-29,1.931857269809,466747870544.79974,24568.952592332076
2022-03-30,1.916462997871,467143405483.785,24588.680919076443
2022-03-31,1.854211355144,466853112484.7027,24572.285430228574
2022-04-01,1.880179566094,467380315332.3451,24598.893170574487
2022-04-02,1.867666383452,467374329371.81555,24597.48580151037
2022-04-03,1.886983002157,467652544331.2757,24611.002749256702
2022-04-04,1.894586551764,468031201965.8305,24629.650270473365
2022-04-05,1.855218925189,468049853001.5675,24629.457171636568
2022-04-06,1.760916830916,467366162380.98694,24592.26718645189
2022-04-07,1.771822948566,467343435440.68726,24589.955336703188
2022-04-08,1.718699748527,466914156490.6538,24566.285654834377
2022-04-09,1.737109234767,467010663883.5921,24570.12712923493
2022-04-10,1.720498052487,466939442251.25745,24565.24919043391
2022-04-11,1.612532718343,466156010236.0009,24522.928889252493
2022-04-12,1.633029961572,466757889190.9921,24553.35659381939
2022-04-13,1.6754481725,466948201213.9505,24562.237213447792
2022-04-14,1.624100214604,467261586698.9024,24577.606742088225
2022-04-15,1.648615453539,467381688410.2535,24582.647135663083
2022-04-16,1.645198704281,467358925108.401,24580.36711052188
2022-04-17,1.615563193564,467309508295.0284,24576.43510201912
2022-04-18,1.660587322655,467416683880.0832,24580.988934270004
2022-04-19,1.68715900189,467634410447.54974,24591.436701989016
2022-04-20,1.683056618589,467736562591.06116,24595.515163455566
2022-04-21,1.642192379664,468537637986.00934,24636.270660398925
2022-04-22,1.614479409264,468125166707.6652,24613.490439129684
2022-04-23,1.608260125691,468121380870.9704,24611.97305068906
2022-04-24,1.60550883035,468111024566.60114,24610.045703863358
2022-04-25,1.644601591866,468136265833.23505,24610.062715388794
2022-04-26,1.549627067302,467376827839.96985,24569.008684163728
2022-04-27,1.596095580203,467451222170.1063,24571.54703259511
2022-04-28,1.617507844772,467510535371.8132,24573.599167059736
2022-04-29,1.572635096383,467100479327.41425,24550.835725256464
2022-04-30,1.537292898922,466780281247.2497,24532.797235235495
2022-05-01,1.567381909459,466890434391.5106,24537.240571067745
2022-05-02,1.573983130319,466248352961.76154,24502.208533816178
2022-05-03,1.540983434257,465615683362.3056,24467.755121256214
2022-05-04,1.618770611892,466039712563.62146,24488.863267768415
2022-05-05,1.493350506698,465191628858.9269,24443.03892249062
2022-05-06,1.476077962977,464738416157.8574,24418.08662040632
2022-05-07,1.454866736249,464546326670.4072,24406.847815040288
2022-05-08,1.397053307677,464041867342.91943,24379.10314444698
2022-05-09,1.25746370058,461069457362.48584,24221.71057928377
2022-05-10,1.282199871846,460107708847.5747,24169.972128734524
2022-05-11,1.198898869373,457258773157.3586,24019.170888701996
2022-05-12,1.211574517788,456174248582.5488,23961.140330675193
2022-05-13,1.224580870454,455319837093.9209,23915.067904802283
2022-05-14,1.254528110725,456096888516.4804,23954.772713500053
2022-05-15,1.301371234936,456240530581.0592,23961.35738130743
2022-05-16,1.248816594441,455750809427.9099,23934.349214125003
2022-05-17,1.272635339124,455451028992.19806,23917.451851245223
2022-05-18,1.204897921252,454730316493.65173,23878.554333276257
2022-05-19,1.268265640482,454351130216.31885,23857.687445426174
2022-05-20,1.226785298597,453686924988.5699,23821.80975908661
2022-05-21,1.235285942059,453604209645.4624,23816.411475354285
2022-05-22,1.273331088604,453707600852.0193,23820.886345423292
2022-05-23,1.22293867204,453058077280.8133,23785.535781153532
2022-05-24,1.246431579256,453024580462.70544,23782.840750386662
2022-05-25,1.244237310755,452828002126.55005,23771.39764619307
2022-05-26,1.235100855496,452423441499.6551,23749.061395457273
2022-05-27,1.20688817198,451648033358.951,23707.284547668056
2022-05-28,1.225163407756,451673432067.4622,23707.46665346776
2022-05-29,1.241234457517,451749917051.5578,23710.322253609065
2022-05-30,1.337557348648,452086692245.5484,23726.79945575779
2022-05-31,1.340327318645,452531028170.24603,23748.982119764125
2022-06-01,1.258203816602,451716148940.8821,23705.15953436609
2022-06-02,1.289506254729,450793550906.4362,23655.773586083546
2022-06-03,1.255277674265,450330495243.1245,23630.366076782586
2022-06-04,1.261962571345,449924697036.3081,23607.99627056684
2022-06-05,1.26746929363,449840963761.2647,23602.472621105182
2022-06-06,1.32794694055,449731699765.20355,23595.579057380808
2022-06-07,1.322740859864,449239644641.70776,23568.510941889414
2022-06-08,1.283418736198,448971725981.2995,23553.080413934742
2022-06-09,1.278193263932,448383185856.1142,23521.079618621694
2022-06-10,1.237117043464,447974418911.0629,23498.504190598313
2022-06-11,1.208249128114,447503828830.7186,23472.634296383716
2022-06-12,1.144614146671,446909064801.18634,23440.461594572367
2022-06-13,0.962386955567,442123465686.956,23188.445054190546
2022-06-14,0.958749419408,438981624865.12823,23022.560287150798
2022-06-15,0.982571637347,437054531326.4121,22920.253498843333
2022-06-16,0.89010384052,435117131404.2012,22817.761322026163
2022-06-17,0.900449527228,433410463497.30273,22727.458306650362
2022-06-18,0.839761069586,431802792192.12585,22641.99656579292
2022-06-19,0.905122908176,431790120640.2255,22640.34528704902
2022-06-20,0.909413901996,431435165702.47345,22620.755169424367
2022-06-21,0.916201262025,430692366748.4212,22580.699229210717
2022-06-22,0.887627935977,429849052584.721,22535.532655926025
2022-06-23,0.936392381423,429768641947.4529,22530.19487522745
2022-06-24,0.946260674502,429376353436.58295,22508.67816798793
2022-06-25,0.953541799671,429505184010.954,22514.31784536421
2022-06-26,0.93595363596,429407669507.6678,22508.18858287562
2022-06-27,0.92317584654,428848879845.58923,22477.897113380648
2022-06-28,0.902427057507,428416033203.1648,22454.135734106156
2022-06-29,0.895265183982,427979898365.21594,22430.16755904901
2022-06-30,0.865015984997,426469839394.5237,22349.774414311603
2022-07-01,0.866810006703,425802913676.60706,22313.843834877083
2022-07-02,0.862322030966,425603349131.7535,22302.3777866531
2022-07-03,0.864908319377,425338165103.4523,22287.350268320024
2022-07-04,0.907445950743,425394526579.1056,22289.259716256798
2022-07-05,0.906388103368,425213511387.3428,22278.91420768809
2022-07-06,0.924592307191,424445324971.2105,22237.740518465285
2022-07-07,0.973646516264,424461667458.3378,22237.453511766806
2022-07-08,0.981374953634,424297593973.828,22227.780567588816
2022-07-09,0.97256585657,423671466484.22217,22194.00572873352
2022-07-10,0.938937826789,423539831770.07416,22185.998686220944
2022-07-11,0.903257154365,422112614872.13654,22110.347395504632
2022-07-12,0.875464077465,421748321390.0633,22090.173624720264
2022-07-13,0.91248166822,421735247491.188,22088.693439736355
2022-07-14,0.931267482062,421391867789.7151,22069.81283553727
2022-07-15,0.947404727073,419853061946.0256,21988.197974149287
2022-07-16,0.963942951894,419895997548.5892,21989.38132308661
2022-07-17,0.947388315858,419820433026.1997,21984.53185453187
2022-07-18,1.014380417157,419933092237.59406,21989.488623424946
2022-07-19,1.064015965884,419486028745.2726,21965.08643620132
2022-07-20,1.059545792317,419646100350.9174,21972.562051442794
2022-07-21,1.055572042956,418919483132.99585,21933.518859012238
2022-07-22,1.037202359622,418138099562.67,21891.662070398346
2022-07-23,1.027767986307,417878715328.0608,21876.97956279752
2022-07-24,1.035693112787,417817552525.378,21872.653922597896
2022-07-25,0.984744106523,417277465678.20935,21843.365646922815
2022-07-26,0.970493939661,416960829800.3378,21825.648086153324
2022-07-27,1.048530886503,417230211518.3029,21838.569910603277
2022-07-28,1.090974652069,417481163617.0618,21850.69729957521
2022-07-29,1.096121570662,417496216965.334,21850.441612447976
2022-07-30,1.08119685014,417492738112.05634,21849.337572593642
2022-07-31,1.06930792552,417379511138.2907,21842.32592323665
2022-08-01,1.068081818605,417434781592.1608,21844.246658400683
2022-08-02,1.054827227962,417266087733.25507,21834.312077722745
2022-08-03,1.044976588452,417165213973.8972,21827.998535007035
2022-08-04,1.037537603272,416832541106.0628,21809.65008955292
2022-08-05,1.065899475533,416890229884.98755,21811.598594428633
2022-08-06,1.054367720796,416890959120.8408,21810.488496303784
2022-08-07,1.061585802404,416911796722.92426,21810.44473176779
2022-08-08,1.091208903728,416999730535.5265,21814.017860472857
2022-08-09,1.064322658536,416464897990.2018,21785.021262590963
2022-08-10,1.097349862382,416785897998.4156,21800.757719257737
2022-08-11,1.098103095757,416717214887.70917,21796.16754436687
2022-08-12,1.118913448413,416879746760.1701,21803.571027670616
2022-08-13,1.120303000575,416892143749.98816,21803.228735684224
2022-08-14,1.1152866103,416864886148.4146,21800.855409679705
2022-08-15,1.105125221321,416733737223.79987,21792.9638290944
2022-08-16,1.095336349684,416722363331.7019,21791.314932528217
2022-08-17,1.071575714816,416477675770.8355,21777.601534243036
2022-08-18,1.066480347068,416421716572.8114,21773.650744436258
2022-08-19,0.962223516455,415564344519.10974,21727.557014162354
2022-08-20,0.97348633387,415489776252.48267,21722.600581454528
2022-08-21,0.99226378976,415498922366.0932,21722.042459017666
2022-08-22,0.981225385052,415262534289.54156,21708.655710149873
2022-08-23,0.992293505064,415153934323.9017,21701.75884678837
2022-08-24,0.987637310218,415009207149.6397,21693.158613533637
2022-08-25,0.995543286361,414864747770.6432,21684.481107158415
2022-08-26,0.934524032452,414509776491.595,21664.681560116864
2022-08-27,0.925756657439,414276589727.03394,21651.468328639956
2022-08-28,0.908751979889,414250505351.5309,21648.966554417664
2022-08-29,0.936300029003,414292847744.31665,21650.06916166725
2022-08-30,0.91691540216,413775908805.93085,21621.910985354785
2022-08-31,0.926540201628,413611846342.5279,21612.30734594847
2022-09-01,0.930819103606,413390211231.11835,21599.752872882054
2022-09-02,0.924346524698,413059771357.1584,21581.578135753727
2022-09-03,0.917781321543,413010026285.6644,21577.9432473419
2022-09-04,0.924996509034,413082134724.5022,21580.5267325322
2022-09-05,0.917682178845,412972023707.04236,21573.69647664448
2022-09-06,0.874858544608,412383253155.9567,21541.940298302103
2022-09-07,0.895970446823,412231230734.0066,21532.972591817124
2022-09-08,0.897686434169,412019429572.09937,21521.016822695514
2022-09-09,0.991990113442,412320092296.6721,21535.687865317796
2022-09-10,1.008276774233,412372810904.4946,21537.33757095251
2022-09-11,1.00926214108,412322407417.36176,21533.418794872763
2022-09-12,1.038445934441,412406291922.50464,21536.724097630973
2022-09-13,0.939370352409,411080941317.3861,21466.55162046766
2022-09-14,0.944134275318,410673215021.2056,21444.371390512213
2022-09-15,0.919794265144,410119492230.3101,21414.429957417076
2022-09-16,0.922172305414,410007512339.4396,21407.688672701915
2022-09-17,0.939999035144,409979229376.35693,21405.02446676892
2022-09-18,0.907953496893,409838096534.2987,21396.580693981105
2022-09-19,0.914684111914,409580400470.0186,21382.220051123473
2022-09-20,0.88338246827,409259642170.9398,21364.41523874142
2022-09-21,0.86699153682,408924791488.80756,21345.95317502248
2022-09-22,0.909510592046,408945430886.9794,21346.13913761059
2022-09-23,0.90563544045,408858612634.055,21340.66751008
2022-09-24,0.886975013788,408794466857.6997,21336.30315744407
2022-09-25,0.881057004179,408697870414.888,21330.238638348867
2022-09-26,0.900322536822,408654809811.4182,21326.947772184445
2022-09-27,0.896561719809,408368805660.8378,21311.12503617857
2022-09-28,0.913487552122,408126344757.5287,21297.43001414508
2022-09-29,0.917870607279,407990487414.49243,21289.347600428027
2022-09-30,0.91356153704,407720651373.5818,21274.094742070818
2022-10-01,0.907912672634,407678039188.5617,21270.615788819418
2022-10-02,0.894190083633,407598574336.6446,21265.380989048288
2022-10-03,0.923308111571,407596908057.97565,21264.226253258625
2022-10-04,0.956568501176,407604187495.7698,21263.475910106023
2022-10-05,0.948163366006,407503117801.82574,21256.990536994294
2022-10-06,0.938866609583,407382716783.8292,21249.608402406164
2022-10-07,0.919983246052,407194114853.95056,21238.586686804505
2022-10-08,0.914595870208,407038178038.5163,21229.242183971503
2022-10-09,0.915262738221,407017929733.5957,21227.09285657329
2022-10-10,0.902773565181,406852152078.41016,21217.28523455134
2022-10-11,0.897697758664,406714309985.79785,21209.01147922697
2022-10-12,0.904197086018,406303729190.425,21186.654835338348
2022-10-13,0.915299590894,406232507892.0971,21181.953836249326
2022-10-14,0.905697877908,406110082744.6117,21174.493803003203
2022-10-15,0.900728724487,406074836806.7682,21171.607398327986
2022-10-16,0.909910910294,406040626505.66016,21168.83045354381
2022-10-17,0.924678135264,405700910551.02795,21150.08570528542
2022-10-18,0.91398573907,405940704276.96954,21161.607591420958
2022-10-19,0.904610705933,405730320545.89014,21149.599822334207
2022-10-20,0.900242542303,405613238094.433,21142.497859822783
2022-10-21,0.907143363442,405540788089.1949,21137.647169668555
2022-10-22,0.909318069409,405279898045.0121,21123.113192256107
2022-10-23,0.926261633178,405297937425.44495,21122.986879250137
2022-10-24,0.915784798173,405260365303.0308,21120.093114340194
2022-10-25,0.951195313284,405389997655.8377,21126.00939147659
2022-10-26,0.983939477562,405611663534.6925,21136.493961359873
2022-10-27,0.959624512348,405571050479.28406,21133.448413517974
2022-10-28,0.975004031923,405580565105.2474,21132.849894944466
2022-10-29,0.98443454901,405599303732.52686,21132.842139110016
2022-10-30,0.975832100659,405510875286.95514,21127.30598097501
2022-10-31,0.97009674747,405441264362.89136,21122.489312873488
2022-11-01,0.970049689813,405343569439.0849,21116.40954694266
2022-11-02,0.954490976446,405216117180.3163,21108.93141053134
2022-11-03,0.956986021054,405180760568.4968,21105.96261770461
2022-11-04,1.000981821699,405783900975.2912,21136.49266039307
2022-11-05,1.007111287598,405740390673.3132,21133.187426290817
2022-11-06,0.991409279364,405664847694.0197,21128.3104485178
2022-11-07,0.976088727485,404610978329.1176,21072.433826122517
2022-11-08,0.880744871078,403793792484.06757,21028.758465522482
2022-11-09,0.753958696179,401354961790.8559,20900.735493682227
2022-11-10,0.839903712816,401075897990.32184,20885.20388588564
2022-11-11,0.811340136624,400426986443.6936,20850.50383628388
2022-11-12,0.806378353685,399444797845.90173,20798.23025405856
2022-11-13,0.785273663056,399172856852.93353,20783.19839991634
2022-11-14,0.801361740695,398580479126.3963,20751.525272778166
2022-11-15,0.81368542899,397901359012.5881,20715.12305070065
2022-11-16,0.806089820633,396999901639.9316,20667.18361673054
2022-11-17,0.81024033294,395353190328.5376,20580.534370523284
2022-11-18,0.818509642211,391056164812.1837,20355.927527768814
2022-11-19,0.820610369081,390880991594.57574,20345.836084000402
2022-11-20,0.799184425512,390581868187.432,20329.28092772842
2022-11-21,0.777592696604,389859878713.382,20290.850818997955
2022-11-22,0.79805211183,389387897611.08014,20265.455231300144
2022-11-23,0.817451445016,389594654647.22766,20275.285866866496
2022-11-24,0.81837142484,389395206986.0695,20264.055954516793
2022-11-25,0.816011276502,389097352797.7527,20247.745653179467
2022-11-26,0.812740435671,388933326327.07056,20238.49261804572
2022-11-27,0.812332752733,388848333756.8349,20233.175030246326
2022-11-28,0.802349876662,388350809857.7647,20206.373662796297
2022-11-29,0.814147810046,388179955926.0589,20196.623533335125
2022-11-30,0.850801464317,388052378909.31006,20189.079840380437
2022-12-01,0.840529289057,387883677894.83545,20179.29895487304
2022-12-02,0.84670015577,387656374751.7739,20166.654063652644
2022-12-03,0.838232388894,387561998298.9697,20160.885700691233
2022-12-04,0.84968361727,387383719763.4427,20150.694487293746
2022-12-05,0.84468600446,386044281362.1369,20080.067264187404
2022-12-06,0.850384196971,385942391451.03485,20073.886472696115
2022-12-07,0.839503933452,385875683687.4839,20069.294678694947
2022-12-08,0.858945882155,385740339915.6105,20061.166460329587
2022-12-09,0.854978591377,385405868564.7589,20042.7813909092
2022-12-10,0.854415449082,385410589227.8543,20042.02369949897
2022-12-11,0.853211507586,385299971913.09155,20035.31423014775
2022-12-12,0.858539391858,385192847955.4976,20028.81307401349
2022-12-13,0.887729303381,385099809856.6164,20022.90176114393
2022-12-14,0.890254354657,384778022382.0291,20005.208613035862
2022-12-15,0.86728278142,384659703786.5435,19998.15380691454
2022-12-16,0.830992951979,384393209511.7961,19983.45489633401
2022-12-17,0.839657772493,384298693505.2053,19977.64555962726
2022-12-18,0.839875774864,384256680546.5484,19974.52055120739
2022-12-19,0.823536056851,383675477963.14075,19943.42718707563
2022-12-20,0.847633081501,383627293474.21533,19940.015680327902
2022-12-21,0.843195618816,383353024472.25195,19924.834280292278
2022-12-22,0.844194325117,383228310007.4527,19917.47880662803
2022-12-23,0.842886604017,383069897430.824,19908.39206586543
2022-12-24,0.84590101132,383014620584.3726,19904.943893850505
2022-12-25,0.845706555551,382829594002.10364,19894.4171158018
2022-12-26,0.848591013908,382793807174.9155,19891.72398799693
2022-12-27,0.8399359586,382605035271.47864,19881.17201069453
2022-12-28,0.83299277844,382058042399.61554,19851.665738500036
2022-12-29,0.838526883526,381718338943.7457,19833.10670403418
2022-12-30,0.836965256607,381601496818.7423,19826.01870001723
2022-12-31,0.835246001939,380805367735.0714,19783.65387454019
2023-01-01,0.839542831106,380767836149.10065,19780.708533205074
2023-01-02,0.843780085391,380744945050.9046,19778.517604153218
2023-01-03,0.843211245785,380595234845.3334,19769.752202693224
2023-01-04,0.852695347503,380404965552.2347,19758.951527642905
2023-01-05,0.851818124476,380283474933.0806,19751.634414907003
2023-01-06,0.858998530318,380109280279.5554,19741.433396328073
2023-01-07,0.858446501208,380031025653.0063,19736.382599600143
2023-01-08,0.864443193289,380011101226.23096,19734.367829967592
2023-01-09,0.870777665108,379987235006.5127,19732.154992746884
2023-01-10,0.883951640903,379826024003.2889,19722.701814634223
2023-01-11,0.904886150128,379565563611.21643,19708.23706729454
2023-01-12,0.956915395927,379797291358.95917,19719.30283966223
2023-01-13,1.006737285894,380133857271.6419,19735.759292779876
2023-01-14,1.063923229924,380400994064.5402,19748.532722184933
2023-01-15,1.056945343653,380473762766.38495,19751.265930134214
2023-01-16,1.071886746547,380658902409.6538,19759.93454233776
2023-01-17,1.071274656024,380857683705.5113,19769.252709535805
2023-01-18,1.047738862359,380813459078.64276,19766.05941427482
2023-01-19,1.066296173366,380747529336.0512,19761.707808381507
2023-01-20,1.145445917644,381180146551.74817,19783.3145965971
2023-01-21,1.152147571819,381362357541.0271,19791.885448789824
2023-01-22,1.147415859687,381494460751.21497,19797.771666556273
2023-01-23,1.157946337765,381585033351.8862,19801.457240139258
2023-01-24,1.14168583391,381669928769.4434,19805.03410582596
2023-01-25,1.166238508234,381884788713.4385,19815.0587172671
2023-01-26,1.161820741319,381690703901.6531,19803.992697273105
2023-01-27,1.165635900125,381482427969.074,19792.19793739844
2023-01-28,1.162375118008,381550487463.3089,19794.650718576755
2023-01-29,1.200618353218,381717720322.8523,19802.29296361306
2023-01-30,1.15137768201,381726579779.2398,19801.866596668133
2023-01-31,1.167609671158,381892725957.3332,19809.746771169695
2023-02-01,1.196241930423,382392414261.3507,19834.785927583544
2023-02-02,1.184795889398,382498782106.1329,19839.370691113305
2023-02-03,1.181415746292,382633890231.1945,19845.52284068398
2023-02-04,1.176437733184,382790111443.4428,19852.75015203112
2023-02-05,1.156408398602,382797935684.65686,19852.177845028837
2023-02-06,1.145679319019,382832043088.94714,19852.994341024318
2023-02-07,1.171652534251,382939496304.21454,19857.652779759897
2023-02-08,1.154986688723,382994280412.7604,19859.60545633155
2023-02-09,1.099040577212,382868504465.48956,19852.041314974278
2023-02-10,1.089446116412,382759940793.8116,19845.466845994855
2023-02-11,1.101770368949,382773313259.1133,19845.208455093154
2023-02-12,1.097210551986,382754118020.9332,19843.171655467457
2023-02-13,1.09866674955,382732780159.9933,19841.062565842443
2023-02-14,1.119923157609,382785458630.14856,19842.80340383187
2023-02-15,1.22364317031,383185665666.5051,19862.500418811826
2023-02-16,1.195012046683,383313173998.0354,19867.95773429926
2023-02-17,1.237767811543,383573979505.5147,19880.4132536121
2023-02-18,1.239058645614,383649800779.5245,19883.261135384902
2023-02-19,1.225347760367,383718454341.0231,19885.77573550893
2023-02-20,1.246658143379,383846295887.4145,19891.453938391383
2023-02-21,1.226544841574,383908422848.61365,19893.59749662147
2023-02-22,1.214898364016,383847036225.1097,19889.51479152643
2023-02-23,1.20196788302,383924108738.5465,19892.40690053068
2023-02-24,1.165447448567,383812864197.4569,19885.77368475808
2023-02-25,1.164771417267,383783650608.1851,19883.571228702964
2023-02-26,1.183865293006,383847351735.40247,19885.789850579633
2023-02-27,1.181751158136,383932281335.6699,19889.288244877145
2023-02-28,1.165088210397,383504828436.3597,19866.26327616533
2023-03-01,1.188892073095,383393043890.6996,19859.37969022985
2023-03-02,1.181929202448,383372442282.13055,19857.386917066455
2023-03-03,1.126016843463,383227724465.8372,19848.81164418213
2023-03-04,1.125231451633,383242771600.7446,19848.61446191182
2023-03-05,1.130220819242,383031355532.3558,19836.669752850685
2023-03-06,1.130223291427,382959510427.3803,19832.101741036313
2023-03-07,1.122035533533,381643122395.195,19762.875425797312
2023-03-08,1.098460296734,381530339168.00226,19756.18480454769
2023-03-09,1.031092147146,381160544910.087,19736.174142745185
2023-03-10,1.026171253096,380946048418.2656,19724.199672868323
2023-03-11,1.043781214381,380919852272.06964,19721.790395753666
2023-03-12,1.118453254664,381079225913.174,19729.01410401175
2023-03-13,1.222477139001,381669961670.1685,19758.593698055025
2023-03-14,1.252017069531,382165074350.6182,19783.29063709911
2023-03-15,1.233259096934,382369321811.5352,19792.922519351043
2023-03-16,1.264318230866,382671427681.6249,19807.702076493613
2023-03-17,1.381709504388,383838148871.7091,19867.148779261235
2023-03-18,1.357927080335,383966350947.45026,19872.743081954028
2023-03-19,1.41718434858,384282829513.4692,19888.17076635852
2023-03-20,1.398348824456,384629967391.8646,19905.144998301123
2023-03-21,1.413889214116,385046069813.4322,19925.744375544768
2023-03-22,1.371700451034,385198366396.2193,19932.600524508387
2023-03-23,1.421886913625,385846201552.6986,19964.941991897784
2023-03-24,1.375231386162,385974772038.0274,19970.548390406188
2023-03-25,1.376280144651,386047439400.88336,19973.371691093973
2023-03-26,1.403671575252,386249078257.1375,19982.873619194444
2023-03-27,1.357098415255,386784180368.91315,20009.599941319546
2023-03-28,1.363066939643,386936222286.4341,20016.598311838323
2023-03-29,1.417071461284,387286680047.6044,20033.77568042245
2023-03-30,1.420441511641,381382221374.5211,19727.358058284994
2023-03-31,1.443820674085,381826950383.5228,19749.46183972913
2023-04-01,1.442211549223,382000571999.16956,19757.54798363348
2023-04-02,1.425206305097,382065316095.2088,19759.944883431723
2023-04-03,1.409099995135,382180867745.927,19765.084124446337
2023-04-04,1.4219430768,382325094058.3964,19771.50771884014
2023-04-05,1.424960408187,382568849464.0131,19783.22446322385
2023-04-06,1.41726242259,382739466309.04877,19791.023898785697
2023-04-07,1.411891341659,382675240414.5982,19786.79480258885
2023-04-08,1.413111240664,382735972861.38983,19788.994981537337
2023-04-09,1.432780320048,382815111427.2129,19792.152972452728
2023-04-10,1.498410626119,383227822344.7609,19812.70331856922
2023-04-11,1.524007596955,383911796529.5035,19847.076864826497
2023-04-12,1.506773205338,384033835932.52783,19852.359625440182
2023-04-13,1.528589539867,384364212935.8344,19868.52669083586
2023-04-14,1.531450017782,384777182521.9964,19888.97429745042
2023-04-15,1.525286478334,384868813386.5174,19892.695267027688
2023-04-16,1.523487449103,384968801955.4998,19897.066346788662
2023-04-17,1.481199761253,384961626523.6591,19895.69931326156
2023-04-18,1.524898878521,385336845317.3501,19914.02368320235
2023-04-19,1.445557031038,385486499491.3856,19920.86336060227
2023-04-20,1.418296444501,385470130858.0701,19919.16181455123
2023-04-21,1.370138666353,385488285731.52234,19919.167143751078
2023-04-22,1.396814023725,385564690285.30365,19922.156507164334
2023-04-23,1.385375480736,385653104019.05945,19925.778937245395
2023-04-24,1.381178300296,385658698585.50745,19925.160760996863
2023-04-25,1.420027669157,385788963364.59314,19931.08643777561
2023-04-26,1.423548393886,385959735070.63367,19939.072078772584
2023-04-27,1.477024680925,386173177733.2415,19949.261381862918
2023-04-28,1.470212541775,386470094019.47064,19963.652228935898
2023-04-29,1.463534273428,386540433628.7307,19966.402590048732
2023-04-30,1.470402257877,386604240360.2202,19968.744362430756
2023-05-01,1.408272273073,386537922025.13153,19964.145943147472
2023-05-02,1.436592482997,386692019551.8217,19971.273228476664
2023-05-03,1.45181633614,387382112617.8676,20006.00354914553
2023-05-04,1.442232154866,387434684183.18085,20007.775689347007
2023-05-05,1.476466635695,387609003337.39435,20016.00903752171
2023-05-06,1.443843173393,387620735056.05914,20015.65231793429
2023-05-07,1.429877064919,389558931925.98834,20114.833043971026
2023-05-08,1.378067479397,389684205708.108,20120.4119708638
2023-05-09,1.374090435543,389635006611.7073,20116.89143179963
2023-05-10,1.374436923429,389608557496.09906,20114.42244517969
2023-05-11,1.341912915639,389547682940.10126,20110.299819940643
2023-05-12,1.331264514159,389583097015.25116,20111.21311684645
2023-05-13,1.334669775407,389595081441.2068,20110.890937921304
2023-05-14,1.338338944895,389661436514.2126,20113.187097015907
2023-05-15,1.352469393563,390097517741.7951,20134.74148458289
2023-05-16,1.341803499909,390244586364.29504,20141.338272163965
2023-05-17,1.360182926857,390337943467.10394,20145.11689570424
2023-05-18,1.332798511609,390266330883.79626,20140.505005065414
2023-05-19,1.335285312277,390229820665.82056,20137.646527129527
2023-05-20,1.345668504663,390278877591.6762,20139.327177483698
2023-05-21,1.329584607553,390300192342.5121,20139.446283489186
2023-05-22,1.331796174941,390858203942.53345,20167.303052132032
2023-05-23,1.349756710174,390962382412.41846,20171.676622284194
2023-05-24,1.306148991112,390894320588.8098,20167.248012208944
2023-05-25,1.312302574122,391198492798.6353,20181.958372790938
2023-05-26,1.323951129649,391224486162.3392,20182.303718577805
2023-05-27,1.330559181986,391254298488.48956,20182.898088131682
2023-05-28,1.391560954233,391438707939.7035,20191.369296817098
2023-05-29,1.374801000798,391543173594.24615,20195.703125949447
2023-05-30,1.371662586882,391715286485.82855,20203.57765057094
2023-05-31,1.347122513076,391747325110.36676,20204.311778509094
2023-06-01,1.32755818548,391807400237.34576,20206.550370837907
2023-06-02,1.348499664123,391924479604.0094,20211.52004652593
2023-06-03,1.339845350422,391927836487.6565,20210.846315822437
2023-06-04,1.343716524322,391955283293.4559,20211.297604792988
2023-06-05,1.276417765634,391787230938.2146,20201.733459430427
2023-06-06,1.3462357416,392058050214.72516,20214.714019075855
2023-06-07,1.303228127244,392003597048.1718,20211.027124563592
2023-06-08,1.312170481703,392043455145.69867,20212.079124127857
2023-06-09,1.309627647538,392070431634.86346,20212.369239292828
2023-06-10,1.279906228962,391987984221.4681,20207.116166351567
2023-06-11,1.282204028842,391965940265.3043,20204.91869383923
2023-06-12,1.282415132209,391920086802.8636,20201.53325139942
2023-06-13,1.281288526881,391891209606.64856,20199.088207250523
2023-06-14,1.242758133707,391828489963.2176,20195.068291156123
2023-06-15,1.265794710232,391790955287.5021,20192.17107065886
2023-06-16,1.303742036635,391906081027.72894,20197.109055678276
2023-06-17,1.312806147734,391913146635.79846,20196.56245156119
2023-06-18,1.304485514887,392048829721.1266,20202.572111517
2023-06-19,1.326002267293,391911725308.78625,20194.583449861995
2023-06-20,1.401058308786,392090011879.4265,20202.88540443488
2023-06-21,1.487688159529,392678295609.6477,20232.409028847662
2023-06-22,1.479224774259,393013554739.9333,20248.789641641077
2023-06-23,1.511461032551,393454405560.05853,20270.687172632348
2023-06-24,1.506266238891,393678634389.36084,20281.285936376593
2023-06-25,1.501725462895,393833973362.1137,20288.289120308917
2023-06-26,1.490477217783,394069389508.3249,20299.46232200738
2023-06-27,1.508993136561,394541644213.8494,20322.87328009136
2023-06-28,1.480047953676,394886133372.5136,20339.91074208196
2023-06-29,1.4974352167,394944813583.5658,20341.977160929553
2023-06-30,1.497404119431,395280545516.30115,20358.23386764011
2023-07-01,1.500071404388,395852569671.7774,20386.82217130453
2023-07-02,1.500295120753,395977469436.2558,20392.132221522075
2023-07-03,1.525922363387,396230960819.6374,20404.286840811335
2023-07-04,1.509148391226,396337098869.65485,20408.826351961703
2023-07-05,1.494037535141,396438494285.26013,20413.02270589163
2023-07-06,1.470491737414,395961583118.04596,20387.554072347466
2023-07-07,1.487208780434,396105777205.70483,20393.82995695902
2023-07-08,1.483788128844,396174241718.35406,20396.186656183923
2023-07-09,1.478660537861,396250759441.2389,20399.016734451638
2023-07-10,1.489525354536,396398240653.60944,20405.597990054222
2023-07-11,1.499536522954,396639681776.702,20417.13997988176
2023-07-12,1.487755265888,396787351864.7293,20423.795150929593
2023-07-13,1.538500113181,396963354625.77686,20432.065751032478
2023-07-14,1.483457241083,396988523023.29083,20432.45412205313
2023-07-15,1.482403144167,397029166968.6456,20433.63892949082
2023-07-16,1.480253300626,397085868282.5296,20435.5382643071
2023-07-17,1.475399676867,397013147476.17206,20430.90204439445
2023-07-18,1.45985580542,397161311519.7459,20437.461903350493
2023-07-19,1.463037215762,397343097076.0353,20445.843169519696
2023-07-20,1.457534391178,397427283543.83057,20449.33330638571
2023-07-21,1.463442609814,397352190098.6482,20444.73305031935
2023-07-22,1.453936935337,397378096855.543,20445.185004003335
2023-07-23,1.470319604139,397471124348.1844,20449.004667854162
2023-07-24,1.427138509577,397419437587.4884,20445.359373642637
2023-07-25,1.42923855151,397436514533.7688,20445.33071293784
2023-07-26,1.436080716187,397460960628.571,20445.64168788189
2023-07-27,1.429632064392,397097044604.3444,20426.015367774096
2023-07-28,1.440164978549,395757954135.9114,20356.218566458385
2023-07-29,1.442211649973,395807110652.34094,20357.883102445234
2023-07-30,1.437384415792,395838399317.1072,20358.392933916395
2023-07-31,1.435482408871,395798165558.8524,20355.40108900376
2023-08-01,1.449024030947,395871167393.17426,20358.245901066693
2023-08-02,1.432048628755,395743478909.6652,20350.672021066133
2023-08-03,1.434367776395,395789755931.6635,20352.064053715625
2023-08-04,1.427652983063,395826510835.7362,20353.16256011693
2023-08-05,1.427408392655,395857282254.1328,20353.73747768578
2023-08-06,1.427044043698,395910358067.9284,20355.393693604547
2023-08-07,1.432710437146,395942150039.0281,20356.07323798941
2023-08-08,1.46267267691,396027728243.44556,20359.655207956253
2023-08-09,1.452750656477,396121208702.8974,20363.401045930797
2023-08-10,1.445222004734,396144433875.04614,20363.76405517314
2023-08-11,1.443460117805,396237825713.37634,20367.576753234327
2023-08-12,1.444002195989,396325215656.5374,20370.975877884386
2023-08-13,1.437480909277,396386103729.882,20373.221948231672
2023-08-14,1.443311936754,396462573897.24457,20376.033041673378
2023-08-15,1.43140313407,396501746337.50525,20376.927032153348
2023-08-16,1.411251226179,396485677626.94586,20375.034490351944
2023-08-17,1.309597789983,396170641826.67334,20357.825074538177
2023-08-18,1.279955274829,395888192456.2315,20342.402863206415
2023-08-19,1.282875825078,395863589246.52216,20340.224126072735
2023-08-20,1.287026193244,395855011379.30896,20338.72527353362
2023-08-21,1.285209423972,395715203528.82196,20330.464847759904
2023-08-22,1.278234400958,395597998402.13464,20323.510047874297
2023-08-23,1.301640510691,395590456478.8728,20322.19600649173
2023-08-24,1.286264498958,395412500735.95184,20312.14758263464
2023-08-25,1.282530939849,395276687472.71405,20304.290872062662
2023-08-26,1.280910484603,395266639208.2283,20302.881733480655
2023-08-27,1.284719699038,395324536095.9093,20305.099454013904
2023-08-28,1.285785965076,395267806649.31525,20301.416629255087
2023-08-29,1.3631929159,395251785989.48627,20299.564212711437
2023-08-30,1.344866297954,395250368757.6745,20298.67044864763
2023-08-31,1.279294333561,395069123331.072,20288.424573307944
2023-09-01,1.272142442172,394981461716.4306,20282.939767147895
2023-09-02,1.275429178013,394983062788.36066,20282.03254523634
2023-09-03,1.280178738226,394971459202.3419,20280.408347464778
2023-09-04,1.272295663234,394942126267.05066,20277.932584825656
2023-09-05,1.271797475869,394849700476.54,20272.380398011173
2023-09-06,1.270666304167,394795672374.18933,20268.728448389564
2023-09-07,1.293153415402,394814606601.8806,20268.75098617542
2023-09-08,1.278230950625,394778929519.18835,20266.054581196626
2023-09-09,1.277871761676,394755396821.6863,20263.86479003297
2023-09-10,1.274805713565,394758337392.4388,20263.06009251221
2023-09-11,1.240998802155,394599598492.8893,20253.878838959627
2023-09-12,1.276849786407,394595183274.6931,20252.736133986582
2023-09-13,1.294929881704,394628739704.0379,20253.50339276435
2023-09-14,1.31072461763,394787374879.61145,20260.592183982633
2023-09-15,1.316247721823,394880138074.82874,20264.130861994567
2023-09-16,1.31045230781,394906595434.3912,20264.481160352425
2023-09-17,1.30778359727,394938521609.18396,20265.151034360857
2023-09-18,1.320321096515,395078221886.64496,20271.305197752954
2023-09-19,1.341491282124,395404881013.57654,20287.161644251813
2023-09-20,1.337531751739,395404169922.9502,20286.175403519086
2023-09-21,1.310046276386,395358680122.62836,20282.944023349362
2023-09-22,1.310529519075,395371325651.4877,20282.75382182322
2023-09-23,1.310250960634,395395247951.9856,20282.966534713774
2023-09-24,1.296058458113,395394663818.2671,20281.98719298049
2023-09-25,1.296187807462,395406200625.846,20281.63615584326
2023-09-26,1.291644411828,395391377725.4937,20279.99165111192
2023-09-27,1.298711354638,395384661870.15344,20278.62658107918
2023-09-28,1.332826815107,395484040046.5716,20282.774277304998
2023-09-29,1.326653306014,395547385699.0278,20285.067207835993
2023-09-30,1.329742814001,395620181645.387,20287.90306563921
2023-10-01,1.377331393995,395736881487.17523,20292.970508984392
2023-10-02,1.35843524556,395745350795.5269,20292.383744856066
2023-10-03,1.351957092666,395834098001.5843,20295.86766339227
2023-10-04,1.369035570095,396014356854.9344,20304.257817476646
2023-10-05,1.350981968888,395969574928.1207,20301.04451742658
2023-10-06,1.37581058469,396153932981.585,20309.45515831442
2023-10-07,1.376921632645,396292140459.3573,20315.427477664285
2023-10-08,1.375035048808,396337906364.3086,20316.810207812112
2023-10-09,1.357643501831,396477865679.7982,20322.968971327038
2023-10-10,1.349224905545,396491809707.2769,20322.628990626334
2023-10-11,1.320267435058,396465837694.64655,20320.256228869668
2023-10-12,1.316151935393,396439294312.8915,20317.821886634993
2023-10-13,1.321220609655,396429079056.44116,20316.400284823714
2023-10-14,1.321559699731,396634452964.5137,20325.97486367667
2023-10-15,1.334644980263,396689976282.7327,20327.732925566623
2023-10-16,1.401484702482,396955572322.1062,20340.424425384143
2023-10-17,1.397569787083,397060548831.0005,20344.74801547888
2023-10-18,1.392147247637,397151749542.65924,20348.476116777623
2023-10-19,1.410163206398,397109839449.47815,20345.41669434717
2023-10-20,1.458847579295,397449648322.99664,20361.952673413816
2023-10-21,1.469157536053,397570117185.82086,20367.146252287504
2023-10-22,1.471860430263,397676633292.9513,20371.60501307748
2023-10-23,1.613500605985,398719878695.09784,20424.020248879755
2023-10-24,1.654397557736,399815805755.87445,20479.33188445739
2023-10-25,1.681601781377,400421458991.31995,20509.40912589742
2023-10-26,1.663662918099,401153634043.8518,20545.924225593426
2023-10-27,1.648793504518,401421533156.73505,20558.631772542834
2023-10-28,1.65738945553,401653330065.2791,20569.4496963163
2023-10-29,1.679987904494,401879133736.37616,20580.111099695525
2023-10-30,1.674700476949,402244165624.4834,20597.77583845436
2023-10-31,1.679986208289,402641311069.8782,20617.089773002033
2023-11-01,1.715331297044,403421539080.40955,20656.05607167723
2023-11-02,1.687432786238,403755086408.19403,20672.181802520234
2023-11-03,1.677473281454,404135819207.3711,20690.774788612318
2023-11-04,1.695198047921,404343235670.07336,20700.281214510353
2023-11-05,1.69531363252,404497674915.54297,20707.107731099106
2023-11-06,1.690062847822,404761488212.499,20719.770979865552
2023-11-07,1.707693280842,405184407640.7634,20740.53771099876
2023-11-08,1.724477503,405558367962.3734,20758.69041302338
2023-11-09,1.762200964364,406622901816.5045,20812.22696788665
2023-11-10,1.792853668717,407233793467.8279,20842.46752778088
2023-11-11,1.773581111946,407410246522.7519,20850.43136252599
2023-11-12,1.776498366314,407569643247.6776,20857.51484720625
2023-11-13,1.751221714879,407776623534.8882,20867.299540999895
2023-11-14,1.705402061503,407835277237.0042,20869.37993567067
2023-11-15,1.810152914492,408543227689.7694,20904.61705557033
2023-11-16,1.729237075753,408691020217.2929,20911.18965579649
2023-11-17,1.747806543208,408945436656.90735,20923.203540796832
2023-11-18,1.74769689693,409076838954.8192,20928.92939614993
2023-11-19,1.78814575059,409304066671.83215,20939.416431589565
2023-11-20,1.789732455017,409763747240.38544,20961.820447335773
2023-11-21,1.717720966087,410107725058.5857,20978.39742172756
2023-11-22,1.780655097435,410650532620.9413,21005.21025700635
2023-11-23,1.775570834214,410840287521.127,21013.928871038454
2023-11-24,1.793664605571,411154963115.30884,21028.894725307357
2023-11-25,1.796938311512,411311870651.9299,21035.85073068763
2023-11-26,1.781247130023,411470006934.00574,21042.956305296175
2023-11-27,1.768699884325,411603974779.68427,21048.932919426596
2023-11-28,1.795694998493,411960932858.56213,21066.197557447987
2023-11-29,1.794443185541,412466630686.3931,21091.140375851406
2023-11-30,1.787790724759,412551750141.7206,21094.58951580784
2023-12-01,1.831958430263,413205447185.34283,21126.873319118342
2023-12-02,1.866562636124,413511926222.6141,21141.68534369716
2023-12-03,1.88957149278,413839066740.5419,21157.295589617737
2023-12-04,1.974157660867,415271160726.3974,21229.459182699604
2023-12-05,2.070210110876,416400367380.86804,21286.247828092604
2023-12-06,2.049004981703,417661602507.07666,21349.794061675977
2023-12-07,2.024192806038,418319840433.7428,21382.655889831753
2023-12-08,2.063554127808,419103790919.3742,21421.804067673616
2023-12-09,2.040603828859,419379765843.5141,21434.835010189086
2023-12-10,2.039126541822,419632371512.8023,21446.786745725873
2023-12-11,1.920421604102,419888123544.29706,21458.774834884956
2023-12-12,1.928403638971,420781059408.4209,21503.420099315525
2023-12-13,1.994507456072,421294885833.54865,21528.65391784148
2023-12-14,1.997076014934,421694535580.73083,21548.0716979475
2023-12-15,1.945584187067,422264807617.7757,21576.088713417157
2023-12-16,1.954587603816,422594301016.6536,21591.87644626841
2023-12-17,1.918432937883,422676766733.1353,21595.055509848742
2023-12-18,1.970997560336,423413790101.1313,21631.55046414573
2023-12-19,1.952266717846,423849867452.7309,21652.70894560756
2023-12-20,2.010355157868,424604869971.37054,21690.274668274164
2023-12-21,2.02055347695,425049790605.74316,21711.990667178565
2023-12-22,2.024349186253,425622402785.49133,21740.07426882338
2023-12-23,2.012046953684,425904504850.69995,21753.372440817086
2023-12-24,1.978993772604,426402863246.9995,21777.637667411112
2023-12-25,2.002168071468,426629696234.73505,21788.255953455264
2023-12-26,1.947666354666,427200279295.9957,21816.428058200596
2023-12-27,1.98454282113,428612374880.00256,21887.64029904392
2023-12-28,1.948191066046,428924198169.1761,21902.71809664159
2023-12-29,1.915289168243,429441447917.72815,21928.07438198521
2023-12-30,1.923525954915,429718630758.793,21941.212525133775
2023-12-31,1.923147103068,429953685551.7676,21952.121459664206
2024-01-01,2.005011405976,430319012111.15796,21969.687265711633
2024-01-02,2.041843744783,431128359641.29865,22010.087994440135
2024-01-03,1.941607815328,431540462383.889,22030.01615707189
2024-01-04,1.991280476371,435329819020.64417,22222.25637833796
2024-01-05,1.983754393826,435969402315.9734,22253.925354679304
2024-01-06,1.972626827535,436180453550.6733,22263.704012181683
2024-01-07,1.968589392178,436357151269.6353,22271.88469263711
2024-01-08,2.105199604079,437254354640.65814,22316.802743313347
2024-01-09,2.061111820714,438098628976.9351,22358.80913010572
2024-01-10,2.090437479903,438852726563.103,22396.345131842423
2024-01-11,2.06755309096,439590037572.1323,22432.73510658136
2024-01-12,1.910157143573,439278945555.13336,22415.6586696111
2024-01-13,1.911017344621,439406254994.23535,22421.018098293694
2024-01-14,1.868072683047,439466785681.6974,22423.191392379147
2024-01-15,1.895817002527,439675589160.0427,22433.029766211046
2024-01-16,1.915131498731,441834618813.8706,22542.288742440964
2024-01-17,1.892920670298,442043646452.0206,22552.083136465237
2024-01-18,1.826405496575,442843474427.34375,22591.865659156487
2024-01-19,1.840326498572,443186400445.5699,22608.408652109505
2024-01-20,1.842828285649,443262725861.8104,22611.271345670535
2024-01-21,1.836787376079,443336032717.72156,22614.00143379355
2024-01-22,1.750703117876,443209671694.7662,22606.40279679835
2024-01-23,1.75685238167,443468041873.4569,22618.470838172445
2024-01-24,1.769398537471,444384264716.1168,22664.117805438254
2024-01-25,1.759912897525,444752934922.49133,22681.611801499035
2024-01-26,1.843658004535,445238176113.23444,22705.258211073447
2024-01-27,1.854538165179,445447847929.13074,22714.71259340763
2024-01-28,1.847823938144,445579143212.582,22720.24915781191
2024-01-29,1.900281404617,446050047007.18024,22743.130031747227
2024-01-30,1.884454643724,447024483879.11725,22791.768573865247
2024-01-31,1.865776569305,447727759560.2879,22826.672553737742
2024-02-01,1.883692689819,447977879771.1944,22838.311093628512
2024-02-02,1.888479126867,448271789212.275,22851.925970022596
2024-02-03,1.880647419447,448355560753.07495,22855.09689561761
2024-02-04,1.862423695961,448487434439.06494,22860.69029159102
2024-02-05,1.863325630825,448745198980.24414,22872.692549689524
2024-02-06,1.881777313878,449409607116.57294,22905.317194237756
2024-02-07,1.929905898886,449919762024.2764,22930.149857907218
2024-02-08,1.974244701407,450559387288.73975,22961.73900827635
2024-02-09,2.050894304805,451395226000.09485,23003.119372463374
2024-02-10,2.075743628106,451836070315.3714,23024.47015543617
2024-02-11,2.091679256465,452240389304.6321,23044.067801889894
2024-02-12,2.163451148703,453491652259.6513,23106.509128486283
2024-02-13,2.144571750971,454193218599.6457,23141.2607810228
2024-02-14,2.227481564237,456835336360.0236,23274.847142047664
2024-02-15,2.227672856945,457654740309.3508,23315.428533417213
2024-02-16,2.233361065632,458426121771.33636,23353.730482876952
2024-02-17,2.211108586549,458778122942.28406,23370.546415716766
2024-02-18,2.229209056718,459238150871.98004,23393.07943298256
2024-02-19,2.207720044105,460675813789.0348,23465.296377608756
2024-02-20,2.226411177484,461266638247.0816,23494.336401219767
2024-02-21,2.199223255693,461956753249.0223,23528.45336373172
2024-02-22,2.176256754311,462773901926.7295,23569.059650634328
2024-02-23,2.151044247173,463628500672.9294,23611.38932528696
2024-02-24,2.182874558495,463986364274.5569,23628.5840227045
2024-02-25,2.188723304731,464280166645.87695,23642.311869721776
2024-02-26,2.30035580813,465717812083.8757,23714.516565511167
2024-02-27,2.39296751458,468214001851.67737,23840.644669324756
2024-02-28,2.578804516452,475702794040.624,24220.812481648838
2024-02-29,2.523625575021,477828353070.6583,24328.007474340924
2024-03-01,2.552193764104,481196610523.2442,24498.297384962254
2024-03-02,2.530515094253,481653103627.53955,24520.54710308782
2024-03-03,2.564912446775,482430361992.9123,24558.905459152247
2024-03-04,2.751198902437,486201755705.74384,24749.87859440342
2024-03-05,2.565781926711,489655787417.7308,24924.380230513314
2024-03-06,2.612226371577,497165481198.05945,25305.510372031164
2024-03-07,2.630694305772,500923159520.2883,25495.31467844525
2024-03-08,2.663773784415,504119214372.70197,25656.726316307104
2024-03-09,2.664446669894,505189074038.5506,25709.84291533992
2024-03-10,2.673324643842,506325628493.4362,25766.511934208098
2024-03-11,2.776042557045,511089942617.6948,26007.557899632073
2024-03-12,2.732831670246,513690568076.68176,26138.722366109025
2024-03-13,2.746836537171,522894919426.22394,26605.72440928214
2024-03-14,2.676637138189,525058116165.7107,26714.5934304851
2024-03-15,2.593181988006,526209520077.16254,26772.094861232494
2024-03-16,2.443363523614,526392270833.6995,26780.166466535185
2024-03-17,2.541969044316,528046314528.6616,26863.068738735816
2024-03-18,2.51875351754,528924608263.8814,26906.51786790838
2024-03-19,2.30649799611,528179469233.71106,26867.271354219374
2024-03-20,2.517432122856,529856780239.10394,26951.31559801956
2024-03-21,2.425056482588,530657503368.84937,26991.014928200126
2024-03-22,2.347242779085,531786125955.4581,27047.259689283626
2024-03-23,2.355130916016,537334389713.96265,27328.095634534504
2024-03-24,2.459089042138,538061857751.93915,27363.615012732313
2024-03-25,2.531973278125,543971946983.85077,27663.01723199739
2024-03-26,2.529858023857,544675588441.09045,27697.62040150569
2024-03-27,2.497305617703,545474528603.8164,27737.048878023063
2024-03-28,2.542320039061,547902392194.45386,27859.158478560377
2024-03-29,2.50681430136,548549679118.0892,27890.79469072836
2024-03-30,2.495980095994,548956077065.9397,27910.083104898105
2024-03-31,2.54947270434,549531275361.9644,27938.111152446818
2024-04-01,2.483865174687,552702439496.6146,28097.993579446822
2024-04-02,2.325824861038,554274039771.9073,28176.564767622625
2024-04-03,2.343574739079,555107662823.0988,28217.668989435413
2024-04-04,2.422340254314,555825091663.2626,28252.899196413055
2024-04-05,2.401839662162,556227824529.8691,28272.041030206718
2024-04-06,2.442327543695,556951938425.3055,28307.452559668047
2024-04-07,2.449775072637,557349803230.5375,28326.144626868278
2024-04-08,2.52594267686,558644274752.0579,28390.508597443943
2024-04-09,2.431151797828,559098407950.6571,28412.27023566926
2024-04-10,2.480887886464,559853311683.0887,28449.26853078952
2024-04-11,2.459930871341,560383349640.2651,28475.008961370168
2024-04-12,2.355699837214,560570797849.1782,28483.303616197336
2024-04-13,2.266724603585,560494437065.2332,28477.940454459174
2024-04-14,2.303797513539,560876098654.2922,28495.911456823378
2024-04-15,2.224653591762,560899382635.5808,28495.818585430807
2024-04-16,2.235583060627,561633628452.2413,28531.6262488256
2024-04-17,2.150115532828,561455956237.4657,28521.359662956485
2024-04-18,2.223657090198,562264611016.8718,28561.123602459265
2024-04-19,2.229521797353,563041635460.2626,28599.240925027778
2024-04-20,2.268874228093,563226037650.501,28608.017153599867
2024-04-21,2.270178573833,563437024280.5441,28618.097875058276
2024-04-22,2.336371416788,564142392447.0303,28653.23364690405
2024-04-23,2.315430605828,564503747969.7275,28670.822664622712
2024-04-24,2.229186378145,566967464016.0347,28795.244998716786
2024-04-25,2.239412644798,567252475268.5767,28809.066351570116
2024-04-26,2.213395882136,567367666981.8486,28814.308373405314
2024-04-27,2.200293292653,567643206130.7511,28827.66137438569
2024-04-28,2.182739504636,568154716769.0841,28852.997286760656
2024-04-29,2.213049963714,568658271246.0503,28877.96928426664
2024-04-30,2.099491659604,568739189392.545,28881.43226765275
2024-05-01,2.01516295818,568174393259.7318,28852.146693121093
2024-05-02,2.050901531028,568160552693.8365,28850.780009887112
2024-05-03,2.180678249434,568798810195.3425,28882.59902382332
2024-05-04,2.210725676775,569075466670.7628,28896.000627335587
2024-05-05,2.216655067084,569222442205.2074,28902.826128964814
2024-05-06,2.186202853853,569599772583.9374,28921.425577090366
2024-05-07,2.157205469069,569679659406.5144,28924.92190244081
2024-05-08,2.110540935051,569990160696.3568,28940.10412849161
2024-05-09,2.175223560734,570431506357.8711,28961.846255861812
2024-05-10,2.102988744981,570352892205.8376,28957.18868368332
2024-05-11,2.100448702876,570559364047.8434,28966.940654495476
2024-05-12,2.119745795365,570838225406.7526,28980.491350531924
2024-05-13,2.168233271084,571310079356.7544,29003.770160630604
2024-05-14,2.121406641577,571571036420.6986,29016.39214201609
2024-05-15,2.275705533512,573737174271.0907,29125.706853622596
2024-05-16,2.238813737175,574297634194.6077,29153.5018036036
2024-05-17,2.293532882786,575101324183.6144,29193.582289676207
2024-05-18,2.293351817746,575340171034.265,29205.113743619513
2024-05-19,2.267741433359,575613314204.7068,29218.265121135282
2024-05-20,2.430732575262,577089801432.7649,29292.487094193595
2024-05-21,2.392177115696,578291984630.0952,29352.866153047748
2024-05-22,2.350508549105,578982872804.0626,29387.220974503736
2024-05-23,2.30342600975,579575254847.5968,29416.49975812907
2024-05-24,2.329942400919,580184008880.1841,29446.649948341867
2024-05-25,2.351755247843,580462468790.7477,29460.03529115073
2024-05-26,2.321857258415,580842931380.5634,29478.559332268003
2024-05-27,2.349289009693,581644012872.5664,29518.639458257298
2024-05-28,2.276025405912,591678716191.0731,30027.266071520597
2024-05-29,2.249666771523,591979927005.9124,30041.899580735055
2024-05-30,2.274593932765,592358396235.2389,30060.51983216664
2024-05-31,2.240434640049,592628538944.0975,30073.522970856
2024-06-01,2.250811711614,592856424533.1519,30084.41456501058
2024-06-02,2.252890611825,593119677611.2758,30097.105122781966
2024-06-03,2.282844084426,594224806253.1486,30152.432794152734
2024-06-04,2.336035028633,595224074058.1532,30202.496353133418
2024-06-05,2.350051564625,596158336178.9419,30249.312136791592
2024-06-06,2.333807126267,597796039080.3148,30331.770170202486
2024-06-07,2.283767499815,598391564390.8948,30361.30312288634
2024-06-08,2.281753656488,598693753538.081,30375.807250163467
2024-06-09,2.291783692164,598959744679.1089,30388.565608327783
2024-06-10,2.284430208974,599364482509.3248,30408.430064933942
2024-06-11,2.210797104332,600636803858.0939,30472.386350797467
2024-06-12,2.236528862009,601192402840.0771,30499.867827565777
2024-06-13,2.189193919128,601326564006.8998,30505.9728575073
2024-06-14,2.162288948988,601516157019.2506,30514.97190070752
2024-06-15,2.168574282271,601810010705.1586,30529.230586777558
2024-06-16,2.181700780897,601978749497.0276,30537.00146097615
2024-06-17,2.17600767278,602310360824.4114,30553.145265830084
2024-06-18,2.131170120016,602307970819.5197,30552.287867829513
2024-06-19,2.122527340691,602605713855.5966,30566.727178845562
2024-06-20,2.122824344632,602710439817.2012,30571.394811069957
2024-06-21,2.094841851078,603136141291.1493,30592.308860868703
2024-06-22,2.094393635978,604899703601.5543,30681.021180826378
2024-06-23,2.064629768046,604911131737.0624,30681.056166329843
2024-06-24,1.965852605759,604369278949.3883,30652.834938353877
2024-06-25,2.013824808421,604481281657.1716,30657.913036714766
2024-06-26,1.983142815892,604447696254.264,30655.621759192658
2024-06-27,2.00449611147,605648911595.2598,30715.910634705797
2024-06-28,1.963323618484,605642204392.7893,30714.91330755513
2024-06-29,1.982090071071,605752829919.5564,30719.759274195523
2024-06-30,2.04224535277,606015433472.9722,30732.48745603436
2024-07-01,2.04314593286,606457918163.1746,30754.239701713504
2024-07-02,2.017079157971,606422097295.3029,30751.701931702613
2024-07-03,1.956495892684,606948204509.6945,30777.67365169748
2024-07-04,1.867131113244,606457751007.5964,30752.121055694213
2024-07-05,1.84216706331,607223509243.447,30790.360578774766
2024-07-06,1.891715119434,607371069140.7284,30797.037658959514
2024-07-07,1.82212870475,607345741072.5375,30795.065360894117
2024-07-08,1.84231499501,606908250148.1628,30772.107408205444
2024-07-09,1.882826099963,607372502913.3055,30794.895023957073
2024-07-10,1.873671456415,607622394614.345,30806.901153930386
2024-07-11,1.860391707754,607580840321.9412,30804.1110372627
2024-07-12,1.877696697499,607787962992.5597,30813.879770393338
2024-07-13,1.924461076714,608099261628.2662,30828.909931990052
2024-07-14,1.978252221421,608391296464.8538,30842.899242359814
2024-07-15,2.094337235781,609718341901.5292,30909.42569506646
2024-07-16,2.10249498714,610970210219.3145,30972.167380511706
2024-07-17,2.0722141993,611179856803.9344,30982.014698203067
2024-07-18,2.063284607936,611762076356.505,31010.894937188226
2024-07-19,2.146794861585,613446529944.921,31095.557650781153
2024-07-20,2.159544550027,613766368214.9922,31110.957081381584
2024-07-21,2.186185421436,614164521014.9014,31130.305533216473
2024-07-22,2.167482354881,614735451763.656,31158.36099970592
2024-07-23,2.109594621683,616481154224.3044,31246.006926683553
2024-07-24,2.091076478928,616641976977.6681,31253.4651109441
2024-07-25,2.101052278672,617192214243.9062,31280.545400441566
2024-07-26,2.167988897972,618084923259.3633,31324.99588568142
2024-07-27,2.17149524018,618602437984.7972,31350.45926952896
2024-07-28,2.173689504641,618839387596.5035,31361.732660238635
2024-07-29,2.130351323441,619372383022.7931,31387.85914852081
2024-07-30,2.10753663783,619722782084.2816,31404.870263274268
2024-07-31,2.060104597961,619672597649.3894,31401.625967245458
2024-08-01,2.073446664875,620337899065.8608,31434.642903205284
2024-08-02,1.958129492294,619883236196.2767,31410.981822110294
2024-08-03,1.931910948089,619947817015.6449,31413.5827467963
2024-08-04,1.85658107668,619796039598.849,31405.180851532055
2024-08-05,1.734614783702,618306494894.0138,31328.931465349262
2024-08-06,1.790105908673,617938351731.4847,31309.583983342207
2024-08-07,1.76102665944,617868797890.5135,31305.45511175189
2024-08-08,1.974027468759,618990857572.8503,31361.665758042167
2024-08-09,1.934847151042,619420937000.4614,31382.810123681607
2024-08-10,1.937094140148,620249740199.3414,31424.15942062255
2024-08-11,1.872742222889,620125941301.6652,31417.08648055841
2024-08-12,1.890144044639,620257858461.0452,31423.088162136297
2024-08-13,1.926417221684,620295725118.1261,31424.265264671183
2024-08-14,1.87350048326,619963839379.5966,31406.79557089483
2024-08-15,1.835793831991,619848206616.0371,31400.142370771617
2024-08-16,1.876508258409,619911058487.9242,31402.620395994614
2024-08-17,1.891903199321,619966963075.1338,31404.711592278032
2024-08-18,1.871999609436,620020219864.418,31406.633767159034
2024-08-19,1.891279440638,620166573464.3898,31413.40075949192
2024-08-20,1.882426600371,620075151881.2396,31408.024224990353
2024-08-21,1.945233846186,620465859043.3829,31427.083056975796
2024-08-22,1.921170694846,620663295393.2924,31436.287226849763
2024-08-23,2.035903975825,621702932857.6127,31488.126982647398
2024-08-24,2.032046751517,622086057141.2114,31506.768560263794
2024-08-25,2.046583028581,622261239488.5975,31514.977619080848
2024-08-26,1.998001382993,622437240632.646,31523.222811082742
2024-08-27,1.891971799295,621480195499.2877,31474.04609506098
2024-08-28,1.875827072948,622137181625.7748,31506.515503020488
2024-08-29,1.883349152914,622171375485.7869,31507.588968793596
2024-08-30,1.876982694923,622224711848.3458,31509.581907190855
2024-08-31,1.87073697854,622384714785.3273,31516.95131361905
2024-09-01,1.820019010688,622264481943.9364,31510.154773780192
2024-09-02,1.877143284457,622385589617.478,31515.45456206226
2024-09-03,1.829729699885,622108973511.1543,31500.70496647646
2024-09-04,1.841861370616,622268242707.2457,31508.016779284622
2024-09-05,1.781930708989,621927173203.3164,31489.97469824731
2024-09-06,1.710811543806,621543632984.1823,31469.832932345427
2024-09-07,1.718206634267,621498985198.3801,31466.785686089992
2024-09-08,1.743469313486,621491425717.4126,31465.571538251974
2024-09-09,1.814072811646,622103918709.137,31495.858970141897
2024-09-10,1.830850569033,622120515431.9563,31496.016549240307
2024-09-11,1.822802476165,622111402543.885,31495.01705040411
2024-09-12,1.844923692611,622326993046.6572,31505.173920925634
2024-09-13,1.918166417135,623417471561.4601,31559.76504934345
2024-09-14,1.901061522523,623536288255.3192,31565.085895322256
2024-09-15,1.873189573393,623577863839.085,31566.43651744648
2024-09-16,1.844209085413,623722541214.2765,31573.135973083172
2024-09-17,1.906555569386,624175432119.3773,31595.31182455837
2024-09-18,1.938486988135,624791699880.8584,31625.816477993463
2024-09-19,1.989407371018,625578122740.759,31665.012691995613
2024-09-20,1.991251479392,626594050455.6549,31715.708678988623
2024-09-21,1.997224680189,626848142940.3829,31727.892327985417
2024-09-22,2.00309504051,627038857783.0197,31736.86264872011
2024-09-23,1.993210662996,627824136951.7991,31775.87487893326
2024-09-24,2.02322807255,628355602826.882,31802.044457718104
2024-09-25,1.980828516174,629020587646.6792,31834.975315539177
2024-09-26,2.040909822528,629861026263.2904,31876.854836010698
2024-09-27,2.061133588941,630500278128.6573,31908.515589243496
2024-09-28,2.059734897491,630968299743.2822,31931.549894106734
2024-09-29,2.054377793402,631159732245.7078,31940.454808121758
2024-09-30,1.980655974681,631143375068.552,31938.935058323757
2024-10-01,1.906306811115,630877487632.8236,31924.6872296773
2024-10-02,1.901135632078,630819552207.7141,31920.9730697791
2024-10-03,1.903667765594,630817761339.6866,31920.08492663286
2024-10-04,1.942653036999,631270642415.4974,31942.147603226604
2024-10-05,1.941600018448,631403582248.253,31948.11151027083
2024-10-06,1.964736190677,631622665252.9651,31958.428695684404
2024-10-07,1.952455630153,631831438369.4218,31968.208581023104
2024-10-08,1.926780183281,637291180883.5387,32243.598888992747
2024-10-09,1.880158282942,637221860431.2506,32239.44427532578
2024-10-10,1.868650690361,636992684992.9342,32227.059662677097
2024-10-11,1.931911669891,639080768933.2076,32331.985429809625
2024-10-12,1.953970337674,639369771716.7554,32345.875206342793
2024-10-13,1.939547429605,639618861398.5487,32357.770764164976
2024-10-14,2.039522213226,640557230957.0529,32404.529998499056
2024-10-15,2.060181206339,642250005512.5085,32489.362890882087
2024-10-16,2.079852586869,643118492250.6461,32532.571698130243
2024-10-17,2.067823405287,643768245165.3896,32564.631668278922
2024-10-18,2.097751626956,644517431420.6027,32601.827920770796
2024-10-19,2.095293659588,644983190115.4147,32624.495370142624
2024-10-20,2.110307256847,646543296448.8597,32702.514283182216
2024-10-21,2.056928495458,648230636773.505,32786.97468325367
2024-10-22,2.0548573040083666,648756664369.1448,32812.86500509365
2024-10-23,2.030149964645596,649086234069.2579,32828.75049866877
2024-10-24,2.0735534317639304,649662254896.8098,32857.12043551235
2024-10-25,2.015882390039284,649927564182.4995,32869.74379733395
2024-10-26,2.038385405545456,650157270228.6483,32880.6023526247
2024-10-27,2.0672450714484363,650440534846.9211,32894.09100065321
2024-10-28,2.12079659111609,651398078131.0758,32941.64128691034
2024-10-29,2.199387577615285,653458354446.165,33045.010965692614
2024-10-30,2.1895048875101897,654361574191.915,33089.802537197225
2024-10-31,2.1253164193551783,654757377568.5789,33108.990885684914
2024-11-01,2.096717117505966,655371152181.856,33139.22629345534
2024-11-02,2.088469515716,655683243779.9607,33154.26869557114
2024-11-03,2.072996077959187,655831302218.5588,33161.06352232501
2024-11-04,2.0421715913323313,656413645761.5479,33189.7169009801
2024-11-05,2.0934035678438234,656981253802.1428,33217.68685271774
2024-11-06,2.265383861200003,660884290027.6261,33414.22083722772
2024-11-07,2.268079148113374,662524338770.6403,33496.31586615547
2024-11-08,2.2784564278185018,664167349991.0581,33578.630895513335
2024-11-09,2.285490807522989,664663133184.1442,33602.958495451785
2024-11-10,2.386299165227104,666523627325.158,33696.23043847276
2024-11-11,2.6147362044216913,672236333437.5278,33984.30721167967
2024-11-12,2.574402718870185,676550597109.6527,34201.6220859285
2024-11-13,2.6237625094988872,681333645423.5676,34442.66835971212
2024-11-14,2.5169171310403327,685394362740.607,34647.24996595892
2024-11-15,2.6166281818489865,689040416089.6399,34830.735629516166
2024-11-16,2.5963251574245816,690092102434.118,34883.0328504407
2024-11-17,2.570045957525609,690739458185.5924,34914.92833679686
2024-11-18,2.586767436063493,692828339477.7844,35019.65243977735
2024-11-19,2.616096692148944,697682586142.9728,35264.040070433955
2024-11-20,2.6545840511759584,701788193113.088,35470.732465277964
2024-11-21,2.7357035205093947,712711637084.9841,36022.02071280932
2024-11-22,2.7268624607806946,717888531336.6613,36282.852900720594
2024-11-23,2.682475835762373,720701006819.2944,36424.20451900156
2024-11-24,2.684190145202477,722269581470.8988,36502.70770016849
2024-11-25,2.5509368688261986,724049094845.8503,36591.665679860256
2024-11-26,2.504171774475637,725991104554.7368,36689.004682443905
2024-11-27,2.606953545179931,728606479525.4148,36820.403035117095
2024-11-28,2.593738763868712,730419026029.488,36911.17302017432
2024-11-29,2.6309948422566616,732582888249.4581,37019.81477712703
2024-11-30,2.6035102735918114,733226339534.9355,37051.370941944224
2024-12-01,2.627590012401485,734101670076.7336,37094.677629661564
2024-12-02,2.572610271286454,736395688081.832,37209.849775660936
2024-12-03,2.5714581344527,738933006551.031,37337.13418720959
2024-12-04,2.637537468218781,742268010183.3649,37504.77633682481
2024-12-05,2.5624396365200885,748820039706.1681,37834.90663741435
2024-12-06,2.619701356628037,755159386181.7211,38154.38939450331
2024-12-07,2.6172416537051104,756072030099.6917,38199.644303648915
2024-12-08,2.635830347444721,756924499897.787,38241.83284861582
2024-12-09,2.528321562198401,762444538836.5955,38519.70426382368
2024-12-10,2.5042559556430377,765405827164.6683,38668.37234450505
2024-12-11,2.607825988676539,768989092319.78,38848.52836794547
2024-12-12,2.5725090268010704,770182059072.26,38907.88698378547
2024-12-13,2.5964143923269845,772252307956.4388,39011.42447686674
2024-12-14,2.5956011229498386,773101284960.842,39053.33172025638
2024-12-15,2.671579602981782,774728074071.019,39134.6628879989
2024-12-16,2.6904870242055368,778898872113.6328,39344.42771053308
2024-12-17,2.6825053486643022,783153825699.1709,39558.50848007821
2024-12-18,2.5337669288940026,785029150975.0402,39652.333255759
2024-12-19,2.449250681750823,789723696415.6262,39888.54489562629
2024-12-20,2.438923701718572,792440268196.866,40024.80361987448
2024-12-21,2.4247953422211608,792793685347.7827,40041.73770572549
2024-12-22,2.3683246829858304,795465521568.659,40175.701629428004
2024-12-23,2.3466031181287983,799907145178.4847,40399.14354226838
2024-12-24,2.432547289582645,802894080854.6512,40549.153340931596
2024-12-25,2.4457574461003446,803414960967.6555,40574.49279982148
2024-12-26,2.3548963638187823,804100707030.9391,40608.28517108239
2024-12-27,2.316536046291274,805398057515.3894,40672.78914004278
2024-12-28,2.3373921900161463,805884914842.3527,40696.45715262709
2024-12-29,2.2939806186069815,806774254350.4613,40740.35219052227
2024-12-30,2.264447243535571,809145107791.8218,40859.04997308656
2024-12-31,2.2808124449322915,810879920538.6876,40945.818587230344
2025-01-01,2.3030404933089104,812238597469.2493,41013.51966945997
2025-01-02,2.3578841474857937,813488538468.7788,41075.55232779627
2025-01-03,2.3862905574570155,814357319132.1053,41118.498486824756
2025-01-04,2.3875160097101222,814865685649.7382,41143.19965084866
2025-01-05,2.3909658600988406,815240503630.6692,41161.11138967346
2025-01-06,2.477062799747396,817023939170.2529,41250.29061724433
2025-01-07,2.346702783421937,818499901416.4998,41323.93606504777
2025-01-08,2.2986659046669535,818941355150.7115,41345.408538118434
2025-01-09,2.233820238836667,818854221174.8295,41340.01812386819
2025-01-10,2.290082536703305,819625649212.3322,41378.03686861704
2025-01-11,2.285501707170164,819963604859.8171,41394.19704353425
2025-01-12,2.278657758123868,820251584136.0264,41407.611530178554
2025-01-13,2.2779845089607442,820701493930.212,41429.4871361273
2025-01-14,2.3280580564665416,821735944632.4036,41480.69909963427
2025-01-15,2.4095410827754344,823587050239.9304,41573.230147921866
2025-01-16,2.3989108291075403,825645607380.5542,41676.30101561112
2025-01-17,2.495913169030756,827857166782.5044,41786.945687174186
2025-01-18,2.4946785705686336,829090467761.821,41848.33969911187
2025-01-19,2.410672870086662,829701122604.0785,41878.17166514583
2025-01-20,2.445056132753733,831297231111.5504,41957.72740131966
2025-01-21,2.5188589005093247,833692487601.2272,42077.73952086151
2025-01-22,2.459018475131256,836300209654.0684,42208.356672043665
2025-01-23,2.455447281433525,840709705995.0288,42429.99535420388
2025-01-24,2.4651832101972833,841680037980.8423,42478.02940113316
2025-01-25,2.4670204525538764,842274668005.5826,42507.18117896466
2025-01-26,2.418361700134125,842584810231.6598,42521.91442972685
2025-01-27,2.3934124984483267,843722954847.0803,42578.304559986056
2025-01-28,2.373287118165897,844474101346.2825,42615.216377276636
2025-01-29,2.436318963363576,845263685324.6908,42654.01904327254
2025-01-30,2.457756213004062,846526879597.603,42716.786089433626
2025-01-31,2.3926271926371023,847021479034.4795,42740.90171074285
2025-02-01,2.353296238999732,847284273872.3014,42752.92195366164
2025-02-02,2.2785882985362735,847380817896.6698,42756.640575501246
2025-02-03,2.371727104993572,848866354549.4818,42830.563637925916
2025-02-04,2.280750094282139,850294593184.96,42901.74096868889
2025-02-05,2.246535583279113,851893521808.5767,42981.43927697859
2025-02-06,2.243314171452448,852977029606.1395,43035.12272588834
2025-02-07,2.2387599646519223,853343823921.7523,43052.45426283157
2025-02-08,2.2429885869544703,853693689034.5333,43069.01903963139
2025-02-09,2.232532160927027,855104964566.8148,43139.245618083885
2025-02-10,2.2560105134383015,855586168203.3583,43162.57604898679
2025-02-11,2.2178405166069126,856304946954.5615,43197.992516228565
2025-02-12,2.261466528982128,856898658650.026,43227.03714694367
2025-02-13,2.2326518009087044,857131484220.7046,43237.70531256379
2025-02-14,2.25166232416674,857659559460.6624,43263.30726265706
2025-02-15,2.254483790385446,858092884401.1683,43284.07398312388
2025-02-16,2.221961475316798,858173278476.9448,43287.09891648644
2025-02-17,2.212551004856131,858331565714.2034,43294.14815219936
2025-02-18,2.2037234329299973,858671712761.3335,43310.349411548785
2025-02-19,2.2304732158403096,859091778407.2289,43330.67647322899
2025-02-20,2.269163375900631,859702094912.9651,43360.57102352558
2025-02-21,2.2145337837142764,859948278304.1058,43372.10587215626
2025-02-22,2.2259723481715947,860506913557.6366,43399.33026802318
2025-02-23,2.213616967746432,860722715315.8364,43409.33159512432
2025-02-24,2.1164194813823665,860715047175.1117,43408.05551603994
2025-02-25,2.045057192561317,860713457324.0349,43406.969716751635
2025-02-26,1.937156888282904,859729392893.4672,43356.269257146676
2025-02-27,1.951252300853544,860017999108.1151,43369.79851321731
2025-02-28,1.9428821960052791,859848976451.8734,43360.20891264907
2025-03-01,1.979772195615528,859878831367.9889,43360.73046835524
2025-03-02,2.1723352788786894,861118868104.9178,43422.39909355378
2025-03-03,1.9890487557357124,860607415448.8724,43395.583090779
2025-03-04,2.011926611190173,860774701536.4253,43403.01985425397
2025-03-05,2.085499742580572,861766886136.8417,43452.13151907296
2025-03-06,2.074588033844596,862524152392.3976,43489.14958329726
2025-03-07,1.990605455895191,862382576128.4447,43481.03836318612
2025-03-08,1.9817025600012967,862449171349.6208,43483.45744491454
2025-03-09,1.8553174468191107,862173355504.5181,43468.46225649377
2025-03-10,1.8183074680565463,861833538021.4635,43450.27533413136
2025-03-11,1.9029557814450992,862511116751.8109,43483.49078761191
2025-03-12,1.921883426993698,863150734478.6869,43514.68821446043
2025-03-13,1.864334615532672,863005836185.2689,43506.29354479883
2025-03-14,1.932035459333313,863539859366.8024,43532.241163289254
2025-03-15,1.9374873260847636,863657251521.0116,43537.25372352703
2025-03-16,1.894746119450727,863677610462.6841,43537.28554022265
2025-03-17,1.929602895545638,863740611699.9303,43539.50116475193
2025-03-18,1.8989060236861497,863795301994.8462,43541.28404465861
2025-03-19,1.9911932421344407,864564478071.9653,43579.01244138574
2025-03-20,1.9298268037808353,864841083909.2301,43591.97992432757
2025-03-21,1.9281651540140552,865034436186.7712,43600.7299504381
2025-03-22,1.9223588315764384,865106189084.3373,43603.31636765185
2025-03-23,1.966380986053732,865330751977.0316,43613.5632203831
2025-03-24,2.0008793939408274,865917882136.9402,43642.09663073342
2025-03-25,2.0026741040033817,866155634818.9014,43653.05489977439
2025-03-26,1.9885114032158293,866496465461.9171,43669.18688780238
2025-03-27,1.9967090941768977,866682239080.5944,43677.53132957021
2025-03-28,1.928282346209128,867593045545.993,43722.37215198356
2025-03-29,1.8872433668233977,867427488915.2189,43713.05826131094
2025-03-30,1.8812161854306808,867264282881.2635,43703.890766643846
2025-03-31,1.887088049301776,867162086341.2704,43697.722349789714
2025-04-01,1.950076686214192,867310823342.6436,43704.28834731825
2025-04-02,1.8882773504046595,867647649721.6266,43720.077073755216
2025-04-03,1.8941542618128036,868916569959.4238,43782.969038701245
2025-04-04,1.9126673444102584,869272459611.3063,43799.660187857124
2025-04-05,1.9016833447333796,869389747047.4629,43804.43873917708
2025-04-06,1.780124063587888,869094655503.061,43788.57074466248
2025-04-07,1.8128169226747144,869564952069.6445,43811.26600108961
2025-04-08,1.7439655745926916,868972336022.8478,43780.353604871874
2025-04-09,1.887230963523962,870010078933.0509,43831.73288696272
2025-04-10,1.8147281216378452,870207845205.0127,43840.70256950893
2025-04-11,1.9005276237422863,870639975980.6185,43861.45114357143
2025-04-12,1.9432833469455524,871007240373.1259,43878.95859140011
2025-04-13,1.9039218772421993,871310720162.6835,43893.058551882714
2025-04-14,1.9262023235820704,871765252596.7766,43914.92595450437
2025-04-15,1.907137055165662,870947716659.9095,43872.748287665025
2025-04-16,1.9172708051026968,871336585478.3162,43891.314431075065
2025-04-17,1.9396573992306128,869376779608.807,43791.5396232238
2025-04-18,1.9277993169752448,869534135511.605,43798.528198893146
2025-04-19,1.943457271715672,869595589385.5186,43800.665306653966
2025-04-20,1.9426378432392224,869744429089.413,43807.31408623559
2025-04-21,1.9927995689339313,870374634276.7831,43838.186867970726
2025-04-22,2.1282639230663345,872227904488.3848,43930.45884758748
2025-04-23,2.1261098636422497,874996216215.518,44069.096371480846
2025-04-24,2.126194044694234,876420444138.6299,44139.84791899512
2025-04-25,2.1396892285629945,879464197559.4792,44292.13903383036
2025-04-26,2.1368454882429617,879938432104.8451,44315.09513552428
2025-04-27,2.1163030783471615,880226453681.9299,44328.65854357831
2025-04-28,2.1414599497479094,881525389906.488,44393.088555274626
2025-04-29,2.1164915940420426,882908355149.3323,44461.712282418564
2025-04-30,2.117664419217392,883693262230.9492,44500.314430907514
2025-05-01,2.1635056908519745,884951723667.3058,44562.740311361136
2025-05-02,2.1700257371132774,886253329301.1536,44627.16752595402
2025-05-03,2.1488276411481815,886715384873.7972,44649.282015817946
2025-05-04,2.1136160468529854,886794454484.4988,44652.28680495637
2025-05-05,2.1198315170018898,888677715586.438,44745.881499861825
2025-05-06,2.1566030190508583,890343846332.6854,44828.799574560166
2025-05-07,2.164177587122982,891465296476.1847,44884.198176076
2025-05-08,2.2908345636251917,893631445399.2545,44992.13558775187
2025-05-09,2.2831068959043845,895555914419.0995,45088.03470135728
2025-05-10,2.317993015404475,896168929048.7737,45117.83301814866
2025-05-11,2.30314847924649,896733873102.8073,45145.216965327985
2025-05-12,2.276547512358493,898018144404.3707,45208.84107639215
2025-05-13,2.2970209363653464,900631346726.329,45339.46999631674
2025-05-14,2.281735209781493,901696936162.5406,45392.08546110857
2025-05-15,2.2793299047250057,903920409118.8937,45502.97161126048
2025-05-16,2.272925986368772,905175439917.4196,45565.17449852097
2025-05-17,2.263971398372875,905474749524.2985,45579.21599148915
2025-05-18,2.324070467635384,906236211889.1248,45616.38355001524
2025-05-19,2.3094629533855167,908548686152.9226,45731.770152637146
2025-05-20,2.3328187609635207,910353174912.1477,45821.53231799543
2025-05-21,2.387132485847717,913060314224.206,45956.75199006086
2025-05-22,2.419114869272548,915565091046.1201,46081.73683846821
2025-05-23,2.325244185229265,916788797973.3693,46142.20289269198
2025-05-24,2.33752306327879,917309487142.1859,46167.38546225544
2025-05-25,2.357588378582445,917931218380.3403,46197.579504498826
2025-05-26,2.3615409622706878,920263041701.1606,46313.82089894295
2025-05-27,2.3483230152239982,922877221658.4119,46444.354090000925
2025-05-28,2.3195657659140596,924311697481.2793,46515.34523616157
2025-05-29,2.269515917375292,925785146702.25,46588.3306138909
2025-05-30,2.2301710388100866,926532652598.1532,46624.810899435986
2025-05-31,2.2453195179282552,926745216190.156,46634.32679141337
2025-06-01,2.266824485425617,927100597665.2274,46651.23409613004
2025-06-02,2.2631740322455194,929928531607.8821,46792.55568409708
2025-06-03,2.249049850630191,932116271802.1803,46901.577357915405
2025-06-04,2.2306295386760513,933585250047.0594,46974.561702676496
2025-06-05,2.164421975716304,933572018472.4741,46972.90622506183
2025-06-06,2.221377259248508,934276201730.4904,47007.34695754455
2025-06-07,2.246857184421021,934885066367.289,47036.92390192454
2025-06-08,2.2465926766265145,935393539726.4186,47061.37464631098
2025-06-09,2.3383291419548384,936716160060.3667,47126.880787101065
2025-06-10,2.331994320703792,938228424435.1565,47201.709757425066
2025-06-11,2.299464902547621,939175127347.4684,47248.2904339102
2025-06-12,2.2419620475504862,939818612330.2867,47279.56298217132
2025-06-13,2.2394272436628913,941133175675.2616,47344.61563214611
2025-06-14,2.227143824699812,941368308807.7926,47355.320106671374
2025-06-15,2.227219971359887,941764048156.5548,47374.21484835753
2025-06-16,2.2587719122318566,943866135905.2458,47478.86794821658
2025-06-17,2.203207202646305,944087683576.0768,47489.131481504905
2025-06-18,2.20581725377894,944658432023.2521,47516.795350600725
2025-06-19,2.202308074044105,945246901769.2755,47545.446525479165
2025-06-20,2.1712340906871987,945660004056.462,47565.096404174605
2025-06-21,2.1341088047568837,946045276404.8794,47583.42037449037
2025-06-22,2.119915228385861,946308942616.4474,47595.88157154018
2025-06-23,2.2134869832042123,947619074754.4789,47660.97487621458
2025-06-24,2.220349702793955,948890479462.951,47724.04320068284
2025-06-25,2.2450664068043222,950341404738.3385,47795.94263865514
2025-06-26,2.234143825279254,952410179200.1208,47898.80651963088
2025-06-27,2.2307257878946083,954583240705.5197,48007.22690000101
2025-06-28,2.2355962704995864,954897088641.1093,48021.91638441672
2025-06-29,2.2551487868683586,955489736376.3197,48050.44453268768
2025-06-30,2.224449219216365,957901297078.9136,48170.6213880815
2025-07-01,2.190371437932748,958419018924.5186,48195.64151070584
2025-07-02,2.2572933277993874,959635224503.0952,48255.640140752985
2025-07-03,2.268221095554169,961215989912.5574,48333.9826711385
2025-07-04,2.215345083660493,970261534019.5908,48787.61171601957
2025-07-05,2.218074557692169,970556508911.4606,48801.239993698415
2025-07-06,2.2363339967768048,970973402803.0515,48820.97473049487
2025-07-07,2.2137003448829926,972563263153.5591,48899.753417083484
2025-07-08,2.2241472452865456,974341082693.7704,48988.04786148981
2025-07-09,2.268230580456622,977002280978.9246,49120.58221947499
2025-07-10,2.354601798397052,978840447549.0775,49211.67726221721
2025-07-11,2.38212290459618,982122892124.2927,49375.540136969896
2025-07-12,2.37341147249211,983770933397.0004,49457.23651434916
2025-07-13,2.4017092198498973,984768066571.3079,49506.29998216979
2025-07-14,2.4125084332311304,988391535899.8118,49687.3273256466
2025-07-15,2.364195114922196,990439383897.6521,49788.99172277656
2025-07-16,2.3688751245334454,997062756884.1167,50120.91459022186
2025-07-17,2.374985804949236,1000980734788.8707,50316.7907453865
2025-07-18,2.340384009446915,1002685580808.6613,50401.348982430114
2025-07-19,2.336414214135971,1003986012130.7634,50465.59125472694
2025-07-20,2.3233701383205516,1004484182762.3392,50489.45022536204
2025-07-21,2.3218439654227243,1006254258100.4648,50577.22972927544
2025-07-22,2.3670956161477066,1009193446605.582,50723.766699430096
2025-07-23,2.334400354595592,1011269772955.3387,50827.008714299074
2025-07-24,2.3257901969225423,1012697170674.9358,50897.57541050527
2025-07-25,2.304027155259395,1014888299691.2706,51006.41851469375
2025-07-26,2.3118305041157874,1015472226310.0967,51034.53924875794
2025-07-27,2.338853962335245,1016139210398.3608,51066.96106681287
2025-07-28,2.3084821087206895,1017330084396.8896,51125.64523434256
2025-07-29,2.3014237166265827,1019160245249.0032,51216.71860936515
2025-07-30,2.2955727612124828,1020577292692.163,51286.8272572378
2025-07-31,2.2576734658479,1021125818546.1351,51313.15123180915
2025-08-01,2.2070884136924738,1021415865367.9291,51326.50945620216
2025-08-02,2.192314956363128,1021637006725.3706,51336.45297296522
2025-08-03,2.2240971442941064,1022435300445.211,51375.31615506681
2025-08-04,2.2406311051894656,1023233752704.4048,51414.05624176712
2025-08-05,2.2178999959543493,1023974932297.1122,51450.18315819445
2025-08-06,2.2349723954934775,1024398278070.3004,51470.29063129774
2025-08-07,2.2781308995532936,1026074127513.5225,51553.189479736284
2025-08-08,2.2621480824612368,1027149729222.4587,51606.12102542294
2025-08-09,2.2569920501462186,1027495181124.1515,51622.53705405247
2025-08-10,2.307419605120224,1028158271654.6658,51654.7566362837
2025-08-11,2.296376996154095,1029250309722.7128,51708.42733902565
2025-08-12,2.3206476200119286,1030621566030.27,51776.20415048295
2025-08-13,2.379739102823155,1032560835765.3522,51872.358476526395
2025-08-14,2.282416006210002,1033598539571.117,51923.1686766948
2025-08-15,2.2576928997517896,1034366583638.0219,51960.658582313015
2025-08-16,2.2532741501991906,1037755711774.618,52129.66510792584
2025-08-17,2.2553050008051305,1038077572415.6959,52144.5889535583
2025-08-18,2.2296562377042366,1038534877884.9106,52166.29919496043
2025-08-19,2.1624059611427886,1039306009152.5834,52203.93557173324
2025-08-20,2.187593393945847,1040023738385.3632,52238.830660477324
2025-08-21,2.1500922222394157,1040314733931.6825,52252.22487493469
2025-08-22,2.2309603181709265,1042376338457.1179,52354.57398490769
2025-08-23,2.201272176719621,1042706724590.6716,52369.91860571608
2025-08-24,2.167328504514984,1042855324769.3667,52376.05754638669
2025-08-25,2.101608862718138,1043025696554.4832,52383.45501253671
2025-08-26,2.1348985660008872,1043627884933.7183,52412.46459072308
2025-08-27,2.1218251202374474,1044048697903.1995,52432.3640883331
2025-08-28,2.142789122023943,1045279611209.6605,52492.87097270048
2025-08-29,2.0585239707912053,1049326025948.3097,52694.7132901006
2025-08-30,2.063022252855391,1049697464070.8468,52712.05905527071
2025-08-31,2.054653984489101,1049829745169.2261,52717.60973502474
2025-09-01,2.066472278033613,1050365544259.8008,52743.18255968887
2025-09-02,2.106133166120609,1050929322222.7306,52770.142433373294
2025-09-03,2.117352868701102,1051400869584.2734,52792.685262682884
2025-09-04,2.0988399671512,1052346644295.8918,52839.01352589011
2025-09-05,2.0909910896315393,1054516442120.2432,52946.772482092594
2025-09-06,2.081547548704114,1054849872218.9604,52962.350444651216
2025-09-07,2.1007955085878978,1055299313368.3093,52983.635944607144
2025-09-08,2.114485395928852,1056071729562.2211,53021.08578804029
2025-09-09,2.1019000165432096,1056491493108.8107,53040.770684795374
2025-09-10,2.145924375428194,1057533902852.3029,53091.68847140919
2025-09-11,2.171828406012249,1058840778929.9034,53156.047049141
2025-09-12,2.1834524058125826,1059640511397.4678,53195.19386946862
2025-09-13,2.178678922337634,1060307454381.4469,53227.497802586535
2025-09-14,2.1673601179200923,1060634170377.2249,53242.62104360245
2025-09-15,2.1656665085615017,1061720708717.746,53295.801250031756
2025-09-16,2.1888797241350617,1063028539693.1597,53360.111916180875
2025-09-17,2.1818070259413114,1064458900570.4316,53430.8379443278
2025-09-18,2.188425256780357,1065259379887.0831,53469.693058801255
2025-09-19,2.1584515968726663,1067139313875.753,53562.643104530696
2025-09-20,2.1600824520314994,1067657835942.2073,53587.38313516055
2025-09-21,2.151199242305393,1068089902374.146,53607.70706922534
2025-09-22,2.1030843290113816,1067984091401.404,53601.13533398875
2025-09-23,2.0884207525288683,1069064085860.5449,53654.12747710813
2025-09-24,2.1098438050041244,1070249429003.2758,53712.32852565143
2025-09-25,2.0312424703115273,1070896851159.8333,53743.632072704444
2025-09-26,2.0392977420667635,1071601390228.5881,53777.87652317745
2025-09-27,2.0384097258593883,1071856035757.5061,53789.34828553374
2025-09-28,2.0843982136269275,1072376950539.9602,53814.09706301281
2025-09-29,2.122720877587773,1073422216806.4424,53865.36809557057
2025-09-30,2.1128072133352527,1075001897271.3942,53943.27607249482
2025-10-01,2.186155026712077,1079265407030.9143,54155.93539328477
2025-10-02,2.221772196583208,1081409309731.5137,54262.356056312245
2025-10-03,2.249202943238196,1084097086518.4655,54396.2153384538
2025-10-04,2.247639041410611,1085154541443.4646,54448.1307109018
2025-10-05,2.266766621760195,1086081678159.1942,54493.37709849152
2025-10-06,2.287145426879909,1087759873139.769,54576.52679180297
2025-10-07,2.219347428097428,1091945299054.6554,54785.33811217519
2025-10-08,2.248606081441407,1093740868870.604,54874.15253079188
2025-10-09,2.2125534313089372,1095485151748.0404,54960.63103621863
2025-10-10,2.070562788244427,1095078617522.8445,54939.09818818901
2025-10-11,2.0194789962614186,1095022511119.4752,54935.01732552704
2025-10-12,2.0951257451651712,1095591122041.0957,54962.29393903266
2025-10-13,2.09746317757528,1096100644804.9856,54986.54477591353
2025-10-14,2.056829337301677,1098350487258.4642,55097.949720494595
2025-10-15,2.005891025806165,1101778019578.2192,55268.641745297886
2025-10-16,1.9578568178170297,1101060757563.651,55231.336950551035
2025-10-17,1.92928303157762,1101799004674.9082,55266.99136734888
2025-10-18,1.9381495183779995,1102117794675.3645,55281.55228436281
2025-10-19,1.965929731213064,1102415787679.0461,55295.29465776189
2025-10-20,2.000241242040893,1102803559601.2627,55313.45279262374
2025-10-21,1.9642552693241937,1103343509650.7856,55339.23404430353
2025-10-22,1.9422693938130509,1105258091532.8643,55433.9323532837
2025-10-23,1.9838505829202957,1106170129376.4841,55478.44063698664
2025-10-24,2.0002399703642184,1106746922381.0063,55505.81169857023
2025-10-25,2.010123020095332,1107181640634.9165,55526.22140131133
2025-10-26,2.061141989497095,1108268175347.7654,55579.43171518241
2025-10-27,2.0506486983041583,1109401131675.1619,55634.967559013465
2025-10-28,2.0269852854220023,1111489595799.6943,55738.286142894875
2025-10-29,1.9748570714184717,1112835839028.0283,55804.721049454776
2025-10-30,1.9325248327320044,1114676975535.6016,55895.64595100072
2025-10-31,1.9596274069163768,1114900892176.8896,55905.64779867767
2025-11-01,1.9663440701835695,1115691310810.5564,55944.072821944326
2025-11-02,1.97277646963442,1115961216257.155,55956.24761662708
2025-11-03,1.9020882532144816,1116636988024.4846,55988.886220139226
2025-11-04,1.8116855886218344,1115729441037.365,55942.23295081663
2025-11-05,1.857055734420492,1116054718365.262,55957.33227887084
2025-11-06,1.8097201631689652,1115797732693.65,55943.22024941352
2025-11-07,1.8428465053331913,1119434324124.0815,56124.300883231655
2025-11-08,1.8227583856026048,1119827220573.63,56142.943709670544
2025-11-09,1.8641651761462623,1120128283148.662,56156.7970373653
2025-11-10,1.8875443600732529,1121040877876.5103,56201.316589353744
2025-11-11,1.8318881974218433,1121284189773.0278,56212.16718168432
2025-11-12,1.8085099031300793,1121550135330.4688,56224.257592866146
2025-11-13,1.7800126434105843,1121076899334.8801,56199.21325590409
2025-11-14,1.6842606972655323,1119306863227.1863,56109.21620150636
2025-11-15,1.7025099652616345,1119505544859.0051,56117.91871321042
2025-11-16,1.6785525812642024,1119360332234.8271,56109.24206420501
2025-11-17,1.6392867114437717,1118558612002.352,56067.96584486191
2025-11-18,1.654516965238705,1119438542987.5938,56110.903581921964
2025-11-19,1.628739580213074,1118610402303.9092,56068.19054603483
2025-11-20,1.5515619978194948,1117579242357.2744,56015.35625464633
2025-11-21,1.5202473672522108,1114860763231.1514,55877.778939432115
2025-11-22,1.5063202250156789,1122901655177.0642,56279.53481432728
2025-11-23,1.5408129016405956,1124949607789.6477,56380.92371277798
2025-11-24,1.5674035927405892,1125050420118.9595,56384.71345316478
2025-11-25,1.5507097680723907,1125047839861.0242,56383.568615447286
2025-11-26,1.6019179596137352,1126663992302.436,56463.11443397145
2025-11-27,1.6180110246025807,1126421091926.198,56449.67720027085
2025-11-28,1.6124043653578792,1126081482922.4255,56431.332341540816
2025-11-29,1.609812435967487,1126083493841.2046,56430.22242512136
2025-11-30,1.605936798624271,1125918240731.318,56420.46575493679
2025-12-01,1.533958697259218,1125394929656.3054,56393.067799130455
2025-12-02,1.6233866164835693,1125174802814.1548,56380.91607482041
2025-12-03,1.6594397707736588,1125779649262.4287,56410.05808980084
2025-12-04,1.6346860768202705,1125715703960.652,56405.68807790145
2025-12-05,1.5845510954223283,1124504101529.198,56343.92902910843
2025-12-06,1.5825974776524672,1124530242896.5,56343.80082125767
2025-12-07,1.5985004613781386,1124586580587.3667,56345.21201315292
2025-12-08,1.6096177386431436,1124350896412.1265,56332.098153959756
2025-12-09,1.6469894512126808,1124742995082.337,56350.60490485503
2025-12-10,1.6325770870501284,1126069002076.1846,56415.66993824358
2025-12-11,1.6416453987249755,1126209010428.8784,56421.2709655656
2025-12-12,1.6020026597826391,1125544062457.3396,56386.67811040473
2025-12-13,1.6004071227927794,1125614486578.7148,56388.94377493842
2025-12-14,1.5625992937931457,1125420621573.2456,56378.10215593426
2025-12-15,1.5334507834438562,1124136382666.441,56312.58674154683
2025-12-16,1.5583000660090016,1124168930714.2927,56312.921335074374
2025-12-17,1.529104503632707,1123556242358.4524,56281.014162004925
2025-12-18,1.5183951212093736,1123284103738.2979,56266.11392117905
2025-12-19,1.5669393446155329,1123341275263.3755,56267.70055619937
2025-12-20,1.5699331395911071,1122806636457.397,56239.62665081557
2025-12-21,1.5740329131051052,1122962900542.7527,56246.23871962138
2025-12-22,1.5730377244463174,1122949342617.416,56244.33594835649
2025-12-23,1.5534926720508595,1122856973030.2246,56238.43315071565
2025-12-24,1.5586263806194096,1122512972367.524,56219.80474549238
2025-12-25,1.5515779428765888,1122561613463.3137,56221.02658074116
2025-12-26,1.5547999122682277,1121591941768.1711,56171.091271429956
2025-12-27,1.561130488616242,1121679930665.7664,56174.30224259346
2025-12-28,1.5623713813655935,1121483820965.093,56163.11857823726
2025-12-29,1.55184373281198,1121216521949.7576,56148.37921940353
2025-12-30,1.575194732866138,1121032804356.545,56138.133545320234
2025-12-31,1.5599368640000817,1120352487636.431,56102.89753219949
2026-01-01,1.5805666838787138,1120503377377.5278,56109.127664152926
2026-01-02,1.6028335346054856,1120610719083.9565,56113.23835278452
2026-01-03,1.6144428345714437,1120718485945.3794,56117.27355293791
2026-01-04,1.6278233718322608,1120875855713.3408,56123.88006170223
2026-01-05,1.6729656061920013,1121558714742.29,56156.91191241681
2026-01-06,1.6656981847227377,1121987052154.7034,56177.216239081696
2026-01-07,1.6234736025512655,1122095637357.1077,56181.36082861632
2026-01-08,1.6216948371778772,1121969704039.3472,56173.89540068732
2026-01-09,1.6124074298017157,1121553600351.8083,56151.81470600618
2026-01-10,1.6100132123879032,1121594170765.4248,56152.42267320822
2026-01-11,1.61585640170226,1121404872222.083,56141.87388170423
2026-01-12,1.6235117369511671,1121357916162.9392,56138.275920366934
2026-01-13,1.6956457102183624,1122723049442.9668,56205.43119352405
2026-01-14,1.725258285011508,1123614446954.3308,56248.96490512665
2026-01-15,1.698251329285832,1123888960687.5107,56261.48385135958
2026-01-16,1.6967501163466352,1124235005804.5532,56277.66224401979
2026-01-17,1.6895599397740113,1124527208423.3633,56290.97744547383
2026-01-18,1.6743922801666509,1124649091006.0427,56295.845691515584
2026-01-19,1.6436868798008475,1124596464408.4001,56291.89056711275
2026-01-20,1.5689223614895769,1123587878289.4656,56240.235564308634
2026-01-21,1.5933664347912715,1123462221655.9,56232.74089281564
2026-01-22,1.5900557424434003,1123270726162.2244,56221.740124943535
2026-01-23,1.597227656500748,1118802759070.2227,55996.884055305316
2026-01-24,1.5927055312322624,1118800987325.3608,55995.937070680426
2026-01-25,1.5441681672754624,1118542042384.0046,55982.03124803502
2026-01-26,1.5779781705662028,1118551469463.3281,55981.417359812316
2026-01-27,1.594258404220792,1118717388169.151,55988.65297082735
2026-01-28,1.5929682871962685,1118606690861.0933,55982.14978133025
2026-01-29,1.5108463744510503,1117835139880.4478,55942.41660827142
2026-01-30,1.502794123367734,1117154630595.4607,55907.21491573448
2026-01-31,1.409206961565977,1116009575777.2437,55848.70615113355
2026-02-01,1.3779375282101733,1115378098275.7815,55816.066260395615
2026-02-02,1.411272421681785,1114618849821.74,55777.04247566796
2026-02-03,1.3597906397012431,1112285538779.413,55659.1315001184
2026-02-04,1.315930750700471,1110057004112.653,55546.381468578016
2026-02-05,1.1497951473288677,1103608556307.6934,55222.609517141114
2026-02-06,1.2794885803917828,1103493001525.1292,55215.57542721115
2026-02-07,1.2542864998384384,1102089322698.0994,55143.908071513506
2026-02-08,1.278752679408799,1102230666186.4153,55149.5143470105
2026-02-09,1.274890122985872,1101232380415.1868,55098.16141081017
2026-02-10,1.2481033012418763,1099985594586.942,55034.54164814555
2026-02-11,1.2182387788490885,1099102067947.4518,54988.98717978659
2026-02-12,1.205655751536307,1097868449940.9508,54925.748271951496
2026-02-13,1.2543817127922632,1097304561593.8883,54896.241280550916
2026-02-14,1.271428434942344,1097355631170.3173,54897.371497382366
2026-02-15,1.2503520156434709,1097212301267.7845,54888.51068930237
2026-02-16,1.2529918805039757,1096804853300.8932,54866.626909814346
2026-02-17,1.230359595565078,1096270474448.9525,54838.480627765486
2026-02-18,1.21146371466258,1095403573669.798,54793.80534283887
2026-02-19,1.221844787848528,1095149809897.0952,54779.750159364754
2026-02-20,1.2419474106076231,1094267621129.5574,54734.45065439025
2026-02-21,1.2427727388908913,1094258771046.3615,54732.98989641142
2026-02-22,1.234286313377275,1094187101809.0339,54728.00220236105
2026-02-23,1.1831842972470235,1093141061243.4851,54674.41757071835
2026-02-24,1.1743319937937022,1091770283108.9098,54604.44867117302
2026-02-25,1.2461229941727416,1091711269710.5565,54600.16587254747
2026-02-26,1.2368113915864163,1091559868763.1051,54591.399293806644
2026-02-27,1.2073254705520615,1090831170592.4186,54553.75325341979
2026-02-28,1.2275612619982268,1090815821904.0005,54551.76648387314
2026-03-01,1.2052481747995247,1090594085466.1768,54539.407430111554
2026-03-02,1.263760682233652,1090583490718.1078,54537.718467129875
2026-03-03,1.2548907532524818,1090483552257.6528,54531.578827336816
2026-03-04,1.3324599332646212,1090600544482.9741,54536.32131326325
2026-03-05,1.3020998734899651,1090255473193.5559,54517.65154253514
2026-03-06,1.252787494903745,1089125771331.8027,54459.91891705052
2026-03-07,1.236301300128931,1088932834904.6215,54449.148364141256
2026-03-08,1.2160004257646573,1088832452433.7936,54442.98905696795
2026-03-09,1.258828872642114,1088762700711.0562,54438.327527448935
2026-03-10,1.2838921987216931,1088768727386.6586,54437.455050566845
2026-03-11,1.2926305604960422,1087725627700.291,54384.11987260543
2026-03-12,1.297352966463531,1087480965114.6292,54370.79136187841
2026-03-13,1.30454126489792,1087517965514.4595,54371.613369331826
2026-03-14,1.3085611269402389,1087350759048.6469,54362.16654720987
2026-03-15,1.3372863065162932,1087586861939.5397,54372.90865948607
2026-03-16,1.3736647820354706,1088100397477.4939,54397.520072366526
2026-03-17,1.3620392217241302,1088040591368.572,54393.450957897985
2026-03-18,1.3108271207032423,1087355336152.476,54358.01319803403
2026-03-19,1.2873233530441244,1086951780108.351,54336.70154534354
2026-03-20,1.2979134579553593,1086760041686.7878,54325.979322840605
2026-03-21,1.2832286394689276,1086699792879.2527,54321.79649443282
2026-03-22,1.2516621596693465,1087136720605.9271,54342.262371787416
2026-03-23,1.3014094083299217,1087235827555.3949,54345.85810850532
2026-03-24,1.3002777489726736,1086415567914.1829,54303.79683720983
2026-03-25,1.31291879231233,1086210244518.4622,54292.23635882821
2026-03-26,1.2664072256679189,1085715175220.4547,54266.09264677865
2026-03-27,1.221391534843414,1084660214623.2239,54212.076655608435
2026-03-28,1.2242821302425808,1084366035775.1832,54195.900508638966
2026-03-29,1.2173465160210977,1084251729638.2358,54188.96881516883
2026-03-30,1.2307677885365405,1083578854935.9198,54154.18946172728
2026-03-31,1.2594615926249517,1083756714315.2017,54161.92795263709
2026-04-01,1.2578004357870882,1083655594196.5609,54155.50420824154
2026-04-02,1.2361570581529682,1083091050888.2607,54126.06557599587
2026-04-03,1.2360952901456137,1082899159097.9891,54115.360491388135
2026-04-04,1.2435879583030514,1082885985823.0012,54113.68811066749
2026-04-05,1.2731860065048008,1083306066709.8402,54133.3361653743
2026-04-06,1.270093812424762,1083146488970.81,54124.28014065591
2026-04-07,1.330703341528385,1083677610594.2926,54149.65312909109
2026-04-08,1.3129220338742065,1083562198835.3892,54142.634928969506
2026-04-09,1.325828946125455,1083659127918.1475,54146.26071664479
2026-04-10,1.3468426562660187,1083956332819.2415,54160.053800471775
2026-04-11,1.3497406830177825,1084230433997.1661,54172.708903912746
2026-04-12,1.3049673347970956,1084130203870.6064,54166.39008279796
2026-04-13,1.3770482398402828,1084780452766.2339,54197.62607174799
2026-04-14,1.3687529040183417,1084667117615.7319,54190.57606567214
2026-04-15,1.3796263886883915,1084676909712.1211,54190.00772061491
2026-04-16,1.3856258612153995,1084827868660.4905,54196.26344884001
2026-04-17,1.4223235153878984,1085272005065.6838,54217.25831272446
2026-04-18,1.3980047368399022,1085241795787.0332,54214.45418156863
2026-04-19,1.3634656752952106,1085057979676.4309,54203.93445965797
2026-04-20,1.3987305546501194,1085043447647.2253,54202.10852743655
2026-04-21,1.4040391749892125,1085145582754.8142,54206.06821626885
2026-04-22,1.4451816880881303,1084892457379.9323,54192.31569123447
2026-04-23,1.4435180102987248,1084997548171.2292,54196.54149869564
2026-04-24,1.4313054086958685,1083238926829.9817,54107.43843104332
2026-04-25,1.4345741475645932,1083312548179.1232,54109.93333035723
2026-04-26,1.4512399107371685,1083507135714.6069,54118.39405484579
2026-04-27,1.4274966444382788,1083565134927.3915,54120.12522820916
2026-04-28,1.4098968122284417,1083471330200.7135,54114.26599127671
2026-04-29,1.4012950588480768,1082992087249.4768,54089.25791497229
2026-04-30,1.4109087161770764,1082797355577.0029,54078.35053660821
2026-05-01,1.4441109410626063,1083344095644.1787,54104.32229515671
2026-05-02,1.4546787719928145,1083478994235.9125,54109.91089387025
2026-05-03,1.4532128991393036,1083724513732.4464,54120.88850565953
2026-05-04,1.4734139625232838,1084886365733.1105,54177.65125583607
2026-05-05,1.49326488273632,1085383410964.0192,54201.20419421943
2026-05-06,1.5007289347155643,1085718268043.7131,54216.73311309944
2026-05-07,1.4754077327071486,1085704477346.2299,54214.84309804874
2026-05-08,1.4788069377076725,1085816136806.9536,54219.17510072113
2026-05-09,1.4875564619691928,1085973619369.7491,54225.591911433905
2026-05-10,1.5165762999799848,1086256992050.9658,54238.471970725506
2026-05-11,1.5062797314103844,1086503430974.7626,54249.38034149761
2026-05-12,1.4843434176790684,1086537649421.663,54249.95460313182
2026-05-13,1.4616979219598496,1086490853589.833,54246.44162826649
2026-05-14,1.496291810555883,1086614446240.8455,54251.33422435373
2026-05-15,1.4576482075977495,1086419919613.8262,54240.3950168373
2026-05-16,1.4411207320741923,1086411287869.6289,54238.686274872285
2026-05-17,1.4288785719516937,1086395773050.5378,54236.72706318951
2026-05-18,1.419569255459985,1086181326898.4482,54224.83679737097
2026-05-19,1.4170368263075273,1085765333818.8823,54202.86864125374
2026-05-20,1.4282474320399443,1085693802506.7635,54198.01252390922
2026-05-21,1.4318398636638516,1085610540619.9442,54192.78240598099
2026-05-22,1.3951977957217805,1085032361206.943,54162.6020875526
2026-05-23,1.4145646606056597,1085107758000.2,54164.980041446775
